Age,Gender,City,Total_Spending,Visit_Frequency,Avg_Session_Duration,Avg_Pages_Viewed,Avg_Delivery_Time,Avg_Rating,Is_Returning_Customer,Promotion_Response,Most_Used_Payment,Most_Used_Device,Favourite_Category,Monthly_Sales,Annual_Income
0.38596491228070173,1,1,0.04317689992881399,0.2222222222222222,0.5208333333333334,0.49999999999999994,0.4385964912280702,0.5833333333333334,1,1,2,1,1,0.028416435785349248,0.03697281972755748
0.26315789473684215,1,6,0.015719406557925725,0.1111111111111111,0.5625,0.5714285714285714,0.21052631578947367,0.75,1,1,2,0,0,0.015441627096187936,0.016569013702694237
0.42105263157894735,1,9,0.05959888070206843,0.1111111111111111,0.28125,0.46428571428571425,0.2631578947368421,0.625,0,0,2,0,5,0.05933348471795917,0.0697106619216947
0.6140350877192983,1,7,0.00728930627118614,0.0,0.625,0.9285714285714286,0.15789473684210525,1.0,0,1,2,0,3,0.014582726856087174,0.0064477496216865885
0.24561403508771928,1,1,0.047584782590226755,0.2222222222222222,0.41666666666666663,0.5238095238095237,0.24561403508771928,0.6666666666666666,0,0,2,1,3,0.03135585354215979,0.03618695151664224
0.24561403508771928,0,6,0.024332263073343335,0.2222222222222222,0.625,0.5238095238095237,0.3508771929824561,0.8333333333333333,1,1,2,1,0,0.015849799046461308,0.02117929520199543
0.6140350877192983,0,1,0.026025869983860157,0.0,0.6875,0.49999999999999994,0.3157894736842105,0.75,1,1,1,1,3,0.05206642978727692,0.02132754003155416
0.45614035087719296,0,9,0.11040471712595777,0.2222222222222222,0.6875,0.49999999999999994,0.2631578947368421,0.9166666666666667,0,1,3,0,6,0.07324762908157952,0.1269064365649095
0.19298245614035092,1,1,0.00902084744754748,0.0,0.3125,0.6428571428571428,0.05263157894736842,0.5,0,0,3,0,3,0.018046786545108367,0.009630605922305111
0.4035087719298246,1,8,0.027796333297572386,0.2222222222222222,0.5208333333333334,0.49999999999999994,0.1929824561403509,0.75,1,0,2,1,0,0.018159830939341603,0.021995068300203365
0.19298245614035092,1,8,0.12475177258723745,0.6666666666666665,0.4375,0.5204081632653061,0.24060150375939848,0.8928571428571428,1,1,2,1,0,0.035169624327560184,0.13640202026233839
0.19298245614035092,2,6,0.015413166390951728,0.0,0.125,0.35714285714285715,0.42105263157894735,0.75,0,0,3,0,7,0.030835032457772877,0.015091683834725972
0.33333333333333337,0,6,0.012915234499950311,0.1111111111111111,0.40625,0.3214285714285714,0.42105263157894735,1.0,1,1,4,1,4,0.012636663656760855,0.0150637694470629
0.0,0,9,0.010595514628697629,0.2222222222222222,0.5625,0.2857142857142857,0.2982456140350877,0.5,1,0,2,0,0,0.006689382265745631,0.012221904690138449
0.0,1,1,0.3436455264140047,0.3333333333333333,0.484375,0.5357142857142856,0.22368421052631576,0.5625,0,1,1,1,2,0.1714479307045768,0.3038782041712342
0.17543859649122806,0,6,0.1533413667044231,1.0,0.525,0.4785714285714285,0.2631578947368421,0.65,1,1,2,1,4,0.03016894010406013,0.17499449058138228
0.07017543859649122,1,1,0.017568899592147372,0.0,0.4375,0.49999999999999994,0.2631578947368421,1.0,1,0,3,1,5,0.035147715623782716,0.018549229084232732
0.3508771929824561,0,3,0.061856167094118675,0.3333333333333333,0.484375,0.5178571428571428,0.2763157894736842,0.875,1,0,2,1,0,0.030513488350399673,0.04495240099278539
0.10526315789473684,0,5,0.013016590116503638,0.0,0.6875,0.49999999999999994,0.15789473684210525,0.75,1,1,4,1,3,0.026040527205852853,0.013330376019597892
0.0,0,6,0.0506359225247941,0.1111111111111111,0.21875,0.5357142857142856,0.5526315789473684,0.875,1,0,2,1,0,0.05036799705294054,0.048987096349186715
0.5964912280701754,0,6,0.10246400838347275,0.2222222222222222,0.6041666666666666,0.4047619047619047,0.3157894736842105,0.8333333333333333,0,1,4,1,1,0.06795232925800387,0.09317263366323496
0.24561403508771928,1,8,0.01816261036747437,0.3333333333333333,0.640625,0.41071428571428564,0.18421052631578946,0.75,0,0,1,0,0,0.008660544482672684,0.018151555693942674
0.29824561403508765,0,0,0.001803260647723638,0.0,0.5625,0.35714285714285715,0.47368421052631576,1.0,1,0,1,1,3,0.0036075391124710692,0.0017408341046519398
0.0,0,3,0.006316647986016481,0.1111111111111111,0.46875,0.39285714285714285,0.3157894736842105,0.875,0,1,2,0,1,0.006036214917946963,0.007300773498677503
0.17543859649122806,1,0,0.020693537166788473,0.1111111111111111,0.34375,0.49999999999999994,0.18421052631578946,1.0,1,1,2,0,5,0.020417161482929012,0.022205682118157006
0.3157894736842105,1,7,0.015338285730769056,0.1111111111111111,0.53125,0.35714285714285715,0.4473684210526316,1.0,0,0,3,1,0,0.01506039871074054,0.01656043559714752
0.05263157894736842,1,0,0.0506448133683514,0.3333333333333333,0.453125,0.48214285714285715,0.35526315789473684,0.8125,0,1,2,1,6,0.024906229477353468,0.057294873089061116
0.36842105263157887,1,1,0.016816339078596438,0.1111111111111111,0.5625,0.46428571428571425,0.10526315789473684,0.75,1,1,0,0,1,0.016538869188465755,0.02023707798445799
0.15789473684210525,1,6,0.30193778898946083,0.7777777777777777,0.6015625,0.5714285714285714,0.22368421052631576,0.5625,1,1,0,0,6,0.07501187262584538,0.24306436470123785
0.22807017543859642,0,0,0.38168667995551425,0.6666666666666665,0.5,0.5714285714285714,0.2857142857142857,0.7857142857142858,1,1,2,0,0,0.10860031531029063,0.4186033043241709
0.15789473684210525,1,7,0.009884642292715417,0.2222222222222222,0.45833333333333337,0.4761904761904761,0.2807017543859649,0.8333333333333333,0,0,0,1,4,0.006215333628856149,0.008745165337060306
0.6842105263157895,1,4,0.0006140609283581753,0.0,0.75,0.49999999999999994,0.21052631578947367,0.5,1,0,3,2,1,0.0012284684520171012,0.0004366777044610415
0.2807017543859649,0,1,0.007924705224081858,0.1111111111111111,0.5,0.6785714285714286,0.3157894736842105,0.625,0,1,2,1,5,0.007644725975052367,0.006053251552234265
0.07017543859649122,0,8,0.12423511578940713,0.1111111111111111,0.59375,0.5714285714285714,0.42105263157894735,1.0,1,1,0,0,2,0.12398796116727427,0.11609911361155781
0.45614035087719296,0,8,0.004098678879919674,0.1111111111111111,0.4375,0.6428571428571428,0.3157894736842105,0.75,1,1,1,1,1,0.003817619866089824,0.005016343423744671
0.03508771929824561,1,6,0.007099832516264811,0.2222222222222222,0.47916666666666663,0.49999999999999994,0.3508771929824561,0.9166666666666667,1,1,1,1,1,0.004358269833148187,0.006263012298918069
0.33333333333333337,0,5,0.07083275789818087,0.0,0.6875,0.14285714285714285,0.736842105263158,1.0,0,0,2,2,5,0.14170549603267535,0.062479745481447364
0.0,0,7,0.02205541682546701,0.2222222222222222,0.5,0.5476190476190474,0.15789473684210525,0.6666666666666666,0,0,4,1,4,0.014331473173333352,0.01983708234460004
0.017543859649122806,1,8,0.06456767680479678,0.2222222222222222,0.5,0.5952380952380953,0.2807017543859649,1.0,0,0,2,1,0,0.04268097824508063,0.05370401175721781
0.33333333333333337,1,7,0.05652758818877119,0.2222222222222222,0.5208333333333334,0.2857142857142857,0.3333333333333333,0.9166666666666667,0,0,3,1,7,0.03731940647476919,0.06137648736530361
0.4385964912280701,0,0,0.11204991833266256,0.3333333333333333,0.578125,0.46428571428571425,0.21052631578947367,0.625,0,1,2,0,0,0.05561744670263137,0.12301268753942494
0.33333333333333337,0,7,0.07095742728228448,0.1111111111111111,0.34375,0.49999999999999994,0.2631578947368421,0.75,1,1,3,1,4,0.07069523685863857,0.054110879360082804
0.26315789473684215,0,6,0.025003422974769568,0.1111111111111111,0.59375,0.5357142857142856,0.49999999999999994,1.0,1,1,2,1,3,0.02472826360846007,0.027045961110376524
0.22807017543859642,0,6,0.0074623813591017645,0.1111111111111111,0.46875,0.39285714285714285,0.18421052631578946,1.0,0,0,2,1,0,0.007182271635007318,0.007149305955432714
0.0,0,7,0.14892439562515178,0.2222222222222222,0.5833333333333334,0.49999999999999994,0.1929824561403509,0.75,1,1,0,0,1,0.09893466198705035,0.13799612610857798
0.14035087719298245,0,0,0.0370058642028361,0.1111111111111111,0.53125,0.6071428571428572,0.18421052631578946,0.25,1,0,4,0,2,0.03673409211418511,0.029316457687901983
0.19298245614035092,1,3,0.05848061015686017,0.1111111111111111,0.59375,0.49999999999999994,0.18421052631578946,1.0,1,1,2,1,2,0.05821489857921773,0.04434837914089088
0.5087719298245613,1,2,0.08736755359746251,0.3333333333333333,0.4375,0.6785714285714286,0.381578947368421,0.625,1,1,2,0,5,0.0432727814592964,0.09886745310359177
0.36842105263157887,1,1,0.013594494947728755,0.2222222222222222,0.5416666666666666,0.4761904761904761,0.3684210526315789,0.6666666666666666,1,1,2,0,0,0.008689266718037306,0.015777221385738453
0.0,0,7,0.004605852111288862,0.0,0.1875,0.14285714285714285,0.42105263157894735,0.75,1,0,0,1,0,0.009214303910367653,0.003589060403606975
0.3508771929824561,0,6,0.00640022191545519,0.1111111111111111,0.53125,0.42857142857142855,0.3947368421052631,0.625,0,1,2,0,1,0.006119812433262798,0.0052925963366276104
0.21052631578947367,0,5,0.13412272169664166,0.3333333333333333,0.609375,0.42857142857142855,0.3157894736842105,0.8125,1,1,2,1,1,0.06665696303072811,0.13044075822870177
0.14035087719298245,1,4,0.0038440056055780757,0.0,0.3125,0.21428571428571425,0.10526315789473684,0.0,1,1,2,1,1,0.0076901808888174775,0.002815277369014461
0.42105263157894735,0,7,0.01017863285301045,0.0,0.625,0.2857142857142857,0.0,0.5,1,0,3,1,5,0.020363010846530576,0.010631116343281566
0.5087719298245613,1,6,0.015016437193994451,0.2222222222222222,0.6458333333333333,0.4047619047619047,0.3508771929824561,0.6666666666666666,1,1,2,0,0,0.009637495745189502,0.01458102589403054
0.49122807017543857,1,6,0.11512555748058782,0.4444444444444445,0.375,0.5142857142857142,0.2421052631578947,0.8500000000000001,1,1,2,0,0,0.0456116739285832,0.13689751249157
0.10526315789473684,0,2,0.02965807593847299,0.3333333333333333,0.515625,0.49999999999999994,0.21052631578947367,0.75,0,1,2,1,0,0.014409899368749824,0.025262899977867542
0.22807017543859642,0,3,0.09779888398180182,0.5555555555555556,0.42708333333333337,0.5714285714285714,0.2982456140350877,0.7083333333333334,1,1,2,1,0,0.0321384685791591,0.09882489432579646
0.3508771929824561,2,5,0.07658829486858049,0.3333333333333333,0.625,0.46428571428571425,0.34210526315789475,0.5625,0,1,2,0,3,0.03788163105669433,0.09046446413143365
0.49122807017543857,1,1,0.02288937795114264,0.0,0.75,0.21428571428571425,0.5789473684210527,1.0,1,0,4,2,7,0.04579167538709305,0.023264912278207397
0.19298245614035092,0,0,0.02427239806005745,0.2222222222222222,0.45833333333333337,0.3809523809523809,0.1929824561403509,0.41666666666666663,1,1,1,1,0,0.015809877774371952,0.0247232850068459
0.24561403508771928,1,2,0.11112704877141386,0.3333333333333333,0.578125,0.44642857142857145,0.2368421052631579,0.9375,1,1,2,1,0,0.05515588169785565,0.10729556028536184
0.05263157894736842,1,1,0.058202623114968294,0.2222222222222222,0.5625,0.4761904761904761,0.14035087719298245,0.9166666666666667,1,1,4,1,3,0.03843641157303184,0.0538850050449687
0.03508771929824561,0,3,0.014182080919716277,0.0,0.5625,0.5714285714285714,0.42105263157894735,1.0,1,1,2,1,6,0.028372166651943226,0.0166672116844224
0.45614035087719296,0,6,0.05842153544077938,0.1111111111111111,0.375,0.49999999999999994,0.18421052631578946,0.875,1,0,2,0,2,0.058155807191323086,0.05094859155563707
0.5789473684210525,0,7,0.06991166650564361,0.0,0.5625,0.7142857142857142,0.2631578947368421,0.5,1,0,2,2,5,0.1398627933546497,0.06490569060147687
0.2807017543859649,1,9,0.029124230176431877,0.4444444444444445,0.48750000000000004,0.5857142857142856,0.34736842105263155,0.8500000000000001,1,1,0,1,3,0.011201434636130452,0.035051798013576156
0.5087719298245613,0,7,0.0021415078515039454,0.0,0.4375,0.6428571428571428,0.3684210526315789,0.75,1,0,2,1,1,0.004284224437391687,0.0016851475078707675
0.36842105263157887,1,5,0.05031190067070549,0.1111111111111111,0.34375,0.6071428571428572,0.47368421052631576,0.5,1,0,3,1,2,0.05004388375478931,0.05623469507204424
0.15789473684210525,0,3,0.024933679246420003,0.2222222222222222,0.5416666666666666,0.42857142857142855,0.2982456140350877,0.9166666666666667,1,1,2,0,1,0.01625085631458015,0.026692552640421457
0.36842105263157887,1,6,0.040265840173849585,0.3333333333333333,0.578125,0.23214285714285715,0.43421052631578944,0.8125,1,1,2,1,1,0.019715278325377734,0.04224716981758019
0.6140350877192983,1,3,0.10581723942468735,0.6666666666666665,0.5357142857142857,0.4081632653061224,0.3157894736842105,0.7142857142857143,1,1,2,1,6,0.029758230960256513,0.09093934047164416
0.2807017543859649,0,7,0.004158346318904284,0.0,0.625,0.5714285714285714,0.631578947368421,1.0,1,0,3,1,0,0.008319039739254804,0.0046838351999006645
0.6140350877192983,0,1,0.18994990898739816,0.6666666666666665,0.5,0.4387755102040816,0.3533834586466165,0.5714285714285714,0,1,3,0,5,0.05380292042456696,0.18479253543681753
0.0,1,6,0.18845150548653955,0.2222222222222222,0.47916666666666663,0.42857142857142855,0.22807017543859648,0.5833333333333334,0,1,2,1,2,0.1252935053426322,0.19361618333070305
0.45614035087719296,1,7,0.4157245830046191,0.4444444444444445,0.525,0.5142857142857142,0.2526315789473684,0.65,1,1,2,1,1,0.16588521764702044,0.45061361890368024
0.3157894736842105,0,6,0.025062497690850352,0.3333333333333333,0.4375,0.5178571428571428,0.2368421052631579,0.75,1,1,2,1,1,0.012111461772713968,0.026838996541743862
0.22807017543859642,1,6,0.005631065160597283,0.2222222222222222,0.5833333333333334,0.6666666666666667,0.5263157894736843,0.6666666666666666,0,1,1,2,1,0.0033788152565399575,0.006429076839446774
0.3157894736842105,1,7,0.05195828732321793,0.2222222222222222,0.5208333333333334,0.4761904761904761,0.3508771929824561,1.0,1,1,3,0,3,0.03427234621202793,0.0499115412486025
0.0,1,1,0.013623143221413418,0.4444444444444445,0.3375,0.49999999999999994,0.3789473684210526,0.7,1,1,2,0,1,0.004999249993922875,0.015095664833985223
0.24561403508771928,1,8,0.03894051176090665,0.0,0.375,0.5714285714285714,0.10526315789473684,0.25,0,1,2,1,2,0.07790300277136633,0.03667007421246119
0.36842105263157887,0,1,0.07090368707233807,0.4444444444444445,0.475,0.4857142857142857,0.2736842105263158,0.7,0,1,2,1,5,0.02791793372238787,0.07074918140702732
0.5964912280701754,0,0,0.009801858660481801,0.0,0.625,0.5714285714285714,0.21052631578947367,1.0,1,1,4,0,0,0.019609249798269113,0.008560428014291787
0.17543859649122806,0,3,0.05313563258450697,0.5555555555555556,0.5104166666666666,0.4523809523809524,0.32456140350877194,0.8333333333333333,0,1,2,1,6,0.01724651655609594,0.04906647937013009
0.12280701754385964,2,0,0.018152138929506876,0.1111111111111111,0.46875,0.6785714285714286,0.10526315789473684,0.625,0,1,2,1,3,0.017875046023100187,0.020586695026547107
0.17543859649122806,1,1,0.04394091975183878,0.1111111111111111,0.46875,0.5714285714285714,0.5789473684210527,1.0,0,0,3,1,1,0.04367110484492068,0.034405027812493036
0.4736842105263158,1,8,0.02508185997237516,0.4444444444444445,0.5625,0.49999999999999994,0.3789473684210526,0.8,0,1,2,0,1,0.009584030226331874,0.019858029983559424
0.3508771929824561,1,3,0.030601098078451617,0.4444444444444445,0.6,0.5285714285714285,0.1894736842105263,0.8999999999999999,1,1,2,1,1,0.011792348515076899,0.03323295528058225
0.17543859649122806,1,5,0.2958084414410517,0.8888888888888888,0.5625,0.5079365079365079,0.3801169590643274,0.6388888888888888,1,1,4,0,2,0.06525204387360978,0.24201958935992643
0.4035087719298246,1,1,0.0743389114485812,0.3333333333333333,0.546875,0.37499999999999994,0.49999999999999994,0.5625,1,0,2,0,5,0.03675662194100782,0.057883113122463595
0.3157894736842105,0,6,0.011220046995023302,0.3333333333333333,0.53125,0.44642857142857145,0.25,0.9375,0,1,2,0,0,0.005188283146167785,0.013262130318010752
0.49122807017543857,0,2,0.16979021758265078,1.0,0.5875,0.5214285714285714,0.2578947368421053,0.675,1,1,0,1,0,0.033459638704582385,0.19962763439071518
0.14035087719298245,1,6,0.1297970299445587,0.1111111111111111,0.71875,0.6428571428571428,0.28947368421052627,0.125,1,0,2,1,1,0.12955144498206408,0.15040802872764894
0.22807017543859642,0,7,0.008148952056027331,0.0,0.375,0.6428571428571428,0.2631578947368421,0.75,0,1,2,1,4,0.016302503636887174,0.009191842932517798
0.21052631578947367,0,6,0.011437773875026747,0.2222222222222222,0.625,0.5238095238095237,0.5087719298245614,0.8333333333333333,0,1,4,1,7,0.007251046895834532,0.013685301060699338
0.0,0,2,0.008958216394043768,0.2222222222222222,0.5625,0.4761904761904761,0.3157894736842105,0.6666666666666666,1,1,2,0,1,0.005597542061770329,0.009983398285231962
0.3508771929824561,0,4,0.009237784030345832,0.0,0.3125,0.7857142857142856,0.10526315789473684,0.75,1,1,3,1,3,0.018480782156535258,0.010222210847938623
0.3508771929824561,0,7,0.04839147846232664,0.1111111111111111,0.53125,0.3214285714285714,0.2368421052631579,0.5,1,0,2,1,2,0.04812291957306373,0.043767674570371985
0.29824561403508765,0,5,0.363405722581577,0.3333333333333333,0.59375,0.5357142857142856,0.17105263157894735,0.75,1,1,2,0,2,0.18133081710741134,0.2963004194741006
0.24561403508771928,0,7,0.007728711517218502,0.0,0.6875,0.35714285714285715,0.2631578947368421,1.0,0,1,3,0,6,0.015461785362292459,0.007442620293712439
0.0,0,7,0.27890813328441394,0.4444444444444445,0.5125,0.42857142857142855,0.2210526315789474,0.75,1,1,3,1,2,0.11114319305749314,0.2854890681286413
0.19298245614035092,1,8,0.06492172995267899,0.2222222222222222,0.375,0.5714285714285714,0.3684210526315789,0.33333333333333337,1,0,0,1,6,0.04291708028991276,0.0559887261892406
0.21052631578947367,1,9,0.07789050708827441,0.4444444444444445,0.6499999999999999,0.657142857142857,0.23157894736842105,0.8999999999999999,1,1,2,1,7,0.03071345044495419,0.05835656767722437
0.12280701754385964,0,5,0.057144810305949735,0.5555555555555556,0.7083333333333333,0.49999999999999994,0.18421052631578946,0.5,1,1,2,1,3,0.018583286280909918,0.06476521819904334
0.26315789473684215,1,1,0.026985093216543216,0.1111111111111111,0.5625,0.5714285714285714,0.3684210526315789,0.875,0,1,2,0,4,0.026710493108738628,0.020816739912313757
0.36842105263157887,1,3,0.19656054753370963,0.2222222222222222,0.47916666666666663,0.3809523809523809,0.3157894736842105,0.6666666666666666,1,1,2,1,2,0.13070105904020168,0.16481763468929014
0.6842105263157895,0,6,0.06063219429772907,0.2222222222222222,0.4375,0.4047619047619047,0.42105263157894735,0.8333333333333333,1,1,2,1,4,0.0400565828036683,0.050256987720039066
0.33333333333333337,1,7,0.1797307734026266,0.1111111111111111,0.5625,0.49999999999999994,0.07894736842105263,0.875,1,1,0,0,2,0.1794992805277671,0.20116088781970623
0.3508771929824561,0,7,0.057445518392488064,0.5555555555555556,0.6875,0.49999999999999994,0.3070175438596491,0.75,1,1,2,0,7,0.018683550597939625,0.05400642552237583
0.2807017543859649,0,5,0.010837345573456445,0.1111111111111111,0.125,0.49999999999999994,0.15789473684210525,0.75,0,0,2,0,3,0.010558188317336167,0.012102711676602576
0.0,0,9,0.10552344643869359,0.4444444444444445,0.5375,0.47142857142857136,0.34736842105263155,0.8500000000000001,1,0,2,1,0,0.04176974556513204,0.08482495214507141
0.2807017543859649,0,7,0.10518598953211836,0.4444444444444445,0.5,0.45714285714285713,0.3894736842105263,0.95,1,1,3,1,6,0.04163472470824367,0.08486774788710835
0.29824561403508765,1,6,0.1322592008870296,0.2222222222222222,0.5,0.4761904761904761,0.2807017543859649,0.8333333333333333,0,0,1,0,0,0.0878213967082869,0.14419430499098826
0.8070175438596491,0,9,0.004188970335601684,0.1111111111111111,0.84375,0.46428571428571425,0.28947368421052627,0.5,0,1,1,0,0,0.003907936803440502,0.005026864636072688
0.24561403508771928,0,6,0.10559141199833168,0.4444444444444445,0.5,0.5714285714285714,0.3052631578947368,0.8,0,0,2,1,0,0.041796939461367165,0.07686257448378525
0.3508771929824561,2,2,0.007553463111988868,0.1111111111111111,0.75,0.6071428571428572,0.631578947368421,0.625,1,0,2,0,1,0.00727337909259739,0.005911073007261059
0.2807017543859649,1,6,0.03918649176599221,0.1111111111111111,0.53125,0.49999999999999994,0.18421052631578946,0.25,1,0,2,0,3,0.03891533508473092,0.041868690530861515
0.03508771929824561,1,1,0.024578045504127625,0.1111111111111111,0.34375,0.5357142857142856,0.2631578947368421,0.875,0,0,0,0,0,0.024302766089606652,0.027014966187572365
0.5263157894736842,0,4,0.015975858000978782,0.1111111111111111,0.8125,0.39285714285714285,0.5526315789473684,0.625,0,0,0,1,4,0.01569815091387104,0.017248437576272868
0.45614035087719296,1,6,0.020430170623190837,0.1111111111111111,0.6875,0.49999999999999994,0.21052631578947367,0.875,1,1,2,0,1,0.02015372061315121,0.016017455733894848
0.45614035087719296,0,7,0.024916490282209203,0.1111111111111111,0.5625,0.5357142857142856,0.28947368421052627,0.75,1,0,0,0,0,0.024641306382126808,0.019987696816574987
0.10526315789473684,1,1,0.11661862647531199,0.1111111111111111,0.375,0.5714285714285714,0.18421052631578946,0.75,0,1,1,0,2,0.11636932236012187,0.12414191693645048
0.5789473684210525,1,9,0.00207097382594929,0.0,0.5,0.6428571428571428,0.631578947368421,1.0,1,0,2,0,7,0.004143116574659992,0.002309832641634712
0.0,1,9,0.026082771382626938,0.2222222222222222,0.5,0.5238095238095237,0.24561403508771928,0.75,1,0,0,0,3,0.017017133933298668,0.019094294232811684
0.42105263157894735,1,6,0.10803422065927777,0.5555555555555556,0.53125,0.5119047619047619,0.34210526315789475,0.625,1,1,2,0,4,0.035551210329306346,0.08105153356148251
0.7543859649122807,0,6,0.11423548525335052,0.2222222222222222,0.6458333333333333,0.4523809523809524,0.1929824561403509,0.8333333333333333,0,1,2,0,2,0.07580219523517878,0.08345932722060377
0.08771929824561403,0,2,0.13431990084931267,0.1111111111111111,0.28125,0.6428571428571428,0.10526315789473684,1.0,1,1,0,0,2,0.1340755923121116,0.10531709843921133
0.17543859649122806,1,1,0.037145549233836506,0.2222222222222222,0.5208333333333334,0.5952380952380953,0.2982456140350877,0.9166666666666667,1,1,2,1,0,0.024394400560689655,0.028741914187665255
0.3157894736842105,0,2,0.08714666552863869,0.3333333333333333,0.71875,0.37499999999999994,0.21052631578947367,0.8125,0,1,2,0,0,0.04316230625584119,0.07260006170548852
0.17543859649122806,1,6,0.02768134505423118,0.4444444444444445,0.6375,0.39999999999999997,0.2631578947368421,0.75,0,1,3,1,1,0.010624117705301563,0.02499877963415565
0.0,0,6,0.028367125453951657,0.3333333333333333,0.625,0.625,0.2368421052631579,0.75,0,1,1,1,1,0.013764241963225395,0.027499842418779324
0.29824561403508765,1,2,0.007655213877144743,0.0,0.625,0.6428571428571428,0.42105263157894735,0.75,1,0,2,1,7,0.015314748597765316,0.009276676131018477
0.07017543859649122,0,6,0.06261801359982946,0.3333333333333333,0.53125,0.5892857142857142,0.2763157894736842,0.5625,1,0,0,1,0,0.030894519105787218,0.07121358392775815
0.38596491228070173,0,9,0.0062471018319681946,0.1111111111111111,0.5625,0.46428571428571425,0.18421052631578946,0.5,1,1,2,1,1,0.005966649136880359,0.006798693663528786
0.08771929824561403,0,6,0.023531099281679114,0.3333333333333333,0.6875,0.48214285714285715,0.2631578947368421,0.6875,1,0,3,1,0,0.011345546475771838,0.020908966395153043
0.6140350877192983,0,6,0.5478840088695056,0.6666666666666665,0.3839285714285714,0.510204081632653,0.2706766917293233,0.6785714285714286,1,1,2,0,2,0.1560986674285023,0.5725389723239984
0.12280701754385964,0,4,0.15476528469370154,0.4444444444444445,0.6625000000000001,0.4857142857142857,0.15789473684210525,0.75,1,1,2,1,1,0.06147203959557773,0.13341906699595218
0.22807017543859642,0,7,0.09926172410843115,0.1111111111111111,0.59375,0.75,0.3947368421052631,0.75,1,0,2,0,2,0.09900752160244776,0.11328895467016238
0.45614035087719296,0,0,0.047432452803944855,0.2222222222222222,0.41666666666666663,0.4761904761904761,0.10526315789473684,0.9166666666666667,1,1,0,0,4,0.03125427169139776,0.05371036239889328
0.03508771929824561,0,6,0.08126744704564183,0.4444444444444445,0.5125,0.5285714285714285,0.3368421052631579,0.7,1,1,3,1,0,0.032064607638125124,0.06094108926774732
0.33333333333333337,0,3,0.0134052187671087,0.2222222222222222,0.75,0.42857142857142855,0.14035087719298245,0.6666666666666666,0,1,3,0,1,0.008563046986480851,0.01375108233417361
0.5614035087719298,1,0,0.08801105309671044,0.5555555555555556,0.5625,0.4880952380952381,0.28947368421052627,0.8333333333333333,0,0,0,1,0,0.028874937524197324,0.0682047067733385
0.0,0,1,0.12430960130098725,0.3333333333333333,0.640625,0.5535714285714286,0.513157894736842,0.75,1,1,2,0,2,0.06174901812445514,0.12927915951627067
0.33333333333333337,1,5,0.11428645942307909,0.1111111111111111,0.53125,0.5357142857142856,0.2631578947368421,0.875,1,0,0,1,2,0.11403649713367242,0.12713501227237808
0.3508771929824561,0,3,0.08346961020763675,0.5555555555555556,0.47916666666666663,0.5476190476190474,0.4385964912280702,0.7083333333333334,1,1,2,0,6,0.02736069600563957,0.07337441345426093
0.45614035087719296,0,1,0.0969378551768517,0.2222222222222222,0.625,0.42857142857142855,0.22807017543859648,0.8333333333333333,1,0,1,1,2,0.06426718740869902,0.07573647301474914
0.03508771929824561,0,3,0.0513513390697056,0.2222222222222222,0.5416666666666666,0.4047619047619047,0.22807017543859648,1.0,0,1,2,1,3,0.03386759984945859,0.048396676244761315
0.017543859649122806,1,3,0.09236420767667043,0.2222222222222222,0.5,0.5476190476190474,0.2807017543859649,0.5833333333333334,1,0,0,1,6,0.06121722857174665,0.06788916518919463
0.4035087719298246,1,6,0.09807627830078988,0.1111111111111111,0.53125,0.3214285714285714,0.42105263157894735,0.75,1,1,2,0,5,0.0978217412433579,0.08853121506258464
0.3508771929824561,0,7,0.04372971282377736,0.1111111111111111,0.59375,0.6071428571428572,0.3157894736842105,0.875,1,1,1,0,2,0.04345983831094283,0.04923278087490042
0.3508771929824561,0,1,0.24465270092960686,0.2222222222222222,0.6666666666666667,0.4761904761904761,0.2982456140350877,0.8333333333333333,0,1,2,0,2,0.162771542878773,0.2219751159110588
0.36842105263157887,1,7,0.07787786233299292,0.6666666666666665,0.4196428571428571,0.49999999999999994,0.2631578947368421,0.6785714285714286,0,1,3,0,1,0.02177329895360812,0.07385180161543264
0.14035087719298245,1,0,0.08258032827760453,0.4444444444444445,0.675,0.4142857142857142,0.21052631578947367,0.5,0,1,2,0,3,0.032589908337201934,0.0850880772389685
0.33333333333333337,0,7,0.8219002024543866,1.0,0.5375,0.4857142857142857,0.3684210526315789,0.7,1,1,0,1,2,0.16391844281742202,0.7239940986425266
0.3508771929824561,0,8,0.203482365604527,0.4444444444444445,0.4375,0.4857142857142857,0.19999999999999996,0.65,0,1,2,1,0,0.08096437145044061,0.21967556751751047
0.14035087719298245,1,1,0.03306504718963399,0.1111111111111111,0.78125,0.42857142857142855,0.3947368421052631,0.625,1,1,1,0,5,0.032792162940450696,0.025268871476756417
0.6842105263157895,1,7,0.05537138337771841,0.2222222222222222,0.5,0.4523809523809524,0.3157894736842105,0.75,0,1,1,1,1,0.036548385734614317,0.05079238472755984
0.38596491228070173,1,5,0.16599659342389747,0.7777777777777777,0.4453125,0.5178571428571428,0.3157894736842105,0.75,0,1,3,0,1,0.041016982548672816,0.19917607533188028
0.03508771929824561,0,3,0.04799870075139483,0.0,0.375,0.5714285714285714,0.3157894736842105,0.5,0,0,3,1,2,0.09602449347909735,0.04191541987930938
0.42105263157894735,1,3,0.22065493114831963,0.0,0.4375,0.6428571428571428,0.10526315789473684,1.0,1,0,2,1,2,0.44143440687958135,0.17195812557493448
0.08771929824561403,1,6,0.01540131193287532,0.3333333333333333,0.546875,0.6428571428571428,0.21052631578947367,0.75,1,1,2,0,1,0.007279505624452688,0.012119251780667794
0.45614035087719296,1,1,0.004412229296040788,0.0,0.625,0.6428571428571428,0.3157894736842105,1.0,0,0,2,1,3,0.008826948993064963,0.0037050780963051116
0.5263157894736842,1,1,0.1052618580638074,0.1111111111111111,0.34375,0.39285714285714285,0.21052631578947367,0.5,1,0,2,0,4,0.10500934888998112,0.10915558740354964
0.12280701754385964,0,4,0.007514145826035432,0.1111111111111111,0.4375,0.5357142857142856,0.28947368421052627,0.875,0,1,0,0,1,0.007234050710687575,0.006550402531157244
0.49122807017543857,1,1,0.1205900675052115,0.1111111111111111,0.28125,0.5714285714285714,0.3157894736842105,0.875,0,1,2,1,2,0.12034188419313277,0.11573859621435408
0.36842105263157887,1,9,0.030332792177322144,0.2222222222222222,0.625,0.5714285714285714,0.2807017543859649,0.6666666666666666,1,1,2,1,6,0.019851280744896678,0.02421869335073599
0.45614035087719296,1,2,0.22901192894358802,0.8888888888888888,0.5833333333333334,0.3968253968253968,0.3216374269005848,0.6111111111111112,1,1,3,0,3,0.05040418531278833,0.2337615277179443
0.6842105263157895,1,1,0.15910204060665586,0.6666666666666665,0.4196428571428571,0.6224489795918366,0.22556390977443608,0.9285714285714286,0,1,0,1,3,0.04498675638619657,0.13646102435850227
0.24561403508771928,1,3,0.003958203551714184,0.1111111111111111,0.59375,0.42857142857142855,0.42105263157894735,1.0,1,1,0,1,3,0.0036771048935376745,0.0043840280414004975
0.12280701754385964,0,5,0.03719909186948163,0.1111111111111111,0.5,0.39285714285714285,0.3157894736842105,0.875,1,1,3,1,4,0.036927374312716754,0.03630040999553086
0.10526315789473684,0,9,0.011284851365841024,0.1111111111111111,0.40625,0.39285714285714285,0.3157894736842105,0.5,1,1,0,0,4,0.011005820402892592,0.010918790932610686
0.12280701754385964,0,6,0.03046259849325886,0.4444444444444445,0.575,0.5428571428571427,0.3368421052631579,0.65,1,1,1,1,4,0.011736933046295433,0.03318200796863352
0.2807017543859649,0,1,0.012995252091966095,0.2222222222222222,0.4375,0.6904761904761905,0.24561403508771928,0.9166666666666667,1,1,4,1,0,0.008289658737024022,0.011594044235536768
0.36842105263157887,0,1,0.4093733595158798,0.3333333333333333,0.640625,0.5892857142857142,0.22368421052631576,0.625,1,1,4,0,2,0.20432112196956534,0.3810996373025318
0.3508771929824561,1,6,0.1260622829275849,0.3333333333333333,0.65625,0.5714285714285714,0.3157894736842105,0.6875,0,1,4,1,6,0.06262560625491234,0.12112616781902379
0.45614035087719296,0,3,0.02358385162011915,0.0,0.875,0.5714285714285714,0.21052631578947367,1.0,0,0,2,0,3,0.04718101470782668,0.026035213834161998
0.29824561403508765,0,9,0.02646428735838615,0.1111111111111111,0.4375,0.42857142857142855,0.21052631578947367,0.75,1,0,2,0,1,0.026189540270978477,0.024438833131202837
0.5964912280701754,0,1,0.3579030807168075,0.5555555555555556,0.44791666666666663,0.5833333333333333,0.2807017543859649,0.7083333333333334,1,1,4,1,2,0.11886433598902019,0.3932332491162419
0.22807017543859642,0,0,0.0015801992615858066,0.0,0.5625,0.35714285714285715,0.3684210526315789,0.75,0,0,2,0,1,0.003161290437333583,0.0013178529333566509
0.8596491228070174,1,2,0.021079399777175704,0.3333333333333333,0.359375,0.39285714285714285,0.21052631578947367,0.75,1,1,2,0,4,0.010119350769442993,0.02294425226644449
0.42105263157894735,0,1,0.06893821792326886,0.6666666666666665,0.4375,0.5816326530612244,0.5488721804511278,0.7857142857142858,1,1,2,0,0,0.019218394005620542,0.06937734801942919
0.10526315789473684,0,6,0.09765801350499378,0.3333333333333333,0.59375,0.42857142857142855,0.35526315789473684,0.6875,1,1,1,0,5,0.04841946347786612,0.11305450224950156
0.07017543859649122,2,0,0.10249245908285613,0.6666666666666665,0.5446428571428571,0.4795918367346938,0.3383458646616541,0.6071428571428571,1,1,3,1,1,0.028808025632505823,0.11000254499595503
0.38596491228070173,1,9,0.004149850623949522,0.1111111111111111,0.65625,0.6071428571428572,0.2631578947368421,0.625,0,1,2,0,1,0.003868806051590536,0.00381811003955881
0.24561403508771928,1,2,0.06715708559728786,0.0,0.375,0.5714285714285714,0.47368421052631576,1.0,0,0,2,1,5,0.1343520767658394,0.05968072385940817
0.4385964912280701,1,6,0.016887070678452368,0.2222222222222222,0.5208333333333334,0.3809523809523809,0.2631578947368421,0.5,0,1,0,1,0,0.010884936682952042,0.020072056086592422
0.38596491228070173,0,6,0.051061892718339864,0.1111111111111111,0.5625,0.6785714285714286,0.2368421052631579,0.625,0,0,0,1,5,0.0507940874619735,0.055037456937673195
0.2807017543859649,1,6,0.0013199939068085488,0.0,0.75,0.35714285714285715,0.42105263157894735,0.75,1,0,3,0,1,0.0026407328596931316,0.0017022563261158768
0.10526315789473684,1,3,0.28294833017115667,0.8888888888888888,0.45833333333333337,0.49206349206349204,0.2807017543859649,0.5833333333333334,1,1,2,1,1,0.06239343485238164,0.2550206798693664
0.0,2,0,0.25777973508052243,0.2222222222222222,0.6458333333333333,0.49999999999999994,0.2631578947368421,0.75,0,0,2,1,0,0.1715253687496941,0.20634727678323886
0.19298245614035092,1,6,0.06316331867134443,0.1111111111111111,0.53125,0.5357142857142856,0.4473684210526316,0.75,0,1,2,1,2,0.06289892862768257,0.0697166808134319
0.4736842105263158,0,5,0.0015142094449604427,0.0,0.3125,0.2857142857142857,0.21052631578947367,1.0,1,0,3,2,4,0.0030292735573549112,0.001247521946443238
0.33333333333333337,1,3,0.05839130657268453,0.3333333333333333,0.6875,0.49999999999999994,0.3684210526315789,0.8125,1,1,2,0,3,0.02878056917061976,0.04831776715230119
0.03508771929824561,0,2,0.019181698613443314,0.1111111111111111,0.59375,0.49999999999999994,0.15789473684210525,0.75,0,0,2,1,1,0.018904896264969738,0.02077147974216395
0.33333333333333337,0,4,0.07909294428582521,0.2222222222222222,0.5625,0.5238095238095237,0.3508771929824561,0.75,1,1,1,1,4,0.052367222738366054,0.07969984213442224
0.36842105263157887,0,6,0.1999133834263217,0.2222222222222222,0.5208333333333334,0.35714285714285715,0.22807017543859648,0.8333333333333333,1,1,1,1,0,0.13293691378395225,0.20638793984710121
0.10526315789473684,0,9,0.9347230314536313,1.0,0.49375,0.5142857142857142,0.19999999999999996,0.675,1,1,3,1,6,0.18648937669257795,1.0000000000000002
0.3157894736842105,1,6,0.09105725367374595,0.3333333333333333,0.671875,0.44642857142857145,0.4473684210526316,0.625,1,1,2,1,6,0.04511815214313,0.06586648581555747
0.29824561403508765,1,1,0.13285706072268333,0.3333333333333333,0.609375,0.6071428571428572,0.18421052631578946,0.5,1,0,0,1,0,0.06602395394903397,0.1451046742144517
0.05263157894736842,1,9,0.1168306237005785,0.5555555555555556,0.5104166666666666,0.5833333333333333,0.2192982456140351,0.875,1,1,2,1,1,0.038484172170828515,0.11158679312974315
0.36842105263157887,0,9,0.0017639433617702026,0.0,0.8125,0.35714285714285715,0.15789473684210525,0.75,1,0,2,2,0,0.003528882348651441,0.001984907273522611
0.4035087719298246,0,7,0.0023242640801819734,0.0,0.625,0.9285714285714286,0.15789473684210525,1.0,1,0,0,0,4,0.004649840048111061,0.0018144351980997366
0.5087719298245613,1,3,0.018709496033399543,0.3333333333333333,0.453125,0.5535714285714286,0.3684210526315789,0.875,1,1,4,1,7,0.008934064485502748,0.02037603381574514
0.5087719298245613,0,0,0.04564025631709253,0.2222222222222222,0.6041666666666666,0.4523809523809524,0.15789473684210525,0.75,0,0,1,0,0,0.030059136842808407,0.0356825020390773
0.0,1,5,0.08031098985317661,0.6666666666666665,0.5892857142857143,0.45918367346938777,0.23308270676691728,0.6428571428571429,0,1,4,0,5,0.022468674435617248,0.08024732431826573
0.08771929824561403,0,6,0.06571973255552281,0.1111111111111111,0.75,0.7142857142857142,0.5789473684210527,0.375,0,0,2,1,2,0.06545606397205984,0.07688219512299156
0.4035087719298246,0,5,0.013257828338358636,0.1111111111111111,0.4375,0.6071428571428572,0.2631578947368421,0.625,1,1,1,0,1,0.012979354180537825,0.011786032664098924
0.4035087719298246,1,7,0.04349637757397331,0.0,0.875,0.35714285714285715,0.6842105263157894,0.75,1,0,1,1,5,0.08701730587145073,0.03348228905561693
0.4035087719298246,0,7,0.01929648928248324,0.2222222222222222,0.41666666666666663,0.4047619047619047,0.3859649122807018,0.16666666666666669,1,1,0,0,0,0.01249166906951881,0.019333391152608292
0.9999999999999999,1,7,0.23328052172260294,0.5555555555555556,0.625,0.46428571428571425,0.21052631578947367,0.7083333333333334,1,1,3,1,0,0.0773117595089868,0.16791295639905346
0.4035087719298246,0,7,0.015407634310516071,0.3333333333333333,0.515625,0.23214285714285715,0.43421052631578944,0.75,0,1,2,0,1,0.007282667705410261,0.011563428455519205
0.5263157894736842,0,8,0.29180874728607004,0.5555555555555556,0.46875,0.4761904761904761,0.3596491228070175,0.75,1,1,2,1,2,0.09682667389202164,0.3249411025377449
0.49122807017543857,1,3,0.015056742351454254,0.1111111111111111,0.375,0.39285714285714285,0.42105263157894735,0.75,1,1,2,1,4,0.014778775875456696,0.01540258091973405
0.42105263157894735,1,8,0.04232772558194029,0.2222222222222222,0.5625,0.4047619047619047,0.3859649122807018,0.5833333333333334,1,1,2,0,0,0.02785015978719722,0.04645655521290526
0.22807017543859642,1,6,0.06636856656090515,0.2222222222222222,0.33333333333333337,0.42857142857142855,0.3333333333333333,0.6666666666666666,1,1,3,1,6,0.043881910242092204,0.06377859388262593
0.45614035087719296,0,0,0.15428004220977373,0.4444444444444445,0.5375,0.5142857142857142,0.3684210526315789,0.7,1,0,2,1,5,0.06127788782478276,0.13341266896142837
0.12280701754385964,0,5,0.0014292524954128188,0.0,0.4375,0.7142857142857142,0.05263157894736842,1.0,1,0,3,1,1,0.002859311705885364,0.0010439222700416063
0.24561403508771928,1,2,0.11323990834923313,0.2222222222222222,0.39583333333333337,0.4047619047619047,0.15789473684210525,0.5833333333333334,1,1,3,2,1,0.07513828998746168,0.09478981982660853
0.19298245614035092,0,3,0.017383179748950237,0.1111111111111111,0.53125,0.39285714285714285,0.5263157894736843,0.875,0,0,2,0,3,0.01710586983017056,0.01918803728679735
0.29824561403508765,0,3,0.05817634573289891,0.2222222222222222,0.5208333333333334,0.6190476190476191,0.42105263157894735,0.8333333333333333,1,1,2,1,3,0.03841888837439196,0.05551745170550274
0.7719298245614034,1,9,0.031233138268225682,0.2222222222222222,0.5625,0.35714285714285715,0.2631578947368421,0.8333333333333333,1,1,2,1,1,0.020451680866715845,0.02314102737268741
0.0,1,5,0.023499882542077893,0.3333333333333333,0.671875,0.41071428571428564,0.13157894736842105,0.8125,1,1,4,0,1,0.011329933701043822,0.02460499245742819
0.4385964912280701,0,6,0.07638202729805091,0.1111111111111111,0.46875,0.49999999999999994,0.4473684210526316,0.75,1,1,2,0,0,0.0761213677818338,0.06810868886263326
0.0,0,5,0.061112299849823776,0.2222222222222222,0.625,0.5476190476190474,0.2631578947368421,0.6666666666666666,0,1,1,0,6,0.04037674350062256,0.05676099265268673
0.19298245614035092,1,7,0.13916600331095016,0.2222222222222222,0.5416666666666666,0.3333333333333333,0.24561403508771928,0.9166666666666667,0,1,2,1,2,0.0924272311297384,0.10196106867081546
0.5263157894736842,1,1,0.003037112159176921,0.0,0.375,0.2857142857142857,0.3157894736842105,1.0,0,0,2,1,0,0.006075938559976474,0.002616322191748621
0.29824561403508765,1,9,0.0003204655166656887,0.0,0.5625,0.5714285714285714,0.21052631578947367,0.75,1,0,2,1,4,0.000641111914147921,0.0002688596285443334
0.07017543859649122,0,7,0.010284335104191794,0.2222222222222222,0.35416666666666663,0.6428571428571428,0.14035087719298245,0.9166666666666667,1,0,2,1,7,0.006481870702904903,0.008754027799696971
0.14035087719298245,1,5,0.10563882983063733,0.4444444444444445,0.5,0.5428571428571427,0.45263157894736833,0.8999999999999999,1,1,2,0,5,0.04181591194711261,0.10963989492057671
0.4385964912280701,1,1,0.004317788780032034,0.1111111111111111,0.4375,0.42857142857142855,0.3157894736842105,1.0,1,1,1,1,1,0.004036791602461601,0.004488197522017533
0.14035087719298245,0,6,0.10872533556513263,0.3333333333333333,0.484375,0.44642857142857145,0.3026315789473684,0.625,0,1,3,0,0,0.0539546861940976,0.12029589250922859
0.33333333333333337,0,7,0.008139270915264927,0.0,0.25,0.42857142857142855,0.10526315789473684,1.0,1,0,4,1,0,0.01628313589102204,0.007723422920034522
0.29824561403508765,1,6,0.008299306099296497,0.0,0.6875,0.35714285714285715,0.15789473684210525,0.0,1,0,2,0,4,0.016603296587976303,0.008457727711972809
0.15789473684210525,1,0,0.1085672761241138,0.3333333333333333,0.46875,0.33928571428571425,0.40789473684210525,0.875,0,1,0,1,1,0.05387563417015829,0.11996286296405301
0.7368421052631579,0,1,0.005402471694023793,0.0,0.5,0.5714285714285714,0.2631578947368421,0.75,1,1,2,1,6,0.010807992712984434,0.004146495085598593
0.42105263157894735,1,7,0.13601232231402186,0.1111111111111111,0.5625,0.3214285714285714,0.34210526315789475,0.625,0,0,2,1,2,0.13576849140477223,0.12989294429492002
0.0,1,6,0.006757633826459032,0.2222222222222222,0.47916666666666663,0.4761904761904761,0.17543859649122803,0.75,1,1,4,0,0,0.004130072990710004,0.006609501413017774
0.33333333333333337,0,1,0.25493664088519613,0.7777777777777777,0.4609375,0.49107142857142855,0.3157894736842105,0.75,0,1,2,1,6,0.06325826948400175,0.2200315825941234
0.15789473684210525,1,5,0.032301422515211745,0.2222222222222222,0.5,0.4761904761904761,0.3684210526315789,0.8333333333333333,0,0,2,0,1,0.021164071355782393,0.036865474926102704
0.4736842105263158,0,6,0.05488495544798294,0.1111111111111111,0.96875,0.5714285714285714,0.18421052631578946,0.875,0,0,3,0,6,0.054618229120038324,0.06070611552575494
0.12280701754385964,0,2,0.29809358580958145,1.0,0.53125,0.4785714285714285,0.2684210526315789,0.6,0,1,2,1,1,0.059127554195597225,0.2292772638023377
0.26315789473684215,1,8,0.44759746686036855,0.7777777777777777,0.515625,0.5357142857142856,0.381578947368421,0.625,1,1,2,1,2,0.1114370689564876,0.39197364199347595
0.4035087719298246,1,2,0.01731639963511978,0.1111111111111111,0.71875,0.39285714285714285,0.3684210526315789,0.625,0,1,0,0,4,0.01703907086994183,0.01633650438881472
0.4736842105263158,0,5,0.026872475864817294,0.2222222222222222,0.6458333333333333,0.6428571428571428,0.3157894736842105,0.75,0,1,0,1,5,0.017543752166107804,0.02599853176955891
0.03508771929824561,0,6,0.2927778492338168,0.5555555555555556,0.5625,0.5476190476190474,0.34210526315789475,0.6666666666666666,0,1,2,1,5,0.09714979903987364,0.3438698061585111
0.21052631578947367,0,1,0.02419909799428497,0.1111111111111111,0.4375,0.5357142857142856,0.13157894736842105,0.625,0,0,2,1,0,0.023923711634817595,0.022222459186463844
0.19298245614035092,0,9,0.10668340516147057,0.6666666666666665,0.6071428571428571,0.4489795918367347,0.2932330827067669,0.5714285714285714,1,1,3,1,0,0.030005776726649367,0.12405182313178577
0.15789473684210525,1,0,0.04325197816329793,0.2222222222222222,0.5833333333333334,0.6428571428571428,0.21052631578947367,0.6666666666666666,0,0,2,1,1,0.02846650206717748,0.03367584144817379
0.6666666666666666,0,2,0.10276096255828689,0.3333333333333333,0.515625,0.5535714285714286,0.19736842105263158,0.75,1,1,4,1,7,0.0509716580707472,0.11203200154690258
0.36842105263157887,1,2,0.25099681174350036,0.0,0.625,0.2857142857142857,0.2631578947368421,0.5,1,0,1,0,2,0.502135293981631,0.2422240421075979
0.017543859649122806,1,7,0.04861671316577848,0.1111111111111111,0.34375,0.5714285714285714,0.2368421052631579,0.875,0,1,2,1,3,0.0483482178412908,0.046940673158539024
0.49122807017543857,1,6,0.37049073702524626,0.8888888888888888,0.5416666666666666,0.49206349206349204,0.30994152046783624,0.7777777777777777,1,1,2,1,1,0.08185279322970358,0.3079233733471152
0.7368421052631579,1,5,0.1203259106644088,0.2222222222222222,0.6458333333333333,0.4523809523809524,0.3157894736842105,0.5833333333333334,0,0,2,1,1,0.0798636247184348,0.08769439953972066
0.5087719298245613,0,2,0.011832724903272564,0.3333333333333333,0.6875,0.625,0.3289473684210526,0.8125,0,1,3,0,4,0.005494708553962592,0.011023671305952588
0.0,1,7,0.004080502044202508,0.1111111111111111,0.625,0.6428571428571428,0.2631578947368421,0.875,1,1,2,1,4,0.003799437900583779,0.004994542713515446
0.19298245614035092,1,9,0.26410329816708344,0.5555555555555556,0.5625,0.42857142857142855,0.3596491228070175,0.8333333333333333,0,1,2,1,6,0.08758891788121867,0.2645352680989734
0.5614035087719298,1,1,0.018959427524510575,0.1111111111111111,0.78125,0.46428571428571425,0.18421052631578946,0.75,0,1,3,0,0,0.018682562447640386,0.01423178799472802
0.14035087719298245,0,1,0.07417709809583815,0.5555555555555556,0.59375,0.5952380952380953,0.2631578947368421,0.875,0,1,2,1,0,0.024262317804024366,0.06625079442262005
0.38596491228070173,0,9,0.08577945136382577,0.1111111111111111,0.3125,0.6071428571428572,0.3157894736842105,0.875,0,1,0,1,6,0.08552144394845887,0.0812925261952121
0.45614035087719296,1,5,0.008167326466045769,0.1111111111111111,0.46875,0.6071428571428572,0.02631578947368421,0.5,1,1,4,0,1,0.007887415688546092,0.008090385744610367
0.08771929824561403,1,7,0.0831854983624054,0.5555555555555556,0.6770833333333333,0.42857142857142855,0.3070175438596491,0.7916666666666667,0,1,2,0,0,0.02726596533028561,0.06007152528669119
0.2807017543859649,1,6,0.0007235170912637189,0.0,0.5625,0.49999999999999994,0.3684210526315789,0.5,0,1,3,1,4,0.0014474425583290299,0.0005493305049281453
0.0,0,6,0.12368724225197561,0.2222222222222222,0.35416666666666663,0.5952380952380953,0.21052631578947367,0.8333333333333333,1,1,4,1,1,0.08210514485723436,0.13487729754604572
0.07017543859649122,0,2,0.01798044686170016,0.2222222222222222,0.33333333333333337,0.7142857142857142,0.17543859649122803,0.5833333333333334,1,1,2,0,1,0.011614059850419075,0.02059228738264939
0.22807017543859642,0,1,0.09586068008630835,0.6666666666666665,0.5089285714285714,0.489795918367347,0.22556390977443608,0.6428571428571429,0,1,2,1,7,0.026912696892829137,0.07945093489502247
0.03508771929824561,0,5,0.25080891858298926,0.2222222222222222,0.5625,0.35714285714285715,0.24561403508771928,0.41666666666666663,1,0,2,0,1,0.16687684623531535,0.2604802886034892
0.631578947368421,1,8,0.0986018259421775,0.0,0.4375,0.35714285714285715,0.3157894736842105,0.75,0,1,4,1,5,0.19725930585603557,0.10959430300048863
0.0,0,5,0.018434867754629315,0.2222222222222222,0.6666666666666667,0.6428571428571428,0.4561403508771929,0.9166666666666667,1,1,2,1,0,0.011917092608853154,0.01856396826006162
0.19298245614035092,0,1,0.05504854696943744,0.0,0.5625,0.6428571428571428,0.2631578947368421,1.0,1,1,3,1,5,0.11012816507011222,0.045966039232747696
0.3157894736842105,1,5,0.0033941289215782154,0.0,0.25,0.5714285714285714,0.42105263157894735,1.0,0,1,2,0,0,0.006790173596268269,0.003206410546235752
0.5964912280701754,1,1,0.004048099858793647,0.1111111111111111,0.65625,0.46428571428571425,0.28947368421052627,0.625,1,1,2,0,1,0.0037670265707686556,0.0035501508751326406
0.0,0,6,0.11702997617056352,0.2222222222222222,0.6041666666666666,0.4761904761904761,0.2982456140350877,1.0,0,1,2,0,1,0.07766571494617512,0.1036213349333159
0.5263157894736842,0,6,0.12317769812899113,0.0,0.5,0.7142857142857142,0.2631578947368421,0.25,1,1,4,1,2,0.246424921624859,0.1225016504559429
0.29824561403508765,1,1,0.003402624616532978,0.1111111111111111,0.59375,0.49999999999999994,0.3157894736842105,0.5,1,1,1,0,1,0.003121369165244224,0.0038838913130330804
0.08771929824561403,0,9,0.03904048435735106,0.0,0.4375,0.5714285714285714,0.21052631578947367,1.0,0,1,2,0,6,0.07810300439193281,0.04670844820174946
0.38596491228070173,0,6,0.02108927849223938,0.2222222222222222,0.5625,0.4523809523809524,0.3157894736842105,0.6666666666666666,0,1,2,1,3,0.01368719917822786,0.023355337832810356
0.33333333333333337,1,6,0.007120775392199806,0.1111111111111111,0.65625,0.35714285714285715,0.28947368421052627,0.75,1,1,3,1,1,0.006840569261529589,0.007321247209153644
0.15789473684210525,1,4,0.006745779368382619,0.0,0.375,0.35714285714285715,0.05263157894736842,0.0,1,0,0,2,1,0.013495366266801765,0.006843100762408752
0.29824561403508765,1,6,0.17749601048092153,0.8888888888888888,0.47916666666666663,0.5317460317460316,0.27485380116959063,0.7222222222222222,0,1,2,0,1,0.03895297263168425,0.20387858331402076
0.21052631578947367,0,5,0.0069018630663887194,0.0,0.1875,0.2857142857142857,0.05263157894736842,1.0,0,0,0,0,3,0.013807621761362097,0.005990456028204433
0.3157894736842105,1,1,0.21746272316264298,0.3333333333333333,0.359375,0.625,0.15789473684210525,0.6875,0,1,2,1,0,0.10833872369321569,0.25842419727178334
0.42105263157894735,1,6,0.01668356914814062,0.0,0.375,0.49999999999999994,0.10526315789473684,0.0,1,0,4,1,4,0.03337655502742216,0.012345031310085245
0.631578947368421,0,8,0.0018042485192300056,0.0,0.625,0.21428571428571425,0.10526315789473684,0.75,1,1,4,0,0,0.003609515413069552,0.0022734349341215713
0.03508771929824561,0,6,0.06312123534517317,0.1111111111111111,0.46875,0.42857142857142855,0.3947368421052631,0.875,0,1,2,0,2,0.06285683342493487,0.04950519496706908
0.7368421052631579,1,3,0.004253181983515586,0.0,0.875,0.49999999999999994,0.15789473684210525,1.0,1,0,4,1,1,0.008508764596709182,0.004684688271170505
0.0,1,1,0.13575764903968024,0.6666666666666665,0.5357142857142857,0.5204081632653061,0.24812030075187969,0.75,0,1,2,1,3,0.03831504789437452,0.1398499921564836
0.26315789473684215,0,6,0.08957959547452111,0.2222222222222222,0.47916666666666663,0.5476190476190474,0.3508771929824561,1.0,0,1,0,0,1,0.05936029652941192,0.07043093843052896
0.42105263157894735,0,6,0.13221119033182013,0.4444444444444445,0.5875,0.5428571428571427,0.2210526315789474,0.7,1,1,2,1,0,0.05244785580278417,0.12593222917475305
0.3508771929824561,0,6,0.22148158202484813,0.7777777777777777,0.546875,0.38392857142857145,0.3684210526315789,0.78125,0,1,4,0,5,0.054892144382988076,0.2580005052077632
0.15789473684210525,1,6,0.07991623639923207,0.1111111111111111,0.625,0.5357142857142856,0.3947368421052631,0.75,0,1,1,0,6,0.07965657429240038,0.06809759893612535
0.24561403508771928,0,0,0.029423160094258747,0.2222222222222222,0.6875,0.5714285714285714,0.24561403508771928,0.9166666666666667,1,1,2,1,0,0.019244688214535597,0.029304277725882615
0.19298245614035092,0,7,0.06042849519311604,0.5555555555555556,0.48958333333333337,0.49999999999999994,0.34210526315789475,0.75,0,1,2,0,0,0.01967815681246956,0.060837156751371906
0.15789473684210525,0,1,0.10126394207753725,0.2222222222222222,0.5625,0.5238095238095237,0.2631578947368421,0.8333333333333333,0,1,1,0,0,0.06715205926899144,0.1211355042101437
0.4736842105263158,0,7,0.08344076435965082,0.2222222222222222,0.41666666666666663,0.5476190476190474,0.2982456140350877,0.5833333333333334,0,1,2,1,0,0.05526658746971401,0.08234019250027133
0.36842105263157887,1,8,0.01443477845104514,0.2222222222222222,0.625,0.5952380952380953,0.4035087719298245,0.75,1,1,4,1,0,0.009249613814393884,0.015762576995606212
0.14035087719298245,1,8,0.07534219375044825,0.1111111111111111,0.53125,0.5714285714285714,0.18421052631578946,0.25,1,0,3,0,2,0.07508124077685215,0.06734030861274973
0.4736842105263158,0,0,0.1179486966714855,0.1111111111111111,0.65625,0.6071428571428572,0.18421052631578946,0.625,1,0,2,1,0,0.11769976792302071,0.10340863583003598
0.3508771929824561,0,9,0.0587163162982795,0.0,0.3125,0.8571428571428572,0.3157894736842105,0.75,0,1,1,1,5,0.1174657739321603,0.05271449647705262
0.45614035087719296,0,1,0.04639696589097021,0.2222222222222222,0.5625,0.4523809523809524,0.3859649122807018,0.8333333333333333,1,1,2,0,0,0.030563752262287764,0.0402446324044809
0.42105263157894735,1,1,0.02531934428250596,0.1111111111111111,0.40625,0.5714285714285714,0.4473684210526316,0.625,1,1,2,0,6,0.025044274074157515,0.0300721840472829
0.12280701754385964,0,3,0.017238752934719277,0.2222222222222222,0.6041666666666666,0.5952380952380953,0.2807017543859649,0.5833333333333334,0,1,1,0,1,0.01111945768730537,0.01670901217664452
0.17543859649122806,0,2,0.14976685244578217,0.4444444444444445,0.5,0.4857142857142857,0.29473684210526313,0.7,1,1,2,0,7,0.059472102441936764,0.13047976254287275
0.4385964912280701,1,7,0.014511437279939273,0.1111111111111111,0.71875,0.5714285714285714,0.3947368421052631,0.375,1,1,2,0,0,0.014233316910275358,0.016346646458356144
0.42105263157894735,1,7,0.10421175065253853,0.1111111111111111,0.625,0.42857142857142855,0.15789473684210525,0.75,1,1,2,0,5,0.10395894512188734,0.10211210967842532
0.2807017543859649,0,4,0.07841052264922638,0.1111111111111111,0.4375,0.42857142857142855,0.15789473684210525,0.625,1,1,3,1,0,0.0781504356062964,0.08743075312449203
0.3157894736842105,0,5,0.13660662581225266,0.5555555555555556,0.5104166666666666,0.5238095238095237,0.2807017543859649,0.625,1,1,3,1,2,0.0450780332409808,0.12504683598235658
0.5614035087719298,0,7,0.08012625788148584,0.1111111111111111,0.53125,0.35714285714285715,0.5789473684210527,0.375,1,0,2,1,0,0.07986665504601914,0.07315052963877645
0.15789473684210525,0,0,0.0621928337034888,0.2222222222222222,0.33333333333333337,0.4523809523809524,0.21052631578947367,0.9166666666666667,1,0,2,1,7,0.04109730269882951,0.0563150259499541
0.4035087719298246,1,1,0.06004342287993391,0.4444444444444445,0.475,0.39999999999999997,0.15789473684210525,0.7,1,1,0,1,6,0.023572602070491083,0.05349576758168039
0.24561403508771928,1,6,0.07983187217258826,0.0,0.75,0.6428571428571428,0.5789473684210527,1.0,1,0,2,1,2,0.1597088039646171,0.08483537857170279
0.24561403508771928,0,1,0.03861965109563841,0.1111111111111111,0.75,0.46428571428571425,0.3947368421052631,0.5,0,1,4,1,6,0.038348334443026114,0.03981975551925264
0.5263157894736842,0,7,0.0014059387278625404,0.0,0.375,0.7857142857142856,0.21052631578947367,0.0,0,0,2,0,4,0.002812671011761162,0.001552637103955739
0.45614035087719296,0,6,0.009478429529297009,0.1111111111111111,0.375,0.2857142857142857,0.3684210526315789,0.75,1,1,1,0,7,0.009198888765699484,0.007364611665370473
0.45614035087719296,0,5,0.050437557926315456,0.2222222222222222,0.5208333333333334,0.5714285714285714,0.3333333333333333,0.75,0,1,2,1,1,0.03325824049825963,0.042470674490278075
0.5614035087719298,1,1,0.0076392103587415855,0.1111111111111111,0.40625,0.6071428571428572,0.07894736842105263,0.875,1,0,4,0,1,0.007359150538571557,0.007565983877900858
0.29824561403508765,0,3,0.025303735912705353,0.0,0.4375,0.2857142857142857,0.05263157894736842,1.0,1,0,2,0,3,0.05062175404978577,0.025157593068890722
0.4385964912280701,1,6,0.03369471648779278,0.2222222222222222,0.6041666666666666,0.6428571428571428,0.12280701754385964,0.75,1,1,3,0,4,0.02209319614381592,0.028869211378264602
0.22807017543859642,1,6,0.152165404463243,0.2222222222222222,0.4375,0.5952380952380953,0.3157894736842105,0.8333333333333333,0,0,3,0,2,0.10109594432155147,0.1353976236277993
0.3508771929824561,1,9,0.036579498860687794,0.2222222222222222,0.45833333333333337,0.5238095238095237,0.3333333333333333,0.75,1,1,2,0,3,0.024016927146379378,0.026456773220007557
0.26315789473684215,1,3,0.00857314408086163,0.0,0.375,0.49999999999999994,0.21052631578947367,0.75,1,0,3,1,4,0.01715112711387582,0.009896811551343278
0.3157894736842105,1,8,0.19642520913733724,1.0,0.575,0.5571428571428572,0.28947368421052627,0.7,0,1,2,1,1,0.038788140378212536,0.21768772188739177
0.42105263157894735,1,4,0.04982902907839295,0.0,0.0625,0.42857142857142855,0.21052631578947367,0.75,0,0,0,1,2,0.09968618322796687,0.04011202721486922
0.12280701754385964,1,1,0.04074693359745067,0.2222222222222222,0.5416666666666666,0.42857142857142855,0.5087719298245614,0.8333333333333333,1,1,0,0,4,0.026796001047966336,0.041981959438356836
0.7368421052631579,1,1,0.046911449371486516,0.2222222222222222,0.47916666666666663,0.6190476190476191,0.10526315789473684,0.8333333333333333,1,0,2,0,0,0.030906838046184434,0.04868326079857897
0.07017543859649122,0,9,0.04276495751065865,0.0,0.75,0.6428571428571428,0.42105263157894735,0.75,1,1,2,1,5,0.08555405290833384,0.03635211559305278
0.03508771929824561,1,4,0.043683875585881896,0.1111111111111111,0.65625,0.5714285714285714,0.2368421052631579,0.875,1,0,0,1,0,0.04341398813705802,0.03833920293759831
0.5263157894736842,1,2,0.029422764945656203,0.1111111111111111,0.4375,0.46428571428571425,0.15789473684210525,0.625,1,0,2,0,3,0.029148852787147086,0.030454407369019203
0.45614035087719296,0,5,0.06665900078377725,0.1111111111111111,0.40625,0.46428571428571425,0.28947368421052627,0.375,0,0,0,1,0,0.06639559727657872,0.05371595475499556
0.42105263157894735,0,5,0.17111949748161917,0.6666666666666665,0.5357142857142857,0.489795918367347,0.3007518796992481,0.5357142857142857,1,1,2,0,1,0.04842128449770329,0.1985718639085925
0.42105263157894735,0,1,0.016960568318526128,0.0,0.4375,0.6428571428571428,0.2631578947368421,0.75,1,0,3,1,6,0.03393070971523682,0.014931827757327765
0.2807017543859649,1,3,0.03193788580086842,0.2222222222222222,0.5625,0.4523809523809524,0.3333333333333333,0.5,0,1,3,1,7,0.020921645149035134,0.02560924691342227
0.10526315789473684,0,5,0.017560403897192607,0.2222222222222222,0.5416666666666666,0.6190476190476191,0.5087719298245614,0.75,0,1,2,1,1,0.011333952178927405,0.019124009548711084
0.29824561403508765,1,2,0.010952728965400196,0.0,0.5625,0.49999999999999994,0.10526315789473684,0.75,0,0,2,0,0,0.021911639995501938,0.008828434571566282
0.14035087719298245,1,6,0.09822050754071958,0.1111111111111111,0.59375,0.49999999999999994,0.28947368421052627,1.0,1,0,2,1,0,0.09796601118704718,0.08877685219545
0.49122807017543857,1,1,0.05586670215101118,0.1111111111111111,0.53125,0.42857142857142855,0.18421052631578946,1.0,0,1,3,1,6,0.05560025288742457,0.05482437869160668
0.26315789473684215,0,6,0.16040840188667654,0.5555555555555556,0.7083333333333333,0.5238095238095237,0.32456140350877194,0.875,0,1,4,1,1,0.05301419767762281,0.1853631453306433
0.12280701754385964,1,6,0.07245780652615577,0.0,0.125,0.6428571428571428,0.05263157894736842,0.5,0,0,2,1,5,0.14495651051718006,0.06453270888516383
0.22807017543859642,1,9,0.05213373330274884,0.3333333333333333,0.546875,0.5535714285714286,0.3289473684210526,0.6875,0,1,2,0,3,0.02565089954286191,0.058525333610107574
0.36842105263157887,1,6,0.1730497984050617,0.4444444444444445,0.5875,0.42857142857142855,0.2526315789473684,0.65,0,0,2,1,3,0.06878790915104252,0.1741655896641885
0.17543859649122806,0,6,0.005591747874643848,0.1111111111111111,0.5,0.49999999999999994,0.15789473684210525,0.875,0,1,2,1,0,0.0053111102283635095,0.006723955141721204
0.12280701754385964,0,1,0.11140997517083756,0.4444444444444445,0.55,0.5428571428571427,0.3157894736842105,0.75,0,1,3,0,1,0.044125021566380276,0.08017907861667858
0.33333333333333337,1,3,0.19197445285254816,0.5555555555555556,0.5208333333333334,0.4166666666666666,0.4561403508771929,0.6666666666666666,1,1,2,0,7,0.06353918414490446,0.17055070015824472
0.33333333333333337,0,3,0.0023542953739755525,0.1111111111111111,0.65625,0.5714285714285714,0.07894736842105263,0.75,1,1,4,0,4,0.0020727440676890857,0.0022529612236454294
0.17543859649122806,0,6,0.034609880651291836,0.1111111111111111,0.65625,0.35714285714285715,0.2631578947368421,1.0,1,1,2,1,1,0.03433743237840464,0.03398891860420479
0.19298245614035092,0,6,0.1418528162339691,0.2222222222222222,0.4375,0.6190476190476191,0.24561403508771928,0.6666666666666666,1,1,0,1,0,0.09421894525232319,0.14875017950041303
0.33333333333333337,1,6,0.13443074003232713,0.4444444444444445,0.55,0.5571428571428572,0.2526315789473684,0.65,0,1,2,1,5,0.05333592623971854,0.13647273039203836
0.0,0,7,0.10520475909073937,0.3333333333333333,0.578125,0.5178571428571428,0.2631578947368421,0.75,0,1,2,1,3,0.05219390117587909,0.12494091296635156
0.0,1,1,0.05656591760321825,0.3333333333333333,0.390625,0.37499999999999994,0.2368421052631579,0.8125,1,0,2,0,1,0.027867617109150488,0.052932550972193196
0.14035087719298245,0,8,0.05195453341149373,0.3333333333333333,0.515625,0.5178571428571428,0.6842105263157894,0.6875,1,1,3,0,3,0.025561274310720698,0.055641147039629434
0.24561403508771928,1,7,0.06593824973273137,0.0,0.6875,0.21428571428571425,0.47368421052631576,1.0,1,1,2,1,6,0.13191371708743094,0.06029157028146139
0.3508771929824561,1,6,0.26043533126394014,0.5555555555555556,0.5520833333333334,0.46428571428571425,0.3333333333333333,0.7916666666666667,1,1,2,0,2,0.0863659171941907,0.289525422234734
0.5964912280701754,1,0,0.014405142305854105,0.2222222222222222,0.5833333333333334,0.4523809523809524,0.3859649122807018,0.75,1,1,0,1,1,0.009229850808409051,0.013502364666167147
0.4736842105263158,0,1,0.01965607451080109,0.2222222222222222,0.5,0.49999999999999994,0.24561403508771928,0.6666666666666666,0,0,4,1,1,0.012731460208801428,0.018927992728041354
0.26315789473684215,1,2,0.08586974281950778,0.2222222222222222,0.75,0.5952380952380953,0.3157894736842105,0.6666666666666666,1,1,3,1,1,0.05688636344023077,0.07981240014919269
0.2807017543859649,0,1,0.08255800238156064,0.7777777777777777,0.6015625,0.48214285714285715,0.2368421052631579,0.75,1,1,2,1,2,0.02015144786746296,0.09255330392133168
0.07017543859649122,1,3,0.07646263761297052,0.1111111111111111,0.34375,0.39285714285714285,0.3947368421052631,0.75,1,0,1,1,6,0.07620200084625192,0.0628575612682895
0.2807017543859649,0,0,0.04389113102791784,0.2222222222222222,0.5833333333333334,0.49999999999999994,0.15789473684210525,0.6666666666666666,1,1,4,1,1,0.02889272422958367,0.044553542781287224
0.22807017543859642,0,8,0.039342377889697036,0.0,0.3125,0.6428571428571428,0.5789473684210527,1.0,0,0,3,0,6,0.07870696185482925,0.045984854193532494
0.3508771929824561,0,1,0.07352510290163546,0.1111111111111111,0.5625,0.35714285714285715,0.18421052631578946,0.5,1,0,2,1,2,0.07326363711642722,0.06052725491617864
0.12280701754385964,0,1,0.01864469166258182,0.0,0.3125,0.5714285714285714,0.6842105263157894,0.25,1,1,3,1,3,0.037299906975530824,0.014201124821862133
0.4035087719298246,0,7,0.33220577679596525,0.4444444444444445,0.4375,0.5285714285714285,0.2736842105263158,0.8,1,1,4,0,2,0.1324682670353653,0.26887635821979194
0.6140350877192983,1,8,0.026737730191348733,0.0,0.4375,0.42857142857142855,0.10526315789473684,1.0,1,0,3,1,6,0.05349055199854385,0.029819248415775566
0.26315789473684215,0,9,0.1011671306699132,0.2222222222222222,0.7083333333333333,0.5476190476190474,0.12280701754385964,0.6666666666666666,1,0,1,1,6,0.06708750011610766,0.11973101715005004
0.36842105263157887,1,6,0.04252688047762403,0.2222222222222222,0.5625,0.2857142857142857,0.10526315789473684,0.6666666666666666,0,0,3,1,1,0.027982967187415286,0.03195998337458881
0.4385964912280701,0,6,0.15893923938240645,0.4444444444444445,0.6499999999999999,0.3714285714285714,0.3684210526315789,0.75,1,1,2,1,2,0.06314209265331991,0.18402861011467647
0.21052631578947367,0,7,0.018731426780840905,0.1111111111111111,0.625,0.6071428571428572,0.10526315789473684,0.75,1,0,2,1,3,0.018454497358575433,0.018006107042435084
0.33333333333333337,1,6,0.008377743096902094,0.0,0.125,0.6428571428571428,0.15789473684210525,0.75,0,1,4,1,0,0.016760214855495864,0.009313263409924916
0.29824561403508765,1,1,0.4404709618134318,0.4444444444444445,0.5625,0.5571428571428572,0.39999999999999997,0.7,0,1,4,1,5,0.17578656269744478,0.5264183850128648
0.3157894736842105,1,6,1.0471437967497841e-05,0.0,0.3125,0.49999999999999994,0.47368421052631576,1.0,0,0,2,1,1,2.0948786343920984e-05,0.0
0.12280701754385964,0,2,0.043487289156114724,0.1111111111111111,0.53125,0.49999999999999994,0.10526315789473684,1.0,1,0,1,1,2,0.04321734622750895,0.05047845450025901
0.29824561403508765,0,8,0.01087607013650606,0.0,0.625,0.42857142857142855,0.9473684210526316,1.0,0,0,2,1,4,0.02175827906905965,0.0078935158526708
0.38596491228070173,0,4,0.035132464678160356,0.1111111111111111,0.59375,0.6428571428571428,0.3157894736842105,0.625,0,1,2,0,3,0.034860163886703426,0.04181077647020909
0.5964912280701754,0,1,0.22550360207587367,0.4444444444444445,0.5875,0.4142857142857142,0.21052631578947367,0.8999999999999999,0,1,2,0,5,0.08977535193466982,0.2414905429940811
0.49122807017543857,0,3,0.044770139094283845,0.1111111111111111,0.40625,0.39285714285714285,0.3684210526315789,0.75,1,0,2,0,1,0.04450055820610403,0.04628916367262347
0.7368421052631579,1,9,0.11063350816683253,0.3333333333333333,0.609375,0.33928571428571425,0.25,0.875,0,0,2,1,7,0.054909041753105105,0.12391988144205064
0.12280701754385964,1,6,0.0020452891667837297,0.1111111111111111,0.40625,0.39285714285714285,0.3947368421052631,0.625,1,1,1,1,0,0.0017636506540863275,0.0022265160142804132
0.4736842105263158,0,2,0.003162966989088169,0.0,0.9375,0.49999999999999994,0.10526315789473684,0.5,1,1,3,2,4,0.006327719256223222,0.0037063577032098705
0.33333333333333337,0,7,0.24123308492316434,0.2222222222222222,0.5625,0.5952380952380953,0.24561403508771928,0.6666666666666666,1,1,0,0,1,0.16049115549486992,0.21508504883596058
0.7543859649122807,0,6,0.020544368569326944,0.3333333333333333,0.53125,0.44642857142857145,0.3684210526315789,0.5,1,1,2,0,3,0.009851759668408379,0.02231658138323611
0.12280701754385964,1,7,0.10869016733950596,0.3333333333333333,0.515625,0.46428571428571425,0.15789473684210525,0.625,0,1,4,1,0,0.053937097118771114,0.11993731821880615
0.10526315789473684,1,6,0.020513546978328273,0.0,0.625,0.21428571428571425,0.631578947368421,1.0,0,0,3,1,5,0.04103867244774117,0.022105730601040843
0.15789473684210525,1,2,0.0029175797069064266,0.0,0.875,0.5714285714285714,0.894736842105263,1.0,1,0,2,1,4,0.005836806187560016,0.002203293518601456
0.0,1,1,0.058830711818716894,0.1111111111111111,0.40625,0.5714285714285714,0.3157894736842105,0.625,0,1,0,0,2,0.058565099045268944,0.058858315762434825
0.17543859649122806,1,1,0.0133544421716814,0.0,0.8125,0.14285714285714285,0.3157894736842105,0.75,1,0,2,0,5,0.026716422010534077,0.013945677369393604
0.12280701754385964,0,6,0.26317311835668766,0.4444444444444445,0.6125,0.47142857142857136,0.39999999999999997,0.55,1,0,2,0,2,0.10484741081894142,0.27907070207291584
0.3157894736842105,1,9,0.0019727793982163384,0.0,0.5625,0.9285714285714286,0.15789473684210525,1.0,1,0,3,2,4,0.00394667229517077,0.0016014043448815487
0.36842105263157887,0,7,0.005610715007566108,0.0,0.625,0.49999999999999994,0.15789473684210525,0.5,1,1,2,1,7,0.011224596879144672,0.006251448443926915
0.6842105263157895,1,3,0.038475224281407455,0.5555555555555556,0.46875,0.5119047619047619,0.20175438596491224,0.7916666666666667,1,1,2,1,0,0.012358334655807816,0.032726894446174284
0.49122807017543857,0,3,0.1327841558055134,0.3333333333333333,0.46875,0.44642857142857145,0.28947368421052627,0.8125,1,1,2,1,6,0.06598749120299195,0.10512833272433525
0.17543859649122806,1,7,0.1364068781936651,0.5555555555555556,0.6145833333333334,0.42857142857142855,0.1929824561403509,0.5416666666666666,1,1,2,1,2,0.045011431910811917,0.13851920097553438
0.10526315789473684,1,6,0.015082427010619816,0.1111111111111111,0.34375,0.5357142857142856,0.15789473684210525,0.375,1,0,3,0,4,0.014804467783236977,0.016544558992958848
0.38596491228070173,1,0,0.07605761029535976,0.2222222222222222,0.39583333333333337,0.4047619047619047,0.3508771929824561,0.6666666666666666,1,0,4,0,1,0.050343095665399656,0.08565190995548391
0.017543859649122806,0,6,0.027370363104026626,0.2222222222222222,0.6041666666666666,0.4761904761904761,0.5263157894736843,0.9166666666666667,1,1,2,0,0,0.017875770666652965,0.022529896593544242
0.6666666666666666,0,6,0.07357647221996658,0.6666666666666665,0.5803571428571429,0.4693877551020407,0.15037593984962405,0.8214285714285714,1,1,2,1,7,0.020543983515620243,0.060094368639583555
0.543859649122807,1,0,0.15389279657927757,0.1111111111111111,0.40625,0.42857142857142855,0.2631578947368421,1.0,0,0,2,1,5,0.15365401182104438,0.12331424823331312
0.19298245614035092,1,6,0.026299905539726564,0.2222222222222222,0.4375,0.49999999999999994,0.2631578947368421,0.33333333333333337,0,0,2,1,0,0.017161930890480865,0.029414418705388523
0.0,0,1,0.21310127046202948,0.4444444444444445,0.5875,0.47142857142857136,0.431578947368421,0.6,1,1,3,1,2,0.08481301923592661,0.22139279998369688
0.5789473684210525,1,7,0.09407539870000062,0.5555555555555556,0.5833333333333334,0.5714285714285714,0.2719298245614035,0.875,0,1,0,1,4,0.030896956543192012,0.06853081696265871
0.26315789473684215,1,7,0.004282620554405343,0.2222222222222222,0.6458333333333333,0.5714285714285714,0.3333333333333333,0.75,1,0,2,0,0,0.0024795984842301416,0.005228900348479614
0.543859649122807,0,0,0.21571379544776956,0.7777777777777777,0.4921875,0.5267857142857142,0.21710526315789475,0.75,1,1,2,1,3,0.05344979079870014,0.16667818312880947
0.0,0,2,0.21298430647567557,0.3333333333333333,0.625,0.48214285714285715,0.19736842105263158,0.8125,1,1,2,0,6,0.10609888340992485,0.1693045526044029
0.15789473684210525,1,2,0.0254908387760114,0.3333333333333333,0.59375,0.5892857142857142,0.3947368421052631,0.5625,1,1,0,1,0,0.012325692757589537,0.025331524822241276
0.29824561403508765,1,0,0.015918561453609457,0.1111111111111111,0.59375,0.35714285714285715,0.2368421052631579,1.0,0,0,3,0,0,0.01564083819651503,0.018505627663774282
0.29824561403508765,0,1,0.05428531744361773,0.2222222222222222,0.6458333333333333,0.5952380952380953,0.12280701754385964,0.8333333333333333,0,1,0,1,1,0.035824137441956866,0.05263885749112687
0.19298245614035092,1,1,0.042411299511379,0.0,0.5,0.42857142857142855,0.2631578947368421,0.75,0,0,4,1,5,0.08484653729407689,0.045031499656638815
0.42105263157894735,1,7,0.11993688686520118,0.8888888888888888,0.5902777777777778,0.5396825396825395,0.19883040935672514,0.9444444444444444,0,1,2,0,0,0.02615844647489568,0.12559119023821066
0.07017543859649122,0,1,0.09078756475250756,0.2222222222222222,0.5208333333333334,0.5714285714285714,0.3333333333333333,0.9166666666666667,1,1,3,0,0,0.06016583665335363,0.08598124285849017
0.26315789473684215,0,4,0.5700352492310903,0.8888888888888888,0.4722222222222222,0.48412698412698413,0.26900584795321636,0.6944444444444444,1,1,3,1,1,0.12620853251972988,0.4541059505038571
0.3157894736842105,1,5,0.155110842146629,0.1111111111111111,0.5,0.8214285714285714,0.3947368421052631,1.0,1,0,2,0,2,0.15487240114000925,0.12537996031322882
0.4035087719298246,2,6,0.005293608254022069,0.0,0.25,0.6428571428571428,0.42105263157894735,1.0,1,0,3,1,0,0.010590204387031593,0.005194019212112854
0.4385964912280701,0,6,0.02856074826919973,0.1111111111111111,0.4375,0.6428571428571428,0.21052631578947367,0.5,1,1,1,0,6,0.02828659283602891,0.033693850730537066
0.05263157894736842,1,6,0.044542731073518,0.1111111111111111,0.5,0.17857142857142855,0.2631578947368421,0.625,0,1,2,1,1,0.04427308600721863,0.04229295130906156
0.0,2,6,0.007109513657027214,0.0,0.6875,0.5714285714285714,0.15789473684210525,0.5,1,1,3,2,3,0.014223040147163246,0.00859748922168147
0.5614035087719298,1,6,0.0428825142199164,0.1111111111111111,0.59375,0.39285714285714285,0.47368421052631576,1.0,0,1,2,1,5,0.04261240061431327,0.04630020620628306
0.3508771929824561,1,3,0.03293405542788963,0.1111111111111111,0.65625,0.5714285714285714,0.2368421052631579,0.375,0,1,3,0,0,0.03266113421077126,0.026745395666303167
0.14035087719298245,0,9,0.1708375589537018,0.3333333333333333,0.484375,0.5178571428571428,0.2763157894736842,0.625,1,1,2,0,2,0.08501956241147407,0.14281076556985398
0.6140350877192983,1,0,0.12321187848311145,0.5555555555555556,0.5729166666666666,0.5238095238095237,0.28947368421052627,0.625,1,1,2,1,2,0.04061185739515544,0.13493976132013727
0.3157894736842105,1,6,0.11843986638445154,0.6666666666666665,0.5089285714285714,0.4795918367346938,0.22556390977443608,0.75,1,1,2,1,0,0.03336571360699619,0.13665590375081219
0.543859649122807,1,1,0.09370672505382417,0.4444444444444445,0.6625000000000001,0.5571428571428572,0.34736842105263155,0.65,0,1,0,1,0,0.037041723065344985,0.07350777692944581
0.29824561403508765,1,7,0.04612984543564838,0.0,0.5625,0.6428571428571428,0.10526315789473684,0.75,0,1,3,0,5,0.09228572800688702,0.05157593068890719
0.719298245614035,0,5,0.1456478234128313,0.2222222222222222,0.6458333333333333,0.5714285714285714,0.17543859649122803,0.9166666666666667,0,1,4,1,2,0.09674966404536742,0.13616197548557527
0.6666666666666666,0,5,0.24629889000781807,0.2222222222222222,0.5833333333333334,0.35714285714285715,0.21052631578947367,0.5833333333333334,1,1,2,0,2,0.16386931198454374,0.2664571902770729
0.24561403508771928,2,9,0.11824229208317798,0.2222222222222222,0.41666666666666663,0.4047619047619047,0.42105263157894735,0.8333333333333333,1,0,4,1,1,0.07847415364432794,0.10660134984310599
0.49122807017543857,1,7,0.025323493342832706,0.1111111111111111,0.625,0.6428571428571428,0.13157894736842105,0.75,1,1,2,1,3,0.02504842430541433,0.02834168158356568
0.42105263157894735,1,2,0.1970965666130648,1.0,0.48750000000000004,0.6214285714285714,0.3684210526315789,0.75,1,1,2,0,6,0.038922449766885456,0.15659668164754603
0.5789473684210525,1,6,0.06689707781681188,0.4444444444444445,0.7250000000000001,0.5285714285714285,0.3684210526315789,0.75,1,1,3,1,0,0.02631483772892231,0.06882441565802838
0.08771929824561403,1,3,0.564221427841815,0.2222222222222222,0.5208333333333334,0.3095238095238095,0.1929824561403509,0.6666666666666666,0,1,3,0,6,0.3758774857003123,0.5544443828337416
0.4385964912280701,1,6,0.005563692323863004,0.0,0.75,0.6428571428571428,0.0,1.0,0,0,1,0,7,0.011130524970656875,0.006496279898370777
0.5087719298245613,0,7,0.0533640284767792,0.4444444444444445,0.5,0.42857142857142855,0.21052631578947367,0.6,0,1,1,1,0,0.020900090297174344,0.046684704384738936
0.0,0,2,0.07523194729033761,0.4444444444444445,0.4625,0.49999999999999994,0.3578947368421052,0.65,1,1,4,1,0,0.029649726410826648,0.08968892756145314
0.03508771929824561,0,1,0.2449630901569076,0.5555555555555556,0.6041666666666666,0.6190476190476191,0.4473684210526316,0.6666666666666666,1,1,2,0,2,0.081207047988597,0.2070680272205564
0.0,1,6,0.07190400575968603,0.6666666666666665,0.5178571428571429,0.4693877551020407,0.21052631578947367,0.6428571428571429,1,1,2,1,7,0.020066001099444255,0.05868471575902253
0.22807017543859642,0,6,0.05492130911941727,0.2222222222222222,0.5833333333333334,0.5238095238095237,0.1929824561403509,0.75,0,0,2,1,1,0.036248251550391346,0.04892714439605635
0.4385964912280701,1,6,0.05213649934296667,0.1111111111111111,0.53125,0.42857142857142855,0.3947368421052631,0.375,1,0,3,0,0,0.05186899735748846,0.06158302539830135
0.6140350877192983,1,6,0.2798260634881308,0.2222222222222222,0.5833333333333334,0.3333333333333333,0.3333333333333333,0.8333333333333333,1,1,0,1,1,0.18622706890180993,0.29406812153232453
0.29824561403508765,0,6,0.08627042350249052,0.3333333333333333,0.4375,0.5535714285714286,0.3026315789473684,0.75,0,1,0,0,1,0.04272406159812757,0.08752553882114082
0.631578947368421,0,6,0.22508494213147506,0.4444444444444445,0.6375,0.4142857142857142,0.2526315789473684,0.8,1,1,2,0,0,0.0896078406959424,0.17446677121529008
0.0,1,6,0.1448847914613129,0.3333333333333333,0.484375,0.41071428571428564,0.2763157894736842,0.5625,1,1,2,0,2,0.07203951652572678,0.13211642716690766
0.0,1,4,0.010268331585788638,0.0,0.4375,0.6428571428571428,0.5263157894736843,0.75,1,0,2,2,7,0.02054245894087284,0.00843578482319861
0.2807017543859649,1,1,0.028933966124305453,0.3333333333333333,0.578125,0.49999999999999994,0.2631578947368421,0.875,1,1,2,0,1,0.014047742284077794,0.026125923745854908
0.36842105263157887,0,6,0.11526405706578058,0.3333333333333333,0.53125,0.5357142857142856,0.22368421052631576,0.875,1,0,0,0,3,0.057224969609437536,0.11251976874185733
0.2807017543859649,1,3,0.048787614936380085,0.1111111111111111,0.34375,0.6428571428571428,0.5789473684210527,0.875,0,0,2,0,2,0.04851916784305958,0.04386004323175625
0.0,2,9,0.17841927519077283,0.4444444444444445,0.48750000000000004,0.5571428571428572,0.45263157894736833,0.8500000000000001,1,1,2,1,0,0.07093630600564155,0.13875995664502236
0.26315789473684215,1,2,0.0784194134927837,0.7777777777777777,0.34375,0.41071428571428564,0.1907894736842105,0.84375,1,1,1,1,1,0.019116508651552313,0.07964263896649469
0.017543859649122806,1,1,0.01729861794800516,0.2222222222222222,0.6458333333333333,0.3809523809523809,0.3333333333333333,0.5833333333333334,0,1,4,0,7,0.011159378959394728,0.020238404984211075
0.4385964912280701,0,3,0.01719390356833018,0.1111111111111111,0.53125,0.6071428571428572,0.18421052631578946,0.75,1,1,2,0,4,0.016916540232835876,0.01584698365847197
0.36842105263157887,0,0,0.12606425867059762,0.3333333333333333,0.5,0.35714285714285715,0.43421052631578944,0.625,1,1,0,1,0,0.06262659440521158,0.11670659514138
0.08771929824561403,1,0,0.04762884165941075,0.1111111111111111,0.40625,0.3214285714285714,0.3157894736842105,0.875,0,0,2,0,4,0.047360067542049245,0.0560835118858894
0.17543859649122806,0,2,0.015399533764163857,0.1111111111111111,0.5625,0.5357142857142856,0.3684210526315789,1.0,0,0,2,1,0,0.015121664029293519,0.018012979005442124
0.07017543859649122,0,9,0.024167090957478654,0.1111111111111111,0.46875,0.46428571428571425,0.10526315789473684,1.0,1,1,2,0,2,0.023891695565122165,0.02500517766867944
0.2807017543859649,0,9,0.0002272104464645759,0.0,0.75,0.42857142857142855,0.42105263157894735,0.5,0,1,3,0,1,0.0004545491376511154,0.00034786350670111185
0.49122807017543857,0,3,0.009333409992162228,0.2222222222222222,0.5,0.4523809523809524,0.2807017543859649,0.6666666666666666,1,1,2,1,0,0.005847741717538291,0.007169447915970585
0.08771929824561403,0,7,0.08282591313408755,0.2222222222222222,0.6041666666666666,0.5714285714285714,0.2631578947368421,0.5833333333333334,0,0,0,0,2,0.054856570972215385,0.06492900788285247
0.4035087719298246,0,2,0.00516992674142483,0.1111111111111111,0.75,0.5357142857142856,0.42105263157894735,0.875,0,0,2,0,0,0.004889170050587366,0.0039331324824421355
0.17543859649122806,0,5,0.3252823781307377,0.1111111111111111,0.53125,0.5714285714285714,0.15789473684210525,0.875,1,1,2,1,0,0.32509196220759884,0.37825957347384365
0.12280701754385964,1,6,0.07804303444885759,0.1111111111111111,0.46875,0.46428571428571425,0.10526315789473684,0.625,0,1,3,0,3,0.07778284369497855,0.09213131799985119
0.26315789473684215,1,4,0.09999808352927764,0.5555555555555556,0.46875,0.4404761904761904,0.2807017543859649,0.625,1,1,2,1,1,0.03287174197788295,0.0870781977258068
0.07017543859649122,1,6,0.018327387334736506,0.1111111111111111,0.53125,0.6071428571428572,0.2368421052631579,0.875,0,1,0,0,1,0.01805034388618564,0.02204615779069707
0.17543859649122806,1,7,0.003074453702117621,0.0,0.4375,0.8571428571428572,0.10526315789473684,1.0,0,0,3,0,0,0.006150642722599135,0.003026459901147997
0.03508771929824561,1,9,0.0229867820816705,0.0,0.5625,0.2857142857142857,0.05263157894736842,1.0,0,1,4,1,5,0.04598653862610348,0.02154910159747074
0.7017543859649124,0,6,0.046114632214450314,0.2222222222222222,0.47916666666666663,0.5952380952380953,0.3157894736842105,0.75,1,0,0,0,1,0.030375476691938942,0.044089045474859756
0.29824561403508765,1,7,0.06967161372959625,0.2222222222222222,0.45833333333333337,0.49999999999999994,0.15789473684210525,0.9166666666666667,1,1,2,1,3,0.04608456313578825,0.08155309207529966
0.14035087719298245,1,6,0.025569670922219543,0.2222222222222222,0.6041666666666666,0.3333333333333333,0.42105263157894735,0.5833333333333334,0,1,4,0,1,0.016674970423014628,0.029472901480220838
0.33333333333333337,0,1,0.04508112104448841,0.1111111111111111,0.5,0.42857142857142855,0.21052631578947367,1.0,0,1,3,0,1,0.04481162792030528,0.053837280446706035
0.26315789473684215,1,6,0.010318120309709572,0.0,0.6875,0.42857142857142855,0.05263157894736842,1.0,1,0,3,0,6,0.020642064491036387,0.008640474535111702
0.24561403508771928,1,1,0.07995614640808932,0.4444444444444445,0.44999999999999996,0.6428571428571428,0.2526315789473684,0.8500000000000001,0,1,4,1,4,0.031539939355239834,0.06541521111381252
0.42105263157894735,1,1,0.022083867524850403,0.3333333333333333,0.625,0.5178571428571428,0.19736842105263158,0.5,1,1,2,1,7,0.0106217263815774,0.020153571785710395
0.45614035087719296,1,4,0.003913551759626364,0.0,0.375,0.35714285714285715,0.2631578947368421,1.0,1,0,0,1,6,0.00782931245095069,0.003962563441251589
0.17543859649122806,1,4,0.31153496067382325,1.0,0.43125,0.47142857142857136,0.2526315789473684,0.7749999999999999,0,1,3,1,0,0.06181658784191729,0.34947827582922086
0.17543859649122806,0,6,0.011783528902255447,0.2222222222222222,0.6458333333333333,0.4047619047619047,0.4035087719298245,0.75,0,1,2,0,5,0.007481615298990893,0.013263030782128916
0.22807017543859642,0,0,0.05245775515683745,0.2222222222222222,0.3125,0.5476190476190474,0.2631578947368421,1.0,0,0,0,0,1,0.03460541873955895,0.05598247033326177
0.0,1,6,0.518065897747001,0.6666666666666665,0.5,0.510204081632653,0.2631578947368421,0.8214285714285714,1,1,2,0,2,0.14757680278211174,0.5017008819335145
0.0,1,6,0.1840240629693007,0.2222222222222222,0.625,0.4047619047619047,0.2631578947368421,0.75,1,1,0,1,0,0.12234104400187167,0.168288781686266
0.5789473684210525,1,6,0.15387837365528462,0.4444444444444445,0.55,0.4428571428571428,0.3789473684210526,0.7,1,1,2,1,6,0.06111717506011411,0.16727030937577458
0.631578947368421,0,4,0.10368205395082415,0.4444444444444445,0.42500000000000004,0.5285714285714285,0.3157894736842105,0.75,1,1,3,0,0,0.04103298070201754,0.08568347359246796
0.24561403508771928,1,8,0.2733238932332185,0.4444444444444445,0.5,0.5571428571428572,0.4421052631578947,0.75,1,0,3,1,5,0.10890886665287208,0.2533541577508871
0.4035087719298246,1,6,0.08605447479119854,0.2222222222222222,0.45833333333333337,0.4047619047619047,0.5789473684210527,0.6666666666666666,1,1,2,1,0,0.05700955284420287,0.07546676031493497
0.3508771929824561,0,6,0.18264776038662922,0.8888888888888888,0.5694444444444444,0.4761904761904761,0.21637426900584794,0.7777777777777777,1,1,2,1,4,0.04009812903402752,0.21228536371404483
0.9298245614035087,1,6,0.006445268856145559,0.0,0.5625,0.35714285714285715,0.42105263157894735,0.5,0,0,3,1,7,0.012894175624743204,0.005141413150472769
0.5263157894736842,1,7,0.0008914552473462314,0.1111111111111111,0.46875,0.6071428571428572,0.21052631578947367,0.125,0,1,0,0,4,0.0006094911045721912,0.0006596610558273536
0.26315789473684215,1,3,0.003737315482890362,0.1111111111111111,0.78125,0.6428571428571428,0.3157894736842105,0.75,0,0,1,1,3,0.0034561544866272627,0.0034543225358206996
0.08771929824561403,0,6,0.06139226263472839,0.2222222222222222,0.6875,0.49999999999999994,0.17543859649122803,0.75,1,1,0,1,2,0.040563438030492595,0.048988281170394825
0.0,0,0,0.08516835404998668,0.4444444444444445,0.475,0.6000000000000001,0.1894736842105263,0.8999999999999999,0,1,4,1,3,0.03362541079878314,0.0937334332374576
0.33333333333333337,0,1,0.009979477957326717,0.1111111111111111,0.75,0.49999999999999994,0.18421052631578946,0.875,1,1,3,0,1,0.009700078597474801,0.010447516448872832
0.12280701754385964,0,8,0.11373700529123736,0.5555555555555556,0.5208333333333334,0.46428571428571425,0.2982456140350877,0.8333333333333333,1,1,2,0,4,0.037452675011793564,0.13184353914625577
0.0,0,2,0.16323292409768314,0.6666666666666665,0.4821428571428571,0.5510204081632653,0.2857142857142857,0.6785714285714286,0,1,2,1,2,0.046167341897999,0.18878784733626125
0.15789473684210525,0,7,0.05368943335097672,0.2222222222222222,0.29166666666666663,0.4047619047619047,0.3157894736842105,0.33333333333333337,0,1,2,0,2,0.035426769268288534,0.058395903741333625
0.07017543859649122,0,5,0.11743618893398193,0.2222222222222222,0.5625,0.4523809523809524,0.12280701754385964,0.6666666666666666,0,1,2,0,6,0.07793659988154054,0.12407277077074516
0.6491228070175438,1,5,0.4402889958819589,1.0,0.58125,0.6499999999999999,0.2789473684210526,0.725,1,1,2,0,1,0.08757466216623495,0.40237277034420954
0.4736842105263158,0,1,0.1650091170661323,0.2222222222222222,0.5,0.4523809523809524,0.4561403508771929,0.75,0,1,0,0,2,0.10966083585525759,0.16569212752657198
0.2807017543859649,1,1,0.012084236988793783,0.0,0.625,0.2857142857142857,0.2631578947368421,1.0,0,0,3,2,5,0.02417529470100449,0.014513254120926643
0.5964912280701754,1,8,0.08584386058604095,0.1111111111111111,0.375,0.5357142857142856,0.4473684210526316,0.75,0,1,2,0,2,0.08558587134796941,0.079854958926988
0.29824561403508765,0,6,0.05769663532940674,0.2222222222222222,0.5625,0.42857142857142855,0.2631578947368421,0.41666666666666663,0,0,2,1,2,0.03809899118418416,0.06487706532108893
0.10526315789473684,1,6,0.01828965064319326,0.1111111111111111,0.625,0.5714285714285714,0.18421052631578946,0.875,0,0,2,0,1,0.01801259654475461,0.01885979441930254
0.6140350877192983,0,7,0.025339496861235863,0.0,0.1875,0.2857142857142857,0.736842105263158,0.75,1,1,4,1,5,0.050693296131450856,0.0300422791599902
0.4035087719298246,1,5,0.07484193561962363,0.1111111111111111,0.71875,0.35714285714285715,0.18421052631578946,0.5,1,0,2,0,3,0.07458084146531622,0.07936340030416732
0.07017543859649122,0,0,0.06146516755189833,0.2222222222222222,0.5208333333333334,0.3809523809523809,0.22807017543859648,0.9166666666666667,1,1,0,1,2,0.04061205502521528,0.050414568940717705
0.24561403508771928,0,8,0.10406594081819864,0.2222222222222222,0.5833333333333334,0.5238095238095237,0.2631578947368421,0.33333333333333337,1,1,4,1,0,0.0690205856081706,0.1156588340506241
0.10526315789473684,0,3,0.04144476602954882,0.1111111111111111,0.59375,0.5357142857142856,0.2368421052631579,0.625,1,0,3,0,3,0.04117424666879711,0.03867019459029594
0.0,1,6,0.022088609308080966,0.1111111111111111,0.5,0.5357142857142856,0.7894736842105263,0.625,0,1,0,0,3,0.021812627335517934,0.017351232664288497
0.49122807017543857,1,3,0.06099988007239913,0.1111111111111111,0.6875,0.5357142857142856,0.28947368421052627,0.875,0,1,2,1,2,0.06073487947234354,0.05618772875935476
0.6842105263157895,0,0,0.018878619635289695,0.0,0.6875,0.6428571428571428,0.0,1.0,1,0,0,0,0,0.03776789495725162,0.014588608749762444
0.0,1,6,0.0999492826768631,0.4444444444444445,0.6125,0.47142857142857136,0.21052631578947367,0.6,0,1,3,1,0,0.039539450813731884,0.08982176971530643
0.4035087719298246,0,6,0.023250148625268134,0.2222222222222222,0.4375,0.4761904761904761,0.1929824561403509,0.5,1,1,3,1,0,0.01512818582126851,0.01781634607774418
0.15789473684210525,0,6,0.005710292455407974,0.0,0.875,0.42857142857142855,0.42105263157894735,0.25,1,0,2,0,4,0.01142380797947177,0.0046692855954650735
0.19298245614035092,1,3,0.09279511722774804,0.3333333333333333,0.5625,0.44642857142857145,0.15789473684210525,0.875,1,1,4,2,1,0.045987329146342876,0.10664310294247978
0.15789473684210525,1,9,0.016665589886724726,0.4444444444444445,0.625,0.2571428571428571,0.5263157894736843,0.65,1,1,2,1,7,0.0062165721105645316,0.014141125475883438
0.10526315789473684,1,2,0.10200109179558883,0.4444444444444445,0.675,0.5142857142857142,0.2631578947368421,0.75,1,0,2,0,0,0.04036040608234176,0.07426378764591667
0.29824561403508765,0,4,0.046923896552466746,0.1111111111111111,0.5,0.3214285714285714,0.47368421052631576,0.5,1,0,3,0,6,0.04665492348851047,0.04202252771652252
0.12280701754385964,1,6,0.14423477201012294,0.4444444444444445,0.525,0.4428571428571428,0.28421052631578947,0.75,1,0,2,0,0,0.05725864577163569,0.16423370740508517
0.3508771929824561,1,9,0.02065323200932867,0.4444444444444445,0.6375,0.5857142857142856,0.3789473684210526,0.8,1,1,2,1,1,0.0078120791097319175,0.02126455493613103
0.2807017543859649,1,5,0.02085179418210858,0.1111111111111111,0.125,0.3214285714285714,0.5263157894736843,1.0,0,1,2,1,3,0.02057546316086751,0.01659261534115979
0.24561403508771928,0,1,0.22902813003629247,0.4444444444444445,0.6375,0.5571428571428572,0.3789473684210526,0.8,1,1,2,1,5,0.09118556098972344,0.25155507783564446
0.10526315789473684,1,4,0.0057632423681492845,0.0,0.4375,0.42857142857142855,0.10526315789473684,0.0,1,0,2,0,5,0.011529737691550464,0.004289052773358395
0.17543859649122806,1,1,0.012517715005787938,0.1111111111111111,0.625,0.5357142857142856,0.13157894736842105,0.75,1,1,2,1,0,0.01223903197634605,0.011679872683852262
0.45614035087719296,0,9,0.06380701574489364,0.2222222222222222,0.5416666666666666,0.5952380952380953,0.3684210526315789,0.5,0,1,0,1,0,0.04217372775813664,0.056477725598251774
0.4035087719298246,0,9,0.032341332524069,0.1111111111111111,0.59375,0.49999999999999994,0.21052631578947367,0.75,1,1,2,1,0,0.03206824403122633,0.03187808853268424
0.08771929824561403,0,0,0.01099421956866764,0.2222222222222222,0.5416666666666666,0.3095238095238095,0.3333333333333333,0.75,1,1,4,1,5,0.006955260572928225,0.00991415733383001
0.3157894736842105,1,3,0.01868776286025945,0.2222222222222222,0.47916666666666663,0.5238095238095237,0.24561403508771928,0.6666666666666666,1,0,2,1,0,0.01208573692659038,0.020322716861380187
0.45614035087719296,1,6,0.008461119452039529,0.0,0.375,0.49999999999999994,0.15789473684210525,1.0,1,0,2,1,7,0.016927014626007836,0.00658997555950812
0.0,0,3,0.06022123975108009,0.3333333333333333,0.640625,0.37499999999999994,0.21052631578947367,0.8125,1,1,2,1,1,0.029695793977777288,0.07059885129214231
0.4035087719298246,1,1,0.02225299112674056,0.4444444444444445,0.5625,0.4857142857142857,0.5368421052631578,0.7,0,1,2,1,7,0.008452163347568627,0.025285127223731687
0.15789473684210525,0,5,0.019011389565745516,0.2222222222222222,0.5,0.49999999999999994,0.22807017543859648,0.41666666666666663,1,1,0,1,0,0.012301548951944736,0.020812853698751157
0.4035087719298246,0,0,0.10770348127894588,0.2222222222222222,0.6041666666666666,0.6904761904761905,0.17543859649122803,0.8333333333333333,0,1,4,0,1,0.07144629696274878,0.10038677303517546
0.12280701754385964,1,8,0.009242328239275125,0.1111111111111111,0.59375,0.6071428571428572,0.4473684210526316,0.625,0,1,2,1,3,0.008962720844180753,0.007364753843915446
0.0,0,6,0.04850883759728312,0.2222222222222222,0.6875,0.4523809523809524,0.4912280701754386,0.5833333333333334,0,1,3,0,1,0.03197206406876682,0.03951061196963256
0.0,0,5,0.0780653603449015,0.1111111111111111,0.59375,0.42857142857142855,0.2368421052631579,0.75,1,1,3,1,2,0.07780517589174141,0.07637717693124672
0.29824561403508765,1,8,0.03681125351608166,0.2222222222222222,0.5833333333333334,0.6904761904761905,0.24561403508771928,0.9166666666666667,0,1,2,1,0,0.024171473853180758,0.027189845797889408
0.3508771929824561,0,5,0.09132615229777924,0.0,0.3125,0.5714285714285714,0.3684210526315789,0.75,1,0,1,2,6,0.18270385194820746,0.10776185852002562
0.10526315789473684,1,6,0.012203374292461731,0.1111111111111111,0.59375,0.42857142857142855,0.2631578947368421,0.75,0,1,2,0,0,0.011924602551127391,0.01239052844447667
0.42105263157894735,1,6,0.00570673611798505,0.0,0.625,0.2857142857142857,0.3157894736842105,0.75,0,0,2,1,0,0.01141669329731723,0.004433837924989444
0.0,1,6,0.04499557137203696,0.2222222222222222,0.5625,0.5238095238095237,0.3508771929824561,0.6666666666666666,1,1,2,0,0,0.02962922558595172,0.04879411267080975
0.2807017543859649,0,2,0.07142330748468749,0.3333333333333333,0.5625,0.5714285714285714,0.17105263157894735,0.6875,0,1,0,1,3,0.03529840854441705,0.06540303115179313
0.03508771929824561,0,2,0.012356494375948728,0.1111111111111111,0.3125,0.35714285714285715,0.34210526315789475,1.0,1,1,3,0,6,0.012077765847509832,0.011322957143121188
0.15789473684210525,0,4,0.007641383676055595,0.0,0.875,0.2857142857142857,0.21052631578947367,1.0,0,0,3,1,3,0.015287080389386552,0.007231106011640632
0.29824561403508765,1,1,0.3268313606527223,0.5555555555555556,0.71875,0.5119047619047619,0.3157894736842105,0.8333333333333333,0,1,2,0,1,0.10850417299165203,0.3536676140497047
0.10526315789473684,0,1,0.0036274641713822707,0.0,0.5,0.42857142857142855,0.2631578947368421,1.0,1,0,2,0,1,0.00725697579762998,0.0027416288827183397
0.21052631578947367,1,2,0.0028853750957988393,0.0,0.875,0.35714285714285715,0.15789473684210525,0.5,0,0,4,1,1,0.005772378788049468,0.003439630752840135
0.5087719298245613,0,5,0.04410075736156907,0.3333333333333333,0.46875,0.625,0.28947368421052627,0.75,0,1,2,1,0,0.02163327805620559,0.044705910788650174
0.17543859649122806,1,8,0.04461642628789303,0.1111111111111111,0.5,0.5714285714285714,0.42105263157894735,0.875,1,1,3,0,6,0.04434680201954205,0.038910334152755674
0.4736842105263158,1,5,0.034302850187112745,0.2222222222222222,0.5833333333333334,0.5238095238095237,0.2982456140350877,0.75,1,0,2,1,0,0.022498733026624654,0.03789186184226428
0.05263157894736842,1,7,0.035683301830110994,0.0,0.5625,0.49999999999999994,0.47368421052631576,0.5,1,0,2,1,5,0.07138674443804781,0.04285943802508314
0.4035087719298246,0,2,0.22674456626217282,0.1111111111111111,0.65625,0.6785714285714286,0.42105263157894735,1.0,1,0,0,0,2,0.22652634141897196,0.1682130479146436
0.5964912280701754,1,9,0.004326284474986797,0.0,0.625,0.5714285714285714,0.5789473684210527,0.75,1,1,4,0,4,0.008655010840996933,0.005153308755402194
0.0,0,7,0.09226186418861075,0.4444444444444445,0.6125,0.5285714285714285,0.2421052631578947,0.7,1,1,2,0,6,0.03646361561427671,0.1057361460040957
0.12280701754385964,1,6,0.0008598433591424644,0.0,0.5,0.35714285714285715,0.21052631578947367,0.75,1,0,4,1,1,0.001720172040919699,0.0008380477369204034
0.4035087719298246,1,6,0.0032030745722466986,0.0,0.5,0.49999999999999994,0.2631578947368421,1.0,1,0,1,0,4,0.006407957060521637,0.002921437349261122
0.24561403508771928,1,6,0.005464905173226232,0.0,0.75,0.5714285714285714,0.2631578947368421,0.75,1,0,2,0,5,0.010932894910808564,0.005815955560673984
0.36842105263157887,0,0,0.015317145280532787,0.0,0.5625,0.6428571428571428,0.21052631578947367,0.75,1,0,2,1,6,0.030642936039600315,0.012751898912950237
0.15789473684210525,0,6,0.061344844802422735,0.4444444444444445,0.525,0.5428571428571427,0.2421052631578947,0.8,0,1,2,1,7,0.024093317752179412,0.051399866257382035
0.3157894736842105,1,6,0.015616272772660936,0.1111111111111111,0.5,0.39285714285714285,0.28947368421052627,0.625,0,1,2,1,5,0.015338464204947114,0.016964175272023103
0.26315789473684215,1,1,0.1157097846894537,0.4444444444444445,0.5125,0.5428571428571427,0.29473684210526313,0.6,1,1,3,1,4,0.045845430763371796,0.13861351274369996
0.543859649122807,1,3,0.3470637594003383,0.4444444444444445,0.475,0.42857142857142855,0.3578947368421052,0.8999999999999999,0,1,2,0,1,0.13841313733965038,0.3721619148227295
0.3508771929824561,0,1,0.015985341567439915,0.1111111111111111,0.625,0.5714285714285714,0.42105263157894735,0.25,1,1,3,1,4,0.01570763715674376,0.01865600517150761
0.36842105263157887,1,2,0.009031516459816251,0.1111111111111111,0.625,0.5357142857142856,0.2631578947368421,0.5,1,0,1,0,4,0.008751849570322604,0.010471971158608224
0.21052631578947367,0,6,0.0060544668882264886,0.0,0.3125,0.49999999999999994,0.10526315789473684,1.0,0,0,3,2,0,0.012112351107983286,0.007280441966746335
0.19298245614035092,0,6,0.00885686077749044,0.0,0.3125,0.42857142857142855,0.47368421052631576,0.25,0,0,3,1,0,0.01771872064576017,0.006596610558273536
0.19298245614035092,1,7,0.03969998737500215,0.1111111111111111,0.5625,0.49999999999999994,0.34210526315789475,0.875,0,1,2,1,4,0.03942897561027668,0.034107495510712446
0.36842105263157887,0,1,0.05471919060921444,0.3333333333333333,0.578125,0.48214285714285715,0.47368421052631576,0.25,0,1,0,0,3,0.026943993024449404,0.04304422274069998
0.19298245614035092,0,1,0.013046621410297218,0.1111111111111111,0.4375,0.39285714285714285,0.5263157894736843,0.625,0,0,2,0,1,0.012768087646559982,0.015192772780201922
0.3508771929824561,0,6,0.007942882059799023,0.0,0.625,0.5714285714285714,0.2631578947368421,1.0,0,1,2,0,7,0.015890247332043597,0.008345217090050677
0.719298245614035,1,9,0.02608415440273585,0.1111111111111111,0.3125,0.5357142857142856,0.21052631578947367,0.375,1,0,0,0,0,0.02580930003583033,0.025975972773756496
0.4736842105263158,1,2,0.14165543950699683,0.4444444444444445,0.5625,0.5142857142857142,0.39999999999999997,0.55,1,1,2,1,1,0.056226621599107816,0.1689438456358059
0.22807017543859642,1,6,0.06949853864168064,0.2222222222222222,0.47916666666666663,0.4761904761904761,0.3508771929824561,1.0,1,0,2,1,0,0.04596914718083684,0.07906449360978532
0.543859649122807,1,6,0.009058781713392002,0.1111111111111111,0.5,0.49999999999999994,0.21052631578947367,0.375,0,1,3,1,1,0.008779122518581673,0.00874412269439717
0.21052631578947367,1,4,0.022247854194907442,0.1111111111111111,0.59375,0.6428571428571428,0.15789473684210525,0.25,1,1,3,0,5,0.021971917163755673,0.025483655865362605
0.0,1,2,0.11733404302022352,0.3333333333333333,0.453125,0.49999999999999994,0.40789473684210525,0.75,0,0,2,1,7,0.05826025467795292,0.12169734642702948
0.07017543859649122,0,7,0.20577244933058864,0.1111111111111111,0.71875,0.3214285714285714,0.2368421052631579,0.875,0,0,1,1,3,0.20554830582619343,0.19788490457213026
0.0,1,0,0.16198820599965977,0.6666666666666665,0.5267857142857143,0.45918367346938777,0.18796992481203006,0.8214285714285714,0,1,2,1,0,0.04581160779027203,0.18146797451970903
0.21052631578947367,1,0,0.006869263306678585,0.1111111111111111,0.625,0.49999999999999994,0.2368421052631579,1.0,1,1,2,1,4,0.00658898619534269,0.006567558742250677
0.29824561403508765,1,0,0.004976501500478032,0.0,0.625,0.49999999999999994,0.42105263157894735,1.0,0,0,2,1,3,0.009955811894918516,0.004244693067326754
0.6491228070175438,0,7,0.027747137296555275,0.2222222222222222,0.6041666666666666,0.4523809523809524,0.2631578947368421,0.5833333333333334,1,1,2,1,6,0.018127024349406783,0.024623617846819684
0.3508771929824561,0,7,0.018803343826504476,0.1111111111111111,0.5625,0.46428571428571425,0.42105263157894735,0.625,1,0,2,0,0,0.01852643470036022,0.01753781830814167
0.24561403508771928,0,6,0.11437497271004964,0.0,0.375,0.35714285714285715,0.47368421052631576,0.75,0,0,3,0,2,0.2288145022518957,0.0896385489636843
0.45614035087719296,1,8,0.26739330543189055,0.4444444444444445,0.5375,0.5285714285714285,0.17894736842105263,0.5,1,1,3,1,2,0.10653596205028537,0.22847490288020555
0.0,0,3,0.06013766582164139,0.3333333333333333,0.375,0.5714285714285714,0.34210526315789475,0.875,1,1,4,1,6,0.02965399522011937,0.06932526327912067
0.33333333333333337,1,6,0.10051414760420413,0.8888888888888888,0.45833333333333337,0.48412698412698413,0.28654970760233917,0.6388888888888888,0,1,4,0,4,0.021841064105240553,0.07693001450695089
0.45614035087719296,1,8,0.15826768433237767,0.5555555555555556,0.46875,0.42857142857142855,0.2631578947368421,0.7916666666666667,1,0,0,1,0,0.052300423778137324,0.14470993918075772
0.0,1,8,0.0024532800989135978,0.0,0.75,0.49999999999999994,0.21052631578947367,1.0,0,0,2,1,1,0.004907944906272955,0.0027402070972686082
0.5263157894736842,1,4,0.07873256876030227,0.3333333333333333,0.53125,0.49999999999999994,0.18421052631578946,0.625,0,1,3,0,3,0.038954070576461185,0.06268467215760208
0.36842105263157887,1,9,0.025324481214339074,0.2222222222222222,0.5416666666666666,0.4761904761904761,0.2982456140350877,0.75,1,1,2,1,2,0.016511464486833455,0.022229094185229264
0.21052631578947367,0,4,0.08811892866520582,0.1111111111111111,0.375,0.46428571428571425,0.18421052631578946,0.875,1,0,2,0,2,0.08786158148712273,0.08244834298014762
0.42105263157894735,0,6,0.19807633757308024,0.3333333333333333,0.53125,0.39285714285714285,0.22368421052631576,0.8125,0,1,3,1,2,0.09864279532699768,0.16580681821951707
0.7719298245614034,1,5,0.015909275461449598,0.1111111111111111,0.6875,0.35714285714285715,0.3684210526315789,0.625,0,0,2,1,1,0.015631549583702158,0.016374181703232623
0.33333333333333337,0,5,0.3384404314469531,1.0,0.525,0.6000000000000001,0.2789473684210526,0.7,1,1,2,1,5,0.06719920062593392,0.30218940741404243
0.33333333333333337,1,6,0.040026182546404776,0.2222222222222222,0.5625,0.4761904761904761,0.3157894736842105,0.75,1,1,1,0,0,0.026315364742415238,0.04590897824336512
0.19298245614035092,1,6,0.029295724669937313,0.0,0.5625,0.42857142857142855,0.47368421052631576,1.0,0,0,2,0,5,0.058607984768256016,0.023481592380746562
0.10526315789473684,0,4,0.10649669744676706,0.2222222222222222,0.7291666666666667,0.42857142857142855,0.3684210526315789,0.5833333333333334,1,1,0,0,6,0.07064154735904644,0.11046926976625375
0.45614035087719296,0,1,0.019767901565321915,0.2222222222222222,0.5416666666666666,0.42857142857142855,0.12280701754385964,1.0,0,0,3,1,7,0.012806032618050855,0.01658162020034853
0.10526315789473684,1,9,9.779927913040442e-05,0.0,0.375,0.42857142857142855,0.42105263157894735,1.0,0,1,0,0,4,0.000195653759249828,0.00011919301353587142
0.29824561403508765,1,6,0.2710185962859588,0.6666666666666665,0.4196428571428571,0.49999999999999994,0.3609022556390977,0.7142857142857143,1,1,2,1,2,0.07697193932655523,0.27348763496890793
0.19298245614035092,0,6,0.014786460707312047,0.2222222222222222,0.6041666666666666,0.4761904761904761,0.21052631578947367,0.9166666666666667,1,1,2,1,3,0.009484134818747212,0.012504982173180102
0.38596491228070173,0,7,0.03872752666413377,1.0,0.53125,0.5714285714285714,0.2368421052631579,0.675,1,1,3,1,4,0.0072397029303992375,0.03804195499290766
0.36842105263157887,0,6,0.0075908046549295685,0.0,0.6875,0.14285714285714285,0.05263157894736842,0.75,1,0,2,0,7,0.015185893798744219,0.008992792969555309
0.5087719298245613,1,2,0.10289985729208218,0.4444444444444445,0.475,0.4428571428571428,0.1894736842105263,0.4,1,1,2,1,0,0.040720013739241744,0.09885470442739251
0.17543859649122806,1,3,0.05851103659925629,0.2222222222222222,0.5,0.49999999999999994,0.12280701754385964,0.5833333333333334,1,1,4,1,0,0.038642078588647315,0.06379702970062413
0.22807017543859642,1,6,0.09463552184411111,0.6666666666666665,0.6517857142857142,0.45918367346938777,0.3082706766917293,0.8571428571428572,0,1,2,1,4,0.026562552892509323,0.09805130086259724
0.08771929824561403,1,6,0.14590842391621112,0.8888888888888888,0.45833333333333337,0.5317460317460316,0.21052631578947367,0.8611111111111112,0,1,3,1,2,0.03193152794760238,0.14480088605669228
0.19298245614035092,0,1,0.003366666093701193,0.0,0.6875,0.49999999999999994,0.2631578947368421,0.75,0,0,2,1,1,0.006735232439630439,0.0025071764620575223
0.36842105263157887,1,6,0.4578721208237979,0.3333333333333333,0.625,0.44642857142857145,0.15789473684210525,0.9375,1,1,2,1,2,0.22857734618007772,0.44163561250280214
0.45614035087719296,1,5,0.03932064471655695,0.2222222222222222,0.5416666666666666,0.49999999999999994,0.24561403508771928,0.75,1,1,2,0,0,0.025844873446603023,0.04522566815622389
0.08771929824561403,0,7,0.3254445866320833,0.5555555555555556,0.46875,0.49999999999999994,0.3508771929824561,0.5,1,1,2,1,1,0.1080417845282936,0.32481086699054945
0.4736842105263158,0,6,0.18948521423080278,0.5555555555555556,0.42708333333333337,0.4404761904761904,0.21052631578947367,0.7083333333333334,1,1,0,0,6,0.06270920377022818,0.20996221368203097
0.5789473684210525,1,7,0.010980784516181038,0.1111111111111111,0.59375,0.46428571428571425,0.3684210526315789,0.75,1,1,2,0,0,0.01070166774078604,0.009014641072632858
0.36842105263157887,0,6,0.19572026403039328,0.4444444444444445,0.5125,0.39999999999999997,0.42105263157894735,0.6,0,1,3,0,2,0.07785865458593637,0.20437232200786437
0.6842105263157895,0,6,0.13330812285249083,0.2222222222222222,0.625,0.6190476190476191,0.4912280701754386,0.9166666666666667,1,0,0,1,7,0.08852087536677666,0.11628423007711292
0.12280701754385964,0,6,0.0014407118048866843,0.0,0.4375,0.5714285714285714,0.3157894736842105,0.5,1,1,2,0,4,0.0028822367928277677,0.0016845787936908747
0.03508771929824561,1,9,0.24459836799675663,0.8888888888888888,0.3402777777777778,0.42063492063492064,0.2631578947368421,0.8055555555555556,0,1,2,1,5,0.053868815933093527,0.21260744551125746
0.0,0,8,0.04335926100888946,0.3333333333333333,0.5,0.48214285714285715,0.3026315789473684,0.75,0,1,3,0,0,0.021262425248900232,0.0411784136950166
0.5964912280701754,0,5,0.014497804653151399,0.1111111111111111,0.3125,0.5714285714285714,0.28947368421052627,0.5,0,1,0,0,0,0.014219680436145824,0.012554412913982455
0.42105263157894735,1,1,0.01835326956820334,0.1111111111111111,0.6875,0.42857142857142855,0.28947368421052627,0.875,0,0,2,1,0,0.018076233424025766,0.016306362537280402
0.2807017543859649,1,1,0.1612808900011005,0.5555555555555556,0.53125,0.5119047619047619,0.22807017543859648,0.8333333333333333,0,1,3,1,5,0.05330510912571952,0.13533354849686471
0.3508771929824561,0,3,0.3102843153467617,0.8888888888888888,0.5486111111111112,0.5317460317460316,0.34502923976608185,0.75,0,1,2,0,5,0.06846981259026891,0.25547465596346586
0.05263157894736842,1,0,0.01308297508173155,0.0,0.75,0.5714285714285714,0.21052631578947367,0.75,1,0,3,1,6,0.02617333460607092,0.013623642965029291
0.8070175438596491,0,4,0.08781486181554582,0.2222222222222222,0.41666666666666663,0.49999999999999994,0.12280701754385964,1.0,1,1,3,1,1,0.05818347539970185,0.08262436001882445
0.3157894736842105,1,6,0.0016264316480838158,0.0,0.75,0.5714285714285714,0.21052631578947367,0.75,0,0,4,1,7,0.0032537813053425922,0.0013833024568926501
0.3157894736842105,1,6,0.035899250541402986,0.4444444444444445,0.38749999999999996,0.47142857142857136,0.2631578947368421,0.55,1,1,2,1,0,0.013912207589033823,0.030791939234785595
0.4385964912280701,1,2,0.019733918785502867,0.2222222222222222,0.5416666666666666,0.4761904761904761,0.1929824561403509,0.6666666666666666,1,0,0,1,3,0.012783371037854917,0.015869305690032764
0.38596491228070173,0,5,0.1860541389148864,0.2222222222222222,0.47916666666666663,0.2619047619047619,0.21052631578947367,0.8333333333333333,1,1,2,0,0,0.12369480991183263,0.1814412923461024
0.33333333333333337,1,5,0.011991377067195219,0.1111111111111111,0.5,0.35714285714285715,0.21052631578947367,0.375,0,0,2,0,2,0.011712545496910153,0.01197731019993621
0.12280701754385964,0,2,0.023798614885603496,0.2222222222222222,0.5416666666666666,0.5476190476190474,0.3508771929824561,0.9166666666666667,0,0,2,0,0,0.01549393318536112,0.026631036723296385
0.38596491228070173,0,8,0.10688769698898742,0.2222222222222222,0.5416666666666666,0.5714285714285714,0.21052631578947367,0.75,0,0,3,1,1,0.07090228728467299,0.08796889891721561
0.6842105263157895,0,7,0.11316996704658229,0.5555555555555556,0.6458333333333333,0.4761904761904761,0.18421052631578946,0.6666666666666666,0,1,2,0,6,0.037263608921205345,0.12337064572281914
0.5789473684210525,0,8,0.0012502501784589877,0.0,0.4375,0.35714285714285715,0.15789473684210525,0.75,1,0,2,0,7,0.0025012060374402243,0.001350411820155515
0.631578947368421,0,4,0.28385045443077167,0.4444444444444445,0.525,0.38571428571428573,0.3052631578947368,0.75,1,1,2,1,5,0.11312067943633534,0.2443504644262172
0.17543859649122806,1,5,0.6079959900319815,0.8888888888888888,0.4652777777777778,0.5714285714285714,0.1929824561403509,0.75,1,1,2,0,5,0.13464663339059554,0.6979282216354987
0.08771929824561403,0,1,0.02061411229767651,0.1111111111111111,0.4375,0.49999999999999994,0.3684210526315789,0.75,1,0,2,0,4,0.02033771419886999,0.020676125331335254
0.26315789473684215,0,6,0.02527232159880286,0.2222222222222222,0.5,0.4761904761904761,0.3684210526315789,0.9166666666666667,1,1,0,1,1,0.016476681596300155,0.024519306187657672
0.29824561403508765,1,3,0.05060984271702599,0.4444444444444445,0.4625,0.49999999999999994,0.2526315789473684,0.75,0,1,3,1,0,0.019798105083460162,0.0384172589587886
0.5263157894736842,1,7,0.0017880474265255751,0.0,0.5625,0.14285714285714285,0.15789473684210525,1.0,0,1,0,0,1,0.003577104083254429,0.0016392238378444219
0.0,0,9,0.2738482554287985,0.2222222222222222,0.5208333333333334,0.6666666666666667,0.1929824561403509,1.0,1,0,2,1,2,0.18224073884129627,0.30687565964920765
0.6140350877192983,1,6,0.009278286762106909,0.2222222222222222,0.5416666666666666,0.4523809523809524,0.08771929824561403,0.9166666666666667,1,1,3,1,4,0.0058109825264065045,0.00778854069363225
0.26315789473684215,0,1,0.14972378124810454,0.6666666666666665,0.5803571428571429,0.5306122448979591,0.15789473684210525,0.75,1,1,4,1,3,0.04230649751453378,0.11228029267927411
0.19298245614035092,1,0,0.0022649917897999104,0.1111111111111111,0.375,0.46428571428571425,0.3157894736842105,0.75,0,1,3,1,0,0.001983415280637649,0.0017135832168654087
0.07017543859649122,1,6,0.2910441347401414,0.5555555555555556,0.48958333333333337,0.39285714285714285,0.2368421052631579,0.5833333333333334,1,1,2,0,1,0.09657173111481733,0.2952639378812459
0.0,0,1,0.14416996763930523,0.4444444444444445,0.48750000000000004,0.4428571428571428,0.1894736842105263,0.65,1,1,3,1,1,0.05723271670778359,0.15363225898485466
0.45614035087719296,1,1,0.03287122680008465,0.1111111111111111,0.34375,0.5714285714285714,0.47368421052631576,0.625,1,0,3,0,5,0.0325982878517395,0.024531438756828717
0.29824561403508765,1,2,0.3079434550252727,0.2222222222222222,0.5208333333333334,0.3809523809523809,0.5964912280701755,0.5833333333333334,0,1,1,1,1,0.20497728670660503,0.27780033677358024
0.017543859649122806,0,6,0.09787830885091378,0.1111111111111111,0.25,0.46428571428571425,0.2368421052631579,0.625,1,0,2,0,2,0.09762371592338988,0.09580070928136802
0.017543859649122806,1,9,0.11081685711841437,0.4444444444444445,0.4375,0.5428571428571427,0.45263157894736833,0.8,1,1,2,1,5,0.04388770739051442,0.0939620089449262
0.21052631578947367,0,7,0.22537675937445606,0.8888888888888888,0.6111111111111112,0.49999999999999994,0.30409356725146197,0.6666666666666666,1,1,3,1,3,0.04959614187475519,0.20328759449541547
0.6491228070175438,0,8,0.028453070275005647,0.1111111111111111,0.34375,0.6785714285714286,0.10526315789473684,0.625,1,0,2,1,4,0.028178884453411577,0.025570621742037884
0.22807017543859642,0,7,0.026838690659299516,0.3333333333333333,0.53125,0.49999999999999994,0.15789473684210525,0.5,1,1,2,2,5,0.012999808891732125,0.025901660787583835
0.0,1,1,0.20500842950756384,0.2222222222222222,0.5625,0.4047619047619047,0.5438596491228069,0.8333333333333333,1,1,0,1,0,0.1363345697728644,0.19061616863892003
0.24561403508771928,1,6,0.047455766571495125,0.3333333333333333,0.453125,0.33928571428571425,0.2763157894736842,0.625,0,1,2,0,1,0.023311256079347673,0.040711831103262854
0.22807017543859642,0,6,0.1430319396639696,0.7777777777777777,0.515625,0.46428571428571425,0.36184210526315785,0.75,1,1,3,1,5,0.03527419886208564,0.1100743451611665
0.0,0,3,0.08725987560326844,0.2222222222222222,0.5833333333333334,0.4523809523809524,0.3684210526315789,0.75,1,0,0,1,4,0.05781338017429258,0.07397876705609371
0.2807017543859649,0,6,0.099468189253262,0.3333333333333333,0.546875,0.5178571428571428,0.35526315789473684,0.8125,0,0,2,0,1,0.04932480678203123,0.0950567837412199
0.24561403508771928,0,1,0.20498215212549445,0.4444444444444445,0.6625000000000001,0.5428571428571427,0.17894736842105263,0.75,1,0,2,1,5,0.08156445536416401,0.14764843795541566
0.4385964912280701,1,3,0.05838518176934505,0.3333333333333333,0.625,0.48214285714285715,0.28947368421052627,0.6875,1,1,3,0,4,0.02877750590469211,0.04285849016811665
0.6842105263157895,1,1,0.018443363449584076,0.2222222222222222,0.5833333333333334,0.35714285714285715,0.42105263157894735,0.5,0,1,0,1,4,0.01192275800390214,0.01662929740576288
0.5263157894736842,1,6,0.22282706301652097,0.2222222222222222,0.5208333333333334,0.5714285714285714,0.2807017543859649,0.5,0,1,4,1,2,0.1482170112445575,0.19071531447761472
0.22807017543859642,1,0,0.019293525667964138,0.2222222222222222,0.5416666666666666,0.35714285714285715,0.3859649122807018,0.75,0,1,1,1,7,0.012489692768920327,0.020607216129871573
0.05263157894736842,1,8,0.07282213353770418,0.3333333333333333,0.4375,0.44642857142857145,0.3026315789473684,0.75,1,1,2,0,1,0.03599801895628007,0.059223003730291095
0.8245614035087719,0,6,0.10982088506569446,0.1111111111111111,0.40625,0.25,0.3947368421052631,0.625,0,1,2,0,0,0.10956966252098091,0.10786697585760915
0.29824561403508765,1,6,0.03138270201428976,0.1111111111111111,0.375,0.49999999999999994,0.13157894736842105,0.625,1,1,2,0,6,0.031109342980842333,0.029240344773492993
0.29824561403508765,1,4,0.014924960292504803,0.3333333333333333,0.53125,0.46428571428571425,0.22368421052631576,0.6875,0,1,2,0,4,0.007041262587305549,0.01381676882195123
0.2807017543859649,1,6,0.049430719287025485,0.1111111111111111,0.40625,0.5357142857142856,0.34210526315789475,0.875,1,1,0,1,4,0.04916245368786585,0.049853579795101764
0.33333333333333337,0,4,0.0019050114128795132,0.0,0.3125,0.42857142857142855,0.3684210526315789,1.0,0,0,3,1,1,0.00381109807411483,0.002149170885814989
0.26315789473684215,0,6,0.0021215528470753175,0.0,0.5625,0.35714285714285715,0.21052631578947367,0.25,1,1,3,1,0,0.004244303165302327,0.0021894548068907304
0.17543859649122806,0,9,0.005408596497363272,0.2222222222222222,0.5625,0.5476190476190474,0.15789473684210525,0.5,1,1,0,0,1,0.0032304609582804915,0.004675209701505624
0.17543859649122806,0,1,0.024316654703542724,0.1111111111111111,0.46875,0.46428571428571425,0.28947368421052627,0.875,0,0,2,0,0,0.024041301520427338,0.028848263739305217
0.2807017543859649,1,8,0.017086423148437377,0.1111111111111111,0.5625,0.6071428571428572,0.21052631578947367,0.75,0,0,0,0,0,0.016809029480278397,0.01845122067389787
0.17543859649122806,0,1,0.006703103319307534,0.2222222222222222,0.75,0.49999999999999994,0.5087719298245614,0.5,0,0,2,1,1,0.004093709059697914,0.007762048091418909
0.14035087719298245,1,2,0.4937454891317341,0.4444444444444445,0.5625,0.42857142857142855,0.3052631578947368,0.55,1,1,4,1,1,0.19710238758851603,0.50485553948938
0.3157894736842105,1,6,0.046665864515003506,0.2222222222222222,0.5208333333333334,0.5714285714285714,0.2982456140350877,0.75,0,1,2,1,0,0.0307430686032568,0.033693234623508844
0.22807017543859642,0,6,0.10889050768099731,0.1111111111111111,0.53125,0.46428571428571425,0.2368421052631579,0.75,0,1,0,0,2,0.10863902256915518,0.0899574554400592
0.6140350877192983,0,0,0.03748419158621936,0.2222222222222222,0.5625,0.7857142857142856,0.5087719298245614,0.5833333333333334,0,1,2,1,0,0.024620225842409655,0.03692869698576745
0.0,1,3,0.3676911091762002,0.2222222222222222,0.5625,0.5476190476190474,0.2807017543859649,0.5,1,1,0,0,2,0.24482029729226398,0.3356423129036982
0.5263157894736842,1,8,0.006887637716697024,0.3333333333333333,0.5,0.48214285714285715,0.4473684210526316,0.9375,1,1,2,1,0,0.0030214671699909028,0.006409787950178743
0.543859649122807,0,7,0.036116977421406425,0.1111111111111111,0.4375,0.6071428571428572,0.28947368421052627,0.625,1,0,3,0,0,0.035844954474927554,0.04194831051604651
0.0,1,9,0.02908886437650391,0.1111111111111111,0.625,0.49999999999999994,0.21052631578947367,0.75,0,0,0,1,6,0.02881485798600344,0.023613202320543425
0.21052631578947367,1,7,0.022811138527838316,0.0,0.75,0.9285714285714286,0.15789473684210525,0.75,1,0,3,0,3,0.045635152379693185,0.01826103317357204
0.21052631578947367,1,4,0.15982358195490684,0.4444444444444445,0.48750000000000004,0.35714285714285715,0.21052631578947367,0.8,1,1,0,1,0,0.06349592951247233,0.1829742614180035
0.0,1,8,0.36291000865968165,0.3333333333333333,0.484375,0.41071428571428564,0.21052631578947367,0.875,1,1,3,0,2,0.18108289019733165,0.3360751043945967
0.12280701754385964,0,1,0.4012769622239912,0.8888888888888888,0.5902777777777778,0.5873015873015872,0.27485380116959063,0.6388888888888888,1,1,3,0,2,0.08869610735317551,0.31034685403903184
0.05263157894736842,1,9,0.041208467165225665,0.1111111111111111,0.5625,0.6071428571428572,0.763157894736842,1.0,1,0,2,0,3,0.04093788111721853,0.044466529511763615
0.6666666666666666,1,5,0.002527568036192451,0.0,0.5625,0.42857142857142855,0.6842105263157894,1.0,0,0,4,1,1,0.005056562711278885,0.0023376996364494603
0.49122807017543857,0,6,0.1783477532937118,0.7777777777777777,0.4296875,0.37499999999999994,0.2631578947368421,0.71875,0,1,2,0,5,0.044105643939012146,0.1287328621536353
0.5614035087719298,0,2,0.02633724708266726,0.2222222222222222,0.5416666666666666,0.4047619047619047,0.17543859649122803,0.75,1,1,0,0,3,0.01718683227802175,0.0263958734099107
0.4385964912280701,1,6,0.07498912847407242,0.4444444444444445,0.5375,0.42857142857142855,0.1263157894736842,0.95,0,1,4,1,0,0.029552571473405214,0.06367764711569496
0.05263157894736842,1,5,0.0024056646923066743,0.1111111111111111,0.46875,0.49999999999999994,0.15789473684210525,0.5,0,1,2,1,1,0.002124127883249647,0.0028240924388027995
0.17543859649122806,1,6,0.2831599322478206,0.6666666666666665,0.6517857142857142,0.489795918367347,0.2706766917293233,0.75,1,1,3,1,0,0.0804418714516405,0.33620396554919074
0.38596491228070173,0,6,0.03842326224017251,0.5555555555555556,0.42708333333333337,0.6190476190476191,0.32456140350877194,0.8333333333333333,1,1,1,0,4,0.01234100908722778,0.0317327346668733
0.03508771929824561,0,7,0.012993276348953359,0.0,0.8125,0.6428571428571428,0.15789473684210525,1.0,1,1,2,1,7,0.02599388651172865,0.015650872052105594
0.4385964912280701,0,3,0.04897827413710907,0.3333333333333333,0.46875,0.5535714285714286,0.3157894736842105,0.75,1,1,0,1,3,0.02407272469994322,0.056010384720924844
0.24561403508771928,0,9,0.1701021874043617,1.0,0.50625,0.4857142857142857,0.3105263157894737,0.7,0,1,2,0,3,0.03352205027748248,0.12613322224449686
0.21052631578947367,0,4,0.07080173873288093,0.1111111111111111,0.40625,0.35714285714285715,0.42105263157894735,0.75,0,1,2,0,1,0.0705395043714781,0.07985410585571816
0.4385964912280701,0,7,0.009095728107730154,0.1111111111111111,0.59375,0.49999999999999994,0.2631578947368421,0.5,0,1,2,0,0,0.008816079339773306,0.006779262595715782
0.38596491228070173,0,6,0.02956501844257315,0.1111111111111111,0.65625,0.42857142857142855,0.47368421052631576,0.625,1,0,2,1,1,0.029291146430237867,0.028729876404190856
0.21052631578947367,1,0,0.020059126085399122,0.2222222222222222,0.45833333333333337,0.5238095238095237,0.2982456140350877,0.8333333333333333,0,1,3,0,1,0.01300023709019513,0.016667069505877426
0.5263157894736842,2,3,0.35766658427818304,0.8888888888888888,0.5972222222222222,0.5396825396825395,0.3684210526315789,0.6388888888888888,1,1,3,1,6,0.07900217724645155,0.2995971133963943
0.07017543859649122,1,7,0.012701261531671061,0.1111111111111111,0.84375,0.49999999999999994,0.3684210526315789,0.75,0,1,1,0,1,0.012422630301945133,0.010673438156835257
0.42105263157894735,1,1,0.03163480682271481,0.4444444444444445,0.5125,0.4428571428571428,0.2210526315789474,0.8999999999999999,1,1,2,1,3,0.012205948704327447,0.027845715425850813
0.42105263157894735,0,7,0.004083268084420337,0.0,0.5,0.35714285714285715,0.15789473684210525,0.75,1,0,2,2,0,0.008168840893770088,0.004041946462194962
0.22807017543859642,1,1,0.02016937254550976,0.3333333333333333,0.515625,0.41071428571428564,0.2368421052631579,0.75,0,1,3,1,0,0.009664208741612335,0.0148340089183862
0.3508771929824561,0,0,0.10978571684006776,0.3333333333333333,0.625,0.5535714285714286,0.21052631578947367,0.6875,0,1,2,0,4,0.054485026459700554,0.08289625278966155
0.017543859649122806,0,3,0.023652805051263617,0.2222222222222222,0.5208333333333334,0.4761904761904761,0.3157894736842105,0.6666666666666666,1,0,2,1,1,0.015396699195915749,0.02304785303288163
0.49122807017543857,1,9,0.017654054115996267,0.2222222222222222,0.6666666666666667,0.35714285714285715,0.2807017543859649,0.9166666666666667,0,0,2,1,0,0.011396403277839471,0.017084126571132164
0.24561403508771928,0,3,0.0490646141067656,0.1111111111111111,0.40625,0.42857142857142855,0.07894736842105263,0.5,0,1,2,0,3,0.04879624518696692,0.05609668709772358
0.17543859649122806,1,6,0.032081522317894295,0.2222222222222222,0.45833333333333337,0.4523809523809524,0.15789473684210525,0.6666666666666666,0,1,0,1,2,0.02101742985137495,0.03163804375592114
0.5087719298245613,1,9,0.02694814682220506,0.1111111111111111,0.40625,0.7857142857142856,0.2631578947368421,0.75,1,1,2,0,6,0.02667353628754699,0.03214244584063776
0.14035087719298245,0,3,0.20005781024055264,0.6666666666666665,0.3928571428571429,0.49999999999999994,0.3082706766917293,0.6071428571428571,1,1,2,1,1,0.056691707242235406,0.16091999945024296
0.0,0,6,0.2945530543307595,1.0,0.48124999999999996,0.5571428571428572,0.2210526315789474,0.75,1,1,4,0,0,0.058419248061100874,0.2748029760813034
0.0,0,2,0.008618586170154544,0.1111111111111111,0.59375,0.42857142857142855,0.07894736842105263,0.75,1,0,2,1,1,0.008338802745239635,0.006323580359076655
0.42105263157894735,1,1,0.1049803146844926,0.1111111111111111,0.5625,0.49999999999999994,0.34210526315789475,1.0,1,0,2,0,2,0.10472772605469727,0.1047120339446537
0.017543859649122806,0,5,0.16655039419036718,0.2222222222222222,0.5,0.5714285714285714,0.22807017543859648,0.6666666666666666,1,0,0,1,2,0.11068864391984203,0.1879799888437235
0.6666666666666666,1,7,0.01626708252105599,0.3333333333333333,0.78125,0.46428571428571425,0.42105263157894735,0.4375,0,1,0,0,0,0.007712513085580337,0.0179276718784582
0.0,0,0,0.05208335185592408,0.2222222222222222,0.47916666666666663,0.5952380952380953,0.2807017543859649,0.5833333333333334,1,1,4,1,3,0.03435574609728392,0.057430084885330634
0.6491228070175438,1,6,0.048987164980666374,0.2222222222222222,0.5833333333333334,0.5952380952380953,0.22807017543859648,0.6666666666666666,1,1,2,1,5,0.032291038985361994,0.035426391086732234
0.33333333333333337,0,1,0.050920429518628,0.3333333333333333,0.59375,0.75,0.3289473684210526,0.6875,1,1,2,1,0,0.025044076444097667,0.0601383492028286
0.26315789473684215,1,4,0.027189780192662605,0.2222222222222222,0.47916666666666663,0.4761904761904761,0.3333333333333333,1.0,1,1,0,1,3,0.017755348083518727,0.029770338996304782
0.17543859649122806,1,5,0.023220314905775828,0.0,0.75,0.5714285714285714,0.10526315789473684,0.75,1,0,2,1,0,0.04645373608758489,0.01806534810284059
0.36842105263157887,0,6,0.15130081932086997,0.0,0.8125,0.42857142857142855,0.42105263157894735,1.0,1,0,2,0,2,0.30268703758271553,0.12509527147334412
0.2807017543859649,0,1,0.08628188281196437,0.1111111111111111,0.65625,0.6071428571428572,0.2368421052631579,0.625,1,0,2,1,2,0.0860240171906531,0.09449664766687378
0.5263157894736842,0,1,0.4020141119420428,0.6666666666666665,0.5535714285714286,0.489795918367347,0.2631578947368421,0.8214285714285714,0,1,2,1,2,0.11440979208386019,0.3037523761589329
0.3157894736842105,0,2,0.08094065915133539,0.6666666666666665,0.5803571428571429,0.45918367346938777,0.37593984962406013,0.8214285714285714,1,1,2,0,1,0.022648630721541985,0.09554028557982544
0.3157894736842105,0,0,0.03613219064260449,0.2222222222222222,0.5,0.49999999999999994,0.15789473684210525,0.75,0,0,3,0,1,0.023718637509381663,0.026796864299583466
0.21052631578947367,0,0,0.048101241813755795,0.3333333333333333,0.546875,0.5714285714285714,0.35526315789473684,0.75,0,1,2,2,0,0.02363408478210989,0.0375730027587377
0.2807017543859649,1,7,0.5939593237980024,0.7777777777777777,0.546875,0.5089285714285714,0.2039473684210526,0.65625,0,1,2,1,2,0.14803785959530502,0.6960387635585016
0.3508771929824561,0,5,0.015173706337808193,0.1111111111111111,0.46875,0.6071428571428572,0.28947368421052627,0.5,0,0,2,0,1,0.014895772870886897,0.012396642121910521
0.0,1,7,0.01888059537830243,0.1111111111111111,0.3125,0.49999999999999994,0.10526315789473684,0.75,1,1,4,1,0,0.01860370805376091,0.020138026931459992
0.0,0,6,0.02289253913996302,0.3333333333333333,0.5,0.46428571428571425,0.13157894736842105,0.9375,0,1,0,1,4,0.011026176299056969,0.02016124942713895
0.4385964912280701,0,3,0.007937349979363365,0.2222222222222222,0.375,0.4761904761904761,0.7192982456140351,0.9166666666666667,1,1,3,1,1,0.004916772382279513,0.008606967791346351
0.33333333333333337,0,8,0.024646011063765724,0.1111111111111111,0.53125,0.42857142857142855,0.2631578947368421,0.625,1,0,2,0,4,0.024370750830194472,0.024043766347570623
0.24561403508771928,0,5,0.014449794097941927,0.2222222222222222,0.625,0.49999999999999994,0.24561403508771928,0.5,1,1,4,0,4,0.009259627070759531,0.013480943098724517
0.29824561403508765,0,3,0.017113688402013126,0.1111111111111111,0.59375,0.46428571428571425,0.18421052631578946,0.875,1,1,0,1,0,0.016836302428537463,0.015037655987636154
0.36842105263157887,0,2,0.10326339400642551,0.3333333333333333,0.5625,0.26785714285714285,0.2763157894736842,0.9375,1,1,2,1,5,0.05122294469184433,0.08329326268007506
0.17543859649122806,1,8,0.030274310184145174,0.1111111111111111,0.46875,0.5714285714285714,0.47368421052631576,0.875,0,1,4,0,0,0.030000638345093304,0.03379048474827052
0.12280701754385964,0,7,0.015063262303396285,0.1111111111111111,0.40625,0.39285714285714285,0.21052631578947367,0.75,1,1,2,1,1,0.014785297667431693,0.01368553802494096
0.33333333333333337,1,1,0.020724358757787144,0.3333333333333333,0.625,0.5714285714285714,0.43421052631578944,0.8125,1,1,2,0,0,0.009941780160669286,0.014967751536357661
0.08771929824561403,0,4,0.17672981734058274,0.2222222222222222,0.41666666666666663,0.5952380952380953,0.3333333333333333,0.5833333333333334,1,1,0,1,2,0.11747684121551182,0.17509771220503284
0.36842105263157887,1,9,0.012725760745028982,0.1111111111111111,0.625,0.17857142857142855,0.4473684210526316,0.75,1,1,0,0,3,0.012447136429366325,0.013715679876475281
0.0,1,1,0.02187918054873101,0.0,0.5,0.35714285714285715,0.10526315789473684,1.0,1,0,4,1,7,0.04377071039508423,0.021227446335893022
0.5087719298245613,1,7,0.03422500591241097,0.1111111111111111,0.4375,0.6428571428571428,0.15789473684210525,0.5,1,0,2,0,0,0.03395244902182013,0.027289465565067304
0.38596491228070173,1,7,0.004752057094231285,0.0,0.8125,0.7857142857142856,0.5263157894736843,0.75,1,1,2,1,7,0.009506796398943154,0.004874449235861411
0.3508771929824561,0,6,0.08631764376049489,0.3333333333333333,0.515625,0.48214285714285715,0.3684210526315789,0.9375,0,1,2,0,6,0.04274767839027944,0.0967482344979178
0.49122807017543857,1,8,0.19182014732325353,0.1111111111111111,0.5625,0.39285714285714285,0.18421052631578946,0.875,1,1,2,0,5,0.19159206625982542,0.1390884838696071
0.631578947368421,0,7,0.0020620829823919805,0.0,0.3125,0.42857142857142855,0.15789473684210525,1.0,1,0,4,0,1,0.004125329869273645,0.0018235346249780217
0.5087719298245613,1,9,0.26226249840211785,0.4444444444444445,0.55,0.5857142857142856,0.47368421052631576,0.8999999999999999,1,1,3,0,7,0.10448306004060506,0.22157540462829078
0.0,0,6,0.07080470234740004,0.6666666666666665,0.4464285714285714,0.45918367346938777,0.3533834586466165,0.8571428571428572,1,1,2,1,3,0.019751825770016825,0.057668281341009084
0.017543859649122806,0,3,0.008475344801731226,0.2222222222222222,0.375,0.3809523809523809,0.2631578947368421,0.8333333333333333,1,1,2,1,4,0.005275536817590814,0.006687510041359739
0.15789473684210525,0,6,0.06601174737280512,0.1111111111111111,0.6875,0.49999999999999994,0.2368421052631579,0.5,0,1,2,1,0,0.06574816120051565,0.06453844341981108
0.29824561403508765,0,0,0.022661772356075523,0.3333333333333333,0.609375,0.5178571428571428,0.22368421052631576,0.8125,1,1,0,0,1,0.010910760344105557,0.025940854673148116
0.4035087719298246,1,3,0.3270044357406379,0.3333333333333333,0.609375,0.5357142857142856,0.3026315789473684,0.875,1,1,0,0,2,0.16312503717915502,0.3575256288675527
0.14035087719298245,0,2,0.06144303923015569,0.1111111111111111,0.625,0.49999999999999994,0.2368421052631579,0.625,1,1,2,0,5,0.061178163696583306,0.07295290146126371
0.33333333333333337,1,6,0.033409024048151235,0.6666666666666665,0.5892857142857143,0.4183673469387755,0.37593984962406013,0.6785714285714286,0,1,0,1,0,0.009064330927808478,0.03457910174438857
0.12280701754385964,0,6,0.12119622546151876,0.6666666666666665,0.5625,0.4081632653061224,0.2706766917293233,0.75,1,1,3,1,3,0.03415346702555156,0.12146805982683603
0.15789473684210525,0,6,0.01796068943157281,0.2222222222222222,0.5,0.4761904761904761,0.17543859649122803,0.5833333333333334,1,1,0,0,3,0.011600884513095858,0.016653989079739893
0.0,1,1,0.06783358000484847,0.1111111111111111,0.5625,0.6071428571428572,0.28947368421052627,1.0,0,0,2,0,1,0.06757050798237693,0.051293042777258824
0.08771929824561403,0,2,0.002535273433942119,0.0,0.375,0.5714285714285714,0.3684210526315789,0.75,1,0,2,0,4,0.005071977855947053,0.0026510611495704074
0.0,0,3,0.13656059100005594,0.4444444444444445,0.575,0.49999999999999994,0.29473684210526313,0.8,0,1,2,1,2,0.05418810705778446,0.12877689010972865
0.08771929824561403,1,3,0.016521755795397587,0.1111111111111111,0.5625,0.49999999999999994,0.34210526315789475,0.5,1,1,1,0,0,0.016244202769231924,0.015234762843817343
0.5087719298245613,1,3,0.002626947909733044,0.0,0.5625,0.7857142857142856,0.42105263157894735,0.75,0,1,4,2,0,0.005255378551486287,0.0027284536708841564
0.08771929824561403,1,1,0.47297410769024384,0.6666666666666665,0.5267857142857143,0.45918367346938777,0.2781954887218045,0.6428571428571429,1,1,2,1,0,0.13468979830525446,0.41258706658647804
0.8421052631578948,0,6,0.07620262983249453,0.3333333333333333,0.515625,0.42857142857142855,0.4605263157894736,0.6875,1,1,0,1,0,0.03768874411828237,0.06294547500193128
0.38596491228070173,0,6,0.02144767827474959,0.3333333333333333,0.5625,0.39285714285714285,0.19736842105263158,0.875,1,1,0,0,0,0.010303541985221617,0.017505685956977723
0.33333333333333337,1,5,0.5701379878677525,0.6666666666666665,0.5535714285714286,0.489795918367347,0.2706766917293233,0.9285714285714286,1,1,2,1,0,0.16245874154880927,0.6620836834480004
0.10526315789473684,1,3,0.42630468683781736,0.2222222222222222,0.5,0.4761904761904761,0.22807017543859648,0.75,1,1,1,0,4,0.28390704351556995,0.46750736840309326
0.4385964912280701,0,6,0.017499946161002904,0.1111111111111111,0.5,0.6785714285714286,0.49999999999999994,0.5,0,1,3,0,1,0.01722266919554091,0.018277620670485585
0.17543859649122806,0,6,0.006569147943044071,0.1111111111111111,0.40625,0.49999999999999994,0.3157894736842105,1.0,1,1,2,1,3,0.006288786134433105,0.005963015569024604
0.3157894736842105,1,9,0.0864431034418036,0.6666666666666665,0.6339285714285714,0.489795918367347,0.2706766917293233,0.6428571428571429,1,1,2,0,2,0.024221201340620686,0.06417323413062323
0.8245614035087719,1,0,0.009756416571188885,0.1111111111111111,0.6875,0.39285714285714285,0.10526315789473684,0.75,1,0,0,1,0,0.009476954259906058,0.009071844240560411
0.26315789473684215,0,2,0.21514280571708902,0.5555555555555556,0.6666666666666667,0.5119047619047619,0.3508771929824561,0.5833333333333334,0,1,2,1,0,0.07126414792425524,0.20348901410079417
0.5263157894736842,1,7,0.16225749977229564,1.0,0.51875,0.45714285714285713,0.2789473684210526,0.7,1,1,4,1,7,0.031952669972227045,0.16003640718608278
0.14035087719298245,1,1,0.011933882945524615,0.0,0.3125,0.35714285714285715,0.5789473684210527,0.75,1,0,2,0,7,0.023874501749915362,0.009692737946458403
0.2807017543859649,0,4,0.006611033694914062,0.1111111111111111,0.3125,0.5714285714285714,0.2368421052631579,1.0,1,1,2,1,0,0.006330683707120945,0.005301553584960923
0.6666666666666666,0,5,0.0037663589051775727,0.1111111111111111,0.78125,0.5357142857142856,0.3947368421052631,0.75,0,1,2,1,0,0.0034852061054249646,0.00454985561768758
0.15789473684210525,1,1,0.04325751024373359,0.5555555555555556,0.5416666666666666,0.5357142857142856,0.2807017543859649,0.5833333333333334,0,0,3,1,7,0.013952879855350606,0.036949455053333545
0.6666666666666666,1,5,0.0021258994817033353,0.0,0.4375,0.35714285714285715,0.15789473684210525,0.5,0,0,3,1,1,0.004252998887935653,0.0015627791734971611
0.4385964912280701,1,0,0.17045209149191717,0.5555555555555556,0.5104166666666666,0.6428571428571428,0.20175438596491224,0.6666666666666666,1,1,2,1,7,0.05636303904175244,0.19288533821669243
0.17543859649122806,1,1,0.006706659656730458,0.0,0.25,0.35714285714285715,0.5789473684210527,1.0,0,1,0,0,2,0.013417104763101834,0.006590117738053093
0.42105263157894735,0,7,0.10686438322143714,0.1111111111111111,0.5,0.42857142857142855,0.2368421052631579,0.625,1,0,0,0,2,0.10661232630541077,0.09610990022383643
0.49122807017543857,1,6,0.04078486786329518,0.2222222222222222,0.5208333333333334,0.42857142857142855,0.3333333333333333,0.8333333333333333,1,1,2,1,0,0.026821297695626915,0.04301611878164362
0.42105263157894735,0,6,0.0968021216318768,0.3333333333333333,0.546875,0.6071428571428572,0.40789473684210525,0.625,0,1,4,0,6,0.047991396768234676,0.07060008350619876
0.0,0,0,0.007252755025450534,0.1111111111111111,0.53125,0.39285714285714285,0.18421052631578946,0.875,1,1,3,0,1,0.006972586141508261,0.005312027404440616
0.14035087719298245,1,1,0.016315883373470553,0.3333333333333333,0.5625,0.5535714285714286,0.3157894736842105,0.6875,0,1,2,1,4,0.007736920397971605,0.01584049083825153
0.24561403508771928,1,5,0.016244559050710802,0.1111111111111111,0.625,0.49999999999999994,0.15789473684210525,0.5,1,0,1,1,0,0.015966927795264742,0.01943068867021829
0.2807017543859649,0,4,0.23910975390737757,1.0,0.5,0.43571428571428567,0.3684210526315789,0.75,1,1,2,0,4,0.04732745858217427,0.2506867934614931
0.42105263157894735,0,6,0.1158881942835037,0.7777777777777777,0.5546875,0.43749999999999994,0.28289473684210525,0.6875,1,1,2,0,0,0.028486347419020588,0.11151631996428477
0.33333333333333337,0,7,0.006640077117201273,0.1111111111111111,0.625,0.6071428571428572,0.21052631578947367,0.875,1,0,2,0,4,0.006359735325918648,0.00692253117620045
0.0,1,5,0.24783799381473892,0.5555555555555556,0.65625,0.4880952380952381,0.2982456140350877,0.8333333333333333,0,1,2,1,6,0.08216561965554793,0.2053077620480914
0.36842105263157887,0,5,0.15496305656927636,0.7777777777777777,0.578125,0.5803571428571428,0.23026315789473684,0.59375,1,0,2,1,3,0.038257819875615585,0.1667158604432274
0.42105263157894735,0,0,0.0630874501396554,1.0,0.43125,0.5214285714285714,0.23157894736842105,0.65,1,1,2,0,0,0.012113062576198739,0.05654431255014756
0.4035087719298246,0,1,0.059075308803693535,0.3333333333333333,0.484375,0.41071428571428564,0.40789473684210525,0.6875,1,1,2,1,3,0.029122666804217184,0.04848402126422319
0.5087719298245613,1,7,0.05120790012698101,0.2222222222222222,0.5625,0.42857142857142855,0.05263157894736842,0.25,0,1,0,1,3,0.03377194690049201,0.05871755900291135
0.4736842105263158,0,3,0.002361012900218853,0.1111111111111111,0.53125,0.42857142857142855,0.3684210526315789,1.0,1,1,2,1,4,0.0020794634897239287,0.002597317659570536
0.38596491228070173,0,4,0.05636162577570141,0.1111111111111111,0.34375,0.49999999999999994,0.3947368421052631,0.875,0,0,2,0,2,0.05609531618734459,0.06588928177560151
0.2807017543859649,1,1,0.10666878466317631,0.3333333333333333,0.375,0.5357142857142856,0.13157894736842105,0.6875,1,1,4,1,6,0.05292612054761708,0.11521542656170099
0.0,0,8,0.2096257409283266,0.7777777777777777,0.5546875,0.49999999999999994,0.21052631578947367,0.6875,0,1,2,1,3,0.051927347632658674,0.20988292544678425
0.38596491228070173,1,1,0.1753215077211049,0.8888888888888888,0.5625,0.5317460317460316,0.22807017543859648,0.75,0,1,3,1,0,0.03846961342308636,0.13634410620168594
0.33333333333333337,1,4,0.27305321644047376,0.4444444444444445,0.6125,0.38571428571428573,0.3263157894736842,0.6,0,1,2,1,6,0.1088005653800752,0.2207940861308147
0.3508771929824561,1,2,0.04266794852873333,0.2222222222222222,0.625,0.5952380952380953,0.24561403508771928,0.5,1,0,2,1,1,0.02807703909590308,0.03619097990874981
0.017543859649122806,0,7,0.09889028442203689,0.3333333333333333,0.640625,0.41071428571428564,0.3684210526315789,0.8125,1,1,0,0,0,0.049035772819503075,0.11087879136862491
0.07017543859649122,1,3,0.04789872815495042,0.3333333333333333,0.578125,0.5178571428571428,0.3947368421052631,0.6875,0,1,2,1,1,0.023532799376437638,0.03830583837237793
0.5087719298245613,1,1,0.01129631067531489,0.0,0.6875,0.49999999999999994,0.3684210526315789,1.0,1,1,2,2,2,0.02259899734365436,0.009653781025135746
0.2807017543859649,0,1,0.04615948158083941,0.2222222222222222,0.5,0.3333333333333333,0.24561403508771928,0.9166666666666667,0,1,3,1,5,0.03040538470766265,0.04423060791280474
0.4385964912280701,1,6,0.1330253940273684,0.7777777777777777,0.703125,0.5267857142857142,0.26973684210526316,0.8125,0,1,2,1,0,0.032771856451801286,0.1179084303820385
0.29824561403508765,0,6,0.14614333976042537,0.1111111111111111,0.40625,0.5714285714285714,0.47368421052631576,0.625,0,1,2,1,0,0.14590236798361408,0.15940338091101375
0.29824561403508765,0,1,0.007442228780371862,0.0,0.5,0.42857142857142855,0.631578947368421,1.0,0,1,2,0,7,0.014888658188732357,0.007758541020642904
0.49122807017543857,0,0,0.015755167506456235,0.2222222222222222,0.6666666666666667,0.5476190476190474,0.1929824561403509,1.0,1,1,1,0,0,0.010130121607704726,0.01363312153469417
0.17543859649122806,0,3,0.02891243052546664,0.0,0.5625,0.5714285714285714,0.10526315789473684,0.5,1,0,4,2,7,0.05784118013604458,0.028192204539950513
0.3157894736842105,0,6,0.18043631123247444,0.1111111111111111,0.71875,0.5357142857142856,0.18421052631578946,0.5,1,0,2,0,2,0.18020501747148543,0.1470312882845353
0.19298245614035092,1,9,0.04655206171746994,0.2222222222222222,0.45833333333333337,0.4523809523809524,0.2807017543859649,0.75,0,1,2,0,0,0.030667178660275043,0.03649505242359918
0.19298245614035092,0,3,0.36679866605734757,0.5555555555555556,0.6145833333333334,0.4880952380952381,0.3070175438596491,0.5833333333333334,0,1,4,0,0,0.12183036792722365,0.3847933411152391
0.22807017543859642,1,4,0.6776820266855705,0.5555555555555556,0.4375,0.5714285714285714,0.21052631578947367,0.7916666666666667,1,1,2,1,2,0.22548740019434937,0.527083875389036
0.33333333333333337,0,2,0.09569333465312968,0.3333333333333333,0.546875,0.5178571428571428,0.40789473684210525,0.875,0,1,3,0,5,0.04743684682030032,0.11330895445215527
0.19298245614035092,1,6,0.05546898508254753,0.2222222222222222,0.6458333333333333,0.4761904761904761,0.24561403508771928,0.8333333333333333,1,0,3,1,1,0.03661347190099102,0.055583612121763604
0.5614035087719298,0,7,0.046741930620993806,0.2222222222222222,0.7083333333333333,0.4047619047619047,0.3508771929824561,0.5,0,0,3,0,2,0.03079379365195119,0.055361007913183886
0.10526315789473684,0,2,0.2814224638424211,1.0,0.46875,0.5499999999999998,0.2526315789473684,0.7,1,1,4,1,6,0.0557923888316091,0.211865226113649
0.24561403508771928,0,6,0.03384151419363902,0.4444444444444445,0.375,0.4857142857142857,0.2421052631578947,0.8,0,1,3,0,4,0.013088880759705759,0.03869863029929058
0.19298245614035092,1,6,0.0017400368713161036,0.0,0.5625,0.6428571428571428,0.05263157894736842,1.0,1,0,2,1,1,0.00348105587416815,0.0018496006915564428
0.5964912280701754,1,6,0.04661528549387747,0.2222222222222222,0.625,0.3095238095238095,0.2631578947368421,0.6666666666666666,0,1,3,1,3,0.030709339739709348,0.05057859558876846
0.33333333333333337,0,1,0.11529863256850345,0.5555555555555556,0.46875,0.5119047619047619,0.21052631578947367,0.8333333333333333,1,1,2,0,0,0.03797336434280725,0.13199557540368043
0.5087719298245613,0,7,0.3397795900609853,0.6666666666666665,0.5,0.510204081632653,0.14285714285714285,0.4642857142857143,1,1,3,0,1,0.09662348195763189,0.26584406899830004
0.0,1,7,0.10757130407139387,0.2222222222222222,0.5625,0.5476190476190474,0.42105263157894735,0.75,0,1,1,0,5,0.07135815395605644,0.08404282796917381
0.3508771929824561,0,6,0.2535056102210718,0.5555555555555556,0.5416666666666666,0.42857142857142855,0.32456140350877194,0.75,1,1,2,0,2,0.08405535828781747,0.2072708212185365
0.4736842105263158,0,2,0.030890742004118635,0.1111111111111111,0.59375,0.3214285714285714,0.28947368421052627,0.875,0,0,1,0,1,0.030617244131820036,0.03609974867572534
0.29824561403508765,1,3,0.02271966162634867,0.1111111111111111,0.375,0.5357142857142856,0.18421052631578946,0.75,1,1,0,1,3,0.02244385774667344,0.024973519245998745
0.5087719298245613,0,1,0.3234125349434849,0.3333333333333333,0.640625,0.6785714285714286,0.3026315789473684,0.6875,0,1,3,0,0,0.16132857993513386,0.25676288836661976
0.17543859649122806,0,6,0.09751892119689722,0.4444444444444445,0.6125,0.5285714285714285,0.4421052631578947,0.44999999999999996,1,1,2,1,1,0.038567031867254256,0.1067854710588463
0.5789473684210525,1,6,0.1582935665658445,0.8888888888888888,0.5972222222222222,0.5317460317460316,0.23391812865497075,0.7777777777777777,1,1,4,1,0,0.03468455859908043,0.14507486411285564
0.7719298245614034,1,1,0.029822457757132582,0.1111111111111111,0.46875,0.49999999999999994,0.2631578947368421,0.875,1,1,0,0,6,0.02954865839822022,0.026569473413322987
0.21052631578947367,0,6,0.20144991876732607,0.3333333333333333,0.515625,0.5357142857142856,0.21052631578947367,0.5625,1,1,1,1,0,0.10033006196295266,0.2088273445360548
0.19298245614035092,0,1,0.2164043176307206,0.7777777777777777,0.4609375,0.49999999999999994,0.2763157894736842,0.71875,1,1,2,1,7,0.0536224700634926,0.2342181104187016
0.5964912280701754,1,2,0.03555013675105263,0.3333333333333333,0.59375,0.5178571428571428,0.5394736842105263,0.6875,0,0,2,1,0,0.01735676119114799,0.04103324940059895
0.6140350877192983,0,3,0.028861061207135517,0.1111111111111111,0.375,0.49999999999999994,0.21052631578947367,0.875,0,0,2,1,3,0.028586990526998344,0.029064375127664487
0.17543859649122806,0,6,0.1540800970168849,0.2222222222222222,0.5416666666666666,0.5238095238095237,0.24561403508771928,0.9166666666666667,0,1,2,1,6,0.1023727662615448,0.1655627450506464
0.19298245614035092,0,1,0.17559514812836877,0.2222222222222222,0.41666666666666663,0.49999999999999994,0.22807017543859648,0.75,0,0,2,1,1,0.11672018159303925,0.1280877507022435
0.22807017543859642,1,3,0.009974341025493605,0.0,0.5625,0.49999999999999994,0.15789473684210525,0.75,1,0,2,1,5,0.019954311882764267,0.009555772614800881
0.0,0,9,0.005650229867820817,0.2222222222222222,0.5833333333333334,0.5714285714285714,0.2807017543859649,0.5833333333333334,0,1,2,1,1,0.003391595333743481,0.004127537946268833
0.08771929824561403,1,0,0.014625832800376656,0.1111111111111111,0.53125,0.5357142857142856,0.28947368421052627,0.625,1,1,1,0,0,0.01434774471492753,0.0116906308604219
0.07017543859649122,1,3,0.11603005263181812,0.3333333333333333,0.34375,0.5535714285714286,0.28947368421052627,0.6875,1,1,1,0,2,0.05760807548045349,0.13883407905980172
0.12280701754385964,1,1,0.07700734996158168,0.1111111111111111,0.65625,0.49999999999999994,0.21052631578947367,0.875,1,0,0,0,5,0.07674686692125371,0.09004987149429178
0.2807017543859649,0,1,0.034399464020435505,0.1111111111111111,0.53125,0.49999999999999994,0.21052631578947367,0.875,1,1,2,0,4,0.034126956364666186,0.035721695924641576
0.33333333333333337,0,9,0.14318387430164897,0.3333333333333333,0.53125,0.44642857142857145,0.34210526315789475,0.5625,1,0,0,0,0,0.07118881793310974,0.10808247113894019
0.6140350877192983,1,6,0.15659502029779587,0.1111111111111111,0.46875,0.46428571428571425,0.5263157894736843,0.75,1,0,2,1,0,0.15635699814958975,0.15172000494781337
0.08771929824561403,0,4,0.3318878797452161,0.5555555555555556,0.6145833333333334,0.46428571428571425,0.32456140350877194,0.875,0,1,2,1,2,0.11019015503221796,0.2992575910309983
0.49122807017543857,1,2,0.010858486023692715,0.0,0.75,0.2857142857142857,0.15789473684210525,0.5,1,0,3,0,5,0.021723100918406648,0.011738687208622844
0.24561403508771928,1,2,0.017418545548878204,0.2222222222222222,0.33333333333333337,0.5476190476190474,0.4385964912280702,0.8333333333333333,1,0,2,1,0,0.01123935325694668,0.020421104414501644
0.2807017543859649,2,6,0.09011581212817751,0.0,0.5,0.49999999999999994,0.631578947368421,0.75,0,0,2,0,2,0.180282488454946,0.06500275115484525
0.4385964912280701,0,3,0.2905946532047441,0.1111111111111111,0.53125,0.75,0.10526315789473684,0.625,1,0,2,1,2,0.2903944478601506,0.33658566754959546
0.05263157894736842,1,7,0.017198447777259474,0.1111111111111111,0.59375,0.35714285714285715,0.3157894736842105,0.75,1,0,2,1,3,0.016921085724212387,0.013611889538644839
0.36842105263157887,0,6,0.30360926757823503,1.0,0.525,0.47142857142857136,0.28421052631578947,0.8,0,1,3,0,6,0.06023100187175429,0.3211163574994207
0.3157894736842105,1,1,0.018909638800589643,0.2222222222222222,0.625,0.5476190476190474,0.2631578947368421,0.75,1,1,2,0,0,0.01223369596473015,0.016479772969299387
0.38596491228070173,1,9,0.001569530249317035,0.0,0.5,0.42857142857142855,0.5789473684210527,0.75,0,0,3,1,4,0.003139946390869965,0.0016856214363540113
0.3508771929824561,0,3,0.04888146272948503,0.3333333333333333,0.515625,0.37499999999999994,0.28947368421052627,0.5625,0,1,3,1,2,0.024024305335280383,0.04231854344715674
0.8070175438596491,0,7,0.17765446507054292,0.3333333333333333,0.71875,0.42857142857142855,0.381578947368421,0.4375,1,1,2,0,6,0.08842897738894721,0.1582741041211399
0.15789473684210525,1,6,0.037757436844880664,0.1111111111111111,0.4375,0.39285714285714285,0.07894736842105263,0.75,0,1,1,0,1,0.03748587686184808,0.031546717737200025
0.17543859649122806,0,0,0.04526842148209573,0.2222222222222222,0.22916666666666663,0.5952380952380953,0.2631578947368421,0.8333333333333333,0,0,1,2,1,0.0298111769943854,0.04547263228884235
0.15789473684210525,0,0,0.06002109698388999,0.1111111111111111,0.625,0.5357142857142856,0.2368421052631579,0.75,1,1,2,1,3,0.059755820155855004,0.05801083684869786
0.17543859649122806,1,3,0.15046428972927778,0.3333333333333333,0.484375,0.44642857142857145,0.4473684210526316,0.625,1,1,4,0,0,0.07483005297078493,0.16336765049480503
0.15789473684210525,0,7,0.40052045022441474,0.3333333333333333,0.59375,0.5178571428571428,0.4605263157894736,0.9375,1,1,3,1,1,0.19989341810872377,0.3634428629450959
0.543859649122807,0,7,0.009494235473398893,0.2222222222222222,0.6041666666666666,0.5238095238095237,0.24561403508771928,0.6666666666666666,1,1,2,1,0,0.005954988963349308,0.007794370013976153
0.5964912280701754,0,3,0.1279127638333129,0.7777777777777777,0.71875,0.5535714285714286,0.30921052631578944,0.84375,1,1,2,1,4,0.0314933381871276,0.11106300737006186
0.17543859649122806,0,6,0.023194432672308994,0.1111111111111111,0.71875,0.49999999999999994,0.3157894736842105,0.375,1,0,2,0,0,0.022918762780488933,0.019324718261364927
0.12280701754385964,0,8,0.09618944372362753,0.1111111111111111,0.40625,0.5357142857142856,0.10526315789473684,0.625,1,1,2,1,2,0.09593437417180653,0.08318231602214764
0.38596491228070173,1,3,0.06396961939484176,0.2222222222222222,0.5833333333333334,0.49999999999999994,0.17543859649122803,0.6666666666666666,1,1,0,1,0,0.042282160784306744,0.06871673910663534
0.17543859649122806,0,1,0.00041332543826425456,0.0,0.5,0.35714285714285715,0.3684210526315789,0.75,0,0,1,1,4,0.0008268841704053335,0.0005562498607835081
0.42105263157894735,0,7,0.022910715975680188,0.2222222222222222,0.5625,0.4761904761904761,0.17543859649122803,0.8333333333333333,0,1,2,0,0,0.014901833526055579,0.0258606185809349
0.33333333333333337,1,5,0.19862421111051182,0.1111111111111111,0.46875,0.6428571428571428,0.10526315789473684,0.75,1,0,2,1,2,0.19839805026088153,0.20061496959985745
0.0,0,6,0.0007689591805566341,0.0,0.6875,0.5714285714285714,0.21052631578947367,0.75,1,0,1,1,0,0.0015383523858592532,0.0007559159307742143
0.6140350877192983,0,1,0.020994442827628083,0.3333333333333333,0.421875,0.37499999999999994,0.35526315789473684,0.6875,1,0,3,0,0,0.010076860306575607,0.02245861774966434
0.6666666666666666,0,2,0.1678162527386268,0.7777777777777777,0.546875,0.5089285714285714,0.28947368421052627,0.78125,1,1,2,1,1,0.041472025761473554,0.159870911359734
0.15789473684210525,1,1,0.051559384808946646,0.1111111111111111,0.5625,0.5357142857142856,0.34210526315789475,0.875,1,1,2,1,3,0.051291719952671545,0.040860075932821587
0.21052631578947367,1,5,0.11280583760933514,0.1111111111111111,0.375,0.5714285714285714,0.3157894736842105,0.75,1,0,0,0,0,0.11255545746516916,0.0999242188355293
0.3508771929824561,0,6,0.21309968986761932,1.0,0.48750000000000004,0.42857142857142855,0.2736842105263158,0.825,0,1,2,0,1,0.04212397768440416,0.22692600981126745
0.36842105263157887,1,0,0.18617051017833652,1.0,0.6,0.4928571428571428,0.18421052631578946,0.8,0,1,2,1,5,0.03673662177895117,0.18530333555605794
0.42105263157894735,0,6,0.057820514416305265,0.3333333333333333,0.546875,0.49999999999999994,0.35526315789473684,0.5,0,1,2,1,0,0.028495092549168877,0.05388979172264947
0.719298245614035,1,6,0.005686188390652601,0.0,0.625,0.49999999999999994,0.3157894736842105,1.0,1,0,2,0,7,0.011375586244868782,0.005213023744290939
0.24561403508771928,1,9,0.0399311493074922,0.0,0.5,0.21428571428571425,0.736842105263158,0.75,0,0,2,1,6,0.07988483701152518,0.04140059136796139
0.12280701754385964,1,3,0.009784274547668455,0.2222222222222222,0.6041666666666666,0.4047619047619047,0.3859649122807018,0.6666666666666666,0,1,0,0,1,0.006148402915254187,0.007959628876083341
0.0,1,1,0.017700681651096825,0.1111111111111111,0.5625,0.5357142857142856,0.5263157894736843,0.5,1,0,2,0,0,0.017423461336346795,0.018871690024231967
0.14035087719298245,0,6,0.0973859536921401,0.6666666666666665,0.5535714285714286,0.39795918367346933,0.5488721804511278,0.7142857142857143,1,1,2,0,1,0.027348612339123127,0.08214810928601253
0.2807017543859649,1,3,0.28971366939536536,0.5555555555555556,0.41666666666666663,0.49999999999999994,0.42105263157894735,0.625,1,1,2,0,0,0.09612811750714449,0.2128873950663097
0.6666666666666666,1,7,0.21303863940852583,0.4444444444444445,0.525,0.5428571428571427,0.2210526315789474,0.75,1,1,2,1,0,0.08478795974433785,0.19556843693173012
0.17543859649122806,1,4,0.30204625728086,0.2222222222222222,0.4375,0.5238095238095237,0.2982456140350877,0.5833333333333334,1,1,3,1,1,0.20104471202237012,0.3387287247579766
0.33333333333333337,0,4,0.1421169730747718,0.4444444444444445,0.5,0.4428571428571428,0.19999999999999996,0.95,0,1,4,0,2,0.05641128712703007,0.16773779243164647
0.2807017543859649,1,2,0.0012502501784589877,0.0,0.625,0.49999999999999994,0.6842105263157894,1.0,0,1,3,2,1,0.0025012060374402243,0.001308469149388419
0.543859649122807,0,7,0.11061256529089752,0.2222222222222222,0.6458333333333333,0.4761904761904761,0.3684210526315789,0.9166666666666667,1,1,2,1,2,0.07338623363021979,0.08594565082939855
0.8245614035087719,0,7,0.028439635222519046,0.2222222222222222,0.5416666666666666,0.6666666666666667,0.24561403508771928,0.75,0,0,2,0,1,0.018588819922585667,0.027591689758832014
0.17543859649122806,0,2,0.08656066015106136,0.2222222222222222,0.5208333333333334,0.5238095238095237,0.47368421052631576,1.0,1,1,4,1,0,0.057347104986423786,0.06308078158389743
0.19298245614035092,0,6,0.004657419003921257,0.0,0.5625,0.5714285714285714,0.5263157894736843,1.0,0,1,4,1,7,0.00931746680160847,0.0048842595554645625
0.5087719298245613,0,1,0.03359355844554072,0.0,0.625,0.2857142857142857,0.15789473684210525,0.0,0,1,2,0,2,0.06720607815201664,0.0295132327941449
0.4385964912280701,0,6,0.09188627544188974,0.1111111111111111,0.625,0.5357142857142856,0.18421052631578946,0.625,1,0,3,0,2,0.09162999146831032,0.07920520297646046
0.6842105263157895,1,6,0.04972372197581414,0.2222222222222222,0.625,0.3809523809523809,0.2631578947368421,0.6666666666666666,1,0,3,1,3,0.03278221556077166,0.04852435257814726
0.42105263157894735,1,6,0.06171667963741955,0.2222222222222222,0.5,0.5714285714285714,0.2982456140350877,0.5,1,0,0,1,0,0.040779777069339884,0.07052245402064339
0.21052631578947367,1,7,0.002881028461170821,0.0,0.25,0.49999999999999994,0.15789473684210525,0.75,1,1,4,1,4,0.005763683065416142,0.0026888806425332803
0.42105263157894735,0,5,0.004885222173289654,0.0,0.5,0.21428571428571425,0.2631578947368421,0.75,0,0,3,1,7,0.009773201719618678,0.0049150175140270985
0.5263157894736842,0,7,0.02440062378158398,0.1111111111111111,0.6875,0.46428571428571425,0.18421052631578946,0.625,1,1,2,1,3,0.024125294295862867,0.019183771930448155
0.45614035087719296,0,1,0.02121118183612516,0.1111111111111111,0.4375,0.49999999999999994,0.3684210526315789,0.5,0,1,2,1,0,0.02093495223973159,0.015496940080747935
0.4035087719298246,1,6,0.04547824539004823,0.1111111111111111,0.625,0.49999999999999994,0.2368421052631579,0.625,1,1,2,0,5,0.04520886434060038,0.033259921811278834
0.5087719298245613,0,3,0.03929772609760922,0.4444444444444445,0.625,0.35714285714285715,0.19999999999999996,0.8,1,1,2,1,1,0.015271981452814144,0.0308371994049354
0.543859649122807,1,1,0.027850468656121338,0.4444444444444445,0.38749999999999996,0.5142857142857142,0.3578947368421052,0.8500000000000001,0,1,4,0,0,0.010691786237793627,0.022334638058447705
0.5789473684210525,1,3,0.01551353413599869,0.0,0.4375,0.5714285714285714,0.47368421052631576,0.5,0,0,3,0,7,0.031035824598578763,0.011248029049920309
0.42105263157894735,1,4,0.02506388071095927,0.1111111111111111,0.59375,0.49999999999999994,0.13157894736842105,0.875,1,0,2,1,3,0.02478873840677365,0.027114064633418693
0.24561403508771928,1,6,0.12638353874145566,0.4444444444444445,0.44999999999999996,0.5142857142857142,0.23157894736842105,0.7,0,1,2,1,6,0.05011613730466986,0.13905161223361073
0.3157894736842105,0,6,0.024052300288438723,0.0,0.625,0.6428571428571428,0.15789473684210525,0.0,0,0,0,0,5,0.04811817645162737,0.018393685756032046
0.543859649122807,1,7,0.6014021453012781,0.4444444444444445,0.7,0.47142857142857136,0.28421052631578947,1.0,1,1,4,1,2,0.24017720301686238,0.6890802612104229
0.12280701754385964,1,4,0.15380981537274271,1.0,0.51875,0.5214285714285714,0.2684210526315789,0.725,0,1,3,1,6,0.0302626562784402,0.1462734766398281
0.36842105263157887,0,0,0.08435415035443843,0.3333333333333333,0.5625,0.5178571428571428,0.35526315789473684,0.875,1,1,2,1,0,0.04176565462289319,0.08339226634022474
0.21052631578947367,0,9,0.0032931684536274346,0.0,0.5625,0.14285714285714285,0.42105263157894735,0.75,1,0,3,1,4,0.006588195675103296,0.002699117497771351
0.29824561403508765,0,1,0.15096217696848713,0.4444444444444445,0.5375,0.4142857142857142,0.21052631578947367,0.8999999999999999,1,1,2,1,7,0.059950367186769694,0.141519452631559
0.5614035087719298,1,4,0.09021183323859645,0.2222222222222222,0.5625,0.5714285714285714,0.4035087719298245,0.75,0,1,3,1,2,0.05978190732375498,0.07488463395896634
0.33333333333333337,0,6,0.012783847589603402,0.1111111111111111,0.40625,0.42857142857142855,0.2631578947368421,0.625,1,0,2,0,1,0.012505239666961727,0.015394855885457172
0.29824561403508765,0,6,0.10766989364772936,0.5555555555555556,0.46875,0.3214285714285714,0.2807017543859649,0.5833333333333334,1,1,2,0,6,0.03542973371918626,0.11488566712305981
0.0,1,9,0.0035334188039760645,0.1111111111111111,0.5,0.35714285714285715,0.18421052631578946,0.875,1,0,0,1,1,0.003252200264863806,0.003060535359093242
0.4385964912280701,0,8,0.1170009327482763,0.2222222222222222,0.39583333333333337,0.5714285714285714,0.2631578947368421,0.33333333333333337,1,0,0,0,2,0.07764634720030998,0.09455129162099182
0.42105263157894735,1,6,0.2835416457978811,0.8888888888888888,0.4652777777777778,0.5238095238095237,0.23976608187134502,0.75,1,1,2,0,4,0.06252531997898708,0.3193787461084548
0.7368421052631579,1,6,0.01997318126434513,0.2222222222222222,0.5,0.35714285714285715,0.22807017543859648,0.5833333333333334,0,1,4,1,1,0.01294292437283912,0.017027729081626124
0.22807017543859642,0,6,0.04561042259760023,0.2222222222222222,0.5833333333333334,0.49999999999999994,0.3859649122807018,0.25,0,1,2,1,3,0.030039242083450348,0.04206589217273935
0.33333333333333337,0,6,0.06216991508454106,0.1111111111111111,0.8125,0.6428571428571428,0.10526315789473684,0.75,1,0,2,1,5,0.06190524468676524,0.050068079826618005
0.33333333333333337,1,6,0.08586816222509759,0.6666666666666665,0.6071428571428571,0.510204081632653,0.3157894736842105,0.8571428571428572,0,1,4,1,0,0.024056886062289666,0.09806940493065716
0.6140350877192983,0,4,0.2801682621779366,0.5555555555555556,0.5833333333333334,0.4404761904761904,0.4035087719298245,0.75,0,1,2,0,2,0.09294541714666067,0.250591676014906
0.26315789473684215,0,2,0.024212928195374114,0.1111111111111111,0.625,0.5357142857142856,0.15789473684210525,0.875,1,0,2,0,1,0.023937545739006975,0.019434480098084243
0.3508771929824561,0,0,0.3819599252141755,1.0,0.4625,0.5642857142857143,0.28421052631578947,0.575,0,1,2,1,0,0.07590555575647945,0.28170820886786546
0.42105263157894735,1,0,0.0021288630962224384,0.0,0.625,0.6428571428571428,0.3684210526315789,0.75,1,0,3,1,7,0.004258927789731103,0.0023320124946505324
0.33333333333333337,0,3,0.08165192663592015,0.4444444444444445,0.525,0.47142857142857136,0.16842105263157894,0.75,1,1,3,1,3,0.03221844287671105,0.07128230355782852
0.19298245614035092,1,5,0.009347635341853922,0.0,0.5,0.7857142857142856,0.3157894736842105,0.75,1,0,3,2,7,0.01870054678308658,0.007878587105448615
0.33333333333333337,0,3,0.31194393947745946,0.5555555555555556,0.5625,0.4880952380952381,0.2982456140350877,0.7083333333333334,0,1,2,1,2,0.10354029877844201,0.3330066544298333
0.5087719298245613,1,1,0.06098466685120107,0.3333333333333333,0.515625,0.48214285714285715,0.2763157894736842,0.6875,0,1,2,0,0,0.030077615253404223,0.07189945322870889
0.07017543859649122,1,3,0.4315911824169936,0.5555555555555556,0.5625,0.5952380952380953,0.1929824561403509,0.6666666666666666,0,1,3,0,5,0.14343396853610868,0.49837139216018034
0.3157894736842105,0,3,0.0032580002280007438,0.0,0.5625,0.49999999999999994,0.15789473684210525,0.25,1,1,4,1,3,0.006517839373797298,0.003884412634364649
0.14035087719298245,1,5,0.001726404244528229,0.1111111111111111,0.375,0.49999999999999994,0.34210526315789475,0.875,1,1,1,0,4,0.0014446757374911535,0.0018624915463006802
0.543859649122807,1,4,0.05792147488425604,0.2222222222222222,0.5416666666666666,0.42857142857142855,0.24561403508771928,0.75,1,1,2,1,0,0.03824892652292241,0.050320920672428694
0.0,1,7,0.10581289279005933,0.4444444444444445,0.38749999999999996,0.5142857142857142,0.23157894736842105,0.7,1,1,2,1,6,0.041885556780203156,0.10320053383304353
0.17543859649122806,0,0,0.36124524759715076,1.0,0.55,0.4857142857142857,0.3263157894736842,0.8999999999999999,0,1,2,1,2,0.07176145103152021,0.4299041763999729
0.36842105263157887,1,6,0.017526816265976106,0.1111111111111111,0.65625,0.39285714285714285,0.49999999999999994,1.0,1,1,3,1,3,0.017249546883680283,0.01505666051981424
0.6140350877192983,0,0,0.0346817976969554,0.2222222222222222,0.5833333333333334,0.6666666666666667,0.42105263157894735,1.0,1,1,2,2,3,0.022751435996484028,0.03827266337855085
0.2807017543859649,1,1,0.1510840803123729,0.4444444444444445,0.6375,0.5428571428571427,0.23157894736842105,0.55,0,1,2,1,2,0.05999914228554024,0.11679593066047149
0.17543859649122806,1,6,0.07444520642266635,0.4444444444444445,0.5625,0.47142857142857136,0.431578947368421,0.5,1,1,2,2,3,0.029334941251500254,0.08198365610232686
0.6842105263157895,1,1,0.09009704256955652,0.7777777777777777,0.453125,0.5535714285714286,0.29605263157894735,0.65625,0,1,2,1,1,0.022036739823385918,0.07645741302345994
0.0,0,3,0.0763215695618612,0.6666666666666665,0.4642857142857143,0.4387755102040816,0.11278195488721804,0.6071428571428571,1,1,2,0,3,0.02132851838748665,0.08521959239306871
0.0,1,6,0.13820697765256837,0.5555555555555556,0.42708333333333337,0.5238095238095237,0.18421052631578946,0.6666666666666666,0,1,3,1,0,0.04561163440257123,0.16156278865206686
0.38596491228070173,1,8,0.1732898511811091,0.1111111111111111,0.75,0.6785714285714286,0.3684210526315789,1.0,0,0,0,0,2,0.1730565405767122,0.12893380783053074
0.17543859649122806,0,6,0.006505331443732716,0.1111111111111111,0.6875,0.6071428571428572,0.05263157894736842,0.75,0,1,2,1,1,0.0062249516251021,0.006443958193820637
0.07017543859649122,0,8,0.29959179173613876,0.8888888888888888,0.48611111111111116,0.42857142857142855,0.4561403508771929,0.6388888888888888,1,1,2,1,3,0.06609302565495095,0.3265274833497076
0.4385964912280701,1,0,0.03393852317556433,0.2222222222222222,0.5,0.5952380952380953,0.1929824561403509,0.75,0,1,1,1,3,0.022255779806384466,0.037745417940941876
0.33333333333333337,1,1,0.005188103577141997,0.2222222222222222,0.45833333333333337,0.6904761904761905,0.3508771929824561,0.5833333333333334,1,1,2,0,1,0.0030834241937533484,0.0056228297037520455
0.17543859649122806,0,1,0.18642241741246027,0.4444444444444445,0.55,0.49999999999999994,0.34736842105263155,0.65,0,1,4,1,2,0.07413846633935176,0.13730039909517575
0.017543859649122806,1,0,0.16318194992795454,0.4444444444444445,0.48750000000000004,0.4428571428571428,0.19999999999999996,0.8,1,1,2,0,7,0.06483965581539296,0.1283380323342447
0.4736842105263158,1,3,0.050773039089877944,0.3333333333333333,0.515625,0.41071428571428564,0.14473684210526316,0.875,0,1,2,0,0,0.024970360431774252,0.03711149120175467
0.42105263157894735,0,2,0.030068240187916873,0.0,0.4375,0.49999999999999994,0.3157894736842105,1.0,1,0,3,1,5,0.060153451836269814,0.030496113075544676
0.26315789473684215,0,1,0.010378973194501824,0.1111111111111111,0.65625,0.42857142857142855,0.10526315789473684,0.375,0,1,2,1,0,0.010099686578488086,0.012289723856090668
0.6842105263157895,0,7,0.010363167250399938,0.1111111111111111,0.28125,0.6785714285714286,0.10526315789473684,1.0,0,1,2,0,4,0.01008387617370022,0.011736649316144895
0.07017543859649122,1,4,0.043952774209915196,0.3333333333333333,0.515625,0.5535714285714286,0.3157894736842105,0.8125,0,1,2,0,0,0.0215592655987924,0.039642601052216016
0.0,1,6,0.027966247196667633,0.0,0.625,0.5714285714285714,0.3684210526315789,0.75,0,0,2,1,7,0.05594827942281745,0.02666468564560671
0.14035087719298245,0,7,0.012639025626769896,0.2222222222222222,0.6458333333333333,0.5238095238095237,0.42105263157894735,0.75,0,0,1,0,0,0.008052107405086353,0.009289045664431147
0.2807017543859649,1,1,0.007382363767085978,0.1111111111111111,0.5625,0.39285714285714285,0.49999999999999994,0.75,0,0,0,0,1,0.0071022314607687535,0.00814005344965434
0.33333333333333337,0,0,0.2380722912513902,0.6666666666666665,0.5446428571428571,0.4081632653061224,0.3383458646616541,0.6428571428571429,0,1,0,1,0,0.06755605275514232,0.2826121800568051
0.24561403508771928,0,0,0.05748029146951222,0.2222222222222222,0.375,0.5952380952380953,0.17543859649122803,0.8333333333333333,1,1,0,0,1,0.03795472124049489,0.04566135061087012
0.36842105263157887,1,1,0.008598433591424643,0.2222222222222222,0.47916666666666663,0.49999999999999994,0.4035087719298245,0.6666666666666666,1,0,1,0,4,0.00535761916911448,0.00880947743223652
0.017543859649122806,0,6,0.066270964856076,0.4444444444444445,0.475,0.39999999999999997,0.4105263157894737,0.5,0,1,2,2,0,0.02606432186505859,0.06360670002175332
0.5964912280701754,0,6,0.04774066871393158,0.0,0.25,0.5714285714285714,0.5789473684210527,1.0,1,0,2,0,5,0.09550828376277357,0.04017311659635937
0.2807017543859649,0,7,0.07513217226819446,0.1111111111111111,0.46875,0.8214285714285714,0.6842105263157894,0.875,1,1,2,0,3,0.07487116002323338,0.08268469111474142
0.5263157894736842,1,7,0.071960314435549,0.4444444444444445,0.42500000000000004,0.47142857142857136,0.1894736842105263,0.8500000000000001,0,1,0,0,4,0.02834070394641538,0.0843197917747816
0.36842105263157887,1,4,0.05620198574027239,0.2222222222222222,0.6458333333333333,0.4523809523809524,0.22807017543859648,0.8333333333333333,1,1,0,1,1,0.03710227691568251,0.04412639103933938
0.38596491228070173,0,7,0.041853942407486334,0.1111111111111111,0.4375,0.21428571428571425,0.28947368421052627,0.875,1,1,3,0,4,0.04158353852274296,0.040721025315837794
0.4035087719298246,1,1,0.009073402211686243,0.2222222222222222,0.6041666666666666,0.6190476190476191,0.3684210526315789,0.9166666666666667,0,1,3,1,1,0.005674354278364706,0.008541802624900298
0.38596491228070173,0,9,0.020796078229149438,0.0,0.8125,0.7857142857142856,0.631578947368421,0.25,0,0,3,1,6,0.041603894418907335,0.021790899909621842
0.42105263157894735,1,7,0.09371561589738149,0.1111111111111111,0.46875,0.39285714285714285,0.34210526315789475,0.625,1,1,2,0,1,0.09345984819244582,0.10578135878139719
0.5614035087719298,0,3,0.28029372185924534,0.1111111111111111,0.59375,0.5714285714285714,0.2368421052631579,0.75,1,1,2,1,2,0.28009060942983927,0.23093928360022617
0.33333333333333337,1,6,0.0770893432966102,0.3333333333333333,0.46875,0.5178571428571428,0.28947368421052627,0.6875,1,1,1,0,0,0.038132225972581986,0.0783670604538434
0.4385964912280701,0,1,0.00952150072697464,0.2222222222222222,0.7083333333333333,0.35714285714285715,0.3859649122807018,0.9166666666666667,0,1,2,1,0,0.005973170928855352,0.007592476480114198
0.26315789473684215,1,8,0.049269696231487546,0.2222222222222222,0.5833333333333334,0.4761904761904761,0.15789473684210525,0.8333333333333333,1,1,3,0,3,0.03247944630908406,0.05273383275916898
0.5964912280701754,1,3,0.704859359697253,0.8888888888888888,0.5486111111111112,0.49999999999999994,0.2807017543859649,0.7777777777777777,1,1,3,1,2,0.1561779013975761,0.5755224469117162
0.14035087719298245,1,1,0.09000596081666942,0.5555555555555556,0.40625,0.369047619047619,0.2982456140350877,0.8333333333333333,0,1,1,1,3,0.029540094428960127,0.09765618668611671
0.6666666666666666,0,2,0.43573905729793044,0.5555555555555556,0.5833333333333334,0.5357142857142856,0.25438596491228066,0.625,1,0,2,1,2,0.14481698369492718,0.3546583615439264
0.2807017543859649,1,8,0.5311609248611102,0.5555555555555556,0.5833333333333334,0.369047619047619,0.21052631578947367,0.7916666666666667,0,1,2,1,2,0.1766332493998469,0.5467845137233102
0.0,0,1,0.09133682131004803,0.6666666666666665,0.5535714285714286,0.5714285714285714,0.3609022556390977,0.7142857142857143,1,1,3,0,6,0.025619801041301495,0.06633036701495672
0.3157894736842105,0,7,0.03524369900977736,0.0,0.5625,0.35714285714285715,0.3157894736842105,0.5,1,1,1,0,5,0.07050729067172283,0.03927217854971249
0.14035087719298245,1,8,0.08202376147091696,0.3333333333333333,0.515625,0.48214285714285715,0.25,0.8125,1,1,4,1,6,0.040600131344937763,0.06813939942834747
0.4736842105263158,0,6,0.37212981342861157,0.7777777777777777,0.4609375,0.41071428571428564,0.28947368421052627,0.65625,0,1,2,1,0,0.09256483105890778,0.4058805994057885
0.15789473684210525,1,0,0.0008327756798679887,0.0,0.5625,0.5714285714285714,0.47368421052631576,0.5,1,0,3,1,3,0.0016660214045212617,0.0006993762627232027
0.19298245614035092,0,3,0.11075284304480175,0.4444444444444445,0.525,0.5428571428571427,0.4421052631578947,0.8500000000000001,1,1,4,2,7,0.04386209453475808,0.11726744210845097
0.0,0,2,0.05036307241473533,0.2222222222222222,0.5208333333333334,0.4047619047619047,0.2631578947368421,0.75,0,1,2,1,3,0.033208569476551084,0.036312779528943524
0.19298245614035092,1,1,0.0029651951135133514,0.0,0.25,0.7142857142857142,0.21052631578947367,0.75,1,1,0,1,0,0.005932063876406903,0.002274572362481357
0.0,1,1,0.06166511274478715,0.3333333333333333,0.453125,0.46428571428571425,0.2631578947368421,0.875,0,1,3,0,3,0.030417934216463015,0.04839354831677191
0.0,1,2,0.08797509457387866,0.3333333333333333,0.640625,0.39285714285714285,0.2368421052631579,0.5625,0,1,4,0,0,0.04357663767631318,0.10391294312905595
0.45614035087719296,2,6,0.019520143391524893,0.0,0.125,0.42857142857142855,0.3157894736842105,1.0,1,1,3,0,2,0.03905130456590655,0.0213581084187234
0.45614035087719296,1,7,0.10514528922605602,0.3333333333333333,0.53125,0.625,0.3157894736842105,0.9375,1,1,3,2,1,0.052164157851871916,0.12608402846793615
0.38596491228070173,0,6,0.04930723534872951,0.2222222222222222,0.375,0.5952380952380953,0.07017543859649124,0.5833333333333334,1,0,3,0,5,0.03250447944999817,0.0356252040854531
0.08771929824561403,1,6,0.095335330019222,0.2222222222222222,0.41666666666666663,0.4761904761904761,0.5263157894736843,0.5833333333333334,1,1,2,1,1,0.06319853579841259,0.0767038084418985
0.2807017543859649,0,4,0.06749296190945288,0.7777777777777777,0.4765625,0.42857142857142855,0.40789473684210525,0.5,1,1,2,1,1,0.016384124851604526,0.06662699885261915
0.2807017543859649,1,7,0.03465058095735418,0.2222222222222222,0.625,0.4523809523809524,0.12280701754385964,0.9166666666666667,0,1,1,1,1,0.02273061896351334,0.03979534820236557
0.05263157894736842,0,4,0.012126122740663775,0.0,0.5625,0.42857142857142855,0.631578947368421,0.5,0,0,3,2,5,0.024259089846380175,0.010659504659427882
0.6140350877192983,0,6,0.008337042790839744,0.0,0.5625,0.5714285714285714,0.05263157894736842,0.25,1,1,2,1,1,0.01667879127083836,0.006836370977946687
0.4736842105263158,0,3,0.0014604692350140389,0.0,0.8125,0.49999999999999994,0.05263157894736842,1.0,0,0,1,2,4,0.00292176280479743,0.0013517388199085982
0.24561403508771928,1,6,0.1630598490097675,0.3333333333333333,0.671875,0.6964285714285714,0.3289473684210526,0.8125,0,0,0,1,7,0.08112960994347979,0.1893771774051752
0.29824561403508765,1,5,0.2734023302308241,0.5555555555555556,0.59375,0.6190476190476191,0.14035087719298245,0.33333333333333337,1,1,2,2,1,0.0906894700134922,0.2518469703884745
0.33333333333333337,1,5,0.019084887205819277,0.2222222222222222,0.5,0.5238095238095237,0.1929824561403509,0.5833333333333334,1,1,4,1,1,0.012350561206787116,0.0163382105313544
0.0,0,6,0.04707938752756903,0.1111111111111111,0.1875,0.39285714285714285,0.631578947368421,0.875,1,1,2,0,1,0.046810458345611095,0.043151046220823185
0.24561403508771928,1,8,0.12436116819361966,0.6666666666666665,0.4910714285714286,0.5714285714285714,0.3834586466165414,0.7142857142857143,1,1,2,1,0,0.03505799157661158,0.14431231318331603
0.14035087719298245,0,6,0.003732376125358523,0.0,0.5,0.7142857142857142,0.42105263157894735,0.25,1,0,2,1,1,0.007466858921188887,0.0040529889958545486
0.07017543859649122,1,3,0.06113581119167533,0.3333333333333333,0.40625,0.6071428571428572,0.15789473684210525,0.5625,0,0,2,0,1,0.030153208751296203,0.05030480710399839
0.22807017543859642,0,4,0.005553023311594233,0.1111111111111111,0.71875,0.6071428571428572,0.15789473684210525,0.625,0,0,0,0,1,0.00527237473663324,0.005597806279836761
0.6666666666666666,0,9,0.006658451527219713,0.0,0.75,0.5714285714285714,0.3684210526315789,1.0,1,1,3,0,0,0.01332066129389586,0.004782507110112071
0.42105263157894735,0,8,0.03185174340551315,0.1111111111111111,0.65625,0.6428571428571428,0.3947368421052631,0.875,1,1,2,1,5,0.03157851674292222,0.02356907957875341
0.17543859649122806,1,1,0.026884330322893706,0.3333333333333333,0.609375,0.5178571428571428,0.381578947368421,0.6875,1,0,2,0,1,0.013022635163644606,0.028354240688371647
0.4035087719298246,1,6,0.0060092223732348465,0.0,0.125,0.49999999999999994,0.2631578947368421,0.25,1,1,0,1,0,0.01202183654057276,0.007272716932469457
0.5789473684210525,1,6,0.0016872845328760675,0.1111111111111111,0.6875,0.35714285714285715,0.28947368421052627,0.625,0,0,2,1,1,0.001405544985641188,0.0012642042290534276
0.49122807017543857,1,7,0.17567832690920496,0.2222222222222222,0.45833333333333337,0.5238095238095237,0.2982456140350877,0.9166666666666667,1,1,0,1,0,0.11677564976317002,0.16126013792266722
0.29824561403508765,0,5,0.012422484192574091,0.1111111111111111,0.53125,0.42857142857142855,0.2368421052631579,1.0,1,1,0,1,3,0.012143774287499166,0.009001086718012079
0.15789473684210525,0,6,0.009774790981207326,0.1111111111111111,0.34375,0.6428571428571428,0.18421052631578946,0.625,1,1,2,0,1,0.00949533385547195,0.011410207376886413
0.4385964912280701,0,2,0.4905141614344053,0.4444444444444445,0.4625,0.47142857142857136,0.2736842105263158,0.55,1,1,2,1,7,0.1958094917369884,0.5757353829792377
0.36842105263157887,1,1,0.3168325204138708,0.2222222222222222,0.75,0.3809523809523809,0.21052631578947367,0.41666666666666663,0,1,2,1,0,0.2109050027216953,0.29483507999675834
0.4736842105263158,0,1,0.20027454924904975,0.1111111111111111,0.40625,0.5357142857142856,0.21052631578947367,1.0,0,1,0,1,2,0.2000488541507945,0.21121646541293626
0.42105263157894735,0,2,0.04850567640846275,0.2222222222222222,0.75,0.42857142857142855,0.15789473684210525,0.5833333333333334,0,1,0,1,1,0.03196995601479511,0.04683162221454459
0.5087719298245613,0,7,0.1537531115482772,0.6666666666666665,0.5535714285714286,0.6224489795918366,0.2706766917293233,0.7142857142857143,0,1,2,1,0,0.043458059640404195,0.15619028797316428
0.17543859649122806,1,5,0.03113751230640929,0.1111111111111111,0.375,0.42857142857142855,0.3684210526315789,0.875,1,0,3,1,5,0.03086408407657058,0.026092938323421123
0.5614035087719298,1,6,0.14666948012471684,0.1111111111111111,0.375,0.5357142857142856,0.3947368421052631,0.5,0,0,1,1,2,0.14642865683299017,0.1489713145306947
0.33333333333333337,1,5,0.000989649675079183,0.0,0.3125,0.7857142857142856,0.15789473684210525,1.0,1,1,4,0,4,0.00197985793956038,0.0009597999642657925
0.719298245614035,0,6,0.02030313034747195,0.2222222222222222,0.5,0.6428571428571428,0.3508771929824561,0.5,1,0,2,1,0,0.013162952506136907,0.021352373884076147
0.14035087719298245,0,6,0.04228366651275629,0.1111111111111111,0.40625,0.5714285714285714,0.15789473684210525,0.75,1,0,2,2,2,0.042013383902913044,0.03636221026974588
0.6491228070175438,1,2,0.09508460823090588,0.2222222222222222,0.6666666666666667,0.35714285714285715,0.2982456140350877,0.75,0,1,3,0,0,0.06303134076778093,0.09739699519863054
0.33333333333333337,1,9,0.0658252372324029,0.2222222222222222,0.5208333333333334,0.5238095238095237,0.3508771929824561,0.6666666666666666,1,1,0,1,0,0.04351958846570363,0.06240519653103308
0.15789473684210525,0,1,0.02397366571653185,0.5555555555555556,0.5208333333333334,0.4761904761904761,0.2982456140350877,0.7916666666666667,0,1,4,1,1,0.007523117611559039,0.022853921497538184
0.19298245614035092,0,1,0.007981804197149911,0.0,0.3125,0.5714285714285714,0.15789473684210525,0.75,1,0,2,0,3,0.015968113575623832,0.009204212465930466
0.22807017543859642,1,3,0.14361616687283546,0.7777777777777777,0.6171875,0.5446428571428572,0.1907894736842105,0.65625,1,1,3,0,7,0.0354202968838285,0.1140961496628236
0.38596491228070173,0,6,0.05338181016389381,0.7777777777777777,0.390625,0.5625,0.25,0.625,0,1,2,1,4,0.012855341317983009,0.04735735108100717
0.4035087719298246,2,5,0.24819560330004406,0.6666666666666665,0.5357142857142857,0.5204081632653061,0.15789473684210525,0.7857142857142858,1,1,3,1,4,0.07044924389985881,0.26284651873462994
0.17543859649122806,0,0,0.0014083096194778232,0.0,0.5,0.42857142857142855,0.15789473684210525,0.75,0,0,0,0,1,0.002817414133197522,0.00111297365005026
0.2807017543859649,1,6,0.004353549728562546,0.1111111111111111,0.75,0.5357142857142856,0.28947368421052627,0.75,1,1,1,0,1,0.0040725626432941454,0.004291801558561211
0.7368421052631579,0,7,0.06267847133601916,0.5555555555555556,0.59375,0.4880952380952381,0.41228070175438597,0.8333333333333333,1,0,3,1,1,0.020428360519653747,0.05708582323510218
0.6491228070175438,0,0,0.027799692060694034,0.2222222222222222,0.6041666666666666,0.5476190476190474,0.2982456140350877,0.6666666666666666,0,1,2,1,7,0.01816207074668655,0.028763951862136105
0.38596491228070173,1,1,0.2760259193774355,0.7777777777777777,0.484375,0.5803571428571428,0.3289473684210526,0.75,1,1,2,0,2,0.0685320770385689,0.31405283259945516
0.29824561403508765,0,2,0.03376584323625126,0.2222222222222222,0.6458333333333333,0.4761904761904761,0.14035087719298245,0.5,1,1,2,1,1,0.022140627358179517,0.03896308239294074
0.3157894736842105,0,6,0.014968031490182434,0.1111111111111111,0.71875,0.5357142857142856,0.18421052631578946,0.5,0,1,2,1,4,0.014690039978584805,0.01281682711515467
0.42105263157894735,0,3,0.0054929607240070755,0.0,0.5,0.14285714285714285,0.21052631578947367,1.0,1,0,2,1,4,0.010989021847805485,0.004208864073993507
0.07017543859649122,1,6,0.07492392895465216,0.3333333333333333,0.34375,0.5357142857142856,0.18421052631578946,0.75,0,1,2,1,2,0.037049213244613244,0.06850503525317024
0.22807017543859642,0,5,0.20360505924561786,0.8888888888888888,0.5555555555555556,0.49999999999999994,0.3333333333333333,0.6388888888888888,0,1,2,1,4,0.04475662088698083,0.152880513624733
0.0,0,1,0.0014782509221286577,0.0,0.625,0.42857142857142855,0.42105263157894735,0.25,1,1,3,2,7,0.0029573362155701256,0.001748274781838871
0.36842105263157887,1,1,0.19674804554561823,0.4444444444444445,0.55,0.5714285714285714,0.34736842105263155,0.8500000000000001,1,0,2,1,7,0.07826988321446872,0.14307735034167873
0.42105263157894735,0,5,0.08537225072890099,0.4444444444444445,0.7,0.49999999999999994,0.3578947368421052,0.8999999999999999,0,1,3,0,7,0.033706992487488534,0.07136609411366607
0.19298245614035092,0,6,0.14863573957099113,0.4444444444444445,0.4625,0.42857142857142855,0.2631578947368421,0.8,1,1,4,1,4,0.059019529604884144,0.10956965871935995
0.6140350877192983,0,1,0.07045598370565222,0.5555555555555556,0.5,0.5476190476190474,0.2719298245614035,0.5833333333333334,0,1,2,1,2,0.02302159628829667,0.06370793114577425
0.03508771929824561,1,1,0.23918206610164372,0.3333333333333333,0.4375,0.625,0.381578947368421,0.625,0,1,2,1,2,0.11920145993277811,0.24327137666271886
0.0,0,1,0.1487629774210113,0.5555555555555556,0.5104166666666666,0.46428571428571425,0.3157894736842105,0.75,1,1,2,1,4,0.04913129401509643,0.11605574915534098
0.33333333333333337,1,8,0.034772681875541236,0.1111111111111111,0.5,0.5714285714285714,0.13157894736842105,0.625,1,0,2,0,3,0.03450027954771965,0.038804932458082204
0.5087719298245613,1,0,0.012707386335010543,0.1111111111111111,0.5,0.42857142857142855,0.3157894736842105,0.875,1,1,0,1,1,0.012428756833800432,0.014375151360909336
0.6491228070175438,0,6,0.006319216451933038,0.2222222222222222,0.6666666666666667,0.3333333333333333,0.08771929824561403,0.9166666666666667,0,0,0,0,4,0.0038377122555077353,0.0052280946700581
0.19298245614035092,1,0,0.01226738836607436,0.2222222222222222,0.5625,0.6904761904761905,0.3684210526315789,0.8333333333333333,1,1,0,1,1,0.00780427931003657,0.012957346910436523
0.5087719298245613,0,3,0.11317688214712687,0.2222222222222222,0.41666666666666663,0.5238095238095237,0.4385964912280702,0.6666666666666666,1,1,2,1,0,0.07509626066140061,0.12588734814738986
0.2807017543859649,1,9,0.0003443720071197876,0.0,0.625,0.7142857142857142,0.894736842105263,1.0,1,0,4,1,1,0.0006889383886312123,0.0002986697301403824
0.24561403508771928,1,1,0.0673277897935882,0.4444444444444445,0.5625,0.4857142857142857,0.28421052631578947,0.55,1,1,2,1,3,0.026487171141110034,0.0692989128554523
0.4736842105263158,1,3,0.014639663001465804,0.3333333333333333,0.578125,0.49999999999999994,0.19736842105263158,0.6875,1,1,2,0,1,0.006898573684095069,0.01585793140643491
0.42105263157894735,2,7,0.2950215029990791,0.2222222222222222,0.5416666666666666,0.49999999999999994,0.17543859649122803,0.5833333333333334,1,0,2,0,1,0.19636022083709898,0.22637795891324408
0.0,0,7,0.06896469287963951,0.3333333333333333,0.546875,0.5714285714285714,0.2368421052631579,0.5625,0,1,0,1,1,0.03406875431204086,0.07074984490690386
0.5964912280701754,0,7,0.3925348921155407,0.7777777777777777,0.53125,0.5803571428571428,0.28289473684210525,0.90625,0,1,2,0,2,0.09766754038916126,0.357500700229334
0.5789473684210525,1,6,0.14395145046209665,0.7777777777777777,0.5078125,0.5089285714285714,0.3223684210526316,0.75,1,1,2,1,2,0.03550414143671914,0.15108067542391718
0.15789473684210525,1,0,0.1173131001442885,0.4444444444444445,0.5875,0.5428571428571427,0.15789473684210525,0.8500000000000001,1,1,0,1,0,0.0464869379376394,0.13842086081526125
0.36842105263157887,0,7,0.3570679341453242,0.1111111111111111,0.53125,0.2857142857142857,0.15789473684210525,0.625,1,1,3,1,2,0.3568864886059353,0.35969370949984913
0.38596491228070173,1,8,0.04547212058670875,0.6666666666666665,0.5267857142857143,0.5204081632653061,0.23308270676691728,0.75,1,1,3,0,4,0.012511902623265186,0.04604343175406145
0.3508771929824561,1,1,0.16394577217667805,0.2222222222222222,0.5208333333333334,0.5476190476190474,0.14035087719298245,0.8333333333333333,1,1,2,1,7,0.10895173920052183,0.1866701453017337
0.17543859649122806,0,2,0.2669714842986715,0.2222222222222222,0.5625,0.5238095238095237,0.42105263157894735,0.75,1,1,2,1,0,0.17765493093257603,0.3104349573440669
0.14035087719298245,1,8,0.10866803901776331,0.4444444444444445,0.6375,0.42857142857142855,0.431578947368421,0.6,1,1,3,1,2,0.043027937578150335,0.09912877726925252
0.2807017543859649,0,2,0.1838015943060667,0.3333333333333333,0.328125,0.5178571428571428,0.3157894736842105,0.625,1,0,2,0,2,0.09150340941497748,0.1944026202557982
0.543859649122807,0,9,0.0692590785885371,0.2222222222222222,0.29166666666666663,0.4047619047619047,0.2631578947368421,0.5833333333333334,1,1,2,1,0,0.045809462092479394,0.05345491494642476
0.4035087719298246,1,5,0.003959981720425647,0.1111111111111111,0.625,0.35714285714285715,0.2368421052631579,0.5,1,1,2,1,0,0.0036788835640763095,0.004051377639011518
0.21052631578947367,1,1,0.06358948643919146,0.4444444444444445,0.6,0.4857142857142857,0.42105263157894735,0.75,1,1,2,1,0,0.024991427796154077,0.06052365305970599
0.45614035087719296,1,3,0.030952582760417256,0.4444444444444445,0.6125,0.6000000000000001,0.19999999999999996,0.8999999999999999,1,1,4,1,0,0.01193298206566496,0.02496233453379418
0.0,0,6,0.4836528010997776,0.6666666666666665,0.5,0.4489795918367347,0.22556390977443608,0.7142857142857143,0,1,2,0,2,0.13774171462089485,0.4030774072130968
0.5263157894736842,0,3,0.15762616057614248,0.2222222222222222,0.45833333333333337,0.5238095238095237,0.3157894736842105,0.75,1,1,4,1,5,0.10473747580431646,0.12737050733570202
0.0,1,6,0.15442624719271614,0.1111111111111111,0.46875,0.5357142857142856,0.15789473684210525,0.75,1,1,2,0,2,0.1541876129826348,0.14925453419228132
0.21052631578947367,1,0,0.022637668291320145,0.2222222222222222,0.5,0.5952380952380953,0.1929824561403509,0.5833333333333334,0,1,2,1,0,0.014719750364248668,0.022543924876648264
0.05263157894736842,0,3,0.12807951654358776,0.1111111111111111,0.65625,0.42857142857142855,0.3684210526315789,0.5,1,1,3,1,2,0.1278334468718027,0.12227625006931206
0.017543859649122806,0,7,0.3467907117159782,0.6666666666666665,0.5267857142857143,0.5306122448979591,0.19548872180451127,0.8928571428571428,1,1,2,1,2,0.09862722490156821,0.3453944814819555
0.5263157894736842,1,1,0.005300523354566643,0.0,0.875,0.2857142857142857,0.3157894736842105,0.75,1,0,3,1,6,0.010604038491220975,0.004707958159697786
0.19298245614035092,1,4,0.061162681296648536,0.2222222222222222,0.41666666666666663,0.5714285714285714,0.24561403508771928,0.6666666666666666,0,1,2,2,0,0.04041034061079678,0.07004113225306076
0.36842105263157887,1,6,0.0032698546860771564,0.0,0.6875,0.6428571428571428,0.05263157894736842,0.75,1,0,3,1,1,0.006541554980979095,0.0035910035103882756
0.2807017543859649,0,6,0.025346016813177892,0.0,0.5,0.6428571428571428,0.21052631578947367,1.0,0,0,1,1,2,0.05070633971540085,0.01940950406701728
0.38596491228070173,0,6,0.03140384246452603,0.2222222222222222,0.6666666666666667,0.5238095238095237,0.08771929824561403,0.6666666666666666,0,1,2,0,6,0.020565515781188478,0.03769684027140936
0.29824561403508765,1,4,0.17123112696183876,0.8888888888888888,0.5347222222222222,0.48412698412698413,0.25146198830409355,0.5277777777777778,0,1,4,1,7,0.0375603833944109,0.17284792630222515
0.017543859649122806,0,4,0.050238798179234274,0.1111111111111111,0.65625,0.49999999999999994,0.4473684210526316,0.375,0,0,2,0,1,0.04997076063264543,0.040873061573262474
0.49122807017543857,1,2,0.04001413051402709,0.2222222222222222,0.45833333333333337,0.4523809523809524,0.1929824561403509,0.8333333333333333,1,0,3,1,5,0.02630732778664807,0.03283006867697651
0.19298245614035092,1,9,0.012191717408686593,0.1111111111111111,0.46875,0.42857142857142855,0.3684210526315789,0.875,0,1,0,0,4,0.01191294237759634,0.01083978705445391
0.0,1,6,0.0008720929658214242,0.0,0.6875,0.2857142857142857,0.10526315789473684,1.0,1,1,2,1,0,0.0017446781683408898,0.0010015530636395909
0.19298245614035092,0,4,0.04838001915285277,0.1111111111111111,0.4375,0.5357142857142856,0.42105263157894735,1.0,1,0,2,1,1,0.048111457029592526,0.054184243489288984
0.6140350877192983,0,6,0.07850654375964533,0.5555555555555556,0.5625,0.4047619047619047,0.3947368421052631,0.7916666666666667,0,1,2,1,1,0.025705873637843043,0.08809567478648338
0.4736842105263158,0,6,0.003919281414363296,0.1111111111111111,0.78125,0.5357142857142856,0.05263157894736842,0.875,1,0,3,0,1,0.0036381717717475577,0.004136637373147118
0.21052631578947367,1,6,0.41048273921753076,0.5555555555555556,0.59375,0.4523809523809524,0.34210526315789475,0.7916666666666667,1,1,2,1,2,0.13639583509141742,0.32312249676899263
0.21052631578947367,1,3,0.03425661780061474,0.0,0.75,0.49999999999999994,0.2631578947368421,1.0,0,0,2,0,6,0.06853257111371851,0.03526639283078905
0.22807017543859642,1,5,0.09092013710866212,0.0,0.6875,0.5714285714285714,0.05263157894736842,0.5,0,0,4,2,2,0.18189159240223093,0.09199549009655346
0.719298245614035,0,1,0.002059909665077972,0.0,0.6875,0.49999999999999994,0.10526315789473684,0.75,1,1,2,1,4,0.004120982007956981,0.0016686547966538753
0.36842105263157887,1,4,0.0026787123766667123,0.1111111111111111,0.4375,0.49999999999999994,0.28947368421052627,1.0,0,0,1,0,1,0.002397252625960013,0.0021483178145451495
0.38596491228070173,0,7,0.21837610915743055,0.8888888888888888,0.6180555555555556,0.4523809523809524,0.30994152046783624,0.6111111111111112,1,1,2,1,5,0.04804000278350959,0.23295637061776106
0.5087719298245613,1,6,0.19718745079165062,0.7777777777777777,0.5703125,0.48214285714285715,0.2368421052631579,0.90625,1,1,4,1,0,0.048816897528221076,0.18634607300489142
0.33333333333333337,1,7,0.08488937913658844,0.3333333333333333,0.4375,0.5714285714285714,0.17105263157894735,0.6875,1,1,4,1,0,0.04203334453895772,0.07176030782602844
0.22807017543859642,1,2,0.017002651644697393,0.1111111111111111,0.53125,0.42857142857142855,0.15789473684210525,1.0,0,1,0,1,0,0.016725234334902712,0.018898040447900333
0.24561403508771928,1,5,0.027001887032151464,0.0,0.4375,0.42857142857142855,0.42105263157894735,1.0,0,0,2,0,3,0.05401901477857824,0.022153360413606868
0.2807017543859649,1,7,0.08073320613499817,0.3333333333333333,0.578125,0.5892857142857142,0.25,0.75,0,1,2,1,2,0.03995467156947318,0.07206177373421997
0.2807017543859649,1,3,0.2218468969079029,0.1111111111111111,0.65625,0.3214285714285714,0.2631578947368421,0.375,0,1,2,0,2,0.22162728986539215,0.20651855453708326
0.4385964912280701,0,1,0.10529840930954301,0.5555555555555556,0.48958333333333337,0.49999999999999994,0.3070175438596491,0.875,0,1,2,1,5,0.03463901584973316,0.12627250982572227
0.29824561403508765,0,2,0.041634437358771426,0.3333333333333333,0.5625,0.35714285714285715,0.42105263157894735,0.75,1,1,2,0,0,0.020399770037662357,0.04603347925591332
0.4385964912280701,1,4,0.06630376219008742,0.2222222222222222,0.3125,0.4761904761904761,0.21052631578947367,0.75,1,1,1,1,2,0.04383869513567205,0.07131737426558858
0.2807017543859649,1,6,0.19826936766542452,0.2222222222222222,0.5625,0.3333333333333333,0.17543859649122803,1.0,0,1,2,1,3,0.13184059396528705,0.15980494051486643
0.29824561403508765,1,9,0.5408630084994489,0.7777777777777777,0.5625,0.43749999999999994,0.34210526315789475,0.71875,0,1,3,0,6,0.13476003461688127,0.4185788022215872
0.0,1,3,0.01745509679461381,0.2222222222222222,0.5,0.4761904761904761,0.6140350877192982,0.5833333333333334,0,1,3,0,1,0.011263727630994638,0.0130382938953746
0.4736842105263158,1,1,0.07996701299465936,0.6666666666666665,0.4642857142857143,0.4387755102040816,0.3157894736842105,0.7857142857142858,1,1,2,0,0,0.02237036759727556,0.09103976591724357
0.36842105263157887,0,8,0.01256789887831142,0.1111111111111111,0.59375,0.6071428571428572,0.2631578947368421,0.75,1,1,1,1,1,0.012289230011547523,0.012019916370579847
0.49122807017543857,1,7,0.03183040538097561,0.2222222222222222,0.5625,0.35714285714285715,0.3157894736842105,0.5833333333333334,1,1,1,1,1,0.02084997131399681,0.027786663936838606
0.0,1,1,0.11375893603867872,0.2222222222222222,0.625,0.5476190476190474,0.14035087719298245,0.75,0,1,2,1,2,0.07548440609894269,0.08498926315021212
0.7368421052631579,1,6,0.020166804079593204,0.1111111111111111,0.5,0.35714285714285715,0.18421052631578946,0.625,0,0,2,0,3,0.01989027974337341,0.02238022997853578
0.26315789473684215,1,6,0.11482603483985714,0.2222222222222222,0.375,0.3809523809523809,0.2631578947368421,0.8333333333333333,1,1,2,0,1,0.07619600606776984,0.09143672841480877
0.5263157894736842,0,5,0.29153392143299856,0.7777777777777777,0.5078125,0.5803571428571428,0.26973684210526316,0.5625,0,1,3,0,1,0.0724101717029723,0.28041803335793025
0.07017543859649122,1,3,0.14668548364311998,0.7777777777777777,0.5546875,0.5892857142857142,0.2631578947368421,0.6875,1,1,2,1,1,0.03618784262876438,0.14141661015069504
0.42105263157894735,1,8,0.039360949874016754,0.5555555555555556,0.41666666666666663,0.5476190476190474,0.32456140350877194,0.625,0,1,2,1,1,0.01265365984190781,0.04378274549613914
0.07017543859649122,0,6,0.022292110838392717,0.1111111111111111,0.6875,0.5357142857142856,0.2631578947368421,0.5,1,1,2,0,3,0.022016186297161695,0.024512623796043933
0.15789473684210525,1,6,0.024040840978964854,0.1111111111111111,0.625,0.42857142857142855,0.21052631578947367,1.0,0,0,2,0,5,0.023765409956879095,0.02415940489748216
0.6842105263157895,0,6,0.040041395767602836,0.0,0.75,0.42857142857142855,0.0,1.0,1,0,2,1,5,0.0801053921583159,0.04336815285899727
0.24561403508771928,0,7,0.12116856505934046,1.0,0.5625,0.46428571428571425,0.24736842105263157,0.725,0,1,2,0,1,0.023732563840932308,0.1329692614725053
0.33333333333333337,1,4,0.01870001246693841,0.0,0.4375,0.5714285714285714,0.3157894736842105,0.5,1,0,4,1,6,0.03741057980904588,0.016368494561433692
0.4736842105263158,0,2,0.01579231147509566,0.0,0.3125,0.6428571428571428,0.3157894736842105,1.0,0,1,2,0,6,0.03159353662747069,0.015465092086673937
0.38596491228070173,1,1,0.026046022562590056,0.1111111111111111,0.71875,0.6785714285714286,0.15789473684210525,0.875,0,0,0,0,0,0.0257711574342796,0.02126152179383827
0.3157894736842105,0,9,0.011106639346092287,0.3333333333333333,0.578125,0.6428571428571428,0.3947368421052631,0.8125,1,1,2,1,1,0.005131563318991318,0.012914882918337858
0.36842105263157887,1,5,0.09954623110226504,0.4444444444444445,0.525,0.4857142857142857,0.3789473684210526,0.65,1,1,2,0,6,0.03937818468489566,0.07231603636548038
0.7894736842105262,1,6,0.00923383254432036,0.0,0.5,0.5714285714285714,0.3684210526315789,0.0,0,0,2,2,4,0.018472876954141328,0.006755518778705257
0.2807017543859649,0,5,0.004408277810015318,0.0,0.5,0.2857142857142857,0.05263157894736842,0.5,1,0,3,1,0,0.00881904379067103,0.0045518461173172054
0.33333333333333337,0,1,0.06469926128944496,0.1111111111111111,0.46875,0.5357142857142856,0.13157894736842105,0.25,0,0,1,0,2,0.06443530471294333,0.06840835384258846
0.5087719298245613,2,6,0.15859032316635738,0.7777777777777777,0.546875,0.47321428571428564,0.36184210526315785,0.65625,0,1,4,0,3,0.03916489244280437,0.16302471584432965
0.5263157894736842,0,6,0.07086871642101267,0.2222222222222222,0.6666666666666667,0.5238095238095237,0.21052631578947367,0.5833333333333334,1,1,4,1,3,0.04688285682420219,0.0666069042849296
0.543859649122807,1,7,0.004363626017927497,0.1111111111111111,0.6875,0.5357142857142856,0.34210526315789475,0.75,0,1,2,0,4,0.004082641776346409,0.004736820404327347
0.42105263157894735,1,7,0.04243461327892928,0.3333333333333333,0.4375,0.48214285714285715,0.34210526315789475,0.5625,1,1,0,0,3,0.020799970908855187,0.0476363053862446
0.05263157894736842,1,1,0.08737387597510328,0.2222222222222222,0.5416666666666666,0.5952380952380953,0.4035087719298245,0.5833333333333334,0,1,3,0,2,0.05788940187064756,0.09095919807509208
0.631578947368421,1,6,0.002330586457822727,0.0,0.3125,0.2857142857142857,0.5263157894736843,1.0,1,0,3,1,0,0.004662488371941354,0.0017421611044050234
0.05263157894736842,1,0,0.043012518110154406,0.3333333333333333,0.515625,0.44642857142857145,0.3157894736842105,0.875,0,1,0,1,0,0.02108900487138335,0.03929033001062073
0.3508771929824561,0,4,0.012539843327530577,0.2222222222222222,0.6458333333333333,0.5238095238095237,0.3333333333333333,0.5,0,1,0,1,4,0.007985967211723784,0.01372525323183681
0.12280701754385964,1,0,0.025508818037427293,0.3333333333333333,0.546875,0.44642857142857145,0.2763157894736842,0.9375,0,1,3,1,0,0.012334684925312636,0.02716434844549088
0.2807017543859649,1,1,0.2694555859885837,0.8888888888888888,0.6041666666666666,0.3968253968253968,0.2982456140350877,0.7222222222222222,1,1,2,0,0,0.059394201064123665,0.2958661588049041
0.3508771929824561,1,6,0.3329579421609136,0.8888888888888888,0.5069444444444444,0.4682539682539682,0.2631578947368421,0.6666666666666666,1,1,0,1,5,0.07350981829431161,0.34790653940739036
0.3508771929824561,0,6,0.05603780149591407,0.2222222222222222,0.625,0.5714285714285714,0.3157894736842105,0.75,0,1,3,0,1,0.03699278986252655,0.06652429855030018
0.38596491228070173,0,6,0.05700413740344298,0.5555555555555556,0.5520833333333334,0.5119047619047619,0.25438596491228066,0.7916666666666667,0,1,3,1,1,0.01853638208003925,0.06819361684683059
0.631578947368421,0,3,0.10589508369938912,0.4444444444444445,0.5375,0.6142857142857143,0.19999999999999996,0.55,1,1,2,0,7,0.04191844242216191,0.0890296930412607
0.38596491228070173,1,3,0.038275476662819906,0.3333333333333333,0.5,0.42857142857142855,0.21052631578947367,0.6875,1,1,3,1,4,0.018719815713921794,0.04573002284809218
0.24561403508771928,0,0,0.022241136668664143,0.1111111111111111,0.5625,0.39285714285714285,0.3157894736842105,0.625,1,1,0,1,3,0.02196519774172083,0.022817760754266662
0.49122807017543857,1,2,0.14192335025952374,0.4444444444444445,0.6125,0.5285714285714285,0.2210526315789474,0.8500000000000001,1,1,2,1,2,0.05633381614356953,0.16262064441951582
0.543859649122807,0,1,0.030798474805423894,0.2222222222222222,0.4375,0.4523809523809524,0.21052631578947367,0.9166666666666667,1,0,2,1,0,0.020161823445604993,0.03183306532677606
0.03508771929824561,0,1,0.13903224550898796,0.3333333333333333,0.484375,0.5535714285714286,0.22368421052631576,0.5,1,1,4,1,0,0.06911241770931345,0.15408765686440384
0.42105263157894735,1,2,0.02268963033255509,0.4444444444444445,0.375,0.4857142857142857,0.4421052631578947,0.55,0,1,2,0,0,0.008626868320474533,0.023608273464317688
0.4385964912280701,0,1,0.23739816773544486,0.4444444444444445,0.5,0.4857142857142857,0.28421052631578947,0.8,1,1,2,1,2,0.09453452093188897,0.1753824010449175
0.22807017543859642,0,6,0.05240480524409614,0.2222222222222222,0.4375,0.5714285714285714,0.3684210526315789,0.5,0,0,2,1,0,0.034570108835532715,0.06239543360427826
0.5789473684210525,1,1,0.3022955960490672,0.4444444444444445,0.5,0.5428571428571427,0.15789473684210525,0.75,1,1,2,1,2,0.1205008182872628,0.28751724507268406
0.26315789473684215,0,1,0.015322677360968444,0.1111111111111111,0.5,0.35714285714285715,0.21052631578947367,0.625,0,1,0,1,5,0.015044785936012522,0.012371049983815344
0.3157894736842105,1,6,0.008471393315705754,0.1111111111111111,0.625,0.6428571428571428,0.3157894736842105,1.0,1,1,2,0,7,0.008191568350652642,0.010186476640302025
0.24561403508771928,1,5,0.14416897976779885,0.6666666666666665,0.5892857142857143,0.5306122448979591,0.21052631578947367,0.6428571428571429,0,1,3,0,4,0.04071896347663799,0.14574879041602865
0.29824561403508765,1,9,0.2326960969394358,0.4444444444444445,0.6125,0.5857142857142856,0.1894736842105263,0.65,0,1,3,1,0,0.09265316181415699,0.21322653828891913
0.05263157894736842,1,6,0.06375090464333195,0.5555555555555556,0.53125,0.5595238095238095,0.2719298245614035,0.875,1,1,3,1,4,0.020785939174605958,0.07631608754975658
0.0,0,6,0.05440643049029841,0.1111111111111111,0.53125,0.49999999999999994,0.10526315789473684,0.875,0,0,2,0,6,0.0541395691150857,0.05415642388732256
0.631578947368421,1,0,0.10179581209656563,0.1111111111111111,0.53125,0.5714285714285714,0.42105263157894735,0.875,1,0,2,1,1,0.10154232475006221,0.10223168183474779
0.10526315789473684,0,6,0.10154489273394822,0.5555555555555556,0.46875,0.4880952380952381,0.3157894736842105,0.5,1,1,2,1,6,0.03338749055740042,0.10990756972791293
0.08771929824561403,1,1,0.12155067375800349,0.4444444444444445,0.48750000000000004,0.38571428571428573,0.3894736842105263,0.8999999999999999,1,0,2,1,3,0.04818244574709004,0.09313922170516627
0.0,0,6,0.18385019758418,0.5555555555555556,0.5729166666666666,0.5238095238095237,0.4561403508771929,0.75,0,1,2,0,5,0.06083033479125027,0.16572032627132502
0.15789473684210525,0,6,0.0038058737654322813,0.1111111111111111,0.5625,0.6428571428571428,0.4473684210526316,1.0,1,0,2,0,1,0.0035247321173946266,0.0038609057815957456
0.017543859649122806,0,5,0.3579246163156463,0.8888888888888888,0.5416666666666666,0.48412698412698413,0.3684210526315789,0.7222222222222222,1,1,2,0,6,0.07905953388159864,0.38399529294230444
0.631578947368421,1,5,0.04012299395402881,0.3333333333333333,0.515625,0.5357142857142856,0.3026315789473684,0.4375,1,1,2,1,1,0.019643835058742568,0.04565566346907119
0.5087719298245613,1,6,0.03340052835319647,0.2222222222222222,0.47916666666666663,0.42857142857142855,0.3333333333333333,0.6666666666666666,0,1,3,1,1,0.02189701537107316,0.036799835831173404
0.14035087719298245,1,1,0.12161508298021866,0.7777777777777777,0.53125,0.45535714285714285,0.25,0.6875,0,1,2,0,0,0.02991847364771137,0.1403582330619145
0.7719298245614034,0,6,0.013021924622638023,0.1111111111111111,0.46875,0.6071428571428572,0.13157894736842105,0.875,1,0,3,0,3,0.012743383889078943,0.01346407124472103
0.49122807017543857,0,6,0.011149117820866097,0.3333333333333333,0.453125,0.6785714285714286,0.3157894736842105,0.6875,0,1,4,1,1,0.005152808550425013,0.00972273761944775
0.22807017543859642,1,4,0.26549382609944666,0.6666666666666665,0.5625,0.6020408163265305,0.18045112781954886,0.7142857142857143,0,1,3,0,2,0.07539298807983001,0.2704502747126453
0.0,1,2,0.12645525821281797,0.3333333333333333,0.40625,0.41071428571428564,0.2631578947368421,0.9375,0,0,2,1,2,0.06282214934943149,0.13839768571243063
0.7719298245614034,0,3,0.12061594973867835,0.1111111111111111,0.53125,0.6428571428571428,0.21052631578947367,0.75,1,0,3,0,0,0.1203677737309729,0.13429659297552682
0.0,1,0,0.060314889969883746,0.4444444444444445,0.5625,0.47142857142857136,0.21052631578947367,0.55,0,1,3,1,0,0.023681219551383713,0.04963310826469664
0.0,0,5,0.7276292051961252,0.8888888888888888,0.6111111111111112,0.5555555555555556,0.28654970760233917,0.5833333333333334,0,1,3,1,2,0.1612392950658735,0.6510953198140494
0.5087719298245613,0,5,0.1108376024200481,0.1111111111111111,0.5,0.42857142857142855,0.3157894736842105,0.625,0,0,2,0,2,0.1105866668089603,0.12191345781538876
0.8070175438596491,0,6,0.03322488479936429,0.1111111111111111,0.59375,0.35714285714285715,0.3157894736842105,0.875,1,0,0,1,2,0.03295204565886798,0.03160344697664433
0.5789473684210525,1,6,0.037581200568144665,0.3333333333333333,0.5625,0.5535714285714286,0.4605263157894736,0.75,1,1,2,1,3,0.018372579698768307,0.03842455745743056
0.4035087719298246,1,2,0.01865595339775441,0.1111111111111111,0.5,0.6428571428571428,0.10526315789473684,0.375,1,1,3,1,3,0.01837900267571338,0.02036551260341712
0.42105263157894735,0,1,0.040809169502351826,0.2222222222222222,0.5833333333333334,0.5714285714285714,0.17543859649122803,0.8333333333333333,1,1,4,1,0,0.026837503360534472,0.03460341427557898
0.4736842105263158,0,4,0.34442021524929833,1.0,0.6125,0.47142857142857136,0.3578947368421052,0.65,0,1,2,1,2,0.06839549490420772,0.27708968101295584
0.45614035087719296,1,2,0.015818588857165042,0.1111111111111111,0.59375,0.42857142857142855,0.3684210526315789,0.125,0,0,4,0,4,0.015540837386231784,0.016378115309643546
0.3508771929824561,1,8,0.09329181902114972,0.2222222222222222,0.4375,0.49999999999999994,0.2982456140350877,0.5833333333333334,0,1,4,0,0,0.06183581065907186,0.07226309855390202
0.3157894736842105,0,6,0.05438133855403667,0.6666666666666665,0.5803571428571429,0.42857142857142855,0.12030075187969924,0.6428571428571429,1,1,2,1,6,0.01505811184861944,0.050758783198097845
0.2807017543859649,0,9,0.08875887182703081,0.3333333333333333,0.578125,0.41071428571428564,0.513157894736842,0.875,1,1,2,1,1,0.043968636900022305,0.09726671225858677
0.12280701754385964,0,1,0.050170635045294905,0.1111111111111111,0.53125,0.42857142857142855,0.4473684210526316,0.875,0,1,0,1,3,0.04990257826199777,0.05120456032943717
0.22807017543859642,2,4,0.030442643488830235,0.2222222222222222,0.47916666666666663,0.49999999999999994,0.2807017543859649,0.8333333333333333,1,1,2,1,3,0.019924535620413786,0.02662098943945161
0.0,1,6,0.06942484342730561,0.2222222222222222,0.6875,0.42857142857142855,0.3684210526315789,0.5833333333333334,0,1,2,0,3,0.045920003172621224,0.055950717124884426
0.26315789473684215,1,7,0.04098086157015854,0.2222222222222222,0.5208333333333334,0.5476190476190474,0.17543859649122803,0.75,0,1,2,1,0,0.02695199704187326,0.04699005650649305
0.08771929824561403,0,5,0.015812661628126837,0.1111111111111111,0.375,0.6428571428571428,0.10526315789473684,0.875,1,0,2,0,1,0.015534908484436335,0.012825310435004737
0.05263157894736842,0,7,0.017175726732613018,0.1111111111111111,0.53125,0.5357142857142856,0.42105263157894735,1.0,1,1,2,0,6,0.016898358267329834,0.01793402252013367
0.33333333333333337,1,7,0.11228384630537044,0.2222222222222222,0.75,0.4761904761904761,0.42105263157894735,1.0,1,0,4,0,2,0.07450073541439103,0.08349894764180296
0.5789473684210525,1,4,0.12768160190082284,0.2222222222222222,0.45833333333333337,0.4761904761904761,0.3859649122807018,0.5833333333333334,1,1,0,0,0,0.08476880280386988,0.12517555495840565
0.49122807017543857,0,7,0.11112131911667691,0.4444444444444445,0.4375,0.42857142857142855,0.17894736842105263,0.8999999999999999,1,1,0,1,1,0.04400952655940492,0.11700171040789603
0.0,1,3,0.03575205768695419,0.1111111111111111,0.53125,0.6428571428571428,0.2368421052631579,0.875,1,1,2,1,5,0.035479931754387725,0.02713382745116997
0.08771929824561403,1,6,0.018157868584243803,0.1111111111111111,0.625,0.5714285714285714,0.2631578947368421,1.0,1,1,1,0,5,0.017880777294835785,0.016892138142570012
0.49122807017543857,0,5,0.09710401516422278,0.5555555555555556,0.4375,0.5595238095238095,0.2368421052631579,0.8333333333333333,0,1,3,0,4,0.031906780272330265,0.0856996819465949
0.08771929824561403,0,2,0.03464979066014909,0.0,0.75,0.49999999999999994,0.42105263157894735,0.5,1,1,1,1,3,0.06931913875191478,0.04039837480444526
0.24561403508771928,0,7,0.1059302519250158,0.2222222222222222,0.5208333333333334,0.49999999999999994,0.24561403508771928,0.6666666666666666,0,0,3,1,2,0.07026381043798971,0.07988974527765812
0.4035087719298246,1,6,0.0467002424434251,0.4444444444444445,0.525,0.45714285714285713,0.3263157894736842,0.44999999999999996,0,0,3,1,0,0.01823382363374881,0.055015419263202345
0.08771929824561403,0,3,0.0637625615271071,0.3333333333333333,0.625,0.5357142857142856,0.35526315789473684,0.9375,1,1,1,0,3,0.03146695457413785,0.07508377870762546
0.3157894736842105,0,6,0.17312724753116093,0.8888888888888888,0.5208333333333334,0.6111111111111112,0.27485380116959063,0.9166666666666667,0,1,3,1,0,0.03798186243538073,0.17315361017391753
0.0,0,6,0.06455048784058598,0.1111111111111111,0.46875,0.6428571428571428,0.3684210526315789,0.875,1,1,0,0,2,0.06428648927787754,0.06764551855595888
0.15789473684210525,0,3,0.18579274811430146,0.8888888888888888,0.45833333333333337,0.49999999999999994,0.2807017543859649,0.6388888888888888,1,1,2,1,0,0.04079721243239761,0.1517278247677869
0.3508771929824561,1,6,0.025295635366353136,0.0,0.6875,0.42857142857142855,0.42105263157894735,0.75,1,1,4,1,6,0.050605548384878206,0.029438115129550725
0.0,1,6,0.028039942411042667,0.2222222222222222,0.45833333333333337,0.49999999999999994,0.3333333333333333,0.9166666666666667,1,1,1,1,1,0.018322282848536913,0.023109321557158384
0.38596491228070173,1,2,0.16975821054584445,0.0,0.5625,0.8571428571428572,0.10526315789473684,0.25,1,0,2,1,2,0.33961223796477397,0.1281379871214674
0.2807017543859649,1,6,0.026333690745244335,0.1111111111111111,0.375,0.5714285714285714,0.18421052631578946,0.875,0,0,0,0,3,0.026058906801418744,0.020741717033416228
0.4035087719298246,0,1,0.04244982650012734,0.6666666666666665,0.5892857142857143,0.6530612244897958,0.21804511278195488,0.6071428571428571,1,1,2,1,3,0.011648146330265294,0.0428941295900566
0.33333333333333337,0,6,0.039863183747854095,0.2222222222222222,0.375,0.4761904761904761,0.12280701754385964,0.25,1,0,3,0,0,0.026206668209498664,0.028735942688776384
0.5789473684210525,0,3,0.03861589718391421,0.0,0.5,0.5714285714285714,0.894736842105263,1.0,1,1,4,1,6,0.07725359039470478,0.04180295665023556
0.3157894736842105,0,2,0.028482508845895406,0.1111111111111111,0.5,0.5357142857142856,0.13157894736842105,0.875,0,1,0,1,4,0.028208331332328977,0.02813575965759615
0.19298245614035092,1,0,0.01710894661878256,0.0,0.5,0.6428571428571428,0.5263157894736843,0.5,1,0,4,1,6,0.03422755006512898,0.017936249984004917
0.3157894736842105,1,1,0.04046598294103969,0.1111111111111111,0.5,0.7142857142857142,0.49999999999999994,0.875,1,1,4,1,2,0.04019518735230858,0.037827786711329685
0.4035087719298246,1,6,0.012311842583860906,0.1111111111111111,0.40625,0.5357142857142856,0.28947368421052627,0.875,1,1,2,0,3,0.012033101453984112,0.013607766360840616
0.29824561403508765,1,6,0.05883229241312708,0.4444444444444445,0.5875,0.47142857142857136,0.34736842105263155,0.6,1,1,2,1,0,0.023088013163743027,0.046949677799720674
0.29824561403508765,1,7,0.09654626291172755,0.5555555555555556,0.5520833333333334,0.7023809523809523,0.32456140350877194,0.5833333333333334,0,1,0,0,5,0.031720810386013,0.109574634968434
0.14035087719298245,0,8,0.16726482286377234,0.0,0.625,0.49999999999999994,0.05263157894736842,0.75,1,1,2,1,2,0.33462405525420263,0.13508364600765016
0.15789473684210525,2,6,0.41275069462184977,0.8888888888888888,0.6319444444444444,0.44444444444444436,0.3684210526315789,0.6944444444444444,0,1,2,1,5,0.09124654523441351,0.37112320576600355
0.0,1,1,0.17279196394189975,0.1111111111111111,0.5625,0.5714285714285714,0.21052631578947367,0.125,1,1,1,0,2,0.17255851282589443,0.17043525117972647
0.6491228070175438,1,6,0.09391101688134103,0.2222222222222222,0.29166666666666663,0.4761904761904761,0.3333333333333333,0.8333333333333333,1,1,2,1,6,0.062248725730781614,0.07122036110506853
0.03508771929824561,0,3,0.009304959292778836,0.3333333333333333,0.421875,0.5892857142857142,0.3157894736842105,0.9375,1,1,0,1,1,0.004230469061112945,0.009085066845242918
0.14035087719298245,1,2,0.017039005316131724,0.2222222222222222,0.6041666666666666,0.6428571428571428,0.3157894736842105,0.6666666666666666,0,1,4,1,0,0.010986255026967607,0.016077075937086946
0.14035087719298245,0,2,0.0006545636601192519,0.0,0.5625,0.42857142857142855,0.5789473684210527,1.0,1,0,2,0,7,0.0013094967765549085,0.0007286176501393588
0.4736842105263158,0,9,0.04712720050847722,0.1111111111111111,0.28125,0.46428571428571425,0.28947368421052627,0.75,1,0,3,1,2,0.04685828482009438,0.0413427247001573
0.22807017543859642,0,7,0.024680784140789867,0.2222222222222222,0.5,0.8095238095238095,0.6842105263157894,0.8333333333333333,1,1,3,0,1,0.016082211996842927,0.02665833500393124
0.543859649122807,1,6,0.011690076257753063,0.1111111111111111,0.46875,0.5357142857142856,0.47368421052631576,0.625,0,0,0,0,6,0.01141115965564148,0.012705548707288973
0.14035087719298245,0,1,0.025531143933471202,0.4444444444444445,0.675,0.5571428571428572,0.2526315789473684,0.65,1,1,2,1,4,0.009763794528769897,0.02984199698297128
0.3508771929824561,1,2,0.31504980749347955,0.4444444444444445,0.6125,0.4142857142857142,0.4105263157894737,0.55,0,0,2,1,1,0.12560394264064195,0.3542453802636275
0.10526315789473684,0,3,0.06073730382600659,0.2222222222222222,0.4375,0.42857142857142855,0.21052631578947367,0.75,1,1,2,1,0,0.04012667559822783,0.04617537344379658
0.7368421052631579,1,3,0.11597334880735262,0.1111111111111111,0.28125,0.5714285714285714,0.21052631578947367,0.875,1,0,2,1,2,0.1157238625846573,0.12463025284558511
0.03508771929824561,1,2,0.00896789753480617,0.0,0.75,0.2857142857142857,0.21052631578947367,0.25,1,0,4,1,5,0.017940856833029675,0.006697272968114567
0.3508771929824561,0,2,0.10019546025624992,0.2222222222222222,0.6875,0.4761904761904761,0.2631578947368421,0.5,1,1,2,0,1,0.06643953702655167,0.07534823080127563
0.42105263157894735,0,9,0.014936419601978668,0.2222222222222222,0.5416666666666666,0.49999999999999994,0.3684210526315789,0.6666666666666666,1,1,1,1,1,0.009584135629030459,0.011977452378481182
0.36842105263157887,0,3,0.22065809233714004,0.4444444444444445,0.6,0.42857142857142855,0.2736842105263158,0.65,1,1,2,0,2,0.0878366010475579,0.23810091169622322
0.24561403508771928,0,0,0.008269077231201644,0.0,0.375,0.2857142857142857,0.5789473684210527,1.0,0,0,4,0,4,0.01654282178966272,0.008751136835949181
0.26315789473684215,0,6,0.019186835545276424,0.0,0.5625,0.5714285714285714,0.5789473684210527,0.75,1,0,2,1,7,0.03838450074397835,0.015671535333975035
0.29824561403508765,1,2,0.07758584751571061,0.2222222222222222,0.41666666666666663,0.4047619047619047,0.2982456140350877,0.8333333333333333,0,1,0,0,6,0.05136220800735078,0.06014706948692028
0.26315789473684215,0,9,0.0984921722049707,0.0,0.3125,0.49999999999999994,0.3157894736842105,0.75,0,0,2,2,5,0.19703993648960397,0.07667380876890915
0.49122807017543857,0,1,0.009582946334670713,0.3333333333333333,0.453125,0.5714285714285714,0.14473684210526316,0.8125,0,1,2,1,0,0.004369501808216231,0.010658082873978151
0.7543859649122807,0,0,0.3119425564573506,1.0,0.5625,0.45,0.2684210526315789,0.6,0,1,2,1,1,0.06189813000461071,0.24930135832642583
0.17543859649122806,0,0,0.05300661656577536,0.2222222222222222,0.6875,0.4761904761904761,0.24561403508771928,0.9166666666666667,0,1,2,1,6,0.03497142961039802,0.056238960428393436
0.0,1,6,0.02243436433530967,0.1111111111111111,0.5,0.6785714285714286,0.3684210526315789,0.375,1,0,2,0,4,0.02215847994025248,0.01956850707314565
0.26315789473684215,0,3,0.06189765769738612,0.2222222222222222,0.625,0.5238095238095237,0.3859649122807018,0.8333333333333333,0,1,3,1,0,0.04090046315922059,0.05408182754405995
0.8245614035087719,1,6,0.10051691364442197,0.3333333333333333,0.484375,0.39285714285714285,0.2763157894736842,0.75,1,1,0,0,0,0.049849316960868646,0.10848730084932726
0.12280701754385964,1,4,0.02736344800348205,0.2222222222222222,0.5208333333333334,0.6428571428571428,0.22807017543859648,0.8333333333333333,1,1,4,0,0,0.017871159298589838,0.026549094488543493
0.631578947368421,0,5,0.3601127517022508,0.2222222222222222,0.45833333333333337,0.6904761904761905,0.2982456140350877,0.5833333333333334,0,1,2,1,2,0.23976663315519617,0.30327105439135027
0.6491228070175438,1,6,0.016572532390824884,0.1111111111111111,0.375,0.49999999999999994,0.28947368421052627,0.75,0,1,0,0,1,0.016294993694612937,0.017264124609068246
0.17543859649122806,0,6,0.026897567801079034,0.1111111111111111,0.59375,0.5714285714285714,0.4473684210526316,0.5,1,1,2,1,3,0.026622942992225826,0.020368024424378316
0.4035087719298246,1,3,0.1381895911140563,0.5555555555555556,0.53125,0.5952380952380953,0.2807017543859649,0.7916666666666667,0,1,2,1,4,0.045605837254149025,0.12471210029464136
0.631578947368421,1,1,0.07107794760606134,0.6666666666666665,0.5982142857142857,0.4489795918367347,0.3383458646616541,0.8214285714285714,1,1,2,1,1,0.0198299178765226,0.06395048774349854
0.21052631578947367,0,6,0.005559345689234987,0.0,0.375,0.42857142857142855,0.5789473684210527,0.75,1,0,2,1,0,0.011121829248023551,0.004632982673648582
0.24561403508771928,0,3,0.07840420027158564,0.3333333333333333,0.296875,0.5535714285714286,0.3947368421052631,0.75,1,0,0,0,5,0.038789839996727235,0.07383829465366018
0.17543859649122806,0,1,0.010706156237410811,0.0,0.625,0.6428571428571428,0.10526315789473684,0.75,0,0,3,0,7,0.021418355366120554,0.009741552580232538
0.07017543859649122,0,6,0.10167509419848748,0.1111111111111111,0.625,0.5357142857142856,0.28947368421052627,1.0,1,1,0,1,2,0.10142157278349488,0.08376690680622913
0.15789473684210525,0,5,0.013344563456617723,0.0,0.875,0.35714285714285715,0.15789473684210525,0.75,1,0,2,0,7,0.026696659004549247,0.013442412713036778
0.03508771929824561,1,8,0.10433938365116123,0.3333333333333333,0.59375,0.6071428571428572,0.22368421052631576,0.5625,1,1,2,1,0,0.051761091344811286,0.09592023404484218
0.29824561403508765,1,0,0.17777162663119814,0.7777777777777777,0.4921875,0.5357142857142856,0.24342105263157893,0.75,1,1,2,0,0,0.04396157162538273,0.15317757199803037
0.12280701754385964,1,5,0.02619202997123121,0.5555555555555556,0.625,0.4523809523809524,0.2719298245614035,0.7916666666666667,1,1,2,1,4,0.008262781048884652,0.026031896334779293
0.33333333333333337,0,6,0.05190020047864351,0.5555555555555556,0.5625,0.5476190476190474,0.18421052631578946,0.5833333333333334,1,1,2,1,0,0.016834589634685444,0.03918919367229646
0.0,0,1,0.10163281329801493,0.1111111111111111,0.375,0.7142857142857142,0.07894736842105263,0.5,0,1,2,1,3,0.10137927995068734,0.1123078279241506
0.3508771929824561,1,6,0.046035009771037076,0.5555555555555556,0.4375,0.5595238095238095,0.3070175438596491,0.7083333333333334,1,1,2,1,1,0.01487897431579979,0.041759118265535494
0.4736842105263158,0,0,0.02660041605196362,0.4444444444444445,0.625,0.4857142857142857,0.3684210526315789,0.7,0,1,4,1,7,0.01019162408232952,0.02293392062550977
0.0,0,8,0.00799405380382887,0.2222222222222222,0.33333333333333337,0.4523809523809524,0.3684210526315789,0.6666666666666666,1,1,0,1,1,0.0049545856003971565,0.007806123440360605
0.36842105263157887,1,0,0.0012476817125424318,0.0,0.4375,0.35714285714285715,0.21052631578947367,0.0,1,0,0,1,3,0.0024960676558841684,0.0015096517905255063
0.543859649122807,1,9,0.0437757476359741,0.3333333333333333,0.625,0.7142857142857142,0.4473684210526316,0.8125,1,1,3,0,4,0.02147072733198036,0.052039622316913135
0.03508771929824561,0,2,0.00645653059131815,0.1111111111111111,0.34375,0.6428571428571428,0.3947368421052631,0.875,1,0,2,1,1,0.006176137000319567,0.005741027467473105
0.6491228070175438,0,1,0.08832163989831246,0.5555555555555556,0.5,0.4166666666666666,0.2719298245614035,0.5416666666666666,1,1,0,1,3,0.028978495675557842,0.06577260058302682
0.38596491228070173,0,7,0.13076889793252325,0.2222222222222222,0.4375,0.5952380952380953,0.2982456140350877,0.75,1,1,2,0,1,0.08682758101399635,0.10805346671576567
0.14035087719298245,1,6,0.13037710809309783,0.4444444444444445,0.44999999999999996,0.5571428571428572,0.34736842105263155,0.8,1,1,2,1,2,0.051714015864555415,0.11203816261718474
0.2807017543859649,2,6,0.10705938905679412,0.1111111111111111,0.40625,0.6428571428571428,0.3947368421052631,0.875,1,1,1,0,2,0.10680738717448106,0.12284330549951351
0.4035087719298246,1,2,0.12623950707582726,0.0,0.25,0.21428571428571425,0.15789473684210525,0.25,1,0,4,1,2,0.25255026769979755,0.09199639056067163
0.29824561403508765,1,7,0.13941237846463825,0.1111111111111111,0.59375,0.5714285714285714,0.2368421052631579,0.75,0,0,2,1,2,0.13916950710470183,0.1563616605127053
0.4035087719298246,2,3,0.1508772200189395,0.5555555555555556,0.6041666666666666,0.6428571428571428,0.24561403508771928,0.9166666666666667,0,1,2,1,0,0.049836240438575354,0.11330132420357505
0.08771929824561403,1,3,0.06387656189894192,0.1111111111111111,0.5,0.46428571428571425,0.15789473684210525,0.125,0,1,0,0,3,0.06361237314373495,0.04846435323216856
0.33333333333333337,0,1,0.05325081840214946,0.3333333333333333,0.53125,0.5892857142857142,0.18421052631578946,0.875,1,1,2,1,7,0.026209599722053084,0.039473598155091195
0.0,1,7,0.08370709451776757,0.2222222222222222,0.29166666666666663,0.5714285714285714,0.24561403508771928,1.0,0,1,2,1,6,0.05544419101683103,0.099381002008035
0.26315789473684215,0,7,0.09076128737043818,0.2222222222222222,0.625,0.49999999999999994,0.2982456140350877,0.8333333333333333,0,0,2,1,1,0.06014831345471375,0.07848459471768793
0.10526315789473684,0,1,0.06729657305398698,0.5555555555555556,0.46875,0.4523809523809524,0.41228070175438597,0.75,0,1,2,0,0,0.021968162192618556,0.05176535990365982
0.14035087719298245,1,5,0.06956393573540216,0.4444444444444445,0.4625,0.5142857142857142,0.2631578947368421,0.8500000000000001,0,1,2,0,6,0.027381881948055305,0.051693654524145004
0.543859649122807,0,7,0.12740973966227045,0.5555555555555556,0.625,0.4523809523809524,0.32456140350877194,0.75,1,1,3,0,1,0.042011539355687785,0.12168559300064503
0.5263157894736842,1,3,0.015244437937664123,0.0,0.4375,0.49999999999999994,0.15789473684210525,0.75,0,0,0,1,5,0.030497480315551963,0.011967784237423005
0.42105263157894735,0,9,0.038748667114370035,0.1111111111111111,0.71875,0.6785714285714286,0.4473684210526316,0.5,1,0,2,1,0,0.03847738687210706,0.03142453897421971
0.05263157894736842,1,9,0.09522567628201517,0.1111111111111111,0.4375,0.35714285714285715,0.34210526315789475,1.0,1,1,3,0,0,0.09497033473986645,0.10908800520183905
0.22807017543859642,1,9,0.21670324754854747,0.3333333333333333,0.609375,0.5714285714285714,0.40789473684210525,0.5625,0,1,1,2,2,0.10795887871818723,0.2050843521610902
0.543859649122807,1,1,0.06687218345485141,0.1111111111111111,0.53125,0.49999999999999994,0.6052631578947367,0.625,1,0,2,1,1,0.06660884011115505,0.07854483102790824
0.3157894736842105,1,6,0.004834050429259805,0.1111111111111111,0.625,0.46428571428571425,0.47368421052631576,0.375,1,1,2,1,1,0.004553198948845236,0.0038941755611194766
0.7719298245614034,0,1,0.07559311311306564,0.2222222222222222,0.625,0.4761904761904761,0.24561403508771928,0.6666666666666666,1,1,4,0,2,0.050033343484930735,0.07550187841554334
0.36842105263157887,1,1,0.10535333496529706,0.6666666666666665,0.625,0.5306122448979591,0.3458646616541353,0.6785714285714286,1,1,2,0,3,0.02962564942296398,0.07651030344218997
0.33333333333333337,1,9,0.0411013818939354,0.5555555555555556,0.7291666666666667,0.4523809523809524,0.34210526315789475,0.75,1,1,1,1,1,0.013233967574309065,0.03746172435087201
0.22807017543859642,1,2,0.050019293130519366,0.1111111111111111,0.59375,0.6785714285714286,0.21052631578947367,0.875,0,1,0,1,2,0.049751193636153955,0.05882869523223207
0.3157894736842105,1,6,0.1235967532219923,0.5555555555555556,0.53125,0.3809523809523809,0.2631578947368421,0.6666666666666666,1,0,2,0,1,0.0407401851806836,0.13651528916983371
0.26315789473684215,0,6,0.43948190486125643,0.5555555555555556,0.46875,0.5238095238095237,0.2807017543859649,0.7916666666666667,1,1,0,1,2,0.14606495164618263,0.4140083307148785
0.4385964912280701,0,6,0.11998549014331447,0.2222222222222222,0.33333333333333337,0.5952380952380953,0.3157894736842105,0.75,1,0,2,1,0,0.0796366136563557,0.11018685578308864
0.49122807017543857,1,2,0.0013685971849218407,0.0,0.25,0.5714285714285714,0.5789473684210527,0.25,1,1,4,1,1,0.0027379668491385005,0.0017410236760452373
0.12280701754385964,0,0,0.06235721552214838,0.2222222222222222,0.5208333333333334,0.5238095238095237,0.17543859649122803,0.6666666666666666,1,0,1,1,3,0.0412069215053587,0.06150459023432446
0.017543859649122806,0,9,0.00836529591592186,0.1111111111111111,0.71875,0.42857142857142855,0.2631578947368421,0.5,1,0,3,0,1,0.0080854410085141,0.007327740029374088
0.0,1,8,0.010662097168226812,0.0,0.375,0.6428571428571428,0.2631578947368421,0.75,1,1,3,1,5,0.021330212359428204,0.009416200676485518
0.4035087719298246,0,6,0.0119870304325672,0.1111111111111111,0.71875,0.42857142857142855,0.10526315789473684,0.375,1,0,0,1,0,0.01170819763559349,0.011525371998314712
0.05263157894736842,0,1,0.015553839293458493,0.1111111111111111,0.46875,0.5357142857142856,0.21052631578947367,0.75,1,0,1,0,0,0.015276013106035047,0.016888251929007413
0.0,0,6,0.0017382587026046421,0.0,0.9375,0.35714285714285715,0.21052631578947367,0.25,1,0,2,0,1,0.0034774985330908808,0.0015204099670951456
0.36842105263157887,0,1,0.08184890821428988,0.2222222222222222,0.3125,0.4047619047619047,0.2631578947368421,0.75,0,1,2,2,1,0.05420505054158212,0.09701045912769674
0.8070175438596491,1,8,0.031747226600139455,0.1111111111111111,0.75,0.6071428571428572,0.3947368421052631,0.875,1,1,4,1,0,0.03147397044126247,0.023472540346716603
0.2807017543859649,0,3,0.06623994569077607,0.2222222222222222,0.75,0.5952380952380953,0.14035087719298245,0.9166666666666667,1,1,2,0,5,0.04379613879611804,0.04967689925654839
0.4736842105263158,0,0,0.07871518222179019,0.5555555555555556,0.47916666666666663,0.4523809523809524,0.2631578947368421,0.7916666666666667,1,1,2,1,6,0.02577543941890965,0.06510943245642348
0.29824561403508765,0,7,0.26934237591395405,0.7777777777777777,0.46875,0.49999999999999994,0.28947368421052627,0.84375,0,1,3,1,2,0.06686071962243173,0.23650671106428697
0.26315789473684215,0,6,0.02899956079232827,0.0,0.5625,0.2857142857142857,0.21052631578947367,1.0,1,0,1,1,6,0.05801548984883078,0.024959870105681316
0.49122807017543857,1,6,0.05752415296439495,0.1111111111111111,0.65625,0.7142857142857142,0.3157894736842105,0.75,0,0,2,0,2,0.05725817145949206,0.05863618548233834
0.22807017543859642,2,3,0.127085125085278,0.5555555555555556,0.46875,0.49999999999999994,0.2807017543859649,0.5833333333333334,1,1,3,1,0,0.04190330395957753,0.1276598406747225
0.3508771929824561,0,0,0.06940073936255023,0.1111111111111111,0.6875,0.6071428571428572,0.28947368421052627,0.375,0,0,2,0,0,0.06913810961709373,0.05391822743164411
0.3508771929824561,1,6,0.009534540630858696,0.1111111111111111,0.25,0.46428571428571425,0.15789473684210525,0.125,0,1,2,0,0,0.009255015702696405,0.011351629816357452
0.14035087719298245,1,0,0.14182831702061116,0.5555555555555556,0.6770833333333333,0.5238095238095237,0.22807017543859648,0.875,1,1,2,0,1,0.0468190881915578,0.15918997091500897
0.49122807017543857,0,5,0.08916962879937851,0.2222222222222222,0.41666666666666663,0.4761904761904761,0.1929824561403509,0.6666666666666666,1,1,3,1,3,0.059086908279955094,0.0987812455124897
0.24561403508771928,1,7,0.01227647678393294,0.0,0.5625,0.5714285714285714,0.21052631578947367,0.0,1,0,3,1,0,0.024559882797469304,0.014181267218414208
0.12280701754385964,1,0,0.09790083232125897,0.7777777777777777,0.4765625,0.33035714285714285,0.3026315789473684,0.6875,0,1,0,1,1,0.023988237849358066,0.0813940890691713
0.4035087719298246,1,7,0.016425734684978644,0.2222222222222222,0.5208333333333334,0.7142857142857142,0.3508771929824561,0.6666666666666666,1,1,0,1,0,0.010577292556454839,0.014689413338148447
0.10526315789473684,1,2,0.04158939041808106,0.3333333333333333,0.671875,0.44642857142857145,0.35526315789473684,0.6875,0,1,0,2,0,0.020377240210839653,0.04958159223856802
0.29824561403508765,1,0,0.4370920461130516,0.7777777777777777,0.609375,0.43749999999999994,0.30921052631578944,0.875,1,1,2,0,6,0.10880997257092397,0.5238810193064246
0.2807017543859649,1,4,0.18898871001170234,0.3333333333333333,0.625,0.42857142857142855,0.18421052631578946,0.6875,0,1,2,1,0,0.09409769921060625,0.18235967096093264
0.5263157894736842,1,1,0.06810267620318304,0.4444444444444445,0.4375,0.47142857142857136,0.2631578947368421,1.0,0,1,2,1,1,0.026797213179000065,0.061663261490514557
0.38596491228070173,0,7,0.03209377192457325,0.1111111111111111,0.5,0.6071428571428572,0.49999999999999994,0.0,1,1,3,1,1,0.0318206135662364,0.033567975325387446
0.2807017543859649,0,6,0.11279378557695746,0.5555555555555556,0.6354166666666667,0.5238095238095237,0.2982456140350877,0.5833333333333334,0,1,2,1,3,0.03713817970988829,0.08190379915290025
0.45614035087719296,1,6,0.0038815447228200493,0.0,0.625,0.42857142857142855,0.3684210526315789,0.75,1,1,2,2,1,0.007765280311559836,0.004600281608304745
0.5789473684210525,1,2,0.010856707854981253,0.1111111111111111,0.78125,0.49999999999999994,0.10526315789473684,0.875,0,1,3,0,0,0.010577556063201302,0.008676635278383221
0.4035087719298246,0,8,0.040228696205210156,0.2222222222222222,0.41666666666666663,0.5714285714285714,0.2982456140350877,0.5,0,0,2,1,0,0.026450411949978245,0.036938365126825634
0.29824561403508765,1,1,0.0013506179235059483,0.0,0.4375,0.7142857142857142,0.05263157894736842,1.0,1,0,1,1,1,0.002701998178246108,0.0010423109131985767
0.017543859649122806,1,6,0.09708682620001198,0.2222222222222222,0.375,0.4523809523809524,0.3684210526315789,0.6666666666666666,1,0,2,1,2,0.06436652945211611,0.10197538131100943
0.07017543859649122,1,1,0.010179028001612998,0.0,0.3125,0.7142857142857142,0.2631578947368421,0.75,0,0,2,1,3,0.020363801366769966,0.010946326177487163
0.22807017543859642,0,7,0.013888287933722515,0.1111111111111111,0.375,0.5357142857142856,0.07894736842105263,0.75,1,1,2,1,3,0.013609991701513786,0.01269498010211263
0.15789473684210525,0,1,0.11405668051069796,0.4444444444444445,0.44999999999999996,0.6142857142857143,0.23157894736842105,0.8999999999999999,0,1,2,0,5,0.04518400247907146,0.13640358422633306
0.24561403508771928,0,6,0.22865649277559688,0.2222222222222222,0.5416666666666666,0.5714285714285714,0.3333333333333333,0.75,0,0,3,1,2,0.15210439452177377,0.20514174490041104
0.29824561403508765,0,0,0.05160048026361154,0.1111111111111111,0.625,0.6428571428571428,0.3157894736842105,0.75,1,1,2,1,5,0.05133282700511999,0.04304829852565588
0.4035087719298246,0,6,0.18948758512241803,0.2222222222222222,0.5625,0.4047619047619047,0.2631578947368421,0.6666666666666666,1,1,2,0,2,0.12598442003186192,0.19074962689980157
0.2807017543859649,1,3,0.0794126195052858,0.3333333333333333,0.5625,0.6071428571428572,0.2368421052631579,0.75,1,0,2,1,3,0.039294191909460124,0.07292114825288636
0.38596491228070173,0,5,0.011747570379423661,0.1111111111111111,0.53125,0.46428571428571425,0.2631578947368421,0.75,1,1,3,0,1,0.011468670003057334,0.012208966442545887
0.29824561403508765,1,1,0.05997525974599453,0.3333333333333333,0.609375,0.44642857142857145,0.19736842105263158,0.625,0,1,3,0,2,0.029572769265521714,0.05586995971133964
0.0,0,3,0.06984251550019786,0.5555555555555556,0.40625,0.4761904761904761,0.3508771929824561,0.7916666666666667,0,1,0,0,0,0.022817049176353667,0.060896539990322386
0.08771929824561403,0,2,0.06019911142933747,0.4444444444444445,0.48750000000000004,0.5142857142857142,0.3052631578947368,0.8999999999999999,1,1,2,1,4,0.023634895065355273,0.058561541746227415
0.26315789473684215,0,2,0.03743795919972135,0.0,0.3125,0.6428571428571428,0.15789473684210525,0.75,0,0,3,0,6,0.07489704956107351,0.04458292634724834
0.03508771929824561,1,7,0.06649876802544441,0.4444444444444445,0.5,0.4857142857142857,0.3368421052631579,0.65,1,1,2,1,0,0.02615546884866063,0.07937046183856765
0.42105263157894735,1,1,0.05012539053030325,0.1111111111111111,0.625,0.6428571428571428,0.10526315789473684,0.625,0,1,4,0,1,0.0498573209782925,0.03949084915188129
0.6140350877192983,0,5,0.1338447346547498,0.5555555555555556,0.6145833333333334,0.5238095238095237,0.25438596491228066,0.875,1,1,3,1,5,0.044157143038774285,0.09813798238218258
0.543859649122807,0,0,0.01950334957591664,0.2222222222222222,0.5208333333333334,0.4523809523809524,0.17543859649122803,0.9166666666666667,1,1,1,1,1,0.012629614851292931,0.018299563559259782
0.24561403508771928,0,1,0.04109624496210229,0.4444444444444445,0.6625000000000001,0.657142857142857,0.3263157894736842,0.7,1,0,2,0,7,0.015991592026733812,0.047117069340002454
0.5964912280701754,1,6,0.03103536639265087,0.4444444444444445,0.525,0.5571428571428572,0.3263157894736842,0.75,1,1,2,1,0,0.011966104863695535,0.028399832608459723
0.3157894736842105,0,6,0.003503387510182486,0.1111111111111111,0.5625,0.6071428571428572,0.2368421052631579,0.75,0,0,0,1,0,0.0032221604957668633,0.003778963546842854
0.21052631578947367,0,6,0.02554260324294507,0.3333333333333333,0.46875,0.46428571428571425,0.3026315789473684,0.8125,0,1,3,1,7,0.012351582295429667,0.01897813436156857
0.15789473684210525,0,3,0.003821482135232892,0.1111111111111111,0.53125,0.35714285714285715,0.2631578947368421,0.875,1,0,0,1,4,0.0035403448921226435,0.003575600834682845
0.22807017543859642,0,6,0.08641583818822784,0.4444444444444445,0.4625,0.5571428571428572,0.431578947368421,0.95,0,1,2,1,3,0.03412454527793604,0.07894307313237818
0.21052631578947367,0,1,0.06886689360050911,0.6666666666666665,0.5446428571428571,0.3673469387755102,0.3458646616541353,0.6428571428571429,1,1,2,0,3,0.019198009876590472,0.06824541723004916
0.33333333333333337,0,0,0.0023386870041749424,0.0,0.75,0.49999999999999994,0.3684210526315789,0.75,0,1,3,1,7,0.004678694036848915,0.0027148519234150527
0.3157894736842105,0,1,0.11042566000189277,0.0,0.6875,0.49999999999999994,0.10526315789473684,1.0,1,0,2,1,5,0.22091364771927993,0.11673346688637992
0.29824561403508765,0,0,0.15952603505718888,0.6666666666666665,0.4285714285714286,0.5816326530612244,0.41353383458646614,0.6071428571428571,0,1,2,0,4,0.04510793184574927,0.13006663908402896
0.38596491228070173,1,0,0.06275947679954132,0.0,0.6875,0.5714285714285714,0.3684210526315789,1.0,0,1,2,0,6,0.125554377021632,0.07361270469563602
0.543859649122807,1,6,0.012220365682371254,0.3333333333333333,0.5625,0.5357142857142856,0.19736842105263158,0.75,1,1,2,1,0,0.005688583642673783,0.014774056965255829
0.49122807017543857,0,0,0.00708916350399604,0.1111111111111111,0.5625,0.42857142857142855,0.15789473684210525,0.875,0,1,3,1,0,0.00680894845195386,0.008417301612352093
0.0,0,0,0.01808338307266368,0.4444444444444445,0.575,0.47142857142857136,0.42105263157894735,0.55,1,0,2,0,1,0.006783849434353123,0.017529382381139925
0.0,0,1,0.023163611081310324,0.1111111111111111,0.375,0.39285714285714285,0.2631578947368421,1.0,0,0,3,1,6,0.022887932491152594,0.02239549047569624
0.49122807017543857,0,6,0.20329901665294517,0.3333333333333333,0.65625,0.44642857142857145,0.28947368421052627,0.875,1,1,2,2,0,0.10125487182801284,0.19551251337070732
0.0,1,3,0.1924579171677645,0.5555555555555556,0.5520833333333334,0.39285714285714285,0.32456140350877194,0.625,0,1,2,1,0,0.06370038439705407,0.16760248584968032
0.24561403508771928,0,8,0.0005160640749264974,0.0,0.75,0.6428571428571428,0.631578947368421,0.5,0,1,4,0,4,0.0010324194326475768,0.000488241123437991
0.03508771929824561,0,2,0.01035032492081716,0.0,0.625,0.21428571428571425,0.736842105263158,0.75,0,0,4,1,4,0.020706491890546935,0.01028675990735646
0.0,1,6,0.13781933687346967,0.4444444444444445,0.675,0.5142857142857142,0.2526315789473684,0.75,0,0,2,1,4,0.054691747502301886,0.1511360776636084
0.4035087719298246,1,2,0.04262270401374169,0.1111111111111111,0.65625,0.6071428571428572,0.631578947368421,0.625,1,1,3,0,0,0.04235251708561274,0.035570844488425006
0.45614035087719296,0,7,0.12674549486138878,0.1111111111111111,0.5625,0.5357142857142856,0.34210526315789475,0.625,1,1,2,0,1,0.1264990487077069,0.15164308635498286
0.17543859649122806,1,3,0.001111948167567507,0.0,0.5,0.42857142857142855,0.42105263157894735,0.75,1,0,3,0,1,0.0022245239536525887,0.000996529421717204
0.0,0,0,0.009409673672453815,0.1111111111111111,0.375,0.6071428571428572,0.05263157894736842,0.625,0,0,2,0,1,0.009130113504872271,0.00953757376104431
0.17543859649122806,1,7,0.03550469466175971,0.2222222222222222,0.5208333333333334,0.3809523809523809,0.17543859649122803,0.8333333333333333,1,1,1,1,2,0.02330018879599617,0.035364638205365534
0.36842105263157887,0,5,0.07614750660243921,0.4444444444444445,0.475,0.6000000000000001,0.16842105263157894,0.75,1,1,3,1,0,0.03001605348976148,0.08779890077027598
0.0,0,0,0.06057884923638521,0.0,0.6875,0.42857142857142855,0.05263157894736842,1.0,0,1,3,1,2,0.12119189108054036,0.05872571057282314
0.33333333333333337,0,3,0.011282282899924466,0.1111111111111111,0.4375,0.35714285714285715,0.42105263157894735,0.625,0,0,2,0,1,0.011003251212114562,0.012122237530112231
0.2807017543859649,1,6,0.02085851170835188,0.2222222222222222,0.625,0.5714285714285714,0.2982456140350877,0.9166666666666667,0,1,2,0,4,0.013533311238292642,0.021070765579332552
0.4035087719298246,0,5,0.06403304074555058,0.6666666666666665,0.4732142857142857,0.489795918367347,0.3007518796992481,0.5357142857142857,1,1,2,0,1,0.017816519292519397,0.06703429299111907
0.3157894736842105,1,8,0.06890087638032816,0.2222222222222222,0.47916666666666663,0.49999999999999994,0.22807017543859648,0.9166666666666667,0,1,0,1,3,0.045570593226809404,0.07570874819847936
0.08771929824561403,1,6,0.0045754256688927365,0.0,0.6875,0.21428571428571425,0.15789473684210525,0.75,0,0,3,1,3,0.009153433851934373,0.004833975743392371
0.543859649122807,2,7,0.20685831769038804,0.7777777777777777,0.4375,0.5089285714285714,0.4013157894736842,0.75,1,1,4,1,1,0.05123529657058486,0.2479087668712616
0.26315789473684215,0,1,0.08055400624374306,0.0,0.4375,0.35714285714285715,0.42105263157894735,0.5,1,1,2,1,2,0.16115347970210825,0.08096897521970141
0.2807017543859649,0,0,0.023122515626645423,0.1111111111111111,0.375,0.5357142857142856,0.3947368421052631,0.25,1,1,2,0,0,0.022846825438704144,0.021599243230997957
0.08771929824561403,1,0,0.034104683162935384,0.2222222222222222,0.5625,0.5238095238095237,0.22807017543859648,0.9166666666666667,1,1,3,0,1,0.02236658439327275,0.02770832355855837
0.19298245614035092,1,6,0.00015687399521119408,0.0,0.3125,0.7142857142857142,0.2631578947368421,1.0,1,1,2,0,1,0.0003138365350391179,0.00010454862340363114
0.10526315789473684,1,9,0.36402669861047976,0.3333333333333333,0.53125,0.46428571428571425,0.4868421052631579,0.75,0,1,0,1,1,0.18164139274646296,0.33449156715353345
0.24561403508771928,0,6,0.535451053238964,0.7777777777777777,0.5703125,0.5803571428571428,0.381578947368421,0.59375,1,1,3,1,5,0.13340666396704004,0.3864912372993091
0.6491228070175438,0,5,0.11052543502403589,1.0,0.48750000000000004,0.5285714285714285,0.42105263157894735,0.725,1,1,3,1,0,0.02160333710213857,0.12321121618105586
0.0,0,7,0.03365283073592278,0.1111111111111111,0.4375,0.21428571428571425,0.2631578947368421,0.5,1,1,0,0,3,0.03338011236849942,0.028956651183423124
0.0,0,1,0.05445819495723208,0.3333333333333333,0.453125,0.6071428571428572,0.2368421052631579,0.6875,1,1,2,1,3,0.026813458369919593,0.04056808859429494
0.5964912280701754,1,6,0.030848263529344826,0.1111111111111111,0.65625,0.6071428571428572,0.3157894736842105,0.625,1,1,2,0,3,0.030574753668952653,0.02813846104995064
0.24561403508771928,1,6,0.06704170220534411,0.3333333333333333,0.75,0.5357142857142856,0.21052631578947367,0.6875,1,1,3,2,1,0.03310698762578906,0.05762382684928079
0.14035087719298245,1,2,0.037799125022449385,0.1111111111111111,0.78125,0.3214285714285714,0.21052631578947367,0.875,1,0,4,1,4,0.037527576804476076,0.027241693573956307
0.5087719298245613,1,3,0.04185749874490925,0.0,0.4375,0.5714285714285714,0.0,0.75,1,0,4,0,5,0.08373862317856724,0.04125519010930213
0.15789473684210525,1,6,0.00034081566969686373,0.0,0.75,0.49999999999999994,0.21052631578947367,1.0,0,1,4,0,1,0.000681823706476673,0.0002641677365602176
0.6666666666666666,0,6,0.010055939211919579,0.0,0.5,0.6428571428571428,0.15789473684210525,0.75,0,0,2,0,1,0.02011755431219897,0.007328450922098954
0.4385964912280701,1,6,0.028927841320965975,0.1111111111111111,0.21875,0.39285714285714285,0.18421052631578946,0.625,1,1,2,1,0,0.02865378948722707,0.03074838520717547
0.19298245614035092,0,0,0.16668691803254723,0.5555555555555556,0.4375,0.5476190476190474,0.2982456140350877,0.7083333333333334,1,1,4,0,3,0.05510762702490935,0.12023755191294123
0.7368421052631579,1,0,0.4157702226682133,0.6666666666666665,0.5089285714285714,0.4183673469387755,0.2631578947368421,0.8928571428571428,0,1,3,0,2,0.11834121863155696,0.4601568798065235
0.15789473684210525,2,6,0.04374670421368689,0.4444444444444445,0.5625,0.39999999999999997,0.28421052631578947,0.5,0,1,2,1,6,0.017052074927879853,0.03179510365526821
0.4385964912280701,0,3,0.010164209929017481,0.0,0.5625,0.6428571428571428,0.5263157894736843,0.75,1,0,3,1,5,0.02033415685779272,0.010708129721808719
0.3508771929824561,0,6,0.01696116104142995,0.2222222222222222,0.5,0.49999999999999994,0.24561403508771928,0.75,1,0,4,1,1,0.01093434419791412,0.012796021654740258
0.5614035087719298,1,9,0.17540310590753092,0.4444444444444445,0.6499999999999999,0.5857142857142856,0.28421052631578947,0.7,1,1,4,0,0,0.06972949780818381,0.13510118136153018
0.6140350877192983,0,9,0.018457391224974497,0.5555555555555556,0.5416666666666666,0.4880952380952381,0.3859649122807018,0.75,0,1,2,0,0,0.0056838405212374255,0.017136495668530632
0.29824561403508765,0,2,0.0718085773721709,0.2222222222222222,0.27083333333333337,0.5952380952380953,0.2631578947368421,0.25,0,0,2,1,5,0.0475096076206678,0.05815728075002027
0.12280701754385964,1,8,0.04265056199022127,0.1111111111111111,0.34375,0.49999999999999994,0.2631578947368421,0.75,1,1,2,0,0,0.04238038292405136,0.043719570829322714
0.38596491228070173,1,5,0.12969369858499263,0.0,0.6875,0.6428571428571428,0.5789473684210527,1.0,1,0,4,0,2,0.2594606003724536,0.1085153574155353
0.14035087719298245,1,5,0.00435098126264599,0.0,0.5,0.42857142857142855,0.3684210526315789,1.0,1,0,3,1,0,0.00870441835595901,0.004126874446392291
0.719298245614035,0,3,0.08756236185851822,0.4444444444444445,0.44999999999999996,0.47142857142857136,0.19999999999999996,0.75,1,1,4,1,7,0.03458328417285594,0.08612498536745809
0.3157894736842105,0,1,0.02340820806628697,0.0,0.4375,0.42857142857142855,0.894736842105263,0.75,0,0,4,0,5,0.046829628461416375,0.021611944514348898
0.21052631578947367,0,6,0.10823278283205769,0.7777777777777777,0.5,0.5178571428571428,0.34210526315789475,0.59375,1,1,2,1,1,0.026571954436784957,0.07968661952973972
0.33333333333333337,1,1,0.13390637783674714,0.0,0.5625,0.7142857142857142,0.3157894736842105,0.75,1,0,2,0,5,0.26788833664462497,0.11890889341016664
0.0,1,2,0.009049298146930871,0.2222222222222222,0.5833333333333334,0.42857142857142855,0.2807017543859649,0.75,1,1,3,1,0,0.005658280366830377,0.008060196500227722
0.08771929824561403,0,6,0.07663630542378996,0.2222222222222222,0.6041666666666666,0.4047619047619047,0.1929824561403509,0.9166666666666667,0,1,2,0,6,0.050729001295596786,0.0848276535374259
0.543859649122807,1,1,0.36098168347925186,0.0,0.8125,0.42857142857142855,0.3157894736842105,0.75,1,0,2,0,2,0.7221671163738678,0.3161165067868929
0.15789473684210525,0,7,0.024049731822522166,0.1111111111111111,0.59375,0.35714285714285715,0.18421052631578946,0.625,1,0,2,0,5,0.023774303309572267,0.024979775101977564
0.07017543859649122,0,6,0.04913811174683936,0.1111111111111111,0.3125,0.35714285714285715,0.10526315789473684,0.75,0,1,2,1,0,0.04886976356923049,0.03781939817717627
0.4035087719298246,1,3,0.0406465658524037,0.4444444444444445,0.5125,0.47142857142857136,0.3789473684210526,0.35,1,1,2,1,0,0.01581166962024791,0.046366414015392245
0.543859649122807,0,8,0.17675728016845976,0.5555555555555556,0.5104166666666666,0.46428571428571425,0.4298245614035087,0.8333333333333333,1,1,2,0,2,0.05846536174173215,0.1963273860047971
0.4385964912280701,1,0,0.020969350891366336,0.3333333333333333,0.5625,0.5892857142857142,0.28947368421052627,0.6875,1,0,2,1,0,0.010064310797775236,0.018578328293103918
0.49122807017543857,0,2,0.12344442343571041,0.6666666666666665,0.3839285714285714,0.5510204081632653,0.23308270676691728,0.7857142857142858,1,1,3,1,4,0.034795990582984104,0.14695138394226034
0.12280701754385964,1,3,0.002696098915178784,0.0,0.875,0.6428571428571428,0.3157894736842105,0.75,0,0,2,1,6,0.005393719593380104,0.0021172281060443414
0.0,0,7,0.003972626475707152,0.0,0.8125,0.49999999999999994,0.10526315789473684,1.0,1,0,3,1,0,0.007947495226739978,0.004354928832529315
0.6140350877192983,1,6,0.0048387922124903705,0.1111111111111111,0.5625,0.49999999999999994,0.10526315789473684,0.375,1,1,0,0,7,0.004557942070281597,0.005055869059247222
0.22807017543859642,1,9,0.027400591972121476,0.2222222222222222,0.4375,0.4761904761904761,0.3859649122807018,1.0,1,1,2,0,7,0.017895928932757488,0.02362400788996139
0.22807017543859642,0,6,0.07134289474406916,0.2222222222222222,0.5833333333333334,0.49999999999999994,0.12280701754385964,0.5833333333333334,0,1,0,0,6,0.04719906491995948,0.052838144418330985
0.5614035087719298,1,6,0.0042911162493601065,0.0,0.375,0.6428571428571428,0.3157894736842105,0.75,1,1,2,1,0,0.008584654539690933,0.003469583032981157
0.4035087719298246,0,0,0.006013766582164138,0.0,0.625,0.35714285714285715,0.05263157894736842,0.75,1,0,2,2,7,0.012030927523325782,0.00438890950477791
0.38596491228070173,1,6,0.009789411479501567,0.0,0.375,0.5714285714285714,0.3684210526315789,0.75,0,0,0,2,7,0.019584348410728227,0.007071439505635722
0.7368421052631579,0,1,0.08108370294545743,0.1111111111111111,0.4375,0.3214285714285714,0.2631578947368421,0.75,1,1,2,1,2,0.08082437031604406,0.0642211483002792
0.15789473684210525,1,6,0.028298764745711007,0.2222222222222222,0.375,0.6190476190476191,0.10526315789473684,0.5833333333333334,0,0,1,0,3,0.018494879767471106,0.021599954123722825
0.49122807017543857,0,6,0.030489271023930793,0.1111111111111111,0.6875,0.49999999999999994,0.21052631578947367,0.75,1,1,0,0,4,0.03021565985020827,0.033793233533473334
0.29824561403508765,1,6,0.016937847273879668,0.1111111111111111,0.5,0.5357142857142856,0.15789473684210525,0.875,0,1,2,0,7,0.016660411675272466,0.01246123857417668
0.3508771929824561,1,6,0.2960830697198219,0.5555555555555556,0.44791666666666663,0.4880952380952381,0.20175438596491224,0.7083333333333334,0,1,4,1,6,0.09825185013027443,0.26413598335184024
0.6140350877192983,1,2,0.17028138729561684,0.4444444444444445,0.625,0.5571428571428572,0.2526315789473684,0.8999999999999999,1,0,3,2,5,0.06768023219160473,0.1952300519946939
0.4035087719298246,0,5,0.07879440951660088,0.4444444444444445,0.475,0.4142857142857142,0.19999999999999996,0.7,1,1,4,0,5,0.0310751134544766,0.0635990697731731
0.4035087719298246,1,1,0.13789935446548546,0.5555555555555556,0.5208333333333334,0.4880952380952381,0.28947368421052627,0.8333333333333333,0,1,3,1,3,0.04550906440150996,0.15278307392857804
0.5087719298245613,0,9,0.007934979087748081,0.1111111111111111,0.625,0.8214285714285714,0.3157894736842105,0.625,1,1,2,1,1,0.0076550027381644785,0.005895954688645574
0.21052631578947367,0,6,0.10062162802409695,0.5555555555555556,0.47916666666666663,0.5238095238095237,0.2982456140350877,0.5,1,1,2,1,0,0.033079648800843374,0.07781934130575828
0.10526315789473684,1,1,0.018073701931901276,0.2222222222222222,0.47916666666666663,0.6904761904761905,0.4035087719298245,0.9166666666666667,1,0,3,1,1,0.01167624744258468,0.01756668055277123
0.07017543859649122,0,6,0.030261863003164944,0.3333333333333333,0.4375,0.5892857142857142,0.3289473684210526,0.75,1,1,1,0,4,0.014711878100198044,0.024811388311880966
0.0,1,2,0.017864668321153868,0.0,0.5625,0.49999999999999994,0.10526315789473684,0.75,1,1,3,1,3,0.03573942002296856,0.02021745734525169
0.719298245614035,1,7,0.019313678246694038,0.2222222222222222,0.6666666666666667,0.49999999999999994,0.3684210526315789,0.5833333333333334,1,1,2,0,0,0.01250313161299001,0.020483994724228127
0.05263157894736842,0,3,0.04629738844312834,0.1111111111111111,0.4375,0.75,0.18421052631578946,1.0,1,1,2,1,5,0.04602823856873148,0.03909146961905155
0.24561403508771928,0,0,0.1282190040002869,0.4444444444444445,0.6,0.5142857142857142,0.17894736842105263,0.8999999999999999,1,1,2,1,0,0.05085053060706617,0.0985880248698711
0.22807017543859642,0,3,0.027720069617280796,0.1111111111111111,0.78125,0.6071428571428572,0.18421052631578946,0.75,1,0,0,1,4,0.02744567693137434,0.024040306669642943
0.3508771929824561,1,2,0.0063277121468878,0.0,0.75,0.7142857142857142,0.5263157894736843,1.0,1,1,3,0,3,0.012658995853523715,0.007266461076490636
0.45614035087719296,1,8,0.23444186346548884,0.8888888888888888,0.5277777777777778,0.49999999999999994,0.391812865497076,0.8055555555555556,0,1,2,1,5,0.05161117796496858,0.266978322037248
0.4736842105263158,1,1,0.054532087745908384,0.2222222222222222,0.5416666666666666,0.3333333333333333,0.14035087719298245,0.75,1,1,0,0,1,0.035988697405123886,0.05496570416531005
0.17543859649122806,0,1,0.00616550364554222,0.0,0.6875,0.2857142857142857,0.15789473684210525,0.75,1,0,4,1,7,0.012334487295252786,0.006176093815091116
0.24561403508771928,0,0,0.3178976434720364,1.0,0.48750000000000004,0.5499999999999998,0.3578947368421052,0.8,1,1,3,0,0,0.0630894835313883,0.2515459784087662
0.3508771929824561,0,3,0.07754376418953934,0.5555555555555556,0.5208333333333334,0.46428571428571425,0.2192982456140351,0.5833333333333334,1,1,2,1,6,0.02538485654396277,0.05790951093898029
0.24561403508771928,1,6,0.07604792915459735,0.2222222222222222,0.5833333333333334,0.5476190476190474,0.1929824561403509,0.9166666666666667,1,1,0,1,0,0.050336639750111274,0.06262855902518599
0.631578947368421,1,1,0.027248657334442122,0.3333333333333333,0.4375,0.5357142857142856,0.42105263157894735,0.625,1,1,3,0,1,0.01320485007882475,0.03251239441465804
0.38596491228070173,1,7,0.0013344168308015174,0.0,0.6875,0.7142857142857142,0.3684210526315789,1.0,0,1,2,1,0,0.002669586848430985,0.0009975246715320167
0.4385964912280701,1,7,0.03820395476575887,0.1111111111111111,0.21875,0.39285714285714285,0.3157894736842105,0.375,0,1,1,0,0,0.03793252079710526,0.029266410840071415
0.42105263157894735,1,6,0.0030058954195757008,0.0,0.375,0.7142857142857142,0.42105263157894735,1.0,1,1,0,1,3,0.006013487461064407,0.0032719548554683998
0.543859649122807,0,8,0.046233176795214444,0.1111111111111111,0.625,0.42857142857142855,0.21052631578947367,0.875,1,0,2,1,1,0.04596400879928078,0.0361338715265189
0.33333333333333337,0,0,0.2079580162512766,0.5555555555555556,0.5520833333333334,0.4880952380952381,0.41228070175438597,0.7916666666666667,1,1,2,1,1,0.06886854221546064,0.20724930486539722
0.017543859649122806,0,7,0.4092915637551525,0.3333333333333333,0.390625,0.5535714285714286,0.17105263157894735,0.8125,1,0,3,0,3,0.20428021254717676,0.37704096116487834
0.36842105263157887,1,2,0.03634734905669138,0.2222222222222222,0.5416666666666666,0.5714285714285714,0.21052631578947367,0.6666666666666666,0,1,2,1,0,0.023862116932831537,0.028500447625452428
0.15789473684210525,1,9,0.015343225088300893,0.1111111111111111,0.46875,0.49999999999999994,0.3157894736842105,0.375,0,1,2,0,6,0.015065339462236746,0.012724979775101978
0.17543859649122806,0,6,0.058326699776168084,0.0,0.375,0.42857142857142855,0.3684210526315789,1.0,1,1,2,1,2,0.11668632097611857,0.06676036232780401
0.42105263157894735,1,1,0.1096399070057279,0.1111111111111111,0.46875,0.5714285714285714,0.2368421052631579,0.375,1,1,2,0,4,0.10938863338615985,0.10727655575318375
0.543859649122807,0,3,0.08210911356906712,0.3333333333333333,0.484375,0.5357142857142856,0.5394736842105263,0.6875,0,1,0,0,3,0.040642819437865,0.09799153848086017
0.29824561403508765,0,5,0.005504815182083488,0.0,0.4375,0.5714285714285714,0.15789473684210525,0.5,1,0,1,1,7,0.011012737454987282,0.005803443848716341
0.3508771929824561,1,6,0.06584499466253024,0.0,0.4375,0.49999999999999994,0.2631578947368421,1.0,1,0,0,1,2,0.13172715431093412,0.07805284586945262
0.6491228070175438,0,4,0.04140801720951194,0.1111111111111111,0.53125,0.5714285714285714,0.13157894736842105,0.75,0,1,3,0,1,0.041137487477665324,0.04264626499331998
0.33333333333333337,1,7,0.007528568750028401,0.0,0.5625,0.2857142857142857,0.5263157894736843,0.75,1,1,2,2,0,0.01506138686103978,0.0087218480556847
0.8421052631578948,0,1,0.05551166113162261,0.4444444444444445,0.5875,0.6428571428571428,0.4105263157894737,0.7,1,1,2,0,0,0.021759385797394795,0.05111783141700352
0.4035087719298246,0,1,0.09161303018322843,0.6666666666666665,0.4464285714285714,0.5510204081632653,0.3233082706766917,0.8214285714285714,1,1,2,1,0,0.025698740133778045,0.06888569461091183
0.0,1,6,0.11707759157717046,0.3333333333333333,0.53125,0.5178571428571428,0.3289473684210526,0.8125,0,1,0,0,6,0.058131992769111365,0.12405637284522493
0.45614035087719296,1,5,0.005806313565826916,0.1111111111111111,0.5625,0.49999999999999994,0.42105263157894735,0.5,0,1,0,1,4,0.005525736473358776,0.006286471758838648
0.36842105263157887,0,8,0.03993391534771003,0.3333333333333333,0.46875,0.5535714285714286,0.4473684210526316,0.75,1,1,2,0,3,0.019549269075105152,0.044359326888853814
0.5614035087719298,0,7,0.043412408495932045,0.2222222222222222,0.5625,0.6190476190476191,0.4912280701754386,0.5833333333333334,1,1,2,1,0,0.028573485806242034,0.04681380250357461
0.4385964912280701,1,8,0.12001275539689023,0.3333333333333333,0.609375,0.48214285714285715,0.13157894736842105,0.875,0,1,2,0,1,0.05959998885366462,0.10587154737175852
0.26315789473684215,0,5,0.03183455444130236,0.4444444444444445,0.48750000000000004,0.47142857142857136,0.3052631578947368,0.5,0,1,3,1,4,0.012285870300530103,0.02733221391425591
0.03508771929824561,1,7,0.1079488685611276,0.3333333333333333,0.453125,0.5714285714285714,0.381578947368421,0.8125,1,1,2,1,5,0.05356634312649568,0.11464448491793693
0.24561403508771928,1,2,0.054572590477669464,0.3333333333333333,0.5625,0.41071428571428564,0.2763157894736842,0.8125,0,1,2,1,3,0.02687067227224568,0.05736790546832902
0.10526315789473684,1,7,0.03235121123913268,0.3333333333333333,0.359375,0.5714285714285714,0.25,0.5625,1,1,2,1,0,0.01575684704164599,0.03293779262121787
0.17543859649122806,1,3,0.13935705766028167,0.7777777777777777,0.6328125,0.5357142857142856,0.3881578947368421,0.75,1,1,2,1,0,0.03435521908379099,0.1603306219884807
0.42105263157894735,1,6,0.16306775198181844,0.7777777777777777,0.609375,0.42857142857142855,0.40789473684210525,0.59375,1,1,2,1,0,0.04028456554687498,0.12902954138414605
0.6491228070175438,2,2,0.036658726155498485,0.2222222222222222,0.6666666666666667,0.4523809523809524,0.2631578947368421,0.41666666666666663,1,0,2,2,1,0.024069760249045495,0.04222608000007583
0.36842105263157887,1,6,0.04674390636400655,0.1111111111111111,0.53125,0.6785714285714286,0.10526315789473684,0.75,0,1,2,1,5,0.046474882503988665,0.04792786618913633
0.03508771929824561,1,5,0.028043301174164318,0.3333333333333333,0.640625,0.49999999999999994,0.19736842105263158,0.6875,1,1,2,0,0,0.013602284129179703,0.029908678720563714
0.38596491228070173,1,5,0.013960204979386083,0.1111111111111111,0.625,0.6428571428571428,0.2631578947368421,0.875,1,1,2,1,3,0.013681929043298569,0.012997156903029019
0.543859649122807,0,6,0.20122606708398313,0.4444444444444445,0.5125,0.6000000000000001,0.15789473684210525,0.95,0,1,2,0,2,0.08006159733705352,0.23166444157243782
0.15789473684210525,0,1,0.023102758196518074,0.2222222222222222,0.5208333333333334,0.4523809523809524,0.24561403508771928,0.75,0,0,1,1,0,0.015029897804837286,0.022331510130458296
0.26315789473684215,1,7,0.12003211767841503,0.2222222222222222,0.41666666666666663,0.42857142857142855,0.3333333333333333,0.8333333333333333,0,1,0,0,6,0.07966770745243851,0.12471864050771012
0.29824561403508765,1,3,0.1938245386096736,0.3333333333333333,0.53125,0.625,0.4473684210526316,0.75,1,1,0,1,6,0.09651629588302987,0.18185503191197444
0.12280701754385964,1,1,0.006933474954592486,0.1111111111111111,0.625,0.6428571428571428,0.3157894736842105,0.875,1,1,2,0,0,0.00665321596479339,0.006452631085064002
0.42105263157894735,1,3,0.0022268599496541165,0.0,0.4375,0.42857142857142855,0.05263157894736842,0.0,1,1,2,1,7,0.004454976809100626,0.002602910015672815
0.26315789473684215,1,1,0.06713772331576305,0.5555555555555556,0.7395833333333333,0.49999999999999994,0.21052631578947367,0.9583333333333333,1,1,3,0,1,0.02191519733657921,0.06855366031555107
0.38596491228070173,1,6,0.24833726407405715,0.4444444444444445,0.5375,0.42857142857142855,0.23157894736842105,0.8500000000000001,1,0,2,1,3,0.09891139434133754,0.287059667122112
0.10526315789473684,1,6,0.03419734551023267,0.1111111111111111,0.40625,0.39285714285714285,0.15789473684210525,0.875,1,0,2,1,5,0.03392478081344137,0.026027062264250205
0.19298245614035092,0,6,0.004021032179519171,0.0,0.6875,0.42857142857142855,0.47368421052631576,1.0,1,0,3,2,0,0.008044333956065653,0.0036946042768254187
0.4385964912280701,1,5,0.07661891888527789,0.3333333333333333,0.484375,0.5178571428571428,0.2631578947368421,0.3125,1,1,2,1,1,0.03789694738633257,0.07513913355446837
0.21052631578947367,0,4,0.20745637510034307,1.0,0.51875,0.5428571428571427,0.2368421052631579,0.675,0,1,2,0,3,0.0409949962045147,0.21239858522869182
0.6491228070175438,0,7,0.21976683466409508,0.3333333333333333,0.65625,0.5714285714285714,0.2368421052631579,0.625,1,0,0,1,5,0.1094911045721912,0.2178523172496224
0.21052631578947367,0,7,0.09456004846102462,0.6666666666666665,0.3928571428571429,0.6224489795918366,0.3458646616541353,0.75,1,1,3,1,2,0.026540982983120163,0.0815747032141356
0.33333333333333337,1,6,0.002604424439387859,0.0,0.25,0.42857142857142855,0.15789473684210525,0.5,1,0,3,1,3,0.005210318897840871,0.002226042085797169
0.49122807017543857,1,3,0.08038251175023763,0.5555555555555556,0.5208333333333334,0.5238095238095237,0.3157894736842105,0.75,1,0,2,0,0,0.02633137277726295,0.06333935696435537
0.0,1,6,0.0618283091176391,0.1111111111111111,0.4375,0.6428571428571428,0.5789473684210527,0.875,1,1,2,2,0,0.0615635423132875,0.05166716192193166
0.0,0,3,0.012769819814212982,0.1111111111111111,0.5625,0.39285714285714285,0.13157894736842105,0.5,1,1,2,1,4,0.012491207932712498,0.014428515708122612
0.0,1,8,0.07552514755342754,0.2222222222222222,0.7083333333333333,0.5952380952380953,0.08771929824561403,0.75,0,1,1,0,1,0.04998802032453885,0.05850121065031045
0.5614035087719298,0,6,0.016753510450791452,0.1111111111111111,0.65625,0.42857142857142855,0.18421052631578946,0.5,1,1,2,1,1,0.016476022829433994,0.0123725191621134
0.17543859649122806,0,0,0.026996354951715807,0.3333333333333333,0.625,0.37499999999999994,0.35526315789473684,0.875,0,0,2,1,0,0.013078663285611603,0.022544446197979837
0.8245614035087719,1,6,0.0053058578607010284,0.0,0.5,0.42857142857142855,0.15789473684210525,0.75,1,1,2,1,6,0.010614710514452784,0.006465427154111591
0.17543859649122806,0,1,0.08944820856417421,0.5555555555555556,0.5,0.5476190476190474,0.25438596491228066,0.8333333333333333,1,1,2,0,7,0.029354124542642867,0.08967125002902814
0.33333333333333337,1,6,0.056387310434866965,0.3333333333333333,0.640625,0.5892857142857142,0.19736842105263158,0.875,1,1,2,1,0,0.027778288322099047,0.05388040793868124
0.6140350877192983,1,1,0.030575018270683516,0.2222222222222222,0.41666666666666663,0.4761904761904761,0.2982456140350877,0.5,1,1,2,0,0,0.020012810380479366,0.02777002904707674
0.719298245614035,1,6,0.016638719781751524,0.1111111111111111,0.4375,0.21428571428571425,0.3684210526315789,1.0,1,0,2,1,0,0.01636119976466212,0.013375778368292669
0.719298245614035,1,1,0.003397092536097319,0.0,0.6875,0.5714285714285714,0.5263157894736843,0.5,0,1,0,0,3,0.006796102498063719,0.003186079014304583
0.543859649122807,0,7,0.4028138927135981,0.1111111111111111,0.625,0.5357142857142856,0.2368421052631579,0.875,1,1,3,1,2,0.40264535740309354,0.3304158769833315
0.5087719298245613,1,1,0.0022292308412693988,0.0,0.5,0.2857142857142857,0.47368421052631576,0.25,1,1,4,0,0,0.004459719930536987,0.0025854694474894352
0.42105263157894735,1,2,0.08015530130377306,0.4444444444444445,0.5125,0.4857142857142857,0.3578947368421052,0.8500000000000001,1,1,2,1,2,0.031619623795370665,0.069827580078511
0.45614035087719296,0,8,0.009359094651327789,0.0,0.5,0.9285714285714286,0.2631578947368421,1.0,0,0,3,2,3,0.018723471870028985,0.011029263662054868
0.17543859649122806,0,7,0.0726115193325466,0.2222222222222222,0.45833333333333337,0.3809523809523809,0.17543859649122803,0.9166666666666667,0,1,2,1,5,0.0480450533294835,0.08465974067581254
0.12280701754385964,1,6,0.04795938346544139,0.4444444444444445,0.5375,0.4428571428571428,0.28421052631578947,0.8500000000000001,0,1,4,0,3,0.01873762218231412,0.05706388034632798
0.2807017543859649,0,1,0.16951223054075892,0.5555555555555556,0.46875,0.35714285714285715,0.3070175438596491,0.9583333333333333,1,1,2,1,2,0.05604966364351963,0.14019169459290254
0.24561403508771928,0,9,0.24158456960512997,0.4444444444444445,0.5,0.5857142857142856,0.34736842105263155,0.65,1,1,2,0,0,0.09620955426713931,0.22684231404112656
0.19298245614035092,1,3,0.07206739970683924,0.4444444444444445,0.5,0.49999999999999994,0.3052631578947368,0.7,0,1,3,1,3,0.028383550143390484,0.05286624837738736
0.4385964912280701,1,7,0.07913443488909265,0.2222222222222222,0.7083333333333333,0.5476190476190474,0.3859649122807018,0.8333333333333333,0,1,2,0,2,0.052394890946744814,0.0835559138454889
0.49122807017543857,1,6,0.2828795743143135,0.7777777777777777,0.5234375,0.46428571428571425,0.17763157894736842,0.5,0,1,2,0,6,0.0702459743250884,0.2442135938802563
0.3157894736842105,0,7,0.37107298849109943,0.8888888888888888,0.47916666666666663,0.5238095238095237,0.1871345029239766,0.6388888888888888,1,1,3,1,7,0.0819822189600087,0.4227503681239494
0.5964912280701754,0,1,0.01935773731587804,0.1111111111111111,0.625,0.35714285714285715,0.42105263157894735,0.625,1,1,2,1,3,0.01908098464829458,0.016640245153725815
0.05263157894736842,0,8,0.3112016528275748,0.7777777777777777,0.6328125,0.49107142857142855,0.28289473684210525,0.625,0,1,2,1,0,0.0773284921873873,0.23597425241336234
0.24561403508771928,0,9,0.0037246707276088553,0.1111111111111111,0.46875,0.49999999999999994,0.28947368421052627,0.75,1,0,3,1,0,0.0034435061627969715,0.0032154625802657127
0.14035087719298245,1,6,0.2316629809180764,0.7777777777777777,0.515625,0.40178571428571425,0.2631578947368421,0.6875,1,1,4,1,2,0.05743821244401386,0.22342628492675198
0.0,1,7,0.012177294484693622,0.1111111111111111,0.34375,0.5714285714285714,0.18421052631578946,0.625,1,1,1,1,0,0.011898515383227413,0.011893093108463747
0.2807017543859649,1,6,0.020248599840320448,0.1111111111111111,0.5625,0.42857142857142855,0.2631578947368421,0.75,1,0,0,1,1,0.019972098588150612,0.023826470138003236
0.26315789473684215,0,7,0.1447429331129985,0.0,0.75,0.2857142857142857,0.05263157894736842,1.0,1,1,2,1,5,0.2895675636897453,0.10567126519473959
0.6140350877192983,0,9,0.09336294576960821,0.4444444444444445,0.48750000000000004,0.5142857142857142,0.2210526315789474,0.8999999999999999,1,1,2,1,0,0.036904172543690564,0.08566882920233572
0.42105263157894735,1,3,0.0977190639640873,0.5555555555555556,0.6041666666666666,0.3452380952380952,0.28947368421052627,0.5416666666666666,1,1,2,0,0,0.03211185439776619,0.07408042471574955
0.07017543859649122,0,1,0.006397851023839909,0.0,0.6875,0.35714285714285715,0.42105263157894735,0.5,0,0,1,0,0,0.012799313196016016,0.0063277509297292025
0.6842105263157895,1,6,0.09870673789615377,0.2222222222222222,0.5208333333333334,0.4761904761904761,0.17543859649122803,0.5833333333333334,0,1,2,1,0,0.06544677535924698,0.09606004294739916
0.543859649122807,1,5,0.013881570407479215,0.2222222222222222,0.47916666666666663,0.5238095238095237,0.22807017543859648,0.5,0,0,2,1,1,0.008880704369343705,0.015613052559142719
0.4035087719298246,1,2,0.13024414058834072,0.2222222222222222,0.5416666666666666,0.5476190476190474,0.2982456140350877,0.75,0,0,4,0,0,0.08647764405469162,0.15301615195663743
0.24561403508771928,1,7,0.09608176572943346,0.8888888888888888,0.5347222222222222,0.5476190476190474,0.34502923976608185,0.5277777777777778,1,1,4,1,1,0.020855812380210108,0.08848633403522144
0.08771929824561403,1,6,0.06475003788487227,0.3333333333333333,0.546875,0.42857142857142855,0.5657894736842104,0.875,1,1,4,1,3,0.03196083209369877,0.061315445376661774
0.21052631578947367,1,1,0.002550684229441455,0.0,0.75,0.5714285714285714,0.05263157894736842,1.0,1,1,3,0,3,0.00510280814528339,0.002049266761547149
0.5263157894736842,1,8,0.014514203320157104,0.0,0.375,0.35714285714285715,0.6842105263157894,0.5,0,1,2,1,3,0.029036598913153244,0.011577551524319876
0.6842105263157895,1,3,0.3482948448715738,0.4444444444444445,0.4625,0.4142857142857142,0.3578947368421052,0.8,0,1,2,1,2,0.13890571050081632,0.25510717181755843
0.6140350877192983,0,7,0.02011879352438373,0.0,0.5,0.5714285714285714,0.15789473684210525,0.5,1,1,2,1,7,0.04024894272858732,0.01914671072305847
0.19298245614035092,1,3,0.027227121735603304,0.2222222222222222,0.47916666666666663,0.42857142857142855,0.42105263157894735,0.9166666666666667,1,0,0,1,3,0.01778024947105961,0.031487287105401225
0.05263157894736842,0,0,0.0017032880512792244,0.0,0.375,0.6428571428571428,0.15789473684210525,1.0,1,1,2,1,1,0.003407537491904578,0.001863486796115493
0.3157894736842105,1,1,0.00997967553162799,0.2222222222222222,0.6875,0.5476190476190474,0.24561403508771928,0.5,0,1,4,1,0,0.00627870700138084,0.011125139394215134
0.0,1,6,0.01473588168618602,0.1111111111111111,0.5,0.5357142857142856,0.13157894736842105,0.625,0,0,2,1,1,0.01445782465826304,0.017068202574095165
0.3508771929824561,1,3,0.051367145013807486,0.2222222222222222,0.6458333333333333,0.4761904761904761,0.3684210526315789,0.8333333333333333,0,0,3,0,3,0.03387814011931717,0.04398264853037147
0.26315789473684215,1,2,0.013705531705044488,0.0,0.8125,0.35714285714285715,0.6842105263157894,0.75,1,0,1,2,6,0.027418799243234974,0.011567314669081806
0.19298245614035092,0,0,0.06627175515328111,0.2222222222222222,0.41666666666666663,0.5714285714285714,0.24561403508771928,0.5,0,1,4,1,5,0.04381735108920843,0.04889581772331392
0.0,1,9,0.10679701038470284,0.1111111111111111,0.6875,0.6071428571428572,0.21052631578947367,0.25,0,1,2,0,0,0.10654493445500249,0.07799772798685134
0.4035087719298246,0,1,0.24439565676365,0.5555555555555556,0.6979166666666667,0.4880952380952381,0.3070175438596491,0.6666666666666666,1,1,3,0,0,0.08101785014463556,0.24867250262200935
0.17543859649122806,0,6,0.1069280021464472,0.8888888888888888,0.5625,0.5238095238095237,0.2631578947368421,0.75,1,1,3,1,3,0.023266767356986264,0.12014930642936121
0.03508771929824561,0,8,0.0028585049908256372,0.1111111111111111,0.65625,0.46428571428571425,0.2631578947368421,0.5,1,0,2,1,0,0.0025770959804219755,0.002934375596853684
0.0,0,7,0.1682566458561655,0.0,0.875,0.7142857142857142,0.47368421052631576,1.0,0,0,4,2,2,0.3366082610550796,0.1838183280466611
0.2807017543859649,0,2,0.04534567303389368,0.0,0.625,0.49999999999999994,0.3684210526315789,1.0,1,0,2,1,2,0.09071694059181112,0.052365069006356804
0.6666666666666666,1,2,0.04882456133071825,0.2222222222222222,0.39583333333333337,0.5238095238095237,0.14035087719298245,0.6666666666666666,1,1,3,1,3,0.03218260595919189,0.044046676268457735
0.631578947368421,0,3,0.08395109877984039,0.2222222222222222,0.5833333333333334,0.5952380952380953,0.4035087719298245,0.8333333333333333,1,1,2,0,6,0.055606906432772794,0.09396537383715724
0.19298245614035092,1,6,0.020459016471176775,0.1111111111111111,0.75,0.5357142857142856,0.3684210526315789,1.0,1,1,2,1,3,0.020182574601889065,0.01626271372397363
0.15789473684210525,1,0,0.01886162824538017,0.1111111111111111,0.5625,0.46428571428571425,0.2631578947368421,0.5,1,1,2,1,3,0.01858473556801547,0.016740291456538627
0.38596491228070173,1,5,0.012571652790035618,0.2222222222222222,0.5208333333333334,0.49999999999999994,0.1929824561403509,1.0,1,0,2,1,0,0.00800717950481417,0.013135212270198003
0.08771929824561403,0,3,0.06183226060366457,0.3333333333333333,0.46875,0.44642857142857145,0.34210526315789475,0.9375,0,0,3,0,7,0.03050153173177885,0.04736379650837929
0.3508771929824561,0,7,0.10427932106357408,0.7777777777777777,0.6953125,0.49999999999999994,0.2368421052631579,0.59375,0,1,2,1,5,0.025583310062393786,0.0846642903892517
0.45614035087719296,1,6,0.2634420169807209,0.4444444444444445,0.48750000000000004,0.45714285714285713,0.15789473684210525,0.65,1,1,3,0,1,0.10495500062352282,0.2599140862445576
0.543859649122807,0,6,0.06638852156533377,0.1111111111111111,0.625,0.5714285714285714,0.3157894736842105,1.0,0,0,0,1,4,0.06612504172464638,0.07583865199573656
0.26315789473684215,1,1,0.0623242206138357,0.1111111111111111,0.625,0.46428571428571425,0.15789473684210525,0.5,1,0,0,1,1,0.062059593763506775,0.06748879040655008
0.24561403508771928,1,1,0.0184603548394936,0.2222222222222222,0.5833333333333334,0.5714285714285714,0.21052631578947367,0.9166666666666667,0,1,4,1,1,0.011934088794000108,0.018504253271172878
0.10526315789473684,1,8,0.06254293536534551,0.0,0.6875,0.5714285714285714,0.15789473684210525,0.25,1,0,2,2,2,0.1251211719304445,0.05337283053312689
0.12280701754385964,1,5,0.07010904323261588,0.5555555555555556,0.5520833333333334,0.46428571428571425,0.2368421052631579,0.8333333333333333,1,1,2,0,4,0.022905916826598788,0.07902852243790709
0.24561403508771928,1,2,0.032577828962693435,0.0,0.375,0.7142857142857142,0.15789473684210525,1.0,0,0,0,0,3,0.06517404587665632,0.03599197733863565
0.36842105263157887,0,7,0.0894027664748813,0.1111111111111111,0.5625,0.42857142857142855,0.5263157894736843,0.875,1,1,3,1,3,0.08914578161601705,0.08006979070844253
0.4736842105263158,0,6,0.11841892350851654,0.3333333333333333,0.421875,0.5892857142857142,0.35526315789473684,0.875,1,1,1,1,1,0.058802848007266456,0.10845227753441553
0.12280701754385964,1,4,0.25169227328398325,0.4444444444444445,0.55,0.4857142857142857,0.34736842105263155,0.75,1,1,2,0,0,0.1002537767598512,0.2849797845805473
0.5964912280701754,0,1,0.0407967223213716,0.3333333333333333,0.515625,0.625,0.2763157894736842,0.625,0,1,2,0,0,0.019980794310783936,0.03490606500497862
0.22807017543859642,0,6,0.05346004958719814,0.7777777777777777,0.59375,0.5267857142857142,0.2368421052631579,0.84375,0,1,2,1,0,0.012874906693907992,0.04969272846788874
0.2807017543859649,0,7,0.30443749904917367,0.2222222222222222,0.5416666666666666,0.7142857142857142,0.3859649122807018,0.25,0,0,2,0,1,0.20263932309859953,0.28598740392877237
0.14035087719298245,0,9,0.3955765484836469,0.5555555555555556,0.53125,0.5833333333333333,0.4035087719298245,0.75,0,1,1,1,2,0.13142570259297884,0.29496057625912137
0.0,1,9,0.00819182567940369,0.1111111111111111,0.8125,0.5357142857142856,0.2368421052631579,1.0,0,0,3,1,1,0.007911921815967282,0.008419671254768312
0.4736842105263158,0,6,0.07798060096965516,0.2222222222222222,0.5833333333333334,0.6904761904761905,0.1929824561403509,0.75,1,1,2,0,3,0.05162545124706873,0.06969535403168592
0.4385964912280701,0,9,0.016503776533981693,0.2222222222222222,0.6666666666666667,0.3333333333333333,0.1929824561403509,0.6666666666666666,1,0,2,1,1,0.01062933513888156,0.015716084611399974
0.22807017543859642,1,1,0.052508926900867295,0.0,0.8125,0.6428571428571428,0.894736842105263,0.0,1,0,2,0,5,0.10504749149153184,0.061698758733909544
0.29824561403508765,1,6,0.01027346851762175,0.2222222222222222,0.4375,0.49999999999999994,0.2982456140350877,1.0,0,1,2,2,1,0.006474624267377133,0.011534708389434618
0.4035087719298246,0,5,0.034852897041858295,0.0,0.6875,0.7142857142857142,0.2631578947368421,1.0,1,0,4,1,5,0.0697254661549629,0.04081457879843016
0.0,1,9,0.021904272484992753,0.2222222222222222,0.41666666666666663,0.3333333333333333,0.15789473684210525,0.6666666666666666,1,1,2,0,7,0.014230681842810716,0.0198140968131627
0.17543859649122806,2,3,0.22538130358338537,0.1111111111111111,0.71875,0.49999999999999994,0.13157894736842105,0.875,1,0,4,1,1,0.22516269400601863,0.180965705113167
0.45614035087719296,1,3,0.023080827449076705,0.3333333333333333,0.578125,0.33928571428571425,0.2631578947368421,0.6875,0,1,2,0,6,0.011120347022574688,0.023545383154591207
0.017543859649122806,0,5,0.16041966362184912,0.8888888888888888,0.5277777777777778,0.49999999999999994,0.24561403508771928,0.6388888888888888,0,1,4,0,4,0.035157157948864357,0.14278659521720855
0.3508771929824561,1,5,1.0,0.1111111111111111,0.5625,0.6428571428571428,0.5526315789473684,1.0,1,0,2,1,2,1.0,0.8030517676821533
0.0,0,9,0.023227822729224225,0.2222222222222222,0.6666666666666667,0.4047619047619047,0.21052631578947367,0.8333333333333333,0,0,2,1,1,0.015113297690093272,0.026625017831559183
0.38596491228070173,0,3,0.007806950940522826,0.2222222222222222,0.47916666666666663,0.49999999999999994,0.3157894736842105,0.9166666666666667,0,0,2,1,0,0.004829815155946257,0.00684565997621827
0.2807017543859649,1,4,0.20653469098490196,0.2222222222222222,0.35416666666666663,0.4523809523809524,0.17543859649122803,0.9166666666666667,0,0,0,0,0,0.13735236458108321,0.15819628506419126
0.0,0,4,0.015471450809827425,0.6666666666666665,0.5178571428571429,0.45918367346938777,0.21804511278195488,0.5714285714285714,1,1,2,1,1,0.003937863641074674,0.01146745793766229
0.5263157894736842,1,6,0.33558429734774287,0.0,0.5625,0.49999999999999994,0.15789473684210525,0.5,1,0,3,1,2,0.6713580090273458,0.27963221253986337
0.14035087719298245,1,5,0.23383689095498925,1.0,0.55,0.5642857142857143,0.2526315789473684,0.8,1,1,2,1,0,0.04627258837472793,0.17041890064705456
0.12280701754385964,1,7,0.0006369795473059065,0.0,0.75,0.35714285714285715,0.10526315789473684,0.5,1,0,0,0,1,0.0012743186259019095,0.0006979544772734706
0.33333333333333337,0,1,0.009581760888863073,0.1111111111111111,0.6875,0.6785714285714286,0.21052631578947367,1.0,0,1,2,0,0,0.009302249287000151,0.008739099052474783
0.5263157894736842,1,3,0.17195049499277573,0.5555555555555556,0.53125,0.5476190476190474,0.12280701754385964,0.7916666666666667,1,1,3,1,2,0.05686264783304897,0.13315859590156126
0.07017543859649122,1,6,0.0020674174885263663,0.0,0.6875,0.35714285714285715,0.47368421052631576,1.0,0,0,0,1,1,0.0041360018925054535,0.0023255670672784135
0.29824561403508765,1,7,0.02206608583773578,0.2222222222222222,0.6875,0.6428571428571428,0.12280701754385964,0.6666666666666666,0,1,2,1,3,0.01433858785548789,0.019651349772016706
0.38596491228070173,0,9,0.15342632365397077,0.5555555555555556,0.5520833333333334,0.5595238095238095,0.5175438596491229,0.5416666666666666,1,1,3,0,4,0.050686181449296326,0.1402561014737754
0.4385964912280701,0,6,0.2478338447544122,0.5555555555555556,0.6041666666666666,0.49999999999999994,0.34210526315789475,0.7916666666666667,1,1,0,0,6,0.08216423624512899,0.27196130089577225
0.33333333333333337,1,7,0.01755269849944294,0.1111111111111111,0.5625,0.35714285714285715,0.3157894736842105,0.5,1,1,0,1,4,0.01727543642152041,0.020836739694306654
0.21052631578947367,1,8,0.030545974848396305,0.2222222222222222,0.6875,0.4523809523809524,0.2982456140350877,0.5833333333333334,1,0,1,1,5,0.019993442634614233,0.030345877746356324
0.12280701754385964,0,7,0.20763221622847652,0.3333333333333333,0.515625,0.39285714285714285,0.3289473684210526,0.9375,0,1,1,1,0,0.10342208306430942,0.14958334577395602
0.3157894736842105,1,1,0.3777634470551255,0.1111111111111111,0.53125,0.46428571428571425,0.2368421052631579,0.875,0,1,0,0,2,0.37758784211492624,0.35570024592149
0.07017543859649122,0,7,0.14749652614984787,0.4444444444444445,0.6125,0.6714285714285715,0.2210526315789474,0.4,0,1,2,1,2,0.05856371563485,0.1630175595242327
0.0,0,7,0.11559894550643925,0.5555555555555556,0.5104166666666666,0.5119047619047619,0.2982456140350877,0.7916666666666667,0,0,3,1,6,0.03807349690646373,0.09730908146498878
0.38596491228070173,0,2,0.10510063743396819,0.3333333333333333,0.390625,0.5357142857142856,0.21052631578947367,0.75,0,1,0,1,2,0.05214182565510905,0.12237430587249523
0.4736842105263158,1,5,0.090298173208253,1.0,0.51875,0.5571428571428572,0.17894736842105263,0.8,1,1,2,1,0,0.017556743048708495,0.08476244097813153
0.0,0,7,0.11854438318982524,0.2222222222222222,0.5416666666666666,0.42857142857142855,0.2807017543859649,0.6666666666666666,1,1,2,1,2,0.078675604552,0.12763931957139804
0.07017543859649122,0,5,0.005993614003434236,0.1111111111111111,0.53125,0.7142857142857142,0.21052631578947367,0.625,1,1,2,1,0,0.005713089770094975,0.006946701528845895
0.42105263157894735,0,3,0.35775608543666,0.1111111111111111,0.40625,0.39285714285714285,0.21052631578947367,0.75,0,1,0,1,2,0.357574834104387,0.3170364967585662
0.719298245614035,1,1,0.003318853112792995,0.0,0.375,0.35714285714285715,0.21052631578947367,1.0,0,0,4,1,7,0.006639579490663856,0.0031152740989079265
0.29824561403508765,1,2,0.01733833038256114,0.1111111111111111,0.6875,0.42857142857142855,0.13157894736842105,0.125,0,1,1,1,1,0.017061007806584993,0.01836046336935664
0.14035087719298245,1,0,0.3215235270490085,0.3333333333333333,0.421875,0.5714285714285714,0.2368421052631579,0.6875,0,1,4,1,2,0.160383809434029,0.36558980636703964
0.24561403508771928,0,3,0.003047583597144419,0.0,0.5625,0.49999999999999994,0.2631578947368421,1.0,0,1,2,1,6,0.006096887346320395,0.0036026621510760787
0.5789473684210525,0,6,0.03467725348802611,0.6666666666666665,0.6964285714285714,0.5510204081632653,0.2631578947368421,0.8214285714285714,0,1,1,0,0,0.009426784457570279,0.036770120515274
0.15789473684210525,1,6,0.0378676833049913,0.1111111111111111,0.4375,0.49999999999999994,0.3947368421052631,0.5,0,0,0,0,3,0.03759615443524344,0.03798930153841925
0.12280701754385964,1,1,0.11589135547232408,0.0,0.375,0.42857142857142855,0.42105263157894735,1.0,1,1,3,1,2,0.23184812367056726,0.1386775404817862
0.19298245614035092,1,1,0.0012856159783869521,0.0,0.875,0.7142857142857142,0.15789473684210525,1.0,1,1,4,0,1,0.0025719575988659192,0.0015300307153049992
0.08771929824561403,0,2,0.007450131752422804,0.0,0.8125,0.35714285714285715,0.2631578947368421,0.75,0,0,2,1,0,0.014904468593520223,0.005856429053143024
0.3157894736842105,0,6,0.042183298767709335,0.2222222222222222,0.5416666666666666,0.2857142857142857,0.2982456140350877,0.9166666666666667,0,1,2,2,0,0.027753848071364478,0.03038805738136504
0.631578947368421,1,0,0.0028699643002995027,0.1111111111111111,0.46875,0.6785714285714286,0.21052631578947367,0.875,0,0,2,0,1,0.0025885585238931775,0.002823523724622907
0.3508771929824561,1,1,0.041623373197900104,0.2222222222222222,0.45833333333333337,0.4047619047619047,0.3684210526315789,0.5,1,1,3,1,4,0.0273804590116244,0.03668495556683505
0.22807017543859642,1,1,0.008303850308225788,0.0,0.375,0.7857142857142856,0.2631578947368421,1.0,0,1,2,0,7,0.016612387570729328,0.009617098960532658
0.22807017543859642,0,3,0.037562035860921134,0.1111111111111111,0.4375,0.5714285714285714,0.3157894736842105,0.875,1,1,0,0,6,0.037290420732658106,0.042503375555621906
0.0,0,6,0.04394052460323623,0.1111111111111111,0.625,0.6071428571428572,0.34210526315789475,0.875,1,1,2,1,5,0.04367070958480098,0.050820962615099455
0.4736842105263158,0,9,0.018514687772343826,0.4444444444444445,0.55,0.4857142857142857,0.3263157894736842,0.75,1,1,4,0,1,0.006956420002612668,0.01912538394131249
0.2807017543859649,1,6,0.12570941522551032,0.4444444444444445,0.6375,0.49999999999999994,0.2736842105263158,0.65,1,1,3,1,7,0.049846411798988875,0.11603138923130223
0.24561403508771928,0,7,0.022656635424242406,0.2222222222222222,0.3125,0.4523809523809524,0.22807017543859648,0.5833333333333334,0,1,2,1,0,0.01473239868807896,0.02439504213935109
0.9649122807017544,1,5,0.022314831883039177,0.0,0.3125,0.35714285714285715,0.3157894736842105,0.75,1,0,2,1,6,0.044642258959015274,0.02051688536096526
0.3508771929824561,0,3,0.00686570696925566,0.0,0.5,0.5714285714285714,0.2631578947368421,0.75,0,1,4,1,4,0.013735289159457613,0.006549786424129026
0.12280701754385964,1,1,0.14028051994443422,0.2222222222222222,0.7083333333333333,0.6428571428571428,0.1929824561403509,0.6666666666666666,1,1,4,1,2,0.09317045190814129,0.12739444072410586
0.19298245614035092,0,7,0.0022025583105974708,0.0,0.5,0.6428571428571428,0.10526315789473684,1.0,1,0,3,1,4,0.004406359814377942,0.0026699235032035195
0.5263157894736842,0,0,0.0009023218339162765,0.0,0.625,0.35714285714285715,0.15789473684210525,0.75,0,1,2,0,7,0.001805152966654473,0.0010012687065496443
0.3157894736842105,0,4,0.01630462163829796,0.0,0.3125,0.2857142857142857,0.3157894736842105,1.0,0,0,4,2,3,0.03261844611784403,0.018278189384665477
0.0,0,9,0.05664613276953531,0.2222222222222222,0.45833333333333337,0.4047619047619047,0.3333333333333333,0.75,0,1,2,1,3,0.037398458498708514,0.04770256058820212
0.49122807017543857,1,1,0.0049936904646888285,0.1111111111111111,0.53125,0.39285714285714285,0.2631578947368421,0.625,1,1,2,0,1,0.004712884037202672,0.005080465947527587
0.14035087719298245,1,4,0.33627798071951426,0.5555555555555556,0.44791666666666663,0.5476190476190474,0.3157894736842105,0.5416666666666666,1,0,2,0,7,0.11165393500882781,0.3726882597962203
0.6842105263157895,0,6,0.08261114986860321,0.2222222222222222,0.47916666666666663,0.7380952380952381,0.3859649122807018,0.5833333333333334,1,1,3,1,1,0.05471335505551197,0.07246229069540949
0.5087719298245613,1,6,0.06667816549100078,0.2222222222222222,0.5416666666666666,0.5238095238095237,0.47368421052631576,0.9166666666666667,0,0,4,0,1,0.04408836777794708,0.06603013332082162
0.19298245614035092,1,5,0.012732083122669735,0.1111111111111111,0.6875,0.5357142857142856,0.3684210526315789,1.0,1,0,1,0,1,0.012453460591281471,0.009653070132410879
0.5614035087719298,1,6,0.012501909061686054,0.1111111111111111,0.5,0.75,0.28947368421052627,0.75,0,1,2,1,0,0.012223221571558187,0.011200825772989205
0.29824561403508765,0,6,0.004064696100100624,0.0,0.5,0.7142857142857142,0.47368421052631576,1.0,1,1,3,0,1,0.008131686442518604,0.0037851720099733514
0.4736842105263158,1,6,0.06699487709594228,0.2222222222222222,0.7708333333333333,0.42857142857142855,0.22807017543859648,0.6666666666666666,0,1,4,0,1,0.0442995684352383,0.07927534439198057
0.38596491228070173,1,7,0.06022538881140685,0.2222222222222222,0.6041666666666666,0.6190476190476191,0.22807017543859648,1.0,1,0,0,0,3,0.039785302608183186,0.06618198000685302
0.10526315789473684,1,0,0.02325330981408851,0.3333333333333333,0.484375,0.49999999999999994,0.2631578947368421,0.75,0,1,3,0,1,0.011206612543698476,0.026972028266990456
0.15789473684210525,1,2,0.27357461502153463,0.4444444444444445,0.7124999999999999,0.4142857142857142,0.17894736842105263,0.7,1,1,2,0,0,0.10900918367125109,0.25691767340924726
0.5087719298245613,0,6,0.012844502900094383,0.1111111111111111,0.4375,0.46428571428571425,0.10526315789473684,0.375,1,0,2,1,0,0.01256591209533516,0.014670977520150254
0.21052631578947367,2,7,0.14547968768244754,0.2222222222222222,0.5625,0.4761904761904761,0.1929824561403509,0.6666666666666666,0,1,2,1,1,0.09663754192474681,0.1134350668215465
0.21052631578947367,0,8,0.04924282612651434,0.5555555555555556,0.5,0.5238095238095237,0.3947368421052631,0.7916666666666667,1,1,2,0,1,0.01594854819969885,0.03992667378507248
0.08771929824561403,1,5,0.01494491529693343,0.2222222222222222,0.7291666666666667,0.6190476190476191,0.14035087719298245,0.5,1,1,2,0,5,0.009589801024079445,0.013145591303981047
0.38596491228070173,0,1,0.09546355574074852,0.1111111111111111,0.65625,0.5714285714285714,0.28947368421052627,0.5,0,1,2,1,2,0.09520828133192381,0.09236250031397764
0.719298245614035,0,4,0.03560743329842196,0.3333333333333333,0.46875,0.41071428571428564,0.381578947368421,0.75,0,1,3,1,0,0.017385417549825994,0.035222696624633947
0.07017543859649122,1,0,0.09344849544205965,0.4444444444444445,0.5125,0.45714285714285713,0.2210526315789474,0.8999999999999999,1,1,4,1,0,0.03693840207005629,0.08670914961590466
0.29824561403508765,0,6,0.005604787778527901,0.0,0.4375,0.42857142857142855,0.5789473684210527,0.75,0,0,2,1,0,0.011212739075553773,0.004911368264706119
0.5789473684210525,0,6,0.05800327064498329,0.4444444444444445,0.48750000000000004,0.49999999999999994,0.19999999999999996,0.44999999999999996,1,1,0,1,7,0.02275631087129362,0.06529033095847772
0.2807017543859649,0,6,0.0103888519095655,0.2222222222222222,0.6666666666666667,0.5476190476190474,0.3157894736842105,0.75,0,0,2,0,0,0.006551568237344742,0.01020751906495806
0.38596491228070173,0,0,0.20738544592618588,0.6666666666666665,0.5625,0.42857142857142855,0.41353383458646614,0.5714285714285714,1,0,2,1,5,0.05878590828785089,0.2066475578702223
0.07017543859649122,1,6,0.02236422545835756,0.3333333333333333,0.484375,0.42857142857142855,0.22368421052631576,0.5625,1,1,0,1,4,0.010761944909039776,0.024362767609642174
0.38596491228070173,1,7,0.006167676962856228,0.0,0.5625,0.35714285714285715,0.5789473684210527,1.0,1,1,2,1,4,0.01233883515656945,0.004793928786558251
0.24561403508771928,0,6,0.10193312623595074,0.3333333333333333,0.59375,0.41071428571428564,0.3684210526315789,0.9375,1,1,4,1,5,0.050557623095365,0.10427554581158595
0.49122807017543857,1,8,0.044983124191056725,0.5555555555555556,0.5416666666666666,0.4404761904761904,0.32456140350877194,0.45833333333333337,1,1,2,1,4,0.014528246836255657,0.0450491297962155
0.543859649122807,1,1,0.03321599395580698,0.4444444444444445,0.525,0.5285714285714285,0.28421052631578947,0.75,1,1,2,1,1,0.012838602051913858,0.027002691439856345
0.8421052631578948,0,9,0.01221443845333305,0.2222222222222222,0.5208333333333334,0.6666666666666667,0.24561403508771928,0.5833333333333334,1,1,3,1,0,0.007768969406010339,0.013480374384544623
0.4035087719298246,0,8,0.19582853474749118,0.6666666666666665,0.3839285714285714,0.5408163265306123,0.3233082706766917,0.6785714285714286,0,1,3,1,1,0.05548300179620314,0.16753499843366634
0.3508771929824561,1,6,0.11342997482705827,0.1111111111111111,0.34375,0.49999999999999994,0.34210526315789475,0.875,0,1,3,0,0,0.11317977082422999,0.08348965864353138
0.33333333333333337,0,7,0.07659916145515053,0.1111111111111111,0.34375,0.5714285714285714,0.49999999999999994,0.75,1,1,2,1,2,0.0763385632176071,0.0784750213623264
0.21052631578947367,0,6,0.051192884480084216,0.0,0.3125,0.42857142857142855,0.10526315789473684,0.75,0,0,0,0,6,0.10241466383423264,0.04524519400973354
0.36842105263157887,0,9,0.008115166850509553,0.0,0.375,0.7142857142857142,0.10526315789473684,1.0,0,0,3,1,4,0.01623491415641905,0.008814643252703881
0.22807017543859642,1,7,0.0533879349672333,0.4444444444444445,0.4125,0.38571428571428573,0.2421052631578947,0.7,0,1,3,1,0,0.020909655592071003,0.04776654093344006
0.33333333333333337,1,6,0.004383185873753578,0.1111111111111111,0.4375,0.39285714285714285,0.3157894736842105,0.5,1,1,0,1,0,0.004102207152271392,0.00454952386774931
0.5614035087719298,1,6,0.0033405862859330854,0.0,0.75,0.6428571428571428,0.42105263157894735,0.5,0,0,2,1,4,0.006683058103830486,0.0035642739439333128
0.07017543859649122,1,1,0.012711337821036011,0.1111111111111111,0.40625,0.42857142857142855,0.28947368421052627,0.5,0,1,2,0,0,0.012432709434997398,0.010509127151694555
0.5263157894736842,1,8,0.07767119961386078,0.1111111111111111,0.59375,0.5714285714285714,0.28947368421052627,0.75,1,1,1,1,2,0.07741090392234402,0.06842394608968719
0.5614035087719298,1,2,0.012267190791773087,0.1111111111111111,0.84375,0.46428571428571425,0.13157894736842105,1.0,0,0,2,0,1,0.011988437060458396,0.009152649046953516
0.26315789473684215,1,9,0.2554147706942781,0.7777777777777777,0.65625,0.44642857142857145,0.2368421052631579,0.84375,0,1,2,1,2,0.06337783567020996,0.30206993004341665
0.0,0,1,0.02480960258522022,0.3333333333333333,0.46875,0.39285714285714285,0.3157894736842105,0.8125,0,1,3,1,0,0.011984978534411049,0.025110152827717995
0.15789473684210525,1,6,0.01263606201225079,0.1111111111111111,0.8125,0.5714285714285714,0.13157894736842105,0.5,0,1,0,1,7,0.012357412382195189,0.014804246209638473
0.5614035087719298,0,4,0.015236534965613181,0.1111111111111111,0.65625,0.5714285714285714,0.21052631578947367,0.75,0,1,4,0,1,0.014958619229918662,0.013676580776607649
0.2807017543859649,0,6,0.009230078632596166,0.1111111111111111,0.71875,0.35714285714285715,0.28947368421052627,0.75,1,1,0,0,0,0.008950467780470159,0.007424990154135762
0.08771929824561403,1,8,0.15805944101883537,0.3333333333333333,0.578125,0.48214285714285715,0.2368421052631579,0.625,0,1,2,1,0,0.07862870035112933,0.1426186823555952
0.17543859649122806,0,1,0.06024297292422018,0.2222222222222222,0.6458333333333333,0.4523809523809524,0.24561403508771928,0.5833333333333334,1,1,1,1,5,0.039797028658400846,0.06686604837956743
0.4736842105263158,0,6,0.23436836582541506,0.2222222222222222,0.4375,0.3809523809523809,0.3684210526315789,0.8333333333333333,1,0,2,0,2,0.1559133845419169,0.24169935588379846
0.4035087719298246,1,2,0.017934609623804703,0.1111111111111111,0.6875,0.46428571428571425,0.3157894736842105,0.625,1,0,0,0,0,0.017657455327207198,0.020975553347048828
0.24561403508771928,0,4,0.08589957653900007,0.3333333333333333,0.5,0.5892857142857142,0.3289473684210526,0.75,1,1,3,0,5,0.042538585786959925,0.07619049650169692
0.21052631578947367,1,4,0.2724780776494664,0.4444444444444445,0.48750000000000004,0.5714285714285714,0.3157894736842105,0.7,1,0,2,0,0,0.10857044493838783,0.25335325728676894
0.21052631578947367,0,6,0.3063709611614366,0.7777777777777777,0.4453125,0.49107142857142855,0.19736842105263158,0.5625,1,0,2,1,2,0.07612047844656449,0.22115536181359163
0.08771929824561403,1,6,0.05675993556706887,0.0,0.5625,0.2857142857142857,0.2631578947368421,0.75,1,1,3,2,5,0.11355190822692436,0.055614417473174464
0.631578947368421,0,3,0.05776993539517924,0.1111111111111111,0.46875,0.42857142857142855,0.15789473684210525,0.875,1,1,1,0,0,0.05750402325394336,0.05954674427719509
0.22807017543859642,1,2,0.3152608168472397,0.2222222222222222,0.5625,0.5476190476190474,0.22807017543859648,0.6666666666666666,1,1,2,1,0,0.2098569046376331,0.336867986747064
0.543859649122807,0,0,0.028868371456282637,0.1111111111111111,0.59375,0.39285714285714285,0.5526315789473684,0.625,1,1,3,0,3,0.02859430283921273,0.021788245910115675
0.6140350877192983,1,6,0.06134405450521764,0.0,0.5,0.42857142857142855,0.3684210526315789,0.5,1,1,2,0,6,0.12272273352412538,0.061304497628698836
0.49122807017543857,0,8,0.18028734020931417,0.1111111111111111,0.40625,0.3214285714285714,0.2368421052631579,0.625,0,0,2,0,3,0.1800560044063598,0.1816674984111548
0.19298245614035092,0,2,0.056454090548697426,0.1111111111111111,0.53125,0.49999999999999994,0.42105263157894735,0.625,0,1,2,0,1,0.056187807055353596,0.043377631428662154
0.36842105263157887,1,5,0.008024480246224997,0.0,0.75,0.35714285714285715,0.3684210526315789,1.0,1,0,2,0,6,0.016053489761478305,0.007406554336137568
0.2807017543859649,0,3,0.13077324456715128,1.0,0.45625000000000004,0.4857142857142857,0.28421052631578947,0.75,1,1,2,0,1,0.025654041860813496,0.12555109588852822
0.10526315789473684,1,7,0.05598406128596766,0.0,1.0,0.14285714285714285,0.10526315789473684,0.0,1,0,2,1,6,0.11199972173687572,0.04519746941147087
0.3508771929824561,0,4,0.014999643378386203,0.2222222222222222,0.7708333333333333,0.42857142857142855,0.1929824561403509,0.8333333333333333,0,1,3,0,0,0.009626296708464765,0.014661546343333698
0.03508771929824561,0,3,0.07530287646449481,0.2222222222222222,0.5833333333333334,0.4523809523809524,0.4035087719298245,0.9166666666666667,0,0,2,1,2,0.04983979777965261,0.0828555897257992
0.543859649122807,0,9,0.01206744317318553,0.2222222222222222,0.5416666666666666,0.49999999999999994,0.2631578947368421,0.75,1,1,2,0,1,0.007670944896325575,0.009290230485639256
0.19298245614035092,0,8,0.12554878731857494,0.3333333333333333,0.65625,0.5357142857142856,0.25,0.6875,0,0,4,0,1,0.06236878599213946,0.11176854470306723
0.33333333333333337,1,2,0.010401101516244462,0.2222222222222222,0.39583333333333337,0.35714285714285715,0.21052631578947367,0.5833333333333334,1,1,0,1,7,0.006559736946485139,0.011640915762529604
0.3508771929824561,1,3,0.11244941356983769,0.1111111111111111,0.5625,0.46428571428571425,0.42105263157894735,0.875,1,0,0,0,1,0.11219893283720284,0.10525401855809156
0.22807017543859642,1,6,0.02224192696586924,0.1111111111111111,0.71875,0.5714285714285714,0.2368421052631579,0.875,0,0,2,0,3,0.021965988261960227,0.021275739648335592
0.42105263157894735,0,6,0.06512108242266398,0.3333333333333333,0.421875,0.48214285714285715,0.17105263157894735,0.875,1,1,0,0,2,0.03214640671989634,0.06099867157846147
0.19298245614035092,1,6,0.17237488459191128,1.0,0.44375,0.5571428571428572,0.29473684210526313,0.575,0,1,2,0,5,0.0339767179931695,0.20044833634514883
0.4736842105263158,0,6,0.10387982582639894,0.4444444444444445,0.4625,0.5571428571428572,0.6210526315789473,0.75,1,1,0,1,4,0.0411121117779808,0.08385837500349523
0.0,0,1,0.00701902462704393,0.1111111111111111,0.59375,0.42857142857142855,0.15789473684210525,0.625,0,1,2,1,0,0.006738789780707707,0.005333733328973192
0.3157894736842105,1,1,0.0885302783604573,0.7777777777777777,0.6171875,0.49999999999999994,0.29605263157894735,0.78125,0,1,2,0,0,0.02164493822973664,0.08821899097782347
0.7017543859649124,0,1,0.03734885318984698,0.0,0.8125,0.49999999999999994,0.5789473684210527,0.75,1,0,3,0,5,0.07471878724709034,0.032833480962055864
0.07017543859649122,1,7,0.022175937149243874,0.1111111111111111,0.34375,0.5714285714285714,0.21052631578947367,0.25,0,1,2,0,0,0.021899979821970887,0.018495201237142916
0.14035087719298245,1,6,0.02958359042689287,0.3333333333333333,0.671875,0.5535714285714286,0.28947368421052627,0.875,1,1,0,1,3,0.014372646102468422,0.025892656146402196
0.4035087719298246,0,6,0.21821963031082195,0.2222222222222222,0.7291666666666667,0.42857142857142855,0.2982456140350877,0.5833333333333334,1,1,2,1,2,0.14514452258078245,0.15721691185356745
0.33333333333333337,1,2,0.24740155218322568,0.1111111111111111,0.34375,0.6071428571428572,0.18421052631578946,0.625,1,0,0,0,2,0.2471891570662924,0.2845822533688022
0.36842105263157887,1,3,0.07470817781766145,0.4444444444444445,0.55,0.3428571428571428,0.3157894736842105,0.8500000000000001,0,1,0,1,1,0.0294401594953635,0.07177542614464393
0.38596491228070173,0,7,0.07746177085451082,0.1111111111111111,0.65625,0.46428571428571425,0.28947368421052627,0.75,1,1,1,0,5,0.07720141605890482,0.07339393930777059
0.42105263157894735,1,2,0.022422114728630708,0.2222222222222222,0.5833333333333334,0.4761904761904761,0.3333333333333333,1.0,1,0,2,1,4,0.014576007434052329,0.022021229152478432
0.5263157894736842,0,5,0.016423758941965908,0.3333333333333333,0.453125,0.42857142857142855,0.2763157894736842,0.625,0,1,2,0,0,0.0077908734043101915,0.01637081681100159
0.36842105263157887,0,7,0.0016327540257245693,0.0,0.0625,0.42857142857142855,0.05263157894736842,0.75,0,0,4,1,3,0.0032664296291728843,0.0014915951153139089
0.24561403508771928,1,2,0.006940785203739607,0.0,0.75,0.6428571428571428,0.15789473684210525,0.25,1,1,2,2,0,0.013885488004942331,0.007012909337955084
0.4385964912280701,1,8,0.08570140951482272,0.5555555555555556,0.4375,0.4880952380952381,0.3508771929824561,0.8333333333333333,0,0,3,1,0,0.028104839057655078,0.07733560250291112
0.6842105263157895,0,5,0.07305862997632862,0.1111111111111111,0.6875,0.5357142857142856,0.5789473684210527,1.0,1,1,2,0,6,0.07279703254512536,0.055306269173369206
0.26315789473684215,1,7,0.016775046049630267,0.1111111111111111,0.6875,0.8214285714285714,0.42105263157894735,0.75,1,1,0,1,0,0.016497564505957456,0.018639228103200775
0.08771929824561403,1,2,0.01140833530413699,0.2222222222222222,0.6875,0.35714285714285715,0.2631578947368421,0.75,1,0,0,1,7,0.007231415643222933,0.011726222889513528
0.5263157894736842,0,6,0.2039496288270389,0.3333333333333333,0.5625,0.5357142857142856,0.21052631578947367,0.5,1,1,2,0,0,0.10158026972155307,0.16915725563181067
0.26315789473684215,1,3,0.022865866609291092,0.1111111111111111,0.46875,0.6785714285714286,0.28947368421052627,1.0,1,1,4,0,0,0.022590103990961192,0.025537209783969183
0.0,0,4,0.0012439278008182341,0.0,0.3125,0.49999999999999994,0.2631578947368421,0.0,1,0,0,1,0,0.002488557713609932,0.0013738238872277697
0.4736842105263158,1,7,0.030179474519533876,0.4444444444444445,0.575,0.5285714285714285,0.3789473684210526,0.7,1,1,3,1,4,0.011623651495990381,0.031459230539193174
0.17543859649122806,1,8,0.18760233113966587,0.0,0.5625,0.6428571428571428,0.21052631578947367,1.0,1,0,2,1,2,0.3753105509352941,0.2161981646645558
0.26315789473684215,1,7,0.01651029648592372,0.0,0.5625,0.42857142857142855,0.21052631578947367,0.5,1,0,3,1,6,0.033029911902448215,0.018047433606173963
0.3508771929824561,0,4,0.10658422286223124,0.2222222222222222,0.5416666666666666,0.3095238095238095,0.3859649122807018,0.6666666666666666,1,1,3,0,2,0.07069991410338831,0.10497207850340969
0.33333333333333337,0,3,0.0012150819528322968,0.0,0.4375,0.35714285714285715,0.15789473684210525,0.75,1,1,3,1,4,0.0024308497361342253,0.001128613289997313
0.4385964912280701,0,6,0.22064564515615978,0.1111111111111111,0.65625,0.35714285714285715,0.34210526315789475,0.875,1,1,2,0,2,0.22042569910151444,0.24737412814931403
0.19298245614035092,1,3,0.13984565890733114,0.5555555555555556,0.5729166666666666,0.5952380952380953,0.2368421052631579,0.5416666666666666,1,1,0,1,3,0.04615801564136521,0.1645113347105695
0.4035087719298246,1,1,0.008169499783359778,0.1111111111111111,0.53125,0.6071428571428572,0.10526315789473684,0.75,0,1,2,1,0,0.007889589619204425,0.007275987039003841
0.22807017543859642,1,6,0.0022080903910331297,0.0,0.1875,0.8571428571428572,0.3684210526315789,1.0,0,1,4,2,0,0.004417427097729448,0.0023186477114230507
0.4385964912280701,0,5,0.017942512595855643,0.1111111111111111,0.46875,0.3214285714285714,0.28947368421052627,0.625,0,0,3,0,3,0.01766536052960113,0.01937599732325193
0.42105263157894735,0,1,0.004345251607909057,0.1111111111111111,0.53125,0.39285714285714285,0.10526315789473684,0.875,0,1,2,0,1,0.004064262180780515,0.004054268602759307
0.08771929824561403,0,5,0.06477967403006331,0.3333333333333333,0.546875,0.44642857142857145,0.3026315789473684,0.625,1,1,3,0,6,0.0319756543481874,0.07069050906080171
0.5263157894736842,1,1,0.0962874405770592,0.2222222222222222,0.7291666666666667,0.4761904761904761,0.17543859649122803,0.41666666666666663,1,1,4,1,1,0.06383345530401859,0.07623831588565623
0.17543859649122806,0,6,0.14706660447027664,0.5555555555555556,0.4375,0.4047619047619047,0.28947368421052627,0.5833333333333334,1,1,2,0,1,0.04856567678381055,0.16353006578601276
0.45614035087719296,1,4,0.06269151123990321,0.2222222222222222,0.35416666666666663,0.4761904761904761,0.4035087719298245,0.5833333333333334,1,1,2,1,0,0.0414298482128676,0.06665031613399476
0.36842105263157887,0,1,0.004702465944611625,0.0,0.625,0.9285714285714286,0.15789473684210525,0.5,1,1,0,1,0,0.0094075861088993,0.005588612067261827
0.6842105263157895,1,3,0.015551863550445758,0.0,0.625,0.35714285714285715,0.21052631578947367,0.0,0,0,3,1,5,0.0311125050617999,0.014555528541632012
0.24561403508771928,0,3,0.08818274516451716,0.4444444444444445,0.475,0.49999999999999994,0.23157894736842105,0.7,1,1,3,1,6,0.03483150752802542,0.10153221078632793
0.21052631578947367,1,3,0.028370484217073305,0.0,0.125,0.2857142857142857,0.10526315789473684,0.75,1,0,2,0,5,0.05675698162771674,0.023681495414978892
0.2807017543859649,1,8,0.15575197075426164,0.5555555555555556,0.5,0.4047619047619047,0.2982456140350877,0.7083333333333334,1,1,0,1,0,0.051461615927454483,0.15412358064343376
0.22807017543859642,0,2,0.12131852395400708,0.7777777777777777,0.5390625,0.5625,0.3223684210526316,0.65625,1,1,2,1,0,0.029844312967753295,0.09831053974293173
0.45614035087719296,1,7,0.02769675584973052,0.1111111111111111,0.46875,0.5714285714285714,0.3157894736842105,0.625,0,1,2,1,3,0.02742235658431224,0.028084954524192393
0.0,1,9,0.013344563456617723,0.2222222222222222,0.6458333333333333,0.3809523809523809,0.2807017543859649,0.75,0,1,2,1,3,0.008522598700898564,0.014853250414805907
0.07017543859649122,0,6,0.016244756625012076,0.1111111111111111,0.53125,0.35714285714285715,0.3947368421052631,0.625,0,1,1,0,1,0.01596712542532459,0.014885667123059795
0.07017543859649122,0,3,0.09313613047174618,0.5555555555555556,0.48958333333333337,0.5476190476190474,0.32456140350877194,0.7916666666666667,0,1,2,0,6,0.03058377877501906,0.09851006363437745
0.49122807017543857,0,8,0.059236529433532754,0.2222222222222222,0.5208333333333334,0.5238095238095237,0.24561403508771928,0.6666666666666666,1,1,1,1,0,0.03912587697515599,0.06140402261018008
0.6491228070175438,1,2,0.08510552542218171,0.2222222222222222,0.6875,0.3809523809523809,0.3859649122807018,0.5833333333333334,1,1,0,0,1,0.05637674139256859,0.09511787312271006
0.26315789473684215,0,5,0.005020758143963304,0.0,0.625,0.35714285714285715,0.47368421052631576,0.5,1,0,0,1,4,0.010044350161730558,0.004100903165510519
0.24561403508771928,0,2,0.1341529505647365,0.8888888888888888,0.5416666666666666,0.626984126984127,0.3157894736842105,0.7777777777777777,1,1,2,1,3,0.02931846329628801,0.12439224596129995
0.29824561403508765,1,5,0.06883271324638879,0.1111111111111111,0.65625,0.42857142857142855,0.34210526315789475,0.875,0,1,2,0,2,0.06856992319502984,0.07298996266865339
0.5263157894736842,0,8,0.08820329289184961,1.0,0.44999999999999996,0.46428571428571425,0.29473684210526313,0.675,1,1,2,1,4,0.01713764874379417,0.0735079665008391
0.08771929824561403,1,1,0.03816700837142073,0.1111111111111111,0.625,0.39285714285714285,0.13157894736842105,0.875,0,1,2,1,4,0.037895563975913635,0.030183225490906976
0.33333333333333337,1,6,0.09935339858422207,0.2222222222222222,0.7083333333333333,0.5714285714285714,0.2631578947368421,0.8333333333333333,1,0,2,0,6,0.06587800414983598,0.10661552030475498
0.49122807017543857,1,7,0.002452489801708504,0.0,0.4375,0.6428571428571428,0.15789473684210525,0.25,0,1,3,1,1,0.004906363865794169,0.0021807345227990407
0.4035087719298246,1,0,0.08742129380740891,0.5555555555555556,0.53125,0.5833333333333333,0.4298245614035087,0.7916666666666667,0,1,2,1,2,0.02867829561464826,0.06403816451289868
0.33333333333333337,0,6,0.10043551303229728,0.3333333333333333,0.53125,0.5178571428571428,0.2631578947368421,0.6875,0,1,3,0,0,0.049808605168539896,0.10443326921080956
0.5087719298245613,0,6,0.032245706562252605,0.3333333333333333,0.34375,0.46428571428571425,0.22368421052631576,0.6875,1,1,4,0,0,0.01570407981566649,0.03609083882024035
0.0,0,1,0.0023791897359360186,0.0,0.625,0.6428571428571428,0.5263157894736843,0.0,1,1,2,2,7,0.004759722361386722,0.0017303128923239226
0.4385964912280701,0,4,0.036362364703588175,0.2222222222222222,0.5208333333333334,0.49999999999999994,0.2807017543859649,0.75,1,1,2,0,1,0.023872130189197188,0.026595207729963134
0.15789473684210525,1,2,0.18351036978598947,0.6666666666666665,0.5178571428571429,0.5612244897959184,0.2631578947368421,0.5714285714285714,1,1,3,1,0,0.05196253284152809,0.1523751162902016
0.0,0,7,0.013255852595345901,0.2222222222222222,0.41666666666666663,0.5714285714285714,0.3333333333333333,0.5,1,0,0,0,7,0.008463441436317304,0.012169251235650038
0.4035087719298246,0,6,0.006662995736149004,0.1111111111111111,0.53125,0.5714285714285714,0.3157894736842105,1.0,0,1,0,0,4,0.006382660412861053,0.005210843673268017
0.5789473684210525,1,1,0.23371755607702002,0.2222222222222222,0.39583333333333337,0.4761904761904761,0.42105263157894735,1.0,0,1,2,1,2,0.15547938893049001,0.18963717457108287
0.26315789473684215,0,6,0.011782145882146534,0.0,0.5625,0.6428571428571428,0.2631578947368421,1.0,1,1,3,2,7,0.02357094197798836,0.01365904542272762
0.49122807017543857,0,6,0.11467568079658796,0.4444444444444445,0.5875,0.49999999999999994,0.3368421052631579,0.55,1,1,0,1,0,0.04543167247007337,0.11454998357837806
0.631578947368421,0,9,0.0611607055536358,0.4444444444444445,0.6,0.4428571428571428,0.29473684210526313,0.6,1,1,2,1,5,0.02401964126586796,0.054179504204456545
0.5614035087719298,0,4,0.14102577020883802,0.3333333333333333,0.578125,0.5357142857142856,0.22368421052631576,0.9375,1,1,0,1,0,0.07010946136124818,0.13162150365185593
0.631578947368421,1,6,0.12889292994193097,0.5555555555555556,0.42708333333333337,0.49999999999999994,0.3508771929824561,0.5416666666666666,0,1,4,1,0,0.04250607564211488,0.1200515823761163
0.4385964912280701,1,6,0.010234151231668315,0.2222222222222222,0.6875,0.4761904761904761,0.24561403508771928,0.75,1,1,0,1,1,0.006448405346103922,0.011273099866683917
0.29824561403508765,1,1,0.009631154464181458,0.0,0.4375,0.7142857142857142,0.15789473684210525,0.25,0,0,4,1,3,0.019267745054851234,0.006928123532302729
0.0,0,7,0.0010115804225205463,0.0,0.4375,0.7857142857142856,0.3157894736842105,1.0,1,0,2,1,1,0.002023731812846705,0.001138755359538735
0.24561403508771928,0,6,0.0214460976803394,0.1111111111111111,0.5,0.2857142857142857,0.2631578947368421,0.5,1,0,2,0,4,0.021169934380891226,0.01847491709806007
0.10526315789473684,2,1,0.010685608510078364,0.1111111111111111,0.53125,0.49999999999999994,0.34210526315789475,0.25,1,0,0,0,3,0.010406408431372664,0.01272294188262403
0.7543859649122807,1,6,0.025287534820000918,0.1111111111111111,0.59375,0.25,0.3157894736842105,0.625,0,0,2,1,0,0.025012455634521934,0.020522809467005812
0.24561403508771928,1,0,0.04017614144107139,0.3333333333333333,0.453125,0.6071428571428572,0.2368421052631579,0.9375,1,0,2,0,0,0.019670416301792167,0.030805161839468104
0.3157894736842105,0,0,0.0008645851423730293,0.0,0.5625,0.49999999999999994,0.15789473684210525,1.0,1,0,2,1,4,0.0017296582837924178,0.0008570048762501642
0.4035087719298246,0,2,0.00503557621655882,0.1111111111111111,0.6875,0.6071428571428572,0.05263157894736842,0.75,1,0,2,1,0,0.004754781609890514,0.004067396421745167
0.29824561403508765,1,1,0.01566388817926786,0.1111111111111111,0.71875,0.42857142857142855,0.6052631578947367,1.0,1,0,0,1,0,0.015386093049370556,0.01664484226001328
0.6491228070175438,0,9,0.02979953913818485,0.3333333333333333,0.609375,0.625,0.25,0.625,0,1,3,1,0,0.01448065093017552,0.02595265549238089
0.15789473684210525,0,4,0.01936544271362771,0.1111111111111111,0.375,0.49999999999999994,0.15789473684210525,0.75,1,1,3,1,3,0.019088692220628665,0.01656138345411401
0.33333333333333337,0,6,0.010480131236753879,0.2222222222222222,0.5416666666666666,0.4047619047619047,0.17543859649122803,0.75,1,1,0,1,0,0.006612438295778022,0.007970576624046278
0.14035087719298245,0,6,0.06193855557774974,0.4444444444444445,0.5125,0.5285714285714285,0.28421052631578947,0.75,1,1,0,1,0,0.024330869084117083,0.05029959389068271
0.017543859649122806,1,3,0.1235706734142242,1.0,0.4625,0.5357142857142856,0.2526315789473684,0.8,1,1,0,1,1,0.024213121094459458,0.11026183126913784
0.15789473684210525,0,6,0.07468545677301498,0.2222222222222222,0.5416666666666666,0.5238095238095237,0.2807017543859649,0.9166666666666667,0,1,2,1,0,0.04942806848830197,0.06228121683981644
0.2807017543859649,0,7,0.004143528246308769,0.0,0.5625,0.6428571428571428,0.21052631578947367,0.5,0,0,2,1,1,0.008289395230277557,0.004465306776276847
0.19298245614035092,1,3,0.1579104699956751,0.5555555555555556,0.5,0.5119047619047619,0.24561403508771928,0.5,0,1,0,1,5,0.05218131872873541,0.12846438166787755
0.14035087719298245,1,3,0.018468455385845815,0.2222222222222222,0.6041666666666666,0.5714285714285714,0.3684210526315789,0.9166666666666667,1,1,0,0,1,0.011939490682302628,0.0142175701402307
0.0,0,1,0.12816190502721883,0.6666666666666665,0.4642857142857143,0.5408163265306123,0.24812030075187969,0.75,0,1,2,1,5,0.03614422285126929,0.12887333455606884
0.2807017543859649,1,3,0.09804901304721414,0.6666666666666665,0.5267857142857143,0.4693877551020407,0.23308270676691728,0.6785714285714286,0,1,2,1,5,0.027538111333651964,0.10374043316115512
0.0,1,8,0.08284784388152891,0.2222222222222222,0.45833333333333337,0.42857142857142855,0.3684210526315789,0.9166666666666667,1,0,0,1,2,0.054871195596644155,0.08093324101206481
0.45614035087719296,0,6,0.03429356419495289,0.2222222222222222,0.4375,0.49999999999999994,0.21052631578947367,0.6666666666666666,1,1,0,0,3,0.022492540618082743,0.028859401058661447
0.29824561403508765,1,2,0.36761840183333144,0.6666666666666665,0.5892857142857143,0.5816326530612244,0.22556390977443608,0.7857142857142858,0,1,3,1,5,0.10457967290700519,0.4407468544181746
0.0,0,6,0.028093485046687797,0.4444444444444445,0.55,0.49999999999999994,0.2210526315789474,0.6,1,1,0,0,0,0.010789020227238995,0.029881096082838912
0.22807017543859642,1,6,0.21841127738305727,1.0,0.6625000000000001,0.4428571428571428,0.2631578947368421,0.675,1,1,2,1,1,0.04318659499019656,0.2361501272734942
0.12280701754385964,0,3,0.003215719327528205,0.0,0.5,0.2857142857142857,0.21052631578947367,1.0,1,0,0,1,4,0.006433253708182219,0.0025293089222250187
0.3508771929824561,1,6,0.0018358604074337726,0.0,0.75,0.5714285714285714,0.5263157894736843,1.0,0,0,2,0,0,0.0036727570322210115,0.002286183610320835
0.5789473684210525,1,6,0.15297585424706706,0.1111111111111111,0.53125,0.46428571428571425,0.13157894736842105,0.875,0,1,2,1,3,0.15273681071328837,0.1670533923089938
0.0,1,6,0.10820749332149468,0.1111111111111111,0.6875,0.2857142857142857,0.21052631578947367,0.375,1,1,1,0,2,0.10795581545225959,0.11265531228806512
0.3157894736842105,0,3,0.07958233583007977,0.1111111111111111,0.53125,0.46428571428571425,0.3157894736842105,0.875,1,1,2,0,4,0.07932257949125675,0.05973911184854383
0.26315789473684215,0,0,0.004505484366241901,0.0,0.4375,0.2857142857142857,0.2631578947368421,1.0,0,0,4,1,7,0.009013511769561769,0.004798810249935665
0.4385964912280701,1,6,0.08168492154423283,0.1111111111111111,0.46875,0.39285714285714285,0.13157894736842105,0.5,1,1,1,2,3,0.08142575858816246,0.08573532136853486
0.33333333333333337,0,2,0.024948299744714245,0.0,0.6875,0.35714285714285715,0.42105263157894735,1.0,1,0,2,1,6,0.04991068109445155,0.02461480277703134
0.12280701754385964,0,6,0.19750277937648314,0.5555555555555556,0.42708333333333337,0.5833333333333333,0.16666666666666669,0.6666666666666666,0,1,2,1,1,0.06538247971310965,0.14365814969789428
0.22807017543859642,0,3,0.029982295366862876,0.0,0.3125,0.14285714285714285,0.05263157894736842,1.0,1,0,3,1,5,0.05998151368420178,0.03574634020577027
0.12280701754385964,1,7,0.07248566450263536,0.3333333333333333,0.453125,0.5178571428571428,0.14473684210526316,0.9375,0,1,1,0,0,0.03582973696031924,0.05992560270670035
0.5087719298245613,0,2,0.009171794213720469,0.0,0.3125,0.5714285714285714,0.2631578947368421,0.5,1,0,2,0,3,0.018348765276556586,0.006916370105918277
0.29824561403508765,1,4,0.11056811107311097,0.4444444444444445,0.5625,0.4428571428571428,0.2631578947368421,0.8999999999999999,1,1,3,0,5,0.04378818089237481,0.12016892706856751
0.6842105263157895,1,8,0.10591424840661266,0.1111111111111111,0.4375,0.2857142857142857,0.2368421052631579,0.625,1,0,3,0,2,0.10566192334760025,0.08695184839217394
0.2807017543859649,0,6,0.048207931936443515,0.1111111111111111,0.53125,0.25,0.28947368421052627,0.75,1,0,0,0,5,0.047939321247464646,0.05380922388049798
0.14035087719298245,0,9,0.00385981154967996,0.1111111111111111,0.5625,0.6785714285714286,0.3157894736842105,0.5,0,1,2,0,1,0.003578685123733216,0.002962574341606703
0.0,1,6,0.23536097911501333,0.2222222222222222,0.5833333333333334,0.35714285714285715,0.4912280701754386,0.75,1,1,2,1,2,0.1565753134890355,0.2100569045929831
0.0,1,8,0.044366494796781994,0.3333333333333333,0.4375,0.6607142857142856,0.3289473684210526,0.5625,1,1,3,1,7,0.021766184271453583,0.052683596339945106
0.0,0,1,0.11691656852163251,0.2222222222222222,0.45833333333333337,0.5714285714285714,0.24561403508771928,0.75,1,0,2,1,6,0.07759008850993983,0.10869843598861245
0.3508771929824561,0,1,0.01323905877973765,0.2222222222222222,0.6458333333333333,0.4761904761904761,0.2982456140350877,0.8333333333333333,0,1,2,1,0,0.008452242399592566,0.009659278595541375
0.4035087719298246,1,6,0.0399244317812489,0.3333333333333333,0.6875,0.44642857142857145,0.17105263157894735,0.8125,0,1,2,1,0,0.019544525953668797,0.04274882311709398
0.0,0,6,0.022042376921582955,0.1111111111111111,0.53125,0.5357142857142856,0.2631578947368421,0.75,0,1,1,1,4,0.021766381901513428,0.023570074828568224
0.4736842105263158,1,0,0.03240040724014979,0.1111111111111111,0.625,0.3214285714285714,0.2368421052631579,0.125,0,1,3,0,5,0.03212733541912098,0.02655771998693853
0.19298245614035092,1,8,0.07312047073262724,0.2222222222222222,0.5416666666666666,0.4523809523809524,0.3333333333333333,0.8333333333333333,1,0,2,1,2,0.04838445001892966,0.07239736249320505
0.3157894736842105,0,3,0.13225485425240158,0.3333333333333333,0.421875,0.5357142857142856,0.35526315789473684,0.8125,1,1,2,0,0,0.06572276573782515,0.13388707137315564
0.631578947368421,1,0,0.06391884279941447,0.4444444444444445,0.7875000000000001,0.6285714285714286,0.28421052631578947,0.8999999999999999,0,1,2,1,0,0.025123207520060933,0.046059971858126665
0.4736842105263158,1,0,0.022985399061561582,0.1111111111111111,0.65625,0.5357142857142856,0.07894736842105263,0.75,1,1,2,0,3,0.022709670177169416,0.02737230826393836
0.22807017543859642,0,1,0.00521556640501902,0.0,0.5625,0.42857142857142855,0.21052631578947367,0.75,1,1,4,0,0,0.010434076639751428,0.006164719531493259
0.10526315789473684,0,6,0.7219955715696114,0.8888888888888888,0.5208333333333334,0.4761904761904761,0.23391812865497075,0.8611111111111112,1,1,2,1,1,0.15998702317109245,0.6643619524526511
0.0,1,6,0.05750933489179943,0.3333333333333333,0.40625,0.5714285714285714,0.28947368421052627,0.6875,0,1,0,1,4,0.028339458877038332,0.053990359346793845
0.14035087719298245,0,1,0.10010872513799084,0.2222222222222222,0.625,0.6666666666666667,0.14035087719298245,0.5833333333333334,1,0,1,1,1,0.06638169729570273,0.1123619979497854
0.24561403508771928,0,6,0.011155637772808124,0.1111111111111111,0.5,0.39285714285714285,0.21052631578947367,0.5,1,1,1,0,1,0.010876570343751796,0.008844263782906632
0.08771929824561403,1,6,0.07188385318095612,0.5555555555555556,0.625,0.5357142857142856,0.28947368421052627,0.625,1,1,2,0,0,0.02349768710247125,0.06423081644133738
0.26315789473684215,0,6,0.02906258699443453,0.2222222222222222,0.6666666666666667,0.5476190476190474,0.2631578947368421,0.9166666666666667,0,1,2,1,2,0.01900423830838682,0.03232339173554032
0.29824561403508765,1,6,0.1119616026199933,0.2222222222222222,0.47916666666666663,0.5476190476190474,0.4035087719298245,0.25,0,0,2,1,6,0.07428584566264931,0.09390163045616091
0.24561403508771928,1,8,0.012451922763463848,0.1111111111111111,0.5,0.5714285714285714,0.2631578947368421,0.5,1,0,2,1,0,0.012173221166416564,0.01340378754165239
0.15789473684210525,0,6,0.02505340927299177,0.2222222222222222,0.7083333333333333,0.5714285714285714,0.22807017543859648,0.75,0,1,2,0,0,0.016330698858758867,0.029060915449736806
0.33333333333333337,0,3,0.021163566429518235,0.0,0.5625,0.49999999999999994,0.3157894736842105,0.75,1,0,0,2,7,0.04233907824154306,0.023715760444317432
0.38596491228070173,1,3,0.01917537623580256,0.1111111111111111,0.5,0.5714285714285714,0.2368421052631579,1.0,1,1,2,1,3,0.018898572103054588,0.01771549409650985
0.05263157894736842,1,3,0.13865310042484402,0.3333333333333333,0.6875,0.46428571428571425,0.17105263157894735,0.875,1,0,2,0,0,0.06892279166688899,0.15622971882297018
0.5789473684210525,0,6,0.06072169545620598,0.1111111111111111,0.46875,0.46428571428571425,0.49999999999999994,1.0,1,1,2,1,2,0.060456616348077113,0.06442948726151326
0.26315789473684215,1,1,0.00723635635844483,0.0,0.5625,0.42857142857142855,0.3157894736842105,0.75,1,1,2,1,3,0.014476797144008478,0.005280321588911591
0.29824561403508765,1,6,0.1893265620668801,0.5555555555555556,0.5,0.4761904761904761,0.2631578947368421,0.75,1,1,0,1,3,0.06265630479087544,0.16086118492547238
0.4385964912280701,1,1,0.4635454668848677,0.8888888888888888,0.5625,0.5952380952380953,0.25146198830409355,0.6944444444444444,0,1,2,0,6,0.10253745797808506,0.34182366732495334
0.33333333333333337,0,6,0.09127379510794176,0.2222222222222222,0.5625,0.4761904761904761,0.21052631578947367,0.5833333333333334,1,1,3,1,0,0.0604900817048781,0.10847895970802214
0.49122807017543857,1,3,0.026344359757513106,0.1111111111111111,0.625,0.5357142857142856,0.2631578947368421,0.5,0,1,0,1,3,0.02606957882465055,0.021412420622903165
0.3508771929824561,1,2,0.04839602267125594,0.1111111111111111,0.34375,0.42857142857142855,0.42105263157894735,0.875,0,1,0,0,0,0.048127465064440246,0.04101211219024627
0.15789473684210525,0,3,0.15694907344567804,0.5555555555555556,0.5416666666666666,0.49999999999999994,0.18421052631578946,0.75,1,1,2,1,3,0.05186076277166145,0.16936459934322992
0.36842105263157887,0,7,0.009162508221560612,0.0,0.5625,0.21428571428571425,0.2631578947368421,0.75,1,1,4,0,7,0.018330188050930844,0.010914099040626572
0.05263157894736842,0,1,0.0780795856945932,0.1111111111111111,0.40625,0.35714285714285715,0.21052631578947367,0.625,1,1,2,0,1,0.07781940525605048,0.06920005137384759
0.3157894736842105,1,5,0.07712569696804453,0.3333333333333333,0.265625,0.41071428571428564,0.42105263157894735,0.8125,0,1,2,1,4,0.03815040793808803,0.0817095358676185
0.2807017543859649,0,6,0.1022030127314904,0.6666666666666665,0.4642857142857143,0.4387755102040816,0.3308270676691729,0.7857142857142858,0,1,2,0,5,0.028725303336026464,0.09480797128751679
0.24561403508771928,1,0,0.030225706906031883,0.3333333333333333,0.46875,0.5357142857142856,0.2368421052631579,1.0,1,0,2,1,0,0.014693794949721922,0.022733922805580793
0.26315789473684215,1,0,0.01612443387553649,0.1111111111111111,0.375,0.46428571428571425,0.15789473684210525,0.25,1,0,2,1,0,0.015846768718876972,0.01678014884197945
0.0,0,7,0.017069234184226578,0.1111111111111111,0.6875,0.49999999999999994,0.34210526315789475,0.875,0,1,2,1,3,0.016791835665071593,0.02017603599581616
0.17543859649122806,1,1,0.14077939505514991,0.8888888888888888,0.45138888888888884,0.3968253968253968,0.26900584795321636,0.7222222222222222,1,1,3,0,3,0.030791422091233017,0.1362709790367214
0.3157894736842105,1,7,0.01263211052622532,0.1111111111111111,0.40625,0.49999999999999994,0.28947368421052627,1.0,1,0,3,1,1,0.012353459780998225,0.009697429838442519
0.3157894736842105,1,6,0.04171820886251141,0.1111111111111111,0.59375,0.6071428571428572,0.34210526315789475,0.875,1,0,2,1,0,0.041447766671627174,0.04204214835572883
0.07017543859649122,1,6,0.00529024949090042,0.0,0.4375,0.5714285714285714,0.05263157894736842,0.75,1,0,3,0,0,0.010583484964996752,0.00476904754118794
0.5614035087719298,1,6,0.37089576434285704,0.7777777777777777,0.5546875,0.44642857142857145,0.2368421052631579,0.5625,0,1,2,1,2,0.09225623172045465,0.323231832070077
0.10526315789473684,2,6,0.012096091446870195,0.2222222222222222,0.5208333333333334,0.3809523809523809,0.3157894736842105,1.0,1,0,0,0,7,0.007690049135444247,0.008976158079793442
0.49122807017543857,1,7,0.2823694374684252,0.6666666666666665,0.4553571428571429,0.4387755102040816,0.2932330827067669,0.7142857142857143,0,1,2,0,7,0.08021595206036819,0.2418579323542919
0.38596491228070173,1,5,0.01897246742839463,0.0,0.3125,0.2857142857142857,0.05263157894736842,0.25,0,0,0,1,7,0.03795564351410752,0.02075787799469485
0.15789473684210525,1,6,0.0026962964894800576,0.0,0.625,0.7142857142857142,0.15789473684210525,1.0,0,0,2,1,4,0.0053941148534998005,0.0025311098504613456
0.6666666666666666,0,8,0.0439922890701699,0.2222222222222222,0.39583333333333337,0.5238095238095237,0.5614035087719298,0.5,0,1,1,1,2,0.028960181956678568,0.037009264827918935
0.03508771929824561,0,8,0.011109010237707568,0.0,0.5625,0.35714285714285715,0.3157894736842105,0.75,0,1,4,2,6,0.022224290750181966,0.008930187016918773
0.49122807017543857,1,8,0.011883303924398588,0.1111111111111111,0.3125,0.49999999999999994,0.3684210526315789,0.875,1,1,2,0,1,0.011604441854173126,0.010739835537337745
0.5087719298245613,0,5,0.016166517201707753,0.0,0.5,0.5714285714285714,0.3157894736842105,1.0,0,1,3,2,0,0.03234215929417609,0.01910339365968997
0.14035087719298245,1,1,0.008714409706272214,0.0,0.5625,0.35714285714285715,0.2631578947368421,0.75,0,1,1,1,0,0.017433738099458907,0.01023638130958762
0.5789473684210525,1,6,0.12895417797532574,0.1111111111111111,0.53125,0.42857142857142855,0.4473684210526316,0.875,1,1,4,0,2,0.12870835514675116,0.12952437011350112
0.22807017543859642,1,3,0.007361025742548436,0.0,0.5,0.5714285714285714,0.05263157894736842,0.25,1,0,1,1,1,0.014726206279537047,0.006937459923422636
0.3508771929824561,1,3,0.008393153892401431,0.2222222222222222,0.45833333333333337,0.5476190476190474,0.24561403508771928,0.6666666666666666,1,1,0,1,1,0.005220727414326215,0.006301827041695755
0.3508771929824561,1,5,0.11419695826460216,0.8888888888888888,0.5416666666666666,0.5793650793650793,0.26900584795321636,0.75,0,1,2,1,7,0.02488254680851498,0.11050405611692386
0.26315789473684215,0,4,0.13581376014124194,0.1111111111111111,0.4375,0.46428571428571425,0.3684210526315789,1.0,1,0,2,1,2,0.13556987319462468,0.16027521974878947
0.45614035087719296,1,7,0.010948777479374724,0.1111111111111111,0.59375,0.5357142857142856,0.3684210526315789,0.75,1,1,0,1,4,0.010669651671090614,0.00849478891936249
0.45614035087719296,0,1,0.1904618240019979,0.2222222222222222,0.41666666666666663,0.4523809523809524,0.3684210526315789,0.8333333333333333,0,1,2,1,2,0.12663409591526992,0.15513712409769942
0.0,1,6,0.5782312239708206,0.6666666666666665,0.4464285714285714,0.4183673469387755,0.3007518796992481,0.6785714285714286,1,1,3,0,2,0.1647717473035425,0.4211857406293676
0.5614035087719298,1,6,0.05454789369001027,0.1111111111111111,0.71875,0.35714285714285715,0.4473684210526316,1.0,0,0,2,0,3,0.05428107223793709,0.06294556978762791
0.0,1,7,0.007411802337975737,0.1111111111111111,0.65625,0.46428571428571425,0.2368421052631579,0.75,0,1,1,0,0,0.007131678339686151,0.005995527062975143
0.5087719298245613,0,3,0.23704134854734482,0.5555555555555556,0.5729166666666666,0.6190476190476191,0.3596491228070175,0.8333333333333333,1,1,2,0,7,0.07856572223872432,0.2173317542036272
0.5263157894736842,1,5,0.00876103724137277,0.0,0.5,0.49999999999999994,0.47368421052631576,1.0,0,0,2,1,4,0.01752701948770731,0.010224580490354844
0.05263157894736842,0,7,0.20877636900715163,0.5555555555555556,0.6041666666666666,0.4404761904761904,0.24561403508771928,0.5416666666666666,0,1,2,1,6,0.06914140345142454,0.15738354510827607
0.21052631578947367,1,8,0.041003187466202455,0.3333333333333333,0.53125,0.5178571428571428,0.34210526315789475,0.6875,1,1,0,0,1,0.020084056017054683,0.044670413545255194
0.05263157894736842,1,2,0.002517689321128774,0.0,0.75,0.7857142857142856,0.2631578947368421,1.0,1,0,4,0,0,0.005036799705294054,0.002086280576088507
0.24561403508771928,1,5,0.09052123459439082,0.5555555555555556,0.6458333333333333,0.5595238095238095,0.34210526315789475,0.5833333333333334,0,1,2,1,1,0.029711900827654927,0.07466819082066879
0.22807017543859642,1,6,0.1523708817365675,0.4444444444444445,0.5375,0.49999999999999994,0.2526315789473684,0.8,1,1,2,0,6,0.06051400811745707,0.1388893865137963
0.45614035087719296,1,9,0.012820201261037735,0.1111111111111111,0.71875,0.6428571428571428,0.21052631578947367,1.0,1,0,0,1,2,0.012541603597973816,0.012962133588117286
0.5614035087719298,1,2,0.0025783446316197515,0.0,0.5625,0.42857142857142855,0.736842105263158,0.5,0,0,2,1,1,0.005158144562040917,0.0019727273115032395
0.5789473684210525,0,6,0.017716290020897432,0.1111111111111111,0.5625,0.42857142857142855,0.5263157894736843,0.375,1,0,2,1,5,0.01743907411107481,0.01773606259268264
0.17543859649122806,1,6,0.007873731054353282,0.0,0.625,0.6428571428571428,0.6842105263157894,0.75,1,0,3,1,3,0.015751906290149782,0.0069799239155213
0.24561403508771928,0,8,0.028207090269920083,0.2222222222222222,0.6458333333333333,0.35714285714285715,0.21052631578947367,0.8333333333333333,0,1,2,0,7,0.01843374620229136,0.033359731149850025
0.0,1,6,0.060465046438851644,0.1111111111111111,0.5625,0.7142857142857142,0.3947368421052631,0.875,1,0,2,0,2,0.06019989490033416,0.055612569152089814
0.12280701754385964,0,7,0.13766542649277758,0.8888888888888888,0.5763888888888888,0.5158730158730158,0.30994152046783624,0.7777777777777777,1,1,2,0,0,0.030099233786062073,0.14384193916369634
0.49122807017543857,0,1,0.0585878930024517,0.1111111111111111,0.625,0.49999999999999994,0.7105263157894737,1.0,1,0,2,1,2,0.05832221170171536,0.04251304369668008
0.631578947368421,1,2,0.47863085751000667,1.0,0.53125,0.47142857142857136,0.2578947368421053,0.725,1,1,2,1,2,0.0952451986271035,0.4598726175022737
0.03508771929824561,1,5,0.013452439025113078,0.1111111111111111,0.40625,0.5714285714285714,0.3684210526315789,1.0,1,1,0,0,0,0.013174019789488414,0.01545940494487501
0.15789473684210525,0,1,0.11086427495072002,0.8888888888888888,0.45138888888888884,0.4761904761904761,0.19883040935672514,0.6666666666666666,0,0,2,1,4,0.024141741508621355,0.08430206684950829
0.2807017543859649,0,7,0.25682564877967246,0.4444444444444445,0.7124999999999999,0.4857142857142857,0.3263157894736842,0.7,1,1,2,1,5,0.10230770644584272,0.20695755449111217
0.3508771929824561,1,4,0.03404995508148261,0.2222222222222222,0.6666666666666667,0.35714285714285715,0.2631578947368421,0.5,1,0,2,1,1,0.02233008870888743,0.033594562713297436
0.12280701754385964,1,5,0.20573807140216704,0.8888888888888888,0.5208333333333334,0.4761904761904761,0.2807017543859649,0.75,1,1,2,1,4,0.045230757359452464,0.19743334551329536
0.38596491228070173,0,9,0.10636965717104818,0.5555555555555556,0.46875,0.5833333333333333,0.2807017543859649,0.75,1,0,3,1,0,0.03499619924456568,0.09614179561075875
0.19298245614035092,1,7,0.18186477343068216,0.0,0.4375,0.42857142857142855,0.47368421052631576,1.0,0,1,2,0,2,0.3638321970593042,0.20082591516774934
0.2807017543859649,0,6,0.06877521912471818,0.2222222222222222,0.35416666666666663,0.5714285714285714,0.21052631578947367,0.9166666666666667,0,1,1,1,0,0.045486798081433716,0.0630277015937741
0.4035087719298246,1,7,0.019388163758274162,0.4444444444444445,0.5,0.5285714285714285,0.3052631578947368,0.65,1,1,3,1,0,0.007305909000448422,0.020489492294633756
0.29824561403508765,1,0,0.02465747037323959,0.2222222222222222,0.625,0.6666666666666667,0.21052631578947367,0.9166666666666667,1,1,2,1,2,0.016066665098801523,0.01996437953519938
0.19298245614035092,0,6,0.05396188831243294,0.2222222222222222,0.5,0.42857142857142855,0.2807017543859649,0.8333333333333333,1,0,2,1,0,0.035608457169975745,0.057695295264553983
0.26315789473684215,0,1,0.013196975453566384,0.1111111111111111,0.5625,0.35714285714285715,0.3157894736842105,0.875,1,1,3,0,4,0.012918484122104546,0.011813283551885453
0.26315789473684215,1,6,0.04094174185850638,0.2222222222222222,0.6458333333333333,0.5952380952380953,0.21052631578947367,0.6666666666666666,1,1,2,2,1,0.026925909873973284,0.038175223682395884
0.21052631578947367,1,7,0.17096222833780544,0.4444444444444445,0.5,0.5571428571428572,0.23157894736842105,0.65,0,1,2,0,0,0.06795264546609962,0.1439556819996749
0.22807017543859642,0,5,0.004446804798763659,0.1111111111111111,0.71875,0.3214285714285714,0.4473684210526316,0.625,0,1,0,0,0,0.004165844031542548,0.00322404068581243
0.631578947368421,0,6,0.011636731196409206,0.1111111111111111,0.65625,0.6428571428571428,0.3157894736842105,0.75,0,0,2,1,1,0.011357799539482434,0.011910581069495451
0.4035087719298246,1,2,0.0017236382043103995,0.0,0.3125,0.7857142857142856,0.3157894736842105,0.75,1,0,2,0,1,0.0034482492842333305,0.001773250812905831
0.22807017543859642,0,8,0.015361006775415513,0.0,0.125,0.21428571428571425,0.2631578947368421,0.75,1,0,3,1,6,0.030730683786172965,0.012999384366900266
0.4385964912280701,0,6,0.17694556847757345,0.3333333333333333,0.53125,0.5714285714285714,0.40789473684210525,0.8125,1,1,4,1,6,0.08807442906157935,0.1408245786894266
0.21052631578947367,0,2,0.05490945466134086,0.6666666666666665,0.5892857142857143,0.49999999999999994,0.42105263157894735,0.7857142857142858,0,1,3,1,1,0.015209044748612163,0.05360605073973128
0.543859649122807,0,4,0.12020598306353575,0.2222222222222222,0.45833333333333337,0.4761904761904761,0.2631578947368421,0.8333333333333333,1,1,2,0,2,0.07978365042088285,0.12492546289779781
0.36842105263157887,1,4,0.155423602265545,0.7777777777777777,0.5234375,0.5178571428571428,0.28947368421052627,0.78125,0,1,2,0,6,0.03837298879299219,0.12242146175657802
0.26315789473684215,0,6,0.03348528772844282,0.1111111111111111,0.625,0.49999999999999994,0.21052631578947367,0.5,1,1,2,0,0,0.03321252207774806,0.03945502015854803
0.38596491228070173,0,6,0.18722298848122068,0.7777777777777777,0.5390625,0.44642857142857145,0.3026315789473684,0.625,1,1,0,1,4,0.04632507891862364,0.15138180958217043
0.0,1,6,0.024682364735200055,0.1111111111111111,0.90625,0.5714285714285714,0.2368421052631579,0.875,0,0,2,0,7,0.02440711476120656,0.022994583471365005
0.05263157894736842,1,0,0.015313588943109864,0.2222222222222222,0.4375,0.4761904761904761,0.2631578947368421,0.6666666666666666,1,1,2,0,1,0.009835652818530743,0.01383217149765666
0.03508771929824561,1,0,0.05161134685018159,0.2222222222222222,0.5625,0.3095238095238095,0.3157894736842105,0.75,1,1,2,1,0,0.034040987288632175,0.04545490736356902
0.3157894736842105,0,2,0.040007610562085065,0.1111111111111111,0.46875,0.49999999999999994,0.28947368421052627,0.75,0,1,2,0,0,0.0397366856134605,0.0408177541192679
0.6491228070175438,1,1,0.016151106406208416,0.1111111111111111,0.6875,0.6071428571428572,0.2631578947368421,0.875,0,1,3,1,4,0.01587344877695649,0.01229351528395662
0.7543859649122807,0,6,0.05853435036680658,0.4444444444444445,0.5375,0.5571428571428572,0.42105263157894735,0.8,1,1,3,1,1,0.022968802711642526,0.04884695569669146
0.42105263157894735,0,3,0.06483914389474664,0.2222222222222222,0.5208333333333334,0.5714285714285714,0.22807017543859648,0.75,0,1,3,0,2,0.04286200737990169,0.04979192169943172
0.4035087719298246,0,7,0.10330211856947513,0.6666666666666665,0.5357142857142857,0.489795918367347,0.3609022556390977,0.6785714285714286,1,1,2,1,4,0.02903942219972251,0.11003221291900611
0.0,0,0,0.011889626302039342,0.0,0.375,0.2857142857142857,0.21052631578947367,1.0,1,1,2,2,7,0.023785963483103318,0.009546767973619244
0.17543859649122806,0,7,0.00958946628661274,0.2222222222222222,0.5625,0.5238095238095237,0.1929824561403509,0.75,1,1,4,1,3,0.00601849408924723,0.009841314525955405
0.12280701754385964,1,1,0.06647960331822088,0.3333333333333333,0.375,0.5535714285714286,0.18421052631578946,0.5,0,1,4,1,1,0.03282585886565484,0.07718550935226774
0.15789473684210525,0,1,0.03325294035014514,0.1111111111111111,0.5625,0.6785714285714286,0.10526315789473684,0.625,0,1,2,0,3,0.032980109127366444,0.03112430528008463
0.24561403508771928,1,6,0.02294035212087122,0.2222222222222222,0.29166666666666663,0.6428571428571428,0.5964912280701755,0.9166666666666667,1,1,3,0,0,0.01492159653204041,0.020977780810920072
0.19298245614035092,0,1,0.011469385763230514,0.2222222222222222,0.5,0.5476190476190474,0.17543859649122803,0.75,1,1,2,0,1,0.007272127435551683,0.01106092208473557
0.0,1,6,0.04095320116798024,0.1111111111111111,0.53125,0.2857142857142857,0.49999999999999994,0.875,0,1,1,1,4,0.04068254307989451,0.04565149289841865
0.4385964912280701,2,1,0.041248772322685465,0.3333333333333333,0.421875,0.5714285714285714,0.3684210526315789,0.9375,1,0,4,1,1,0.02020688309925041,0.043864877302285325
0.07017543859649122,0,6,0.10335803209673554,0.1111111111111111,0.5625,0.42857142857142855,0.21052631578947367,1.0,0,1,2,0,2,0.1031049856332828,0.09027939505872687
0.33333333333333337,0,6,0.09733063288778353,0.2222222222222222,0.5,0.49999999999999994,0.3333333333333333,0.5,0,1,2,1,0,0.06452911311468466,0.10513051279535816
0.719298245614035,1,0,0.12895121436080664,0.8888888888888888,0.4444444444444444,0.4682539682539682,0.3742690058479532,0.75,0,1,2,1,3,0.028162195692802167,0.1253474962121266
0.08771929824561403,1,1,0.04473813205747753,0.0,0.5625,0.8571428571428572,0.3157894736842105,1.0,0,1,3,2,2,0.089501515723744,0.045867225143991316
0.0,0,2,0.006746569665587713,0.0,0.625,0.5714285714285714,0.47368421052631576,0.75,1,0,4,0,0,0.013496947307280552,0.0073318158143299865
0.22807017543859642,1,0,0.14866419027037453,0.0,0.625,0.21428571428571425,0.3157894736842105,0.5,1,0,0,2,2,0.2974122912853641,0.14347668248166015
0.5263157894736842,0,3,0.007734638746256708,0.0,0.5625,0.7142857142857142,0.15789473684210525,1.0,1,1,2,2,0,0.015473643165883358,0.006913858284957085
0.7017543859649124,1,8,0.19089668503910096,0.5555555555555556,0.5208333333333334,0.5238095238095237,0.15789473684210525,0.625,0,1,2,1,0,0.06317982681941361,0.22263221775307662
0.03508771929824561,0,6,0.16542422067310802,0.5555555555555556,0.4375,0.6190476190476191,0.2982456140350877,0.7083333333333334,1,1,2,1,7,0.054686609120745834,0.1895562275861448
0.38596491228070173,1,0,0.006255992675525504,0.1111111111111111,0.46875,0.3214285714285714,0.631578947368421,1.0,1,1,2,1,0,0.005975542489573531,0.005437476273955307
0.19298245614035092,0,8,0.10592827618200307,0.5555555555555556,0.5208333333333334,0.5714285714285714,0.3070175438596491,0.8333333333333333,1,1,2,1,1,0.0348490307266653,0.0944545628175617
0.26315789473684215,0,9,0.1606739417475882,0.6666666666666665,0.5178571428571429,0.6326530612244898,0.2556390977443609,0.6785714285714286,0,1,3,0,5,0.04543599774509748,0.19141976177510864
0.8421052631578948,1,6,0.20212957436370704,0.7777777777777777,0.59375,0.5267857142857142,0.26973684210526316,0.75,1,1,4,1,2,0.05005277710748248,0.1872528403718822
0.0,1,1,0.04708926624263271,0.2222222222222222,0.6458333333333333,0.4761904761904761,0.4912280701754386,0.9166666666666667,0,1,3,2,0,0.03102541608209342,0.03605884864762138
0.3508771929824561,1,6,0.010721764607211423,0.2222222222222222,0.4375,0.49999999999999994,0.24561403508771928,0.8333333333333333,1,0,2,0,1,0.006773572671241011,0.007752285164664083
0.38596491228070173,0,3,0.03543593880491652,0.4444444444444445,0.5125,0.38571428571428573,0.2631578947368421,0.75,1,1,3,0,1,0.013726830592896108,0.03350352105166626
0.5263157894736842,0,0,0.01818987562105012,0.1111111111111111,0.59375,0.6785714285714286,0.2631578947368421,0.625,0,0,0,2,4,0.01791279336453121,0.01901946092530745
0.3157894736842105,0,1,0.0112066119425367,0.2222222222222222,0.5625,0.4761904761904761,0.14035087719298245,1.0,1,1,2,1,0,0.007096895449152849,0.008520665414547613
0.3508771929824561,0,3,0.40306244118460016,0.4444444444444445,0.6125,0.5857142857142856,0.1894736842105263,0.7,0,1,3,1,1,0.160818931536797,0.34920804180807513
0.21052631578947367,1,2,0.0772080854516756,0.2222222222222222,0.8125,0.42857142857142855,0.15789473684210525,0.8333333333333333,0,0,2,1,2,0.05111029555773079,0.05899006788077665
0.3508771929824561,1,7,0.11780940678908765,0.8888888888888888,0.5486111111111112,0.48412698412698413,0.30409356725146197,0.75,1,1,2,1,1,0.025685539700574203,0.14028065096920744
0.21052631578947367,1,9,0.07949836675203852,0.4444444444444445,0.575,0.5714285714285714,0.431578947368421,0.7,0,1,2,0,0,0.03135677581577242,0.07960330290238543
0.42105263157894735,1,0,0.05534885990737322,0.0,0.875,0.7857142857142856,0.2631578947368421,0.0,0,0,3,1,5,0.11072896045205108,0.0455203094942567
0.21052631578947367,0,6,0.01226798108897818,0.2222222222222222,0.5625,0.49999999999999994,0.4561403508771929,0.5,0,1,2,0,1,0.007804674570156267,0.014445908883457668
0.36842105263157887,0,2,0.07222842276237719,0.3333333333333333,0.59375,0.37499999999999994,0.28947368421052627,0.75,0,1,3,1,7,0.03570107979135798,0.071653010417422
0.2807017543859649,1,6,0.025047482043953566,0.2222222222222222,0.6041666666666666,0.6190476190476191,0.15789473684210525,0.8333333333333333,0,0,2,1,6,0.0163267462575619,0.0258091499476546
0.5263157894736842,0,3,0.03274023503834028,0.1111111111111111,0.59375,0.75,0.3157894736842105,0.75,0,0,2,0,0,0.03246725912206007,0.027823440787138345
0.2807017543859649,0,8,0.0033571825272400626,0.0,0.3125,0.35714285714285715,0.42105263157894735,0.0,1,1,0,1,4,0.006716259953885001,0.003929767590211103
0.0,1,9,0.04995666207701565,0.2222222222222222,0.7083333333333333,0.5476190476190474,0.3157894736842105,0.8333333333333333,1,0,2,0,1,0.032937552787812435,0.04864345080598648
0.5614035087719298,1,7,0.02192600565813284,0.1111111111111111,0.5625,0.46428571428571425,0.21052631578947367,0.875,1,0,2,0,5,0.021649977796262772,0.019319742012290864
0.10526315789473684,1,1,0.002945240109084723,0.1111111111111111,0.59375,0.46428571428571425,0.4473684210526316,0.5,0,1,2,1,1,0.002663855576695384,0.0026285495466163164
0.15789473684210525,0,6,0.022665723842100992,0.2222222222222222,0.5208333333333334,0.5476190476190474,0.2982456140350877,1.0,1,0,1,1,1,0.014738459343247643,0.02489565279620175
0.15789473684210525,0,3,0.05669137728452696,0.1111111111111111,0.625,0.5714285714285714,0.28947368421052627,0.375,1,1,2,0,5,0.056425160757231425,0.05007613661083315
0.5789473684210525,0,6,0.004937579363127143,0.0,0.5,0.42857142857142855,0.47368421052631576,0.75,1,1,4,0,0,0.009877945651338281,0.0042106176093815095
0.0,1,3,0.01688035315220907,0.2222222222222222,0.625,0.42857142857142855,0.24561403508771928,0.5833333333333334,0,1,0,1,0,0.010880457068262147,0.019231875671497423
0.9473684210526315,1,6,0.036121916778938265,0.0,0.625,0.5714285714285714,0.05263157894736842,0.0,1,0,4,1,3,0.07226422190377431,0.04234783222742122
0.5087719298245613,0,1,0.07269450053908148,0.2222222222222222,0.6875,0.5238095238095237,0.1929824561403509,0.8333333333333333,1,1,0,0,1,0.04810038974624102,0.064245223867228
0.33333333333333337,0,6,0.12554246494093418,0.4444444444444445,0.525,0.5142857142857142,0.34736842105263155,0.7,1,1,2,1,1,0.049779612838760146,0.12930536776139406
0.2807017543859649,0,4,0.1325616871422794,0.5555555555555556,0.5416666666666666,0.46428571428571425,0.13157894736842105,0.7083333333333334,0,1,2,1,0,0.043729339835889315,0.11124077794412668
0.3508771929824561,0,0,0.0745291755007076,0.5555555555555556,0.5729166666666666,0.5119047619047619,0.2631578947368421,0.5416666666666666,1,1,2,0,6,0.024379710059574258,0.06789404665257204
0.4035087719298246,1,1,0.07931758626637322,0.2222222222222222,0.45833333333333337,0.5714285714285714,0.1929824561403509,0.5833333333333334,1,1,2,0,1,0.05251702632373108,0.06271779975858084
0.42105263157894735,0,6,0.07916426860858496,0.2222222222222222,0.47916666666666663,0.4047619047619047,0.1929824561403509,0.8333333333333333,0,1,2,0,5,0.05241478570610288,0.07745185715985088
0.4035087719298246,0,7,0.037089635706576085,0.0,0.375,0.42857142857142855,0.3684210526315789,0.25,1,0,2,1,5,0.07420020597004837,0.03408711658593295
0.3157894736842105,1,6,0.07275318010655972,0.6666666666666665,0.5267857142857143,0.5306122448979591,0.21052631578947367,0.6785714285714286,1,1,0,1,3,0.02030869081293798,0.05972133953042218
0.24561403508771928,0,3,0.042389763912540186,0.1111111111111111,0.4375,0.25,0.10526315789473684,0.25,0,0,2,0,5,0.04211951124505158,0.04755313093743528
0.26315789473684215,1,5,0.017807766922387086,0.0,0.375,0.49999999999999994,0.47368421052631576,1.0,0,0,3,0,6,0.035625585108495936,0.014276242486456309
0.24561403508771928,1,3,0.051829271304486314,0.1111111111111111,0.40625,0.39285714285714285,0.28947368421052627,1.0,1,0,2,1,5,0.05156168261442434,0.040408232516896736
0.5263157894736842,1,2,0.15335756779712756,0.7777777777777777,0.453125,0.5267857142857142,0.47368421052631576,0.71875,1,1,2,1,5,0.037856334409033736,0.11422723828128889
0.42105263157894735,1,3,0.011097748502534978,0.2222222222222222,0.45833333333333337,0.5238095238095237,0.17543859649122803,0.9166666666666667,1,1,2,0,0,0.007024299340501902,0.009286154700683358
0.0,1,8,0.07358911697524809,0.4444444444444445,0.525,0.47142857142857136,0.3263157894736842,0.65,0,1,1,1,5,0.02899240883177116,0.07179722685487315
0.42105263157894735,1,8,0.023813828106801552,0.1111111111111111,0.4375,0.46428571428571425,0.21052631578947367,0.75,0,0,2,1,6,0.023538333018113384,0.023443393744997095
0.33333333333333337,0,7,0.015763465627109723,0.1111111111111111,0.5,0.6071428571428572,0.3684210526315789,0.875,1,0,3,1,3,0.015485698599534106,0.012263705182360573
0.2807017543859649,1,1,0.11266555985543092,0.6666666666666665,0.5625,0.4795918367346938,0.3684210526315789,0.75,0,1,3,0,0,0.0317154461415314,0.10683096819323772
0.21052631578947367,1,7,0.04016626272600772,0.1111111111111111,0.625,0.46428571428571425,0.28947368421052627,0.875,0,1,1,1,0,0.03989538255151869,0.046008929760481286
0.5263157894736842,1,6,0.0016904457216964442,0.0,0.875,0.14285714285714285,0.3157894736842105,0.75,1,0,4,0,4,0.0033818455841242985,0.001930215926556251
0.49122807017543857,0,2,0.008101929372324228,0.1111111111111111,0.5625,0.6071428571428572,0.3684210526315789,0.75,1,1,2,1,1,0.007822000138736303,0.007971382302467793
0.12280701754385964,1,7,0.004113299378213917,0.1111111111111111,0.5625,0.5714285714285714,0.28947368421052627,0.5,1,0,2,0,0,0.0038322444905185987,0.004571371970826859
0.36842105263157887,1,6,0.02796387630505235,0.3333333333333333,0.5,0.2857142857142857,0.3289473684210526,0.8125,0,1,3,0,2,0.01356256048715019,0.02322571839264312
0.08771929824561403,0,6,0.05739237090544549,0.5555555555555556,0.5104166666666666,0.5357142857142856,0.3684210526315789,0.625,1,1,3,1,3,0.018665829769239896,0.06147819241780777
0.0,0,7,0.09086758234452334,0.2222222222222222,0.47916666666666663,0.4047619047619047,0.6842105263157894,0.41666666666666663,1,1,2,1,2,0.06021919676951268,0.08159963185235422
0.15789473684210525,0,9,0.20969587980527868,0.8888888888888888,0.5694444444444444,0.4761904761904761,0.3216374269005848,0.8333333333333333,1,1,2,1,0,0.046110518550314984,0.23743523174865866
0.4736842105263158,0,3,0.03568922905914921,0.3333333333333333,0.484375,0.5178571428571428,0.25,0.5,0,1,3,0,0,0.017426326972214596,0.037838355316506034
0.49122807017543857,1,2,0.03945795885594206,0.2222222222222222,0.5208333333333334,0.4523809523809524,0.2982456140350877,0.8333333333333333,0,1,0,1,1,0.02593644204099941,0.040128282961844494
0.4035087719298246,0,1,0.10311066907154105,0.5555555555555556,0.47916666666666663,0.3809523809523809,0.32456140350877194,0.7083333333333334,1,1,2,1,6,0.033909563298833045,0.11001647849336241
0.4385964912280701,1,3,0.011009432789865704,0.2222222222222222,0.45833333333333337,0.49999999999999994,0.22807017543859648,0.8333333333333333,1,1,2,1,0,0.006965405582667105,0.01301222782879618
0.4035087719298246,1,7,0.18686616929312064,0.3333333333333333,0.359375,0.33928571428571425,0.3157894736842105,0.8125,0,1,3,0,7,0.09303612934413104,0.19602336088279607
0.15789473684210525,1,2,0.12904921121423832,0.0,0.25,0.49999999999999994,0.2631578947368421,0.75,1,0,2,1,2,0.25817126186200323,0.09779386291049909
0.38596491228070173,0,6,0.03699065098163804,0.0,0.625,0.49999999999999994,0.5263157894736843,1.0,1,0,1,0,3,0.07400218065008037,0.03168453614012738
0.45614035087719296,1,7,0.05369219939119455,0.1111111111111111,0.5,0.49999999999999994,0.2631578947368421,0.875,0,1,3,0,5,0.05342513644873406,0.042470769275974714
0.45614035087719296,0,1,0.0016039081777386318,0.0,0.6875,0.35714285714285715,0.3157894736842105,0.75,1,0,4,0,1,0.0032087216516971774,0.0018183688045106622
0.543859649122807,0,1,0.04262744579697226,0.4444444444444445,0.525,0.4857142857142857,0.3894736842105263,0.8,1,1,2,1,7,0.01660424521226358,0.03526198529589488
0.4385964912280701,1,4,0.27024667349088305,0.3333333333333333,0.46875,0.46428571428571425,0.42105263157894735,0.75,1,1,2,1,2,0.13473814708775309,0.293483815105333
0.36842105263157887,0,6,0.012643964984301734,0.2222222222222222,0.5625,0.3809523809523809,0.3157894736842105,0.75,0,0,3,0,0,0.008055401239417158,0.009537810725285933
0.5087719298245613,0,1,0.0012992486051748267,0.0,0.125,0.42857142857142855,0.15789473684210525,1.0,1,0,3,2,1,0.0025992305471249865,0.0015808832415570827
0.2807017543859649,0,7,0.055521934995288846,0.2222222222222222,0.5416666666666666,0.4047619047619047,0.1929824561403509,1.0,0,0,0,0,1,0.03664878180501725,0.05262307567263485
0.10526315789473684,1,9,0.006134286905940999,0.0,0.625,0.49999999999999994,0.3684210526315789,0.75,1,0,3,1,1,0.01227203619634072,0.007015042016129683
0.26315789473684215,0,7,0.012559798331959205,0.0,0.5625,0.5714285714285714,0.42105263157894735,0.5,1,0,0,0,3,0.02512668580911426,0.013488999882939666
0.14035087719298245,1,0,0.04486951896782444,0.0,0.9375,0.42857142857142855,0.3684210526315789,0.75,0,0,0,1,3,0.08976436370334226,0.04991618574773829
0.14035087719298245,0,9,0.03166661628521984,0.1111111111111111,0.59375,0.6428571428571428,0.13157894736842105,0.75,1,1,2,0,0,0.03139333737684435,0.03176060166168805
0.26315789473684215,0,1,0.12212680042051714,0.4444444444444445,0.48750000000000004,0.5285714285714285,0.3684210526315789,0.6,0,1,2,1,3,0.048412961448897104,0.10202092583824916
0.12280701754385964,1,1,0.08345024792611194,0.3333333333333333,0.5,0.5357142857142856,0.2368421052631579,0.625,0,1,4,1,0,0.041313575860990166,0.061689517128486276
0.22807017543859642,0,1,0.39985482240342424,1.0,0.55,0.49999999999999994,0.42105263157894735,0.8,0,1,3,1,3,0.07948554523860767,0.4289074574068624
0.0,0,5,0.014701108609161875,0.1111111111111111,0.6875,0.42857142857142855,0.21052631578947367,0.875,1,1,0,0,3,0.014423041767729735,0.0148340089183862
0.33333333333333337,0,6,0.024989790347981686,0.2222222222222222,0.7291666666666667,0.5476190476190474,0.3508771929824561,0.41666666666666663,0,0,1,1,6,0.016288274272578094,0.020789299453133927
0.29824561403508765,1,1,0.025986157549304174,0.1111111111111111,0.53125,0.5714285714285714,0.34210526315789475,0.375,1,1,2,0,3,0.025711275526145563,0.020850673191714027
0.12280701754385964,1,2,0.04689208708996171,0.3333333333333333,0.4375,0.5178571428571428,0.21052631578947367,0.75,1,1,2,1,4,0.02302933679897406,0.0501735289141398
0.42105263157894735,0,3,0.004183240680864751,0.0,0.8125,0.42857142857142855,0.10526315789473684,0.0,1,0,3,1,6,0.008368842514336578,0.003071957035539423
0.49122807017543857,0,7,0.17204276219147047,0.6666666666666665,0.4732142857142857,0.489795918367347,0.2706766917293233,0.8214285714285714,1,1,2,1,1,0.04868514886046648,0.18316492284681257
0.0,0,3,0.006066518920604174,0.0,0.5,0.6428571428571428,0.47368421052631576,0.75,1,0,2,0,6,0.012136461975284778,0.004898903945596802
0.12280701754385964,1,6,0.21210924989533506,0.8888888888888888,0.5555555555555556,0.49206349206349204,0.24561403508771928,0.75,1,1,2,1,7,0.04664697436832546,0.23679884058135858
0.12280701754385964,1,7,0.009943914583097478,0.1111111111111111,0.625,0.6071428571428572,0.47368421052631576,0.75,1,0,3,0,0,0.009664505186702104,0.009129568729819534
0.08771929824561403,0,7,0.1930966748837819,0.3333333333333333,0.65625,0.49999999999999994,0.3026315789473684,0.375,0,1,2,0,0,0.0961522613127893,0.20040032738979624
0.45614035087719296,0,9,0.05151927722578811,0.2222222222222222,0.5625,0.5238095238095237,0.15789473684210525,0.6666666666666666,0,0,0,1,0,0.03397959021670596,0.05237810203964602
0.24561403508771928,1,1,0.0031256254461474687,0.0,0.4375,0.49999999999999994,0.15789473684210525,1.0,1,0,3,0,4,0.00625301509360056,0.003573657727901544
0.22807017543859642,0,9,0.06095424040880494,0.1111111111111111,0.28125,0.3214285714285714,0.3157894736842105,0.875,1,1,2,1,3,0.06068922692851858,0.07253200557529468
0.0,0,2,0.07761508851229909,0.4444444444444445,0.4125,0.5428571428571427,0.3894736842105263,0.75,1,1,0,1,0,0.030603251923582774,0.09274496059995554
0.42105263157894735,1,6,0.2034062994985367,0.5555555555555556,0.5208333333333334,0.42857142857142855,0.24561403508771928,0.5833333333333334,0,0,2,1,1,0.06735087510919885,0.17092117005359658
0.03508771929824561,1,0,0.025788978396633175,0.3333333333333333,0.484375,0.5357142857142856,0.28947368421052627,0.5625,1,1,3,1,6,0.012474804637745087,0.028637981671289843
0.29824561403508765,1,6,0.045375111604783434,0.2222222222222222,0.5416666666666666,0.49999999999999994,0.3157894736842105,0.75,0,1,2,1,0,0.029882323815930784,0.03996681552760325
0.3508771929824561,0,4,0.0238754712887989,0.1111111111111111,0.40625,0.2857142857142857,0.4473684210526316,0.875,1,1,2,1,0,0.02359999359678606,0.027269892318709327
0.5789473684210525,1,9,0.08435928728627153,0.5555555555555556,0.6979166666666667,0.5238095238095237,0.2719298245614035,0.7916666666666667,1,1,2,1,4,0.027657338725471884,0.06779982967010313
0.017543859649122806,1,1,0.05660819850369078,0.3333333333333333,0.5,0.625,0.2631578947368421,0.625,0,1,4,0,0,0.027888763525554253,0.04372814893486943
0.0,0,1,0.19418036992626725,0.8888888888888888,0.5138888888888888,0.5793650793650793,0.34502923976608185,0.6944444444444444,1,1,2,1,4,0.042661654417006575,0.20530932601208612
0.33333333333333337,1,1,0.0258194048390293,0.0,0.75,0.7857142857142856,0.15789473684210525,1.0,1,0,2,1,6,0.05165338296219395,0.025809292126199573
0.6666666666666666,1,1,0.021854483761071818,0.2222222222222222,0.4375,0.4761904761904761,0.3508771929824561,0.5833333333333334,1,1,2,2,7,0.014197479992756199,0.02384381592048997
0.543859649122807,1,1,0.0954787689619466,1.0,0.51875,0.38571428571428573,0.2736842105263158,0.575,0,1,3,0,4,0.018593154608565008,0.11344734156926252
0.33333333333333337,0,1,0.13788631456160141,0.1111111111111111,0.5,0.35714285714285715,0.07894736842105263,0.75,0,0,4,1,2,0.13764301252243347,0.13006768172669209
0.19298245614035092,0,2,0.005815599557986773,0.0,0.8125,0.7857142857142856,0.3684210526315789,0.0,1,1,1,1,7,0.01163448162327007,0.006238984124817598
0.45614035087719296,1,6,0.005361376239358895,0.1111111111111111,0.53125,0.46428571428571425,0.2368421052631579,0.75,1,1,3,0,1,0.005080673578580379,0.004861605773965497
0.08771929824561403,0,5,0.1074582915710654,0.3333333333333333,0.40625,0.48214285714285715,0.22368421052631576,0.875,0,1,2,0,6,0.053320985407194,0.08492428755515935
0.38596491228070173,0,5,0.05274502819088918,0.3333333333333333,0.625,0.42857142857142855,0.2763157894736842,0.8125,1,1,1,1,0,0.025956633245447242,0.04688081599110531
0.4035087719298246,1,7,0.04852543383859009,0.1111111111111111,0.46875,0.6785714285714286,0.34210526315789475,0.75,1,0,3,1,6,0.04825691275364088,0.04581239161847998
0.5087719298245613,1,9,0.07080529507030385,0.2222222222222222,0.45833333333333337,0.6666666666666667,0.3508771929824561,0.75,0,1,4,1,0,0.046840563991394656,0.08322013551511051
0.8771929824561403,1,6,0.1034366666686424,0.1111111111111111,0.25,0.6071428571428572,0.3947368421052631,1.0,1,1,2,1,2,0.10318364239710241,0.11421434742654464
0.36842105263157887,1,6,0.07315484866104885,0.8888888888888888,0.6666666666666667,0.4523809523809524,0.40935672514619886,0.7222222222222222,1,1,3,0,4,0.015759504068006174,0.06281272763377461
0.17543859649122806,0,3,0.06960601906157343,0.1111111111111111,0.75,0.5714285714285714,0.2631578947368421,0.875,0,0,2,1,5,0.06934344724927613,0.060823033682571234
0.2807017543859649,0,7,0.02472444806137132,0.3333333333333333,0.4375,0.44642857142857145,0.25,0.5625,0,0,2,0,7,0.011942389256513739,0.02779671122068338
0.0,1,3,0.003395709515988404,0.1111111111111111,0.5625,0.35714285714285715,0.18421052631578946,0.5,0,0,3,1,4,0.0031144521131495333,0.0036015721155646173
0.14035087719298245,1,9,0.11556199911210108,0.0,0.375,0.5714285714285714,0.21052631578947367,0.0,0,0,2,1,2,0.23118922505103298,0.13100331133831242
0.21052631578947367,1,4,0.08191628105102415,0.5555555555555556,0.5625,0.5952380952380953,0.16666666666666669,0.8333333333333333,0,1,3,1,7,0.02684277349546376,0.07173860190149586
0.17543859649122806,0,2,0.012181641119321641,0.0,0.5625,0.49999999999999994,0.15789473684210525,0.5,0,0,3,2,3,0.024370157940014927,0.011638309155871761
0.3157894736842105,1,0,0.05097673819449096,0.4444444444444445,0.475,0.42857142857142855,0.2210526315789474,0.44999999999999996,1,1,2,1,0,0.019944904691915483,0.03892872257790555
0.12280701754385964,0,6,0.0401148934076766,0.1111111111111111,0.25,0.5357142857142856,0.34210526315789475,0.5,0,1,2,0,2,0.03984399873595813,0.03758646232766183
0.5263157894736842,1,6,0.019482011551379096,0.1111111111111111,0.625,0.49999999999999994,0.42105263157894735,0.875,1,0,2,0,1,0.019205293955939166,0.01907486316499868
0.29824561403508765,0,0,0.3854925537209465,0.1111111111111111,0.53125,0.6785714285714286,0.21052631578947367,0.75,1,1,2,1,2,0.3853191300561921,0.3104019245287848
0.2807017543859649,0,7,0.07070216128503906,0.2222222222222222,0.5625,0.4761904761904761,0.14035087719298245,0.5833333333333334,1,1,3,1,3,0.046771788730567435,0.08066575577612188
0.22807017543859642,1,7,0.028819175455265526,0.4444444444444445,0.55,0.5285714285714285,0.19999999999999996,0.44999999999999996,0,1,2,1,1,0.011079378311168134,0.023134913695253563
0.3157894736842105,0,1,0.03749130426106521,0.2222222222222222,0.6875,0.4523809523809524,0.2807017543859649,0.8333333333333333,1,1,2,0,0,0.024624968963846017,0.031718137669589384
0.45614035087719296,0,3,0.014493260444222108,0.0,0.25,0.6428571428571428,0.3684210526315789,0.75,1,0,0,1,6,0.028994701340465407,0.014171456898811056
0.10526315789473684,1,6,0.04699759176684178,0.0,0.125,0.6428571428571428,0.10526315789473684,1.0,0,1,2,2,6,0.09402171045259458,0.053044824629873706
0.15789473684210525,0,2,0.005224259674275055,0.1111111111111111,0.625,0.35714285714285715,0.3684210526315789,0.875,0,1,2,0,1,0.004943518317045651,0.005568375321027307
0.22807017543859642,1,6,0.002092311850486833,0.0,0.6875,0.35714285714285715,0.15789473684210525,0.25,0,0,2,0,4,0.004185804667587228,0.001669981796406959
0.0,0,6,0.23219662910581626,0.6666666666666665,0.4821428571428571,0.4489795918367347,0.2706766917293233,0.6428571428571429,1,1,2,1,5,0.06587681836947691,0.2634434790521241
0.12280701754385964,1,1,0.023315150570387126,0.0,0.6875,0.35714285714285715,0.15789473684210525,0.75,1,0,3,1,2,0.04664346094503927,0.024233906455048124
0.19298245614035092,0,6,0.010136747101140459,0.1111111111111111,0.53125,0.75,0.10526315789473684,0.875,0,0,0,0,0,0.009857392125114058,0.010024156134790947
0.4736842105263158,0,9,0.016883119192426896,0.0,0.4375,0.5714285714285714,0.2631578947368421,0.75,0,0,2,1,7,0.03377576774831574,0.013215922290894461
0.3508771929824561,0,6,0.06030323308610862,0.0,0.4375,0.5714285714285714,0.3157894736842105,0.75,1,1,2,0,5,0.12064050321356358,0.045169697202352775
0.33333333333333337,0,6,0.09487616734306228,0.3333333333333333,0.328125,0.5357142857142856,0.25,0.5,0,1,0,1,1,0.04702814785653401,0.09801750976174194
0.4736842105263158,0,3,0.08049275821034826,0.4444444444444445,0.5375,0.5857142857142856,0.3157894736842105,0.8500000000000001,1,1,3,1,0,0.03175464465225903,0.07492325913035072
0.26315789473684215,1,7,0.07223533786292176,0.4444444444444445,0.5,0.5142857142857142,0.4105263157894737,0.7,0,1,0,1,4,0.02845074436373891,0.07432099081384422
0.36842105263157887,0,6,0.03776830343145071,0.1111111111111111,0.5625,0.39285714285714285,0.18421052631578946,0.375,1,0,1,0,2,0.03749674651513974,0.0337321915448315
0.26315789473684215,0,6,0.013554189790268954,0.1111111111111111,0.5625,0.6071428571428572,0.3684210526315789,0.875,1,1,2,1,4,0.013275799270310293,0.010312115081210016
0.3508771929824561,0,4,0.08431997000031809,0.4444444444444445,0.575,0.47142857142857136,0.29473684210526313,0.55,1,1,2,0,0,0.03328596140798769,0.06328983143785638
0.17543859649122806,0,2,0.09792750485193091,0.6666666666666665,0.4821428571428571,0.4183673469387755,0.3007518796992481,0.8214285714285714,1,1,2,0,3,0.02750338490885005,0.0865816154610637
0.0,0,1,0.03269992988088048,0.2222222222222222,0.6666666666666667,0.4523809523809524,0.4912280701754386,0.9166666666666667,0,1,4,1,7,0.021429817909591753,0.026294737071586426
0.26315789473684215,0,7,0.14065531839395012,0.4444444444444445,0.6125,0.49999999999999994,0.2736842105263158,0.8,1,1,2,1,0,0.05582646025392696,0.15972200303029874
0.5964912280701754,1,1,0.014853635969745054,0.4444444444444445,0.6375,0.5428571428571427,0.2210526315789474,0.8,0,1,2,0,4,0.005491585999016987,0.012931565200948047
0.49122807017543857,1,1,0.006482412824784985,0.0,0.8125,0.35714285714285715,0.15789473684210525,0.75,1,1,2,1,3,0.012968484527246167,0.006996558805283166
0.49122807017543857,1,2,0.009730731912023326,0.1111111111111111,0.6875,0.46428571428571425,0.18421052631578946,0.75,0,1,2,0,3,0.009451262352125778,0.009536673296926148
0.543859649122807,1,9,0.2006270218025217,0.8888888888888888,0.45138888888888884,0.43650793650793646,0.2573099415204678,0.6388888888888888,1,1,2,1,7,0.04409464802207114,0.2016640102975181
0.3157894736842105,0,6,0.021597044446512392,0.1111111111111111,0.59375,0.6071428571428572,0.34210526315789475,1.0,1,1,2,0,1,0.021320923746615338,0.017457108287445212
0.33333333333333337,1,5,0.001870040761554096,0.1111111111111111,0.5625,0.6785714285714286,0.05263157894736842,0.875,0,0,2,0,0,0.0015883527910008758,0.0016285130541231069
0.15789473684210525,1,6,0.13204799395896819,0.2222222222222222,0.39583333333333337,0.5476190476190474,0.12280701754385964,0.9166666666666667,1,1,2,1,2,0.08768055235230166,0.10875706094198974
0.22807017543859642,2,6,0.05248106892438773,0.3333333333333333,0.53125,0.30357142857142855,0.2368421052631579,0.6875,1,1,3,1,0,0.025824616365468574,0.05893423910545051
0.42105263157894735,1,6,0.1438153217685192,0.2222222222222222,0.41666666666666663,0.3333333333333333,0.2631578947368421,0.5833333333333334,0,1,2,0,2,0.0955276515086387,0.17098439211326133
0.543859649122807,1,6,0.1337311294315175,0.7777777777777777,0.5078125,0.48214285714285715,0.24342105263157893,0.6875,1,1,2,1,0,0.032948340095245825,0.15994455984603012
0.26315789473684215,1,8,0.0026870104973202007,0.2222222222222222,0.4375,0.6904761904761905,0.2807017543859649,0.6666666666666666,1,1,0,1,4,0.0014155582420068355,0.002187416914412781
0.19298245614035092,1,7,0.06145074462790536,0.1111111111111111,0.4375,0.5357142857142856,0.28947368421052627,0.75,0,1,2,1,3,0.061185871268917384,0.05134067258982485
0.29824561403508765,0,6,0.007945845674318126,0.1111111111111111,0.625,0.75,0.3157894736842105,0.375,0,1,0,1,0,0.0076658723914561355,0.005727947041335569
0.42105263157894735,0,8,0.11077437864364056,0.2222222222222222,0.45833333333333337,0.4761904761904761,0.2982456140350877,0.5833333333333334,1,1,2,0,1,0.07349413964289697,0.12872437883378524
0.0,0,9,0.11683911939553326,0.5555555555555556,0.5833333333333334,0.5833333333333333,0.24561403508771928,0.8333333333333333,1,1,2,1,7,0.038487004868353006,0.11245109650463526
0.0,1,0,0.01957625449308658,0.4444444444444445,0.55,0.6000000000000001,0.3789473684210526,0.65,1,1,3,1,0,0.007381166527238659,0.02086977250958876
0.17543859649122806,0,8,0.1358759960461431,0.4444444444444445,0.55,0.5857142857142856,0.16842105263157894,0.8999999999999999,0,1,4,0,6,0.05391419179483469,0.1461854681204897
0.03508771929824561,1,6,0.018547089957752685,0.2222222222222222,0.375,0.4761904761904761,0.21052631578947367,0.9166666666666667,0,1,2,1,0,0.011991928524849049,0.01887723498748592
0.17543859649122806,1,5,0.023781228347091423,0.1111111111111111,0.625,0.6071428571428572,0.34210526315789475,0.625,1,1,3,1,3,0.023505724058238416,0.02659857262219417
0.26315789473684215,1,2,0.11246028015640772,0.1111111111111111,0.625,0.5357142857142856,0.28947368421052627,0.75,1,1,0,1,2,0.11220980249049448,0.10917634547111572
0.19298245614035092,1,9,0.03759997012676566,0.3333333333333333,0.4375,0.49999999999999994,0.22368421052631576,0.75,1,0,2,0,1,0.018381967126611106,0.04405771880211732
0.5964912280701754,1,5,0.07110560800823963,0.1111111111111111,0.6875,0.5357142857142856,0.28947368421052627,0.875,1,1,2,1,2,0.07084345940352481,0.08301402401774768
0.3508771929824561,1,1,0.011982486223637907,0.0,0.6875,0.35714285714285715,0.05263157894736842,1.0,0,0,4,0,5,0.02397173573936073,0.013977951899102522
0.3508771929824561,2,0,0.013091668350987587,0.1111111111111111,0.625,0.39285714285714285,0.10526315789473684,0.875,1,0,3,1,1,0.012813147300205397,0.01158058466661264
0.42105263157894735,1,1,0.026834936747575318,0.0,0.4375,0.6428571428571428,0.05263157894736842,0.0,1,0,2,1,2,0.05368501997743459,0.03194552855584987
0.05263157894736842,1,1,0.010139513141358289,0.0,0.5625,0.42857142857142855,0.21052631578947367,0.75,1,0,2,0,1,0.020284749342830644,0.009601459320585605
0.5087719298245613,1,6,0.205458503765865,0.8888888888888888,0.4305555555555556,0.4603174603174603,0.26900584795321636,0.8333333333333333,1,1,2,1,4,0.04516861368507794,0.24331834297540833
0.2807017543859649,0,8,0.004070030606235011,0.0,0.5,0.0,0.5263157894736843,0.75,1,1,4,1,7,0.008142358465750415,0.004051140674769896
0.4385964912280701,1,1,0.07623364899779447,0.1111111111111111,0.84375,0.49999999999999994,0.3947368421052631,0.75,1,1,3,0,3,0.07597294760688772,0.061850273670002655
0.07017543859649122,0,3,0.09842163817941604,0.1111111111111111,0.8125,0.49999999999999994,0.21052631578947367,0.75,1,1,2,0,2,0.09816719858797275,0.10281812093991394
0.0,0,1,0.020457435876766586,0.3333333333333333,0.671875,0.5714285714285714,0.2763157894736842,0.625,0,1,2,1,1,0.009808281055241752,0.024604708100338244
0.45614035087719296,1,8,0.04949848727236231,0.0,0.6875,0.5714285714285714,0.3684210526315789,1.0,1,1,3,1,6,0.09902491304771442,0.05002116090677685
0.36842105263157887,1,1,0.12188319130704686,0.3333333333333333,0.453125,0.42857142857142855,0.40789473684210525,0.9375,1,1,3,1,0,0.060535470741956594,0.10167386800996957
0.10526315789473684,1,0,0.030311059004182055,0.2222222222222222,0.47916666666666663,0.3095238095238095,0.22807017543859648,0.75,0,1,2,1,1,0.019836787873841136,0.023678414879837805
0.10526315789473684,0,9,0.06656357239626212,0.2222222222222222,0.7708333333333333,0.4523809523809524,0.3157894736842105,0.9166666666666667,1,1,2,0,0,0.04401195082147239,0.059870153074160805
0.5263157894736842,1,7,0.0422388171463672,0.2222222222222222,0.5625,0.4523809523809524,0.2982456140350877,0.8333333333333333,1,1,3,0,5,0.027790870769242727,0.04493074246110114
0.03508771929824561,1,1,0.15339194572554915,0.3333333333333333,0.546875,0.48214285714285715,0.18421052631578946,0.6875,0,1,0,1,0,0.07629429408420106,0.15431973964264845
0.631578947368421,1,0,0.17513914664102945,1.0,0.44999999999999996,0.4857142857142857,0.4473684210526316,0.65,1,1,4,1,1,0.03452972642663705,0.16231050562008092
0.10526315789473684,0,8,0.04809551215901887,0.0,0.5625,0.5714285714285714,0.21052631578947367,1.0,1,1,4,0,6,0.09621817093774869,0.05736605714724437
0.42105263157894735,1,0,0.008500436737992965,0.0,0.4375,0.5714285714285714,0.2631578947368421,1.0,0,0,2,1,7,0.017005671389827465,0.00745887604068771
0.22807017543859642,1,6,0.1580039226401775,0.6666666666666665,0.4017857142857143,0.5510204081632653,0.2556390977443609,0.8214285714285714,0,1,2,1,6,0.044672919851157455,0.1604642224279072
0.42105263157894735,0,9,0.15883788376585314,0.2222222222222222,0.45833333333333337,0.4523809523809524,0.4385964912280702,0.5,0,1,3,1,1,0.10554551924234959,0.16696069189767124
0.17543859649122806,0,1,0.017391477869603728,0.1111111111111111,0.625,0.6071428571428572,0.2631578947368421,0.375,1,1,2,1,0,0.017114170292684187,0.017328294525699485
0.26315789473684215,0,3,0.0307020585464024,0.1111111111111111,0.40625,0.49999999999999994,0.2368421052631579,0.25,0,1,1,0,1,0.0304285074246649,0.025617019340547477
0.29824561403508765,1,5,0.24040742191814224,0.7777777777777777,0.4609375,0.40178571428571425,0.2631578947368421,0.71875,1,1,2,1,2,0.05962493964872047,0.24452311657266299
0.07017543859649122,0,6,0.05004576808689002,0.2222222222222222,0.5833333333333334,0.49999999999999994,0.2631578947368421,0.5833333333333334,0,1,2,1,0,0.032996973559140164,0.05782609952592934
0.4385964912280701,0,5,0.17820490707389103,0.6666666666666665,0.625,0.6122448979591837,0.4060150375939849,0.8928571428571428,1,0,3,0,1,0.05044625855664047,0.14706621681375037
0.17543859649122806,1,3,0.14181903102845134,0.5555555555555556,0.5208333333333334,0.5357142857142856,0.2368421052631579,0.9583333333333333,0,1,3,1,5,0.04681599198728685,0.1117681181674323
0.24561403508771928,0,9,0.08993839040563387,0.1111111111111111,0.46875,0.39285714285714285,0.21052631578947367,0.625,1,0,3,0,4,0.0896815567082658,0.10387910463535233
0.08771929824561403,1,6,0.11186617423247817,0.1111111111111111,0.5625,0.39285714285714285,0.34210526315789475,1.0,1,1,2,1,2,0.11161552890053061,0.10671139603691525
0.0,0,7,0.007397576988284042,0.1111111111111111,0.53125,0.6785714285714286,0.18421052631578946,0.75,1,1,4,1,0,0.007117448975377073,0.005750790394227931
0.24561403508771928,1,5,0.012240715835402429,0.2222222222222222,0.6041666666666666,0.49999999999999994,0.24561403508771928,0.9166666666666667,1,1,4,0,0,0.007786492604650221,0.013469805779368281
0.7894736842105262,0,6,0.021975794382053774,0.0,0.625,0.42857142857142855,0.05263157894736842,0.25,0,0,3,1,3,0.043963992593615865,0.023274675204962226
0.45614035087719296,1,6,0.1462192082921144,0.4444444444444445,0.625,0.49999999999999994,0.16842105263157894,0.75,0,1,1,1,5,0.058052644300082265,0.11445363391773455
0.2807017543859649,0,4,0.15599518471912935,0.5555555555555556,0.625,0.4880952380952381,0.3508771929824561,0.7083333333333334,1,1,0,0,0,0.0515427101286789,0.17232428272108882
0.22807017543859642,1,1,0.007175503473652578,0.0,0.6875,0.5714285714285714,0.05263157894736842,0.75,0,0,4,0,3,0.014355057027141918,0.008330430521373463
0.29824561403508765,0,4,0.11904068983462437,0.4444444444444445,0.5125,0.4428571428571428,0.21052631578947367,0.6,0,1,2,1,0,0.04717816883496486,0.09609563497649078
0.4035087719298246,0,6,0.22628125452568634,0.8888888888888888,0.5138888888888888,0.5714285714285714,0.3216374269005848,0.6111111111111112,0,1,2,0,1,0.04979719752230754,0.2661909372551864
0.03508771929824561,1,1,0.12334563628507363,0.2222222222222222,0.5208333333333334,0.5476190476190474,0.22807017543859648,0.9166666666666667,1,1,2,1,5,0.08187734327491585,0.12445703198495942
0.5263157894736842,0,0,0.021308783540954286,0.3333333333333333,0.59375,0.5178571428571428,0.34210526315789475,0.75,0,1,2,0,7,0.010234075019184937,0.01993248414827706
0.4385964912280701,2,2,0.015612914009539281,0.1111111111111111,0.4375,0.5714285714285714,0.28947368421052627,0.625,1,1,3,0,1,0.015335104493929691,0.011245375050414144
0.4385964912280701,1,3,0.0060937841741799245,0.1111111111111111,0.5,0.6428571428571428,0.21052631578947367,0.5,0,1,3,0,1,0.0058132882104380695,0.00687139429285842
0.38596491228070173,1,3,0.04871016581028086,0.2222222222222222,0.625,0.49999999999999994,0.2982456140350877,0.41666666666666663,1,1,2,1,7,0.03210632075609044,0.04866619937318219
0.29824561403508765,0,5,0.04610218503347008,0.1111111111111111,0.6875,0.46428571428571425,0.28947368421052627,1.0,0,1,2,0,5,0.04583298006960135,0.036498275137285235
0.4385964912280701,1,6,0.08936186859451768,0.2222222222222222,0.6041666666666666,0.5714285714285714,0.3508771929824561,0.5,1,0,2,0,6,0.05921510431211003,0.09204738526546868
0.42105263157894735,1,7,0.4034811011289989,1.0,0.5875,0.5071428571428571,0.3105263157894737,0.6,1,1,2,1,7,0.08021100566229884,0.3901854150404996
0.21052631578947367,1,6,0.024477677759080666,0.0,0.6875,0.49999999999999994,0.15789473684210525,1.0,0,0,2,1,3,0.0489691714893342,0.023164107689821394
0.17543859649122806,1,3,0.0037948096045609635,0.0,0.5625,0.35714285714285715,0.15789473684210525,1.0,0,0,2,1,1,0.007591761119013019,0.0032945138512708158
0.3157894736842105,1,1,0.28822178584644886,0.4444444444444445,0.5625,0.5571428571428572,0.2421052631578947,0.65,0,1,4,1,3,0.1148697054659929,0.25340107667072825
0.6140350877192983,1,1,0.263111277600389,0.7777777777777777,0.53125,0.49999999999999994,0.256578947368421,0.78125,0,1,3,1,2,0.06530250541555771,0.30880407464752757
0.03508771929824561,0,7,0.18586110882254214,0.5555555555555556,0.5416666666666666,0.46428571428571425,0.3859649122807018,0.75,1,1,3,0,6,0.061500827707628984,0.2209012887537245
0.0,0,6,0.056266592536788826,0.3333333333333333,0.53125,0.6785714285714286,0.3157894736842105,0.875,0,1,2,0,3,0.027717912338815386,0.0669170430843645
0.3157894736842105,1,6,0.01262420755417438,0.1111111111111111,0.625,0.5714285714285714,0.3157894736842105,0.875,1,0,2,1,0,0.012345554578604293,0.01011050590443801
0.29824561403508765,0,2,0.06230979768984273,0.3333333333333333,0.625,0.5714285714285714,0.18421052631578946,0.9375,1,1,3,0,1,0.030740367659105535,0.044960647348393834
0.33333333333333337,0,7,0.14918302038551884,0.2222222222222222,0.5416666666666666,0.6190476190476191,0.22807017543859648,0.9166666666666667,0,0,3,0,2,0.09910712715261132,0.16441967694191012
0.33333333333333337,0,9,0.03403652002899601,0.3333333333333333,0.421875,0.5357142857142856,0.42105263157894735,0.75,0,1,4,1,0,0.016599739246899035,0.037751010297044155
0.24561403508771928,1,2,0.07493657370993366,0.1111111111111111,0.28125,0.49999999999999994,0.3947368421052631,0.875,1,0,2,0,2,0.07467550626398356,0.05559669254790114
0.5964912280701754,1,6,0.10230911013127429,0.4444444444444445,0.5375,0.5857142857142856,0.2421052631578947,0.8,1,1,2,0,6,0.040483648187663174,0.11454159504422466
0.0,0,3,0.027066098680065365,0.1111111111111111,0.625,0.5714285714285714,0.2631578947368421,0.625,0,0,0,1,4,0.026791521433276434,0.024610205670743877
0.12280701754385964,0,6,0.12955164266237693,0.3333333333333333,0.453125,0.48214285714285715,0.2763157894736842,0.875,1,1,0,1,5,0.06437077849840285,0.1433136510834242
0.26315789473684215,0,5,0.031277987634614784,0.3333333333333333,0.546875,0.6071428571428572,0.3026315789473684,0.875,0,1,4,1,1,0.015220083799097974,0.03544079851262285
0.0,0,4,0.016809226403750592,0.1111111111111111,0.625,0.42857142857142855,0.47368421052631576,0.875,0,1,0,0,3,0.016531754506311214,0.019212018068049497
0.24561403508771928,1,3,0.09969125063939983,0.4444444444444445,0.5625,0.5142857142857142,0.4105263157894737,0.75,0,1,4,1,1,0.03943620887046713,0.09821314743962509
0.631578947368421,0,2,0.00896177273146669,0.1111111111111111,0.625,0.6785714285714286,0.3947368421052631,0.375,1,1,2,1,5,0.008682086159196151,0.0064995026120568365
0.29824561403508765,1,6,0.045421541565582715,0.1111111111111111,0.71875,0.6428571428571428,0.10526315789473684,0.75,1,0,2,0,3,0.04515214451342391,0.05203057028288317
0.33333333333333337,1,7,0.005048616120442875,0.2222222222222222,0.41666666666666663,0.35714285714285715,0.22807017543859648,0.5833333333333334,0,1,2,1,1,0.0029904063122514098,0.00476667789877172
0.017543859649122806,0,9,0.23641839677542936,0.6666666666666665,0.5089285714285714,0.489795918367347,0.20300751879699247,0.6785714285714286,1,1,2,1,4,0.06708337811771653,0.19151293611491438
0.15789473684210525,1,6,0.10874370997515108,1.0,0.54375,0.4071428571428571,0.2263157894736842,0.8999999999999999,1,1,2,1,0,0.02124689152619616,0.1060940567946416
0.21052631578947367,1,1,0.038124134748044367,0.3333333333333333,0.640625,0.42857142857142855,0.3026315789473684,0.375,1,1,0,1,3,0.018644123400999888,0.03032455096461034
0.22807017543859642,0,7,0.13953033032249856,0.4444444444444445,0.44999999999999996,0.4428571428571428,0.3368421052631579,0.8999999999999999,1,1,2,1,2,0.05537633802961644,0.1501191693171117
0.5614035087719298,1,0,0.009096715979236522,0.0,0.3125,0.7857142857142856,0.10526315789473684,0.5,1,1,3,0,7,0.018198566431071872,0.010349128895751373
0.4035087719298246,0,1,0.02185705222698837,0.2222222222222222,0.375,0.5476190476190474,0.3157894736842105,0.8333333333333333,1,0,0,0,1,0.014199192786608217,0.019701159655605652
0.05263157894736842,2,8,0.11424477124551038,1.0,0.5375,0.592857142857143,0.39999999999999997,0.55,1,1,2,1,1,0.022347414277467465,0.09066104966628327
0.33333333333333337,0,6,0.015141501726700608,0.1111111111111111,0.625,0.46428571428571425,0.5263157894736843,0.875,1,1,0,0,1,0.014863559171131625,0.0175310885236796
0.38596491228070173,1,1,0.0156508482753838,0.0,0.1875,0.5714285714285714,0.47368421052631576,0.75,1,1,2,1,0,0.031310530381767905,0.0131672498356653
0.5263157894736842,1,0,0.025685251888464565,0.2222222222222222,0.5833333333333334,0.42857142857142855,0.22807017543859648,0.5,1,0,2,1,0,0.016752046146355466,0.027800976577032573
0.6140350877192983,1,6,0.021749966955698113,0.2222222222222222,0.45833333333333337,0.42857142857142855,0.24561403508771928,0.75,1,0,2,0,1,0.014127782458316362,0.01588466097288987
0.07017543859649122,1,2,0.014614175916601517,0.3333333333333333,0.625,0.6428571428571428,0.42105263157894735,0.6875,1,1,2,1,0,0.006885826545234853,0.011170873492848182
0.12280701754385964,1,6,0.028560945843501,0.2222222222222222,0.45833333333333337,0.5238095238095237,0.21052631578947367,0.9166666666666667,0,1,2,0,0,0.01866971649375024,0.024385516176837884
0.017543859649122806,0,6,0.032470743691403174,0.4444444444444445,0.5125,0.45714285714285713,0.15789473684210525,0.8500000000000001,0,1,2,0,1,0.012540417817614728,0.03254737033672145
0.24561403508771928,1,6,0.03425681537491601,0.3333333333333333,0.546875,0.5892857142857142,0.43421052631578944,0.75,1,1,2,0,1,0.016709918005264467,0.029043380095856778
0.38596491228070173,0,8,0.05236390736373251,0.2222222222222222,0.45833333333333337,0.5952380952380953,0.10526315789473684,0.41666666666666663,1,0,1,1,3,0.03454283588727365,0.04407724465562698
0.49122807017543857,1,3,0.023094657650165856,0.1111111111111111,0.4375,0.5714285714285714,0.13157894736842105,0.875,1,1,2,0,0,0.022818959600265535,0.023850498312103712
0.2807017543859649,0,5,0.050753676808353125,0.0,0.875,0.2857142857142857,0.3157894736842105,0.5,0,0,2,1,6,0.10153600058814705,0.048962641639451326
0.22807017543859642,0,1,0.029046188327428828,0.2222222222222222,0.5208333333333334,0.6666666666666667,0.631578947368421,0.5833333333333334,1,1,2,1,0,0.018993302778408546,0.03395749714576571
0.3157894736842105,1,3,0.005536427070287255,0.0,0.5,0.6428571428571428,0.42105263157894735,1.0,1,0,2,0,7,0.011075979074138742,0.005407523993814286
0.10526315789473684,1,7,0.07933536795348785,0.1111111111111111,0.375,0.2857142857142857,0.34210526315789475,0.125,0,0,2,0,6,0.07907554191644635,0.061098149167094384
0.7368421052631579,0,8,0.014359305067958643,0.2222222222222222,0.5,0.5238095238095237,0.2631578947368421,0.6666666666666666,0,1,2,1,0,0.00919928402581918,0.010797180883810271
0.0,0,0,0.034465651411362146,0.3333333333333333,0.4375,0.6428571428571428,0.3157894736842105,0.6875,0,0,4,1,0,0.0168143654918943,0.03882734927533966
0.33333333333333337,0,0,0.02017332403153523,0.1111111111111111,0.6875,0.5357142857142856,0.28947368421052627,0.875,1,0,0,0,4,0.019896801535348407,0.02094351578158153
0.719298245614035,1,6,0.025866822671334954,0.1111111111111111,0.375,0.42857142857142855,0.2368421052631579,0.75,1,1,4,0,3,0.025591906969997184,0.02318657189992716
0.29824561403508765,1,3,0.049194617997003594,0.2222222222222222,0.5625,0.4761904761904761,0.3157894736842105,0.9166666666666667,1,1,3,1,0,0.032429380027255816,0.05674767526230757
0.24561403508771928,0,7,0.053789998670324954,0.1111111111111111,0.28125,0.25,0.15789473684210525,0.625,1,1,2,1,5,0.05352296332835897,0.058670829654463484
0.21052631578947367,0,8,0.11153899118956918,0.2222222222222222,0.6041666666666666,0.4523809523809524,0.4035087719298245,0.8333333333333333,0,1,2,1,0,0.07400402519730562,0.08450149595525737
0.24561403508771928,1,1,0.36528129542356674,0.1111111111111111,0.5625,0.5714285714285714,0.4473684210526316,0.875,1,0,2,0,2,0.3651021678238895,0.26412001196195495
0.5789473684210525,0,1,0.013564661228236451,0.2222222222222222,0.45833333333333337,0.5476190476190474,0.3157894736842105,0.6666666666666666,1,1,0,1,0,0.008669371958679244,0.013674827241219645
0.0,1,7,0.08858204282739099,0.7777777777777777,0.5703125,0.49999999999999994,0.2368421052631579,0.625,0,1,2,0,1,0.02165788299865671,0.09504000667291305
0.6140350877192983,1,6,0.171203861708263,1.0,0.44999999999999996,0.5285714285714285,0.2789473684210526,0.8,0,1,2,1,4,0.03374244732022531,0.15350012772372623
0.0,1,6,0.196691539295454,0.1111111111111111,0.5625,0.42857142857142855,0.2368421052631579,0.875,1,0,3,0,2,0.19646483301544534,0.15839760988387333
0.22807017543859642,1,9,0.41515576659125253,0.2222222222222222,0.5,0.5952380952380953,0.22807017543859648,0.9166666666666667,1,1,2,0,2,0.2764723324174497,0.4390724650868735
0.19298245614035092,0,3,0.031963372885732706,0.1111111111111111,0.375,0.5714285714285714,0.2368421052631579,0.75,1,1,2,1,4,0.03169017772673651,0.027690977776071636
0.42105263157894735,1,9,0.1008901314995277,0.4444444444444445,0.44999999999999996,0.3714285714285714,0.2526315789473684,0.8500000000000001,0,1,2,1,6,0.039915896551730945,0.10005815102489406
0.0,1,5,0.013816568462360219,0.1111111111111111,0.53125,0.3214285714285714,0.21052631578947367,0.875,0,0,3,0,3,0.01353825198978885,0.01539149099322614
0.38596491228070173,0,1,0.0008387029089061951,0.0,0.6875,0.42857142857142855,0.2631578947368421,1.0,0,0,2,0,1,0.0016778792081121605,0.0006565805206862676
0.719298245614035,0,3,0.009943519434494931,0.0,0.6875,0.42857142857142855,0.3157894736842105,1.0,0,1,2,0,7,0.01989265130409159,0.010149131075822397
0.0,0,6,0.01526893715102204,0.3333333333333333,0.40625,0.39285714285714285,0.28947368421052627,0.9375,0,1,2,0,7,0.007213299554403502,0.014595907248404401
0.33333333333333337,0,8,0.3509107286204355,0.3333333333333333,0.5,0.6428571428571428,0.2368421052631579,0.8125,1,1,3,1,2,0.17508155698494787,0.26299191999328925
0.15789473684210525,1,7,0.013461132294369113,0.1111111111111111,0.375,0.6428571428571428,0.7894736842105263,0.875,1,1,2,0,4,0.013182715512121738,0.014165864542708777
0.38596491228070173,0,1,0.22720807557296055,0.1111111111111111,0.71875,0.35714285714285715,0.2631578947368421,0.875,1,1,0,1,2,0.22698998153937608,0.2288993058369506
0.29824561403508765,0,1,0.06704604883997213,0.2222222222222222,0.5208333333333334,0.3809523809523809,0.3333333333333333,0.8333333333333333,1,1,2,1,1,0.044333692558905444,0.0681668398875273
0.15789473684210525,0,7,0.07604634856018715,0.6666666666666665,0.6517857142857142,0.5306122448979591,0.3082706766917293,0.6071428571428571,1,1,3,1,1,0.021249861623667023,0.05573166737992903
0.38596491228070173,1,1,0.005402471694023793,0.1111111111111111,0.5,0.5714285714285714,0.631578947368421,0.875,1,0,4,0,0,0.005121780631028829,0.005987896814394915
0.6666666666666666,1,1,0.0027869830937646144,0.0,0.375,0.49999999999999994,0.15789473684210525,1.0,1,0,0,1,6,0.00557553924844055,0.003286978388387236
0.24561403508771928,0,5,0.01225968296832469,0.2222222222222222,0.5625,0.5952380952380953,0.22807017543859648,0.41666666666666663,1,1,1,1,4,0.007799140928480514,0.009904678764165129
0.4385964912280701,1,5,0.13832315134171722,0.2222222222222222,0.5416666666666666,0.4761904761904761,0.3684210526315789,0.9166666666666667,1,1,2,1,1,0.0918651712395298,0.14069358485665795
0.017543859649122806,0,1,0.008052733371307115,0.0,0.6875,0.5714285714285714,0.3157894736842105,0.25,1,0,3,0,3,0.01611001195859492,0.006530544927709319
0.08771929824561403,0,7,0.00769354329159181,0.0,0.8125,0.6428571428571428,0.21052631578947367,0.75,1,0,4,0,2,0.01539142906098646,0.0069293557463591645
0.38596491228070173,0,9,0.2680190232440238,0.3333333333333333,0.65625,0.6607142857142856,0.4473684210526316,0.8125,1,0,2,1,0,0.13362400762535823,0.19575634957533639
0.5964912280701754,0,6,0.04360267254805847,0.0,0.6875,0.42857142857142855,0.5789473684210527,1.0,1,0,2,0,2,0.08722995581584751,0.04086235078954116
0.36842105263157887,0,9,0.17026400075710474,0.2222222222222222,0.41666666666666663,0.49999999999999994,0.3508771929824561,0.6666666666666666,1,1,2,0,2,0.1131650803231146,0.1671287943306779
0.22807017543859642,1,6,0.04197307971115428,0.2222222222222222,0.6458333333333333,0.4761904761904761,0.1929824561403509,0.6666666666666666,1,1,2,1,3,0.027613662482245407,0.036069796395584316
0.2807017543859649,0,2,0.11888361826511193,0.2222222222222222,0.6041666666666666,0.5714285714285714,0.3333333333333333,1.0,0,1,3,1,2,0.0789018250938397,0.12169938431950743
0.017543859649122806,0,3,0.0013354047023078853,0.0,0.5,0.2857142857142857,0.10526315789473684,0.75,1,0,2,1,0,0.0026715631490294685,0.0009809845674668002
0.42105263157894735,1,3,0.0009424294170748057,0.0,0.3125,0.6428571428571428,0.2631578947368421,1.0,1,0,2,1,1,0.0018853907709528868,0.0006732154104481326
0.4736842105263158,1,9,0.023140890036663864,0.2222222222222222,0.6041666666666666,0.4047619047619047,0.1929824561403509,0.8333333333333333,1,1,0,2,4,0.0150553262058711,0.018180086188633964
0.19298245614035092,1,6,0.21393128010167967,0.2222222222222222,0.5,0.4047619047619047,0.21052631578947367,0.5833333333333334,1,1,2,0,5,0.14228481561477738,0.18313956767295902
0.19298245614035092,0,1,0.029457538022680346,0.1111111111111111,0.59375,0.21428571428571425,0.3157894736842105,0.875,0,0,3,0,6,0.02918363567768039,0.02135853495435832
0.3508771929824561,1,3,0.03936391348853586,0.1111111111111111,0.71875,0.39285714285714285,0.3684210526315789,0.625,1,0,0,0,3,0.039092806878474703,0.03340731356956773
0.19298245614035092,0,5,0.09997931397065665,0.2222222222222222,0.5,0.4761904761904761,0.22807017543859648,0.75,1,1,3,1,2,0.06629539883623563,0.11692886760002143
0.2807017543859649,1,6,0.022831291106568223,0.2222222222222222,0.4375,0.4047619047619047,0.2807017543859649,0.8333333333333333,1,0,2,0,5,0.014848868670016233,0.024153717755683233
0.7368421052631579,1,5,0.15232326632996057,0.2222222222222222,0.5416666666666666,0.3095238095238095,0.22807017543859648,0.9166666666666667,0,1,2,1,1,0.10120121526676401,0.12745278132039317
0.24561403508771928,0,1,0.057977585985817724,0.2222222222222222,0.47916666666666663,0.5238095238095237,0.3333333333333333,0.5833333333333334,0,1,3,1,6,0.03828634448092036,0.05412438632185526
0.21052631578947367,1,6,0.007812680595259757,0.0,0.375,0.2857142857142857,0.2631578947368421,0.25,1,0,2,0,1,0.015629770913163525,0.009206676894043335
0.15789473684210525,0,0,0.021641498664298934,0.2222222222222222,0.5833333333333334,0.49999999999999994,0.4561403508771929,0.8333333333333333,0,1,3,0,1,0.014055449856411877,0.01960400431654063
0.4385964912280701,0,6,0.005575744356240691,0.1111111111111111,0.6875,0.46428571428571425,0.28947368421052627,0.875,1,0,2,0,4,0.005295102193515797,0.006617416018687948
0.24561403508771928,0,7,0.0088997344008668,0.0,0.125,0.42857142857142855,0.05263157894736842,0.75,0,0,4,0,4,0.01780449209173434,0.01057215963996601
0.15789473684210525,1,6,0.023023530901707376,0.2222222222222222,0.5416666666666666,0.42857142857142855,0.3157894736842105,0.5833333333333334,1,0,2,0,7,0.014977064702171168,0.026258197185528312
0.5614035087719298,0,1,0.026710267363471714,0.1111111111111111,0.34375,0.35714285714285715,0.15789473684210525,0.375,1,1,2,0,1,0.026435589695489627,0.029724273147733467
0.5964912280701754,0,3,0.03273411023500081,0.2222222222222222,0.5416666666666666,0.5476190476190474,0.2807017543859649,0.5833333333333334,1,1,1,0,1,0.021452611243160932,0.024403193709262888
0.15789473684210525,0,3,0.1924146483957856,0.4444444444444445,0.5625,0.5714285714285714,0.28421052631578947,0.8500000000000001,1,1,2,1,2,0.07653603517340751,0.1651153091696157
0.0,0,7,0.26366330019814727,0.2222222222222222,0.5,0.4523809523809524,0.24561403508771928,0.5833333333333334,1,1,3,0,2,0.17544885245117595,0.1975583204543268
0.5087719298245613,0,7,0.002035410451720052,0.0,0.5,0.6428571428571428,0.3157894736842105,0.25,1,0,4,1,1,0.0040719697531146,0.0015386562137000403
0.14035087719298245,0,6,0.06447145812007657,0.2222222222222222,0.625,0.5238095238095237,0.2631578947368421,0.9166666666666667,0,1,2,1,0,0.04261681435231655,0.06354461539044837
0.45614035087719296,0,7,0.01172050270014919,0.0,0.6875,0.42857142857142855,0.3157894736842105,0.75,1,0,2,1,6,0.02344762082064301,0.011002534095599906
0.0,1,8,0.030494803104366454,0.1111111111111111,0.59375,0.5357142857142856,0.28947368421052627,0.75,0,1,2,0,6,0.030221193491884023,0.03530511278787009
0.4736842105263158,1,9,0.10939471729784742,0.2222222222222222,0.6458333333333333,0.5238095238095237,0.1929824561403509,0.75,1,1,2,1,5,0.07257410583761648,0.08649156904924733
0.03508771929824561,1,6,0.05933037722663768,0.2222222222222222,0.5208333333333334,0.5714285714285714,0.24561403508771928,0.6666666666666666,0,1,2,1,6,0.03918845982744128,0.05662137332152304
0.4385964912280701,1,6,0.04240319896502679,0.3333333333333333,0.65625,0.5892857142857142,0.2763157894736842,1.0,1,1,2,0,5,0.02078425931909725,0.04152561370184117
0.29824561403508765,1,8,0.024621116701805258,0.2222222222222222,0.625,0.4523809523809524,0.3333333333333333,0.41666666666666663,0,0,0,1,1,0.0160424224781268,0.02728567413720135
0.08771929824561403,1,3,0.14512504181166153,0.5555555555555556,0.59375,0.4523809523809524,0.41228070175438597,0.75,1,1,0,1,4,0.047918306584434106,0.10824199546640013
0.21052631578947367,0,3,0.01940515514818369,0.3333333333333333,0.546875,0.37499999999999994,0.28947368421052627,0.875,1,1,2,1,3,0.009281992205865699,0.021879240178898526
0.4385964912280701,1,5,0.019685117933088303,0.1111111111111111,0.6875,0.46428571428571425,0.3157894736842105,0.375,1,1,4,1,6,0.019408457657463234,0.02159184994665935
0.3157894736842105,0,1,0.10267086867690615,0.4444444444444445,0.5125,0.5571428571428572,0.34736842105263155,0.7,0,1,3,0,6,0.04062839244349608,0.11199522469660285
0.42105263157894735,1,7,0.07717864688078584,0.3333333333333333,0.4375,0.42857142857142855,0.34210526315789475,0.875,1,1,2,1,0,0.038176890366107705,0.06216737921814123
0.7017543859649124,1,4,0.004225719155638563,0.0,0.6875,0.0,0.0,0.5,1,0,2,2,1,0.008453823440071352,0.004767957505676479
0.0,1,2,0.13605499836309692,0.1111111111111111,0.625,0.46428571428571425,0.13157894736842105,0.125,0,1,2,1,2,0.13581117949769947,0.13062838651521808
0.631578947368421,1,6,0.2484141204772526,0.2222222222222222,0.625,0.5952380952380953,0.2982456140350877,0.8333333333333333,1,1,0,1,0,0.16527986359836774,0.1907549348988139
0.3157894736842105,0,6,0.38222625537229216,0.7777777777777777,0.453125,0.6071428571428572,0.26973684210526316,0.78125,0,1,2,1,6,0.09508965388849987,0.36414001174394783
0.10526315789473684,0,6,0.42244191167361833,0.3333333333333333,0.546875,0.5714285714285714,0.18421052631578946,0.625,0,1,2,1,2,0.2108572421238986,0.5063409261415633
0.017543859649122806,1,0,0.00827658505465004,0.2222222222222222,0.5,0.5238095238095237,0.2982456140350877,0.8333333333333333,1,1,0,1,1,0.005142992924119214,0.008030575970024972
0.24561403508771928,1,1,0.21806413933571964,0.2222222222222222,0.6041666666666666,0.4047619047619047,0.15789473684210525,0.75,1,0,0,1,2,0.14504083267604867,0.19439811793520734
0.49122807017543857,1,6,0.010956680451425668,0.0,0.375,0.35714285714285715,0.42105263157894735,0.25,1,0,2,0,6,0.021919545197895872,0.008193939118199186
0.26315789473684215,0,8,0.04962829358829902,0.2222222222222222,0.45833333333333337,0.23809523809523808,0.3157894736842105,0.8333333333333333,1,1,2,0,7,0.03271857868150051,0.04082301472543191
0.6140350877192983,0,6,0.1632540645479194,0.3333333333333333,0.6875,0.5178571428571428,0.3289473684210526,0.875,1,1,1,1,1,0.08122674511789522,0.12928200308717014
0.0,0,6,0.019555311617151586,0.1111111111111111,0.5,0.3214285714285714,0.28947368421052627,0.625,1,1,0,1,6,0.01927861470814289,0.01744999936019655
0.2807017543859649,0,6,0.041928823067669006,0.2222222222222222,0.625,0.6190476190476191,0.2807017543859649,0.5,0,1,0,0,2,0.02758414972664139,0.03894156603980146
0.017543859649122806,0,6,0.023851564798344802,0.2222222222222222,0.6041666666666666,0.49999999999999994,0.2631578947368421,0.75,1,1,2,1,0,0.01552924308938735,0.02357069093559644
0.36842105263157887,1,7,0.007869779568327812,0.1111111111111111,0.71875,0.6785714285714286,0.2631578947368421,0.875,0,0,2,0,1,0.007589784818414536,0.008718056627818748
0.4736842105263158,1,8,0.04956032802866092,0.2222222222222222,0.5,0.4523809523809524,0.1929824561403509,0.9166666666666667,0,1,0,0,1,0.03267325552110863,0.049667420686883505
0.19298245614035092,0,9,0.04077676731694297,0.0,0.75,0.42857142857142855,0.10526315789473684,0.75,1,1,4,1,3,0.08157655032382673,0.03218576290400626
0.0,0,7,0.004566929973937974,0.1111111111111111,0.5,0.42857142857142855,0.2368421052631579,0.75,1,0,2,0,0,0.004286003107930321,0.004985917215120404
0.33333333333333337,0,7,0.04790722384990518,0.0,0.4375,0.42857142857142855,0.3684210526315789,0.0,1,0,2,1,3,0.09584148804367783,0.040299513322840555
0.38596491228070173,0,3,0.19056989714479453,0.2222222222222222,0.5833333333333334,0.49999999999999994,0.4035087719298245,0.75,0,1,0,1,2,0.12670616501042795,0.21436297139889
0.36842105263157887,1,6,0.10909144074539251,0.8888888888888888,0.5694444444444444,0.49999999999999994,0.30994152046783624,0.6388888888888888,0,1,2,1,1,0.023747667169283823,0.12363500303077267
0.543859649122807,0,6,0.01709728973500742,0.2222222222222222,0.45833333333333337,0.6190476190476191,0.2982456140350877,0.75,1,1,2,1,7,0.011025122272071109,0.013524971054817887
0.07017543859649122,0,8,0.04346891474609628,0.0,0.8125,0.35714285714285715,0.5263157894736843,0.5,1,1,3,0,6,0.08696236471481289,0.04654897126713785
0.4385964912280701,1,6,0.17385906274307814,0.2222222222222222,0.5833333333333334,0.49999999999999994,0.2807017543859649,1.0,1,1,2,1,0,0.11556246470244783,0.19795153891687436
0.543859649122807,0,6,0.012589236902848962,0.2222222222222222,0.5833333333333334,0.5714285714285714,0.4035087719298245,0.8333333333333333,1,1,2,1,1,0.008018905555031836,0.014216006176235994
0.0,0,7,0.0015863240649252864,0.0,0.4375,0.42857142857142855,0.15789473684210525,0.5,0,1,2,1,0,0.003173543501044178,0.0014524960154462772
0.3508771929824561,1,7,0.004435938212193615,0.1111111111111111,0.5,0.5357142857142856,0.49999999999999994,0.875,1,1,2,0,0,0.004154974378250891,0.0049198515845561884
0.17543859649122806,1,6,0.09829914211262644,0.0,0.6875,0.5714285714285714,0.5263157894736843,1.0,0,1,3,0,2,0.19665376735266035,0.1178202322913068
0.2807017543859649,1,6,0.005287483450682589,0.0,0.5,0.49999999999999994,0.5263157894736843,0.5,1,0,2,0,0,0.010577951323320997,0.005676194050965322
0.36842105263157887,0,1,0.06549331240626334,0.1111111111111111,0.65625,0.6785714285714286,0.10526315789473684,0.875,0,0,3,0,6,0.06522957992347368,0.04841596513402935
0.19298245614035092,1,2,0.23229521868215175,0.4444444444444445,0.475,0.39999999999999997,0.15789473684210525,0.55,1,1,2,1,2,0.0924927652575841,0.216184610309935
0.14035087719298245,0,6,0.05528741429967715,0.0,0.625,0.2857142857142857,0.05263157894736842,0.5,0,0,3,1,2,0.11060603455482544,0.05874158717701181
0.29824561403508765,0,7,0.05416222865392431,0.6666666666666665,0.5803571428571429,0.4489795918367347,0.3609022556390977,0.8571428571428572,1,1,1,1,1,0.014995491352513216,0.054580589879825954
0.05263157894736842,1,3,0.010511347976355096,0.1111111111111111,0.3125,0.5714285714285714,0.15789473684210525,0.875,1,1,2,1,4,0.010232098718586453,0.011579921166736097
0.05263157894736842,0,9,0.004398794243554187,0.0,0.4375,0.5714285714285714,0.2631578947368421,1.0,0,0,3,1,0,0.008800071304925593,0.0036158847557585866
0.4385964912280701,2,1,0.02904875679334538,0.2222222222222222,0.5,0.3333333333333333,0.1929824561403509,0.6666666666666666,0,0,0,1,0,0.018995015572260562,0.021791373838105085
0.05263157894736842,1,6,0.19824012666883603,0.7777777777777777,0.6328125,0.44642857142857145,0.3026315789473684,0.78125,1,1,3,1,0,0.04908014076793902,0.1799836779030371
0.42105263157894735,1,7,0.02056195268214029,0.1111111111111111,0.5625,0.39285714285714285,0.3947368421052631,0.375,1,0,2,1,6,0.020285539863070034,0.015103342475413777
0.38596491228070173,0,0,0.019367220882339168,0.1111111111111111,0.53125,0.39285714285714285,0.10526315789473684,0.5,1,0,2,1,4,0.019090470891167298,0.014273304129860194
0.0,0,6,0.15966275647367018,0.4444444444444445,0.625,0.4428571428571428,0.3052631578947368,0.8500000000000001,1,1,2,0,0,0.0634315811649857,0.1604014742967257
0.14035087719298245,1,7,0.036921895124794844,0.1111111111111111,0.53125,0.5357142857142856,0.21052631578947367,1.0,1,1,3,0,1,0.036650099338749575,0.04399525502802576
0.543859649122807,1,6,0.08722589282344938,0.0,0.625,0.42857142857142855,0.15789473684210525,0.75,1,1,2,1,5,0.17450101868414347,0.06718277478491942
0.08771929824561403,1,6,0.05821507029594852,0.3333333333333333,0.359375,0.5178571428571428,0.3684210526315789,0.75,1,1,3,1,4,0.028692426163927413,0.04214333208690142
0.19298245614035092,2,7,0.007591002229230842,0.1111111111111111,0.625,0.39285714285714285,0.34210526315789475,0.875,0,1,2,0,3,0.00731092880396857,0.006448650085804752
0.38596491228070173,1,1,0.003626871448478451,0.1111111111111111,0.78125,0.49999999999999994,0.42105263157894735,0.25,0,1,0,0,7,0.0033456792831720573,0.003894412525361098
0.45614035087719296,0,5,0.1627798862248629,0.1111111111111111,0.71875,0.49999999999999994,0.4473684210526316,1.0,0,0,0,1,1,0.16254360954308128,0.1812769813409617
0.22807017543859642,0,3,0.01764200208361858,0.3333333333333333,0.703125,0.48214285714285715,0.13157894736842105,0.75,0,1,2,1,0,0.008400166878822536,0.014481595698245944
0.15789473684210525,1,7,0.009955769041173894,0.1111111111111111,0.375,0.6071428571428572,0.13157894736842105,0.75,1,0,2,1,0,0.009676362990293005,0.010579742495697913
0.5964912280701754,0,7,0.16995380910410526,0.8888888888888888,0.4722222222222222,0.4682539682539682,0.30409356725146197,0.6666666666666666,1,1,2,0,4,0.03727645487509548,0.1420256082516636
0.6491228070175438,1,7,0.01802391320798034,0.1111111111111111,0.53125,0.7142857142857142,0.13157894736842105,1.0,1,0,2,0,6,0.017746784114258632,0.016387167343673507
0.49122807017543857,0,6,0.05739256847974676,0.2222222222222222,0.5,0.49999999999999994,0.17543859649122803,0.41666666666666663,0,1,3,0,0,0.03789622274277979,0.06460285030068393
0.3157894736842105,1,9,0.011651944417607267,0.1111111111111111,0.65625,0.42857142857142855,0.47368421052631576,0.625,1,0,1,0,0,0.011373017054090754,0.009089521772985413
0.12280701754385964,0,4,0.040165472428802626,0.1111111111111111,0.53125,0.3214285714285714,0.2631578947368421,0.75,1,1,2,1,3,0.0398945920312793,0.03630680803005465
0.12280701754385964,0,6,0.00268977653753803,0.0,0.5,0.35714285714285715,0.3157894736842105,0.5,0,0,4,0,1,0.005381071269549811,0.0027786900901080225
0.4035087719298246,1,6,0.02157254523315447,0.2222222222222222,0.45833333333333337,0.5238095238095237,0.2807017543859649,0.8333333333333333,0,1,2,0,0,0.01400946792915384,0.015604142703657732
0.38596491228070173,1,6,0.09401573126101599,0.7777777777777777,0.4140625,0.5178571428571428,0.40789473684210525,0.6875,1,1,2,1,7,0.02301668847514377,0.09348774871174391
0.5789473684210525,1,2,0.2610758671486689,0.2222222222222222,0.47916666666666663,0.5238095238095237,0.15789473684210525,0.75,0,0,2,0,2,0.17372341027532698,0.261363833474801
0.42105263157894735,1,2,0.20266519829445964,0.5555555555555556,0.6041666666666666,0.5476190476190474,0.2719298245614035,0.75,1,0,0,1,2,0.06710377165770184,0.19198013481369636
0.0,0,5,0.14677083574127014,0.4444444444444445,0.55,0.42857142857142855,0.3368421052631579,0.65,1,1,2,0,5,0.05827335755092086,0.11184683768849914
0.5087719298245613,0,0,0.02378004290128378,0.0,0.4375,0.7142857142857142,0.3157894736842105,0.5,1,1,4,0,7,0.047573508006685424,0.020421436164439918
0.08771929824561403,1,7,0.19319289356850208,0.4444444444444445,0.4375,0.4428571428571428,0.21052631578947367,0.55,1,1,2,1,0,0.07684742109570453,0.15567711821150762
0.21052631578947367,0,3,0.06689865841122206,0.1111111111111111,0.4375,0.46428571428571425,0.34210526315789475,0.75,1,0,2,0,3,0.06663532253917472,0.06189738216123711
0.3508771929824561,0,2,0.005974449296210703,0.0,0.375,0.7857142857142856,0.10526315789473684,0.75,1,1,3,0,3,0.011952270759506153,0.005365012608867297
0.7017543859649124,0,7,0.03550153347293934,0.1111111111111111,0.78125,0.39285714285714285,0.3947368421052631,0.625,1,1,0,1,5,0.03522933683850007,0.032669643885398406
0.9473684210526315,1,7,0.003804490745323367,0.0,0.4375,0.42857142857142855,0.21052631578947367,1.0,0,0,4,1,6,0.0076111288648781535,0.003056080431350748
0.42105263157894735,1,2,0.12461663176516634,0.5555555555555556,0.5208333333333334,0.4880952380952381,0.28947368421052627,0.7083333333333334,1,1,2,1,1,0.04108024063699593,0.09180719831016061
0.24561403508771928,1,3,0.24151265255946638,0.3333333333333333,0.671875,0.5714285714285714,0.3289473684210526,0.5,1,1,4,0,1,0.12036708202576342,0.20761446676173673
0.4035087719298246,0,2,0.06043145880763514,0.3333333333333333,0.5625,0.5357142857142856,0.2631578947368421,0.6875,1,1,4,1,3,0.029800933169616586,0.04778128010926895
0.4736842105263158,1,3,0.22632057181163978,0.7777777777777777,0.5234375,0.46428571428571425,0.22368421052631576,0.75,1,1,1,1,1,0.05610223323943928,0.18854410591732887
0.22807017543859642,1,0,0.10895037269428322,0.5555555555555556,0.53125,0.4047619047619047,0.3947368421052631,0.75,1,1,3,1,1,0.03585668052514523,0.12248956527962018
0.6666666666666666,1,2,0.04910393139271904,0.2222222222222222,0.625,0.4761904761904761,0.47368421052631576,0.8333333333333333,1,1,0,0,7,0.03236890522894224,0.04373985496840556
0.33333333333333337,0,7,0.03398534828496616,0.4444444444444445,0.475,0.4428571428571428,0.3263157894736842,0.6,0,1,2,1,6,0.013146430633133586,0.03763442389016613
0.38596491228070173,1,2,0.22357409144963625,0.1111111111111111,0.4375,0.46428571428571425,0.2631578947368421,0.75,1,0,1,0,0,0.2233549718485861,0.16255690103851947
0.42105263157894735,1,7,0.004102235217342598,0.1111111111111111,0.625,0.39285714285714285,0.4473684210526316,0.5,1,0,1,0,4,0.003821177207167093,0.004662318846761386
0.38596491228070173,1,6,0.04641692089539883,0.3333333333333333,0.5625,0.49999999999999994,0.2763157894736842,0.8125,0,1,3,1,3,0.022791686652006465,0.04896723874573879
0.4736842105263158,1,6,0.05487073009829124,0.3333333333333333,0.515625,0.5178571428571428,0.15789473684210525,0.8125,1,1,3,1,1,0.027019784152401232,0.0427873061099334
0.15789473684210525,0,3,0.04221609610172074,0.4444444444444445,0.475,0.3714285714285714,0.6526315789473685,0.7,0,1,3,1,6,0.016439658898421902,0.04148831553020986
0.17543859649122806,1,3,0.0494791249908375,0.7777777777777777,0.5,0.45535714285714285,0.2763157894736842,0.78125,1,1,4,1,7,0.011879394674937089,0.046722097342066886
0.05263157894736842,1,4,0.001592053719662219,0.0,0.25,0.35714285714285715,0.2631578947368421,0.75,0,0,2,1,7,0.0031850060445153803,0.0019642439916531715
0.38596491228070173,0,1,0.055404378286031085,0.5555555555555556,0.44791666666666663,0.4761904761904761,0.28947368421052627,0.75,1,1,2,1,7,0.018002978548508658,0.041016567117988754
0.45614035087719296,1,1,0.009156383418221132,0.1111111111111111,0.375,0.6785714285714286,0.18421052631578946,0.875,0,0,0,0,0,0.008876751768146738,0.009829039778239384
0.38596491228070173,1,6,0.38803059319510647,0.8888888888888888,0.5277777777777778,0.5158730158730158,0.26900584795321636,0.7222222222222222,1,1,2,1,0,0.08575163905039107,0.29197245717226783
0.6491228070175438,0,6,0.050207186291030506,0.1111111111111111,0.53125,0.5714285714285714,0.3947368421052631,0.625,0,1,0,0,2,0.0499391398230697,0.04637902051304654
0.2807017543859649,1,0,0.04548298717327879,0.1111111111111111,0.59375,0.42857142857142855,0.3157894736842105,0.375,1,1,2,1,3,0.04521360746203674,0.04039083934156168
0.4385964912280701,1,6,0.19660500175149617,0.4444444444444445,0.48750000000000004,0.47142857142857136,0.4105263157894737,0.8500000000000001,0,1,1,0,1,0.07821264954913665,0.1463632386945545
0.05263157894736842,1,3,0.32647276329591074,0.2222222222222222,0.47916666666666663,0.3809523809523809,0.15789473684210525,0.75,1,0,3,0,2,0.21733364506181435,0.3036075910073019
0.21052631578947367,0,2,0.0042039859824984736,0.0,0.5,0.5714285714285714,0.05263157894736842,0.0,0,1,4,1,4,0.008410344826904724,0.004715635801126339
0.4385964912280701,0,7,0.016225789492089818,0.1111111111111111,0.5625,0.8928571428571428,0.5789473684210527,1.0,0,0,0,1,0,0.015948152939579154,0.012685406746751102
0.4736842105263158,0,9,0.14610441762307447,0.4444444444444445,0.5,0.5428571428571427,0.19999999999999996,0.8999999999999999,1,1,3,1,1,0.058006715074173515,0.17332095432135103
0.22807017543859642,0,7,0.033986138582171255,0.0,0.5,0.35714285714285715,0.2631578947368421,0.75,1,0,0,1,3,0.06799146000985383,0.032795898433334615
0.2807017543859649,1,1,0.005520621126185372,0.0,0.5,0.6428571428571428,0.10526315789473684,1.0,1,0,4,2,0,0.011044358264563013,0.005114778369714454
0.0,1,9,0.013990828996083487,0.2222222222222222,0.35416666666666663,0.4761904761904761,0.15789473684210525,0.41666666666666663,0,1,3,1,1,0.008953563984741116,0.013173790048734065
0.21052631578947367,0,9,0.030132056687228227,0.2222222222222222,0.4375,0.4761904761904761,0.12280701754385964,0.41666666666666663,1,1,3,1,0,0.019717419317692757,0.02704861510988269
0.4736842105263158,0,6,0.07429880386542266,0.0,0.75,0.49999999999999994,0.10526315789473684,0.75,0,0,2,1,2,0.1486395443125132,0.07227504155167978
0.4035087719298246,1,6,0.012324289764841139,0.2222222222222222,0.45833333333333337,0.4523809523809524,0.3157894736842105,0.9166666666666667,1,0,2,1,7,0.007842224281527444,0.01472239876058223
0.4035087719298246,0,6,0.061934604091724264,0.2222222222222222,0.5208333333333334,0.3809523809523809,0.4035087719298245,0.75,0,1,2,1,6,0.040925101040015004,0.06324333905365014
0.29824561403508765,1,1,0.14297898975122827,1.0,0.49375,0.5285714285714285,0.4368421052631579,0.75,1,1,2,1,1,0.028095879828275286,0.12377049918413213
0.29824561403508765,1,4,0.0021901111296172373,0.0,0.625,0.6428571428571428,0.10526315789473684,0.75,0,0,4,1,7,0.004381458426837055,0.002228648692455011
0.15789473684210525,1,3,0.022229677359190275,0.4444444444444445,0.7,0.4428571428571428,0.5263157894736843,0.6,1,1,2,0,1,0.008442835208743785,0.02203430957861597
0.4385964912280701,1,1,0.013230365510481613,0.0,0.6875,0.2857142857142857,0.6842105263157894,1.0,0,0,3,1,1,0.026468198655364594,0.013248812927631595
0.38596491228070173,0,9,0.13309750864733325,0.4444444444444445,0.5125,0.6142857142857143,0.10526315789473684,0.75,0,1,3,0,2,0.05280248318217597,0.12247079771168372
0.38596491228070173,0,7,0.06875309080297555,0.4444444444444445,0.6125,0.5571428571428572,0.29473684210526313,0.7,0,1,0,0,4,0.02705745244180832,0.060298110494530155
0.17543859649122806,1,1,0.05624327876923855,0.3333333333333333,0.546875,0.625,0.35526315789473684,0.9375,1,1,2,1,0,0.02770625216528434,0.06204581656218914
0.0,1,8,0.017194101142631455,0.0,0.3125,0.35714285714285715,0.2631578947368421,0.75,1,1,2,1,6,0.03439790717671822,0.014386762608748814
0.5263157894736842,0,5,0.12669847217768568,1.0,0.53125,0.5428571428571427,0.3631578947368421,0.65,1,1,4,1,1,0.02483885738995118,0.11290635220563948
0.19298245614035092,1,5,0.015944246112775017,0.1111111111111111,0.71875,0.42857142857142855,0.21052631578947367,0.875,1,0,0,1,4,0.015666530104295313,0.011795226876673857
0.10526315789473684,0,7,0.04153565020813465,0.3333333333333333,0.546875,0.5714285714285714,0.19736842105263158,0.5625,0,1,2,1,0,0.02035036252270028,0.03542359490868109
0.4385964912280701,1,5,0.0018429730822796203,0.0,0.25,0.5714285714285714,0.2631578947368421,0.75,0,0,1,1,4,0.00368698639653009,0.002068034329483612
0.21052631578947367,0,6,0.023011676443630967,0.1111111111111111,0.625,0.5714285714285714,0.2631578947368421,0.625,1,1,0,0,4,0.022735954975129244,0.0236372304946439
0.5087719298245613,1,3,0.09900586538828192,0.2222222222222222,0.6041666666666666,0.4523809523809524,0.21052631578947367,0.75,1,1,1,1,0,0.06564624996632054,0.07407146746741625
0.42105263157894735,1,4,0.2198620654773089,0.5555555555555556,0.46875,0.4880952380952381,0.2807017543859649,0.7916666666666667,1,1,3,1,5,0.0728376784607675,0.24961130755446742
0.4385964912280701,1,1,0.018894820727994123,0.1111111111111111,0.53125,0.49999999999999994,0.21052631578947367,0.625,1,0,0,1,3,0.018617937418069986,0.02080053155818681
0.0,1,5,0.13594277615997355,0.8888888888888888,0.6458333333333333,0.5079365079365079,0.34502923976608185,0.8333333333333333,0,1,2,1,0,0.029716314565658205,0.14379246103004564
0.543859649122807,1,7,0.007305309789589296,0.0,0.4375,0.6428571428571428,0.21052631578947367,0.75,1,1,2,0,1,0.014614742925782598,0.006010266238804033
0.3508771929824561,0,6,0.18405448941169683,0.2222222222222222,0.5833333333333334,0.5238095238095237,0.14035087719298245,1.0,0,0,2,0,2,0.12236133402134942,0.1662202260354508
0.21052631578947367,1,0,0.006917866584791876,0.0,0.375,0.21428571428571425,0.47368421052631576,0.0,1,0,2,1,4,0.013839637831057523,0.008403036365006448
0.3157894736842105,1,6,0.08881162416547085,0.7777777777777777,0.5546875,0.5625,0.3355263157894737,0.59375,0,1,2,0,4,0.02171529453104264,0.08087072984512493
0.0,0,2,0.2876428931437173,0.6666666666666665,0.5892857142857143,0.6530612244897958,0.18045112781954886,0.7142857142857143,0,1,2,1,2,0.0817230788967714,0.2115041400022654
0.36842105263157887,0,6,0.276732642653091,0.7777777777777777,0.6015625,0.5178571428571428,0.25,0.8125,0,1,3,1,7,0.06870880771958825,0.23675694530343985
0.07017543859649122,0,8,0.013455205065330905,0.2222222222222222,0.5416666666666666,0.5238095238095237,0.24561403508771928,0.8333333333333333,1,0,2,1,0,0.0085963805899086,0.012681425747491851
0.0,0,1,0.00882011195745356,0.1111111111111111,0.6875,0.3214285714285714,0.2368421052631579,0.75,0,1,2,0,0,0.008540385406284911,0.010491070476482957
0.0,1,6,0.0429348714097539,0.0,0.375,0.5714285714285714,0.05263157894736842,0.25,1,1,4,1,5,0.08589397661127293,0.05049565810420076
0.5263157894736842,0,6,0.12538875213454337,0.3333333333333333,0.40625,0.49999999999999994,0.3289473684210526,0.9375,1,1,2,0,2,0.062288745817900885,0.14692389609023218
0.15789473684210525,0,8,0.0018334895158184903,0.0,0.5625,0.9285714285714286,0.3157894736842105,0.5,0,0,4,0,1,0.0036680139107846525,0.0013408858576423102
0.6140350877192983,0,0,0.06896014867071022,0.5555555555555556,0.53125,0.42857142857142855,0.3070175438596491,0.5416666666666666,1,0,2,1,6,0.02252284389392615,0.053427664058638226
0.17543859649122806,1,0,0.0017493228634759604,0.0,0.75,0.42857142857142855,0.5789473684210527,1.0,0,0,2,0,4,0.003499633099793891,0.002035143692746477
0.0,1,7,0.00897896169567749,0.1111111111111111,0.5,0.25,0.21052631578947367,0.875,1,1,3,1,0,0.008699279974402955,0.009849940024350447
0.05263157894736842,1,7,0.21053557058569122,0.6666666666666665,0.4910714285714286,0.49999999999999994,0.3157894736842105,0.5714285714285714,1,1,2,0,3,0.05968619790905702,0.23206983999700476
0.543859649122807,0,6,0.01103887136075546,0.3333333333333333,0.53125,0.42857142857142855,0.34210526315789475,0.5,0,0,4,0,4,0.005097669763727334,0.012644269754405522
0.26315789473684215,0,3,0.0038475619430009995,0.0,0.5,0.6428571428571428,0.5789473684210527,0.75,1,1,2,0,7,0.007697295570972018,0.004169575402732577
0.17543859649122806,0,6,0.09017014506102775,0.6666666666666665,0.4910714285714286,0.4693877551020407,0.24060150375939848,0.5357142857142857,1,1,2,0,0,0.0252863708974717,0.07716465649900499
0.3157894736842105,1,4,0.16086716941423368,0.1111111111111111,0.59375,0.49999999999999994,0.34210526315789475,1.0,1,1,2,1,2,0.16063035293368974,0.1583275632540498
0.4035087719298246,0,5,0.19084610601797491,0.4444444444444445,0.55,0.5285714285714285,0.21052631578947367,0.75,0,1,2,0,5,0.07590844115535324,0.166245675995001
0.5263157894736842,0,7,0.13855075693678434,0.6666666666666665,0.4821428571428571,0.4693877551020407,0.3233082706766917,0.5357142857142857,1,1,3,1,4,0.03911330393896754,0.11383553638988769
0.5964912280701754,1,6,0.06439460171688116,0.2222222222222222,0.41666666666666663,0.42857142857142855,0.1929824561403509,0.9166666666666667,1,1,2,1,2,0.04256556229012922,0.048781695744548756
0.21052631578947367,0,5,0.04263357060031174,0.3333333333333333,0.53125,0.44642857142857145,0.21052631578947367,0.5625,1,1,4,0,1,0.020899477643988813,0.0493312158208702
0.017543859649122806,1,6,0.03436804970653302,0.4444444444444445,0.625,0.5857142857142856,0.2631578947368421,0.75,1,1,3,1,4,0.013299554403504058,0.03220192386528488
0.21052631578947367,0,6,0.018467072365736904,0.2222222222222222,0.375,0.42857142857142855,0.5087719298245614,0.5833333333333334,0,1,0,1,3,0.011938568408690004,0.016542900243267492
0.3508771929824561,0,6,0.11921514794264892,0.6666666666666665,0.4553571428571429,0.4693877551020407,0.20300751879699247,0.8214285714285714,1,1,2,1,7,0.03358728513695184,0.1379542308306592
0.08771929824561403,0,3,0.18152257474087638,0.6666666666666665,0.5357142857142857,0.5714285714285714,0.20300751879699247,0.8214285714285714,1,0,2,1,4,0.05139443111806128,0.15683274542504988
0.08771929824561403,0,5,0.13483991641026463,0.3333333333333333,0.6875,0.49999999999999994,0.3157894736842105,0.6875,0,0,3,0,0,0.06701566158935279,0.13979226766722447
0.36842105263157887,0,1,0.02467386904024529,0.0,0.5,0.6428571428571428,0.42105263157894735,1.0,0,0,2,2,6,0.049361664788192934,0.01825212331808706
0.2807017543859649,0,6,0.09522903504513684,0.7777777777777777,0.5390625,0.5535714285714286,0.256578947368421,0.59375,0,1,1,1,1,0.02332010002452589,0.09892067527226008
0.29824561403508765,1,7,0.03952612198988143,0.2222222222222222,0.4375,0.5238095238095237,0.2807017543859649,0.75,0,1,3,0,6,0.02598189695476452,0.03096857238049064
0.12280701754385964,0,0,0.1869855041710899,0.6666666666666665,0.5357142857142857,0.4693877551020407,0.24812030075187969,0.7142857142857143,0,1,2,1,6,0.05295570859086294,0.21301962111313477
0.24561403508771928,1,6,0.004433369746277059,0.1111111111111111,0.40625,0.46428571428571425,0.2368421052631579,0.75,0,0,2,0,0,0.004152405187472863,0.003241433861147485
0.08771929824561403,1,6,0.06589735185236774,0.4444444444444445,0.475,0.42857142857142855,0.3578947368421052,0.7,1,1,2,0,3,0.025914834487789324,0.06055137787597576
0.4736842105263158,0,8,0.023909651642919225,0.3333333333333333,0.515625,0.48214285714285715,0.15789473684210525,0.8125,1,0,2,0,0,0.01153487607310652,0.021277777540813538
0.5087719298245613,0,8,0.016855656364549877,0.2222222222222222,0.5833333333333334,0.4523809523809524,0.4035087719298245,0.6666666666666666,1,1,2,0,0,0.01086398789660812,0.013315115522437432
0.0,1,4,0.10151268812284064,0.2222222222222222,0.5833333333333334,0.6190476190476191,0.3859649122807018,0.16666666666666669,1,0,2,0,4,0.06731793676589079,0.11374312033565512
0.08771929824561403,1,5,0.0032066309096696224,0.0,0.25,0.49999999999999994,0.10526315789473684,0.25,1,0,2,2,1,0.006415071742676175,0.0024168930859995363
0.0,1,6,0.04301567929897478,0.2222222222222222,0.5625,0.4761904761904761,0.1929824561403509,0.5833333333333334,1,0,0,0,2,0.02830892503279177,0.04903339916199966
0.15789473684210525,1,6,0.004783273833832505,0.0,0.4375,0.7142857142857142,0.0,0.5,0,1,3,1,7,0.009569247497855218,0.004664878060570904
0.26315789473684215,1,1,0.16584762240073722,0.6666666666666665,0.5,0.5204081632653061,0.2781954887218045,0.6428571428571429,1,1,4,1,1,0.04691460938715116,0.15434736967322157
0.0,0,1,0.023968331210397462,0.1111111111111111,0.71875,0.5714285714285714,0.3157894736842105,0.75,1,0,2,0,3,0.023692879724914764,0.01844581788918889
0.08771929824561403,1,8,0.12349124854511223,0.1111111111111111,0.40625,0.2857142857142857,0.34210526315789475,1.0,1,0,2,0,1,0.12324388399194537,0.14149153824389593
0.07017543859649122,1,5,0.06693837084577804,0.2222222222222222,0.5208333333333334,0.7142857142857142,0.4912280701754386,0.8333333333333333,1,1,2,1,5,0.04426188697049389,0.05653028426704353
0.33333333333333337,1,0,0.007818607824297963,0.1111111111111111,0.625,0.42857142857142855,0.3157894736842105,0.375,0,1,0,1,4,0.007538598632913824,0.007238025367495995
0.29824561403508765,2,6,0.0504290622313607,0.1111111111111111,0.5,0.3214285714285714,0.3157894736842105,0.625,0,1,1,0,3,0.05016107838027936,0.048904301043163984
0.14035087719298245,1,9,0.16386219824723935,0.5555555555555556,0.6145833333333334,0.4404761904761904,0.25438596491228066,0.625,0,1,2,0,0,0.05416578803635891,0.13295485404661467
0.33333333333333337,1,5,0.1701648184578654,0.1111111111111111,0.75,0.49999999999999994,0.2368421052631579,1.0,1,0,0,0,2,0.16993062592009142,0.1298366415911106
0.17543859649122806,1,6,0.24442371231443083,0.7777777777777777,0.5625,0.5089285714285714,0.3026315789473684,0.84375,1,1,3,1,2,0.06062929561286958,0.22875646379210085
0.22807017543859642,0,9,0.0015009719667751153,0.0,0.25,0.35714285714285715,0.10526315789473684,0.75,1,0,0,0,4,0.0030027911293352373,0.0015760491710279936
0.6491228070175438,0,1,0.01157785405462969,0.0,0.5625,0.6428571428571428,0.3157894736842105,0.5,1,0,3,0,3,0.02316224301422205,0.014002975323017806
0.5789473684210525,1,6,0.05799931915895781,0.4444444444444445,0.48750000000000004,0.5857142857142856,0.5263157894736843,0.4,0,1,2,1,7,0.022754729830814835,0.054053960549245196
0.017543859649122806,1,2,0.012319745555911846,0.1111111111111111,0.5,0.6071428571428572,0.28947368421052627,0.5,0,1,2,0,1,0.012041006656378044,0.009948564541713526
0.45614035087719296,1,2,0.10995088895593243,0.1111111111111111,0.59375,0.42857142857142855,0.13157894736842105,0.75,1,0,2,1,3,0.10969970310036108,0.10735859277363329
0.45614035087719296,0,6,0.007061107953215195,0.1111111111111111,0.4375,0.39285714285714285,0.42105263157894735,1.0,0,0,2,0,0,0.006780884983455398,0.0054379502024385525
0.05263157894736842,0,1,0.12016627062897976,0.1111111111111111,0.375,0.2857142857142857,0.15789473684210525,0.75,0,1,0,0,3,0.11991796771475814,0.11025439059195091
0.45614035087719296,1,4,0.006568950368742797,0.1111111111111111,0.71875,0.75,0.28947368421052627,0.875,1,1,0,0,3,0.006288588504373256,0.006550449924005569
0.6140350877192983,1,2,0.00634055447647058,0.1111111111111111,0.71875,0.6071428571428572,0.631578947368421,0.625,0,1,2,0,4,0.006060128155188608,0.004785872002343102
0.05263157894736842,1,0,0.06620220899923282,0.5555555555555556,0.40625,0.5238095238095237,0.2192982456140351,0.8333333333333333,0,1,2,1,1,0.02160327122545196,0.06678822932261877
0.08771929824561403,1,6,0.011166306785076898,0.0,0.8125,0.6428571428571428,0.2631578947368421,0.75,1,0,4,0,2,0.02233891618489399,0.010694385795794643
0.5087719298245613,0,6,0.09419453600366856,0.4444444444444445,0.6499999999999999,0.5428571428571427,0.14736842105263157,0.8,0,1,3,1,7,0.03723690251245118,0.09052019812106314
0.3508771929824561,1,1,0.04901482538284467,0.3333333333333333,0.546875,0.39285714285714285,0.28947368421052627,0.5,0,1,2,1,0,0.02409100548047919,0.05047186689434191
0.4035087719298246,1,6,0.034708470227627325,0.2222222222222222,0.5625,0.49999999999999994,0.42105263157894735,0.5833333333333334,1,1,2,1,1,0.022769222701870373,0.03267457274162414
0.36842105263157887,1,6,0.2841391104849323,0.5555555555555556,0.5208333333333334,0.4761904761904761,0.2631578947368421,0.7083333333333334,1,1,2,1,1,0.09426940679427112,0.3272724515325189
0.36842105263157887,0,6,0.08078161183881019,0.2222222222222222,0.5208333333333334,0.5476190476190474,0.3157894736842105,0.9166666666666667,0,1,1,0,1,0.05349331881938173,0.08815027134775309
0.017543859649122806,0,3,0.21792247856170652,0.3333333333333333,0.453125,0.30357142857142855,0.3289473684210526,0.9375,0,1,0,1,2,0.1085686662678492,0.2613255874462032
0.5087719298245613,1,1,0.2180279832385866,0.7777777777777777,0.453125,0.5357142857142856,0.256578947368421,0.75,0,1,3,1,5,0.05402850102145096,0.19265671511637553
0.543859649122807,1,5,0.1429122096373978,0.1111111111111111,0.8125,0.46428571428571425,0.2368421052631579,0.5,0,1,3,0,5,0.1426703259848548,0.12225800382270716
0.24561403508771928,1,6,0.04268474234434158,0.1111111111111111,0.625,0.5357142857142856,0.5263157894736843,1.0,1,1,3,1,2,0.042414572924405106,0.031876714140082835
0.2807017543859649,0,7,0.06026608911746919,0.2222222222222222,0.41666666666666663,0.42857142857142855,0.3859649122807018,0.9166666666666667,1,1,0,1,2,0.03981244380306902,0.0688487281892188
0.0,1,6,0.12153210177368377,0.3333333333333333,0.59375,0.48214285714285715,0.28947368421052627,1.0,1,1,2,1,4,0.06035987643378137,0.1329323898365089
0.4035087719298246,0,7,0.008073281098639562,0.1111111111111111,0.46875,0.6071428571428572,0.10526315789473684,0.75,0,1,0,1,1,0.007793343780058297,0.008279672780818028
0.4035087719298246,0,6,0.04644754491209624,0.4444444444444445,0.575,0.39999999999999997,0.34736842105263155,0.55,1,1,2,1,3,0.018132716095130414,0.04546974132509456
0.2807017543859649,0,4,0.40584369462362785,0.6666666666666665,0.6428571428571428,0.5204081632653061,0.22556390977443608,0.8571428571428572,0,1,2,1,2,0.11550426735530013,0.3303245983574587
0.5263157894736842,1,5,0.01164147297963977,0.2222222222222222,0.41666666666666663,0.4047619047619047,0.22807017543859648,0.75,1,1,2,0,1,0.007386884623636937,0.011049547801137713
0.21052631578947367,0,7,0.15820683144758543,0.7777777777777777,0.515625,0.48214285714285715,0.22368421052631576,0.5625,0,1,2,1,3,0.039068992456262976,0.11975897893056144
0.4035087719298246,0,6,0.04859596786414475,0.4444444444444445,0.4,0.49999999999999994,0.17894736842105263,0.8500000000000001,1,1,2,1,1,0.018992327803446625,0.052142986119108656
0.07017543859649122,1,3,0.12604074732874607,0.3333333333333333,0.53125,0.7678571428571428,0.19736842105263158,0.75,0,0,0,0,0,0.0626148354166506,0.12779727993486328
0.2807017543859649,1,0,0.07330283181270272,0.4444444444444445,0.48750000000000004,0.5142857142857142,0.15789473684210525,0.44999999999999996,1,1,3,0,6,0.028877862449083084,0.07015188933959489
0.24561403508771928,1,6,0.012413988497619328,0.0,0.5,0.49999999999999994,0.10526315789473684,0.5,1,0,2,1,7,0.024834983840778157,0.009846622524967737
0.33333333333333337,1,3,0.06948273269757875,0.2222222222222222,0.6041666666666666,0.4523809523809524,0.3508771929824561,0.75,0,0,2,0,6,0.04595860691097826,0.07005639275022121
0.21052631578947367,1,5,0.05651020165025911,0.0,0.5625,0.42857142857142855,0.10526315789473684,0.75,1,0,4,0,2,0.11305229943562783,0.06752736818508615
0.26315789473684215,0,0,0.23512606327079907,1.0,0.53125,0.5642857142857143,0.3157894736842105,0.75,1,1,4,0,3,0.046530495602829965,0.20388744577665743
0.45614035087719296,1,5,0.013906267195138405,0.2222222222222222,0.5625,0.4761904761904761,0.3859649122807018,0.75,1,1,0,1,0,0.008897173540997729,0.011166513350802336
0.19298245614035092,0,9,0.0036841679958477787,0.0,0.375,0.5714285714285714,0.15789473684210525,0.75,1,0,2,1,5,0.007370415451982911,0.0030637106799309773
0.0,1,8,0.1179479063742804,0.2222222222222222,0.5833333333333334,0.6666666666666667,0.22807017543859648,0.75,1,1,2,1,2,0.07827784111821195,0.09599615738785787
0.6491228070175438,0,7,0.006030560397772389,0.1111111111111111,0.53125,0.5714285714285714,0.49999999999999994,0.25,1,1,3,1,4,0.005750046591286608,0.0070725769339955065
0.5789473684210525,1,3,0.28446570080493744,0.8888888888888888,0.6388888888888888,0.4523809523809524,0.2807017543859649,0.7222222222222222,1,1,3,1,2,0.06273072348785609,0.29618672403097035
0.017543859649122806,0,5,0.005704167652068494,0.1111111111111111,0.34375,0.5357142857142856,0.18421052631578946,0.375,1,1,2,1,0,0.005423561732417198,0.006409550985937121
0.4385964912280701,1,2,0.11873840115367586,0.4444444444444445,0.6125,0.5428571428571427,0.3684210526315789,0.75,0,1,2,1,6,0.047057219238337694,0.10921061050045427
0.17543859649122806,1,4,0.01001701707456869,0.0,0.3125,0.5714285714285714,0.15789473684210525,0.75,0,0,3,1,4,0.020039688068618736,0.011334615783808993
0.3508771929824561,0,6,0.06753662583003434,0.2222222222222222,0.39583333333333337,0.5238095238095237,0.4385964912280702,0.9166666666666667,0,0,2,1,4,0.04466083618464101,0.06967260546449021
0.3508771929824561,1,1,0.08817997912429933,0.2222222222222222,0.625,0.5476190476190474,0.12280701754385964,1.0,1,1,2,0,1,0.05842695563343497,0.10452099337305802
0.24561403508771928,0,1,0.07522582248699813,0.0,0.4375,0.49999999999999994,0.0,0.75,1,1,2,0,2,0.15049410479412975,0.0709297481591433
0.12280701754385964,0,1,0.09105468520782939,0.3333333333333333,0.59375,0.625,0.3289473684210526,0.5625,0,1,3,1,0,0.04511686754774099,0.08624583713068532
0.14035087719298245,1,6,0.015377998165325039,0.2222222222222222,0.75,0.6428571428571428,0.2631578947368421,0.75,1,1,0,0,0,0.00987860441820444,0.012911091490471904
0.10526315789473684,0,0,0.02565107153434424,0.2222222222222222,0.45833333333333337,0.4761904761904761,0.08771929824561403,0.8333333333333333,0,1,2,2,0,0.016729252812786293,0.029361480893810167
0.12280701754385964,0,6,0.01588141748497003,0.3333333333333333,0.5625,0.49999999999999994,0.3026315789473684,0.75,0,1,2,1,1,0.007519626147168387,0.013787480041686749
0.2807017543859649,1,0,0.013309790379593579,0.0,0.75,0.49999999999999994,0.10526315789473684,0.75,1,1,2,2,7,0.02662709322348264,0.014775526143553886
0.14035087719298245,0,2,0.06392397973124758,0.2222222222222222,0.45833333333333337,0.4761904761904761,0.1929824561403509,0.9166666666666667,1,1,1,0,1,0.042251725755090105,0.055842187502221544
0.4385964912280701,0,1,0.2729573929043561,0.3333333333333333,0.46875,0.5357142857142856,0.21052631578947367,0.625,1,1,2,1,0,0.13609388929831248,0.20103970430654072
0.5964912280701754,1,1,0.0020522042673283033,0.0,0.1875,0.35714285714285715,0.21052631578947367,0.5,0,1,2,1,0,0.004105566863288813,0.0016561430846962334
0.17543859649122806,1,2,0.46646166357166524,0.2222222222222222,0.4375,0.5714285714285714,0.2982456140350877,0.75,0,1,2,0,2,0.3106859166250161,0.4618440178140239
0.33333333333333337,0,0,0.03151744768775832,0.0,0.5,0.5714285714285714,0.3684210526315789,0.75,1,0,3,1,3,0.06305268481424454,0.02761145257658329
0.38596491228070173,1,9,0.5210551969252697,0.4444444444444445,0.6625000000000001,0.42857142857142855,0.23157894736842105,0.6,1,1,2,0,2,0.2080293535975291,0.422519043631278
0.38596491228070173,1,9,0.03549382807518967,0.1111111111111111,0.46875,0.2857142857142857,0.3684210526315789,1.0,1,1,3,1,1,0.03522162926616598,0.04141575707942521
0.29824561403508765,1,4,0.010260033465135151,0.2222222222222222,0.45833333333333337,0.5476190476190474,0.24561403508771928,0.5,1,1,0,0,1,0.006465665037997344,0.01116964127879175
0.4385964912280701,0,3,0.049918332662568586,0.2222222222222222,0.5625,0.42857142857142855,0.2631578947368421,0.25,1,1,2,1,0,0.03291199263340539,0.05787813687338953
0.38596491228070173,1,9,0.18984796064794102,0.2222222222222222,0.625,0.7142857142857142,0.21052631578947367,0.41666666666666663,1,1,2,0,2,0.12622473818463747,0.16988516238922513
0.03508771929824561,1,5,0.2251487586307864,0.5555555555555556,0.5416666666666666,0.4761904761904761,0.2982456140350877,0.75,1,1,2,1,6,0.0746004068412412,0.26922611744042607
0.4736842105263158,0,9,0.04397035832272854,0.2222222222222222,0.41666666666666663,0.4761904761904761,0.14035087719298245,0.75,0,1,2,1,0,0.02894555733224979,0.04401326431038904
0.4736842105263158,1,6,0.0026103516684260657,0.0,0.5625,0.7142857142857142,0.5263157894736843,0.5,1,1,4,0,1,0.0052221767014317706,0.002971057661456771
0.12280701754385964,0,4,0.2447929786835111,0.0,0.5625,0.6428571428571428,0.894736842105263,1.0,0,0,2,0,2,0.48972412622315714,0.1902897740925099
0.29824561403508765,2,7,0.042185274510722064,0.2222222222222222,0.6458333333333333,0.4523809523809524,0.22807017543859648,0.5,1,1,1,0,1,0.027755165605096797,0.030973122093929783
0.4385964912280701,0,5,0.2357511883600286,0.0,0.5625,0.49999999999999994,0.3157894736842105,0.75,0,0,3,1,2,0.47163544210536085,0.21662247283560415
0.24561403508771928,0,6,0.08422454161280298,0.2222222222222222,0.39583333333333337,0.42857142857142855,0.3333333333333333,0.5833333333333334,1,0,3,0,2,0.055789253101326174,0.09421053704153937
0.5087719298245613,1,1,0.03368661594144056,0.2222222222222222,0.375,0.6190476190476191,0.4912280701754386,0.75,0,1,2,1,0,0.0220877942555134,0.03900867431302881
0.7894736842105262,0,1,0.010387666463757859,0.0,0.5,0.7857142857142856,0.42105263157894735,1.0,0,0,3,1,3,0.0207811960531696,0.011537457174637432
0.12280701754385964,1,1,0.05474072620805325,0.1111111111111111,0.71875,0.3214285714285714,0.15789473684210525,0.5,1,0,2,1,0,0.05447395917634905,0.04267090927444867
0.0,1,6,0.026213170421467476,0.2222222222222222,0.625,0.5476190476190474,0.22807017543859648,0.8333333333333333,0,0,2,1,0,0.017104091159631924,0.025471144153404967
0.3508771929824561,1,5,0.044908638679476594,0.4444444444444445,0.55,0.45714285714285713,0.3052631578947368,0.75,1,1,4,2,0,0.017516979880667014,0.04325967062918272
0.4385964912280701,1,6,0.11115312857918196,0.2222222222222222,0.7083333333333333,0.6428571428571428,0.5964912280701755,0.6666666666666666,0,0,4,1,2,0.07374671085938311,0.0896150895037637
0.24561403508771928,0,1,0.2684509206666078,0.2222222222222222,0.7708333333333333,0.6190476190476191,0.24561403508771928,0.9166666666666667,1,1,2,1,6,0.17864150019133884,0.3127599083043171
0.5964912280701754,1,6,0.34724236656868956,0.1111111111111111,0.59375,0.46428571428571425,0.3157894736842105,0.875,1,0,2,0,2,0.34705814809961893,0.3882737297176382
0.0,0,3,0.06569345517345344,0.4444444444444445,0.575,0.4142857142857142,0.3368421052631579,0.8500000000000001,1,1,3,0,7,0.025833252799083942,0.07394943088298091
0.4385964912280701,0,1,0.028793095647497418,0.1111111111111111,0.53125,0.39285714285714285,0.34210526315789475,0.625,1,0,2,0,1,0.028519005786410524,0.028476798594138552
0.15789473684210525,0,1,0.033052204860051206,0.2222222222222222,0.6875,0.4523809523809524,0.42105263157894735,0.8333333333333333,1,1,4,0,4,0.02166473417406478,0.032396424114808225
0.6491228070175438,1,7,0.02202617582887853,0.3333333333333333,0.546875,0.44642857142857145,0.15789473684210525,0.875,1,1,4,1,7,0.010592872392839547,0.025996730841322584
0.7017543859649124,0,2,0.02459108540801168,0.1111111111111111,0.65625,0.46428571428571425,0.05263157894736842,0.375,1,1,0,0,6,0.024315809673556642,0.029317879473351717
0.12280701754385964,1,6,0.2973973339718935,0.4444444444444445,0.4,0.49999999999999994,0.2631578947368421,0.8500000000000001,0,1,2,1,2,0.11854096050975906,0.28580005999934605
0.17543859649122806,1,6,0.20225582434222084,0.5555555555555556,0.53125,0.4166666666666666,0.2368421052631579,0.8333333333333333,1,1,2,0,1,0.06696727516303326,0.24213721840946759
0.4736842105263158,2,6,0.035374295622919175,0.1111111111111111,0.375,0.6428571428571428,0.07894736842105263,0.25,0,1,2,1,1,0.03510206307995776,0.03571520310442113
0.21052631578947367,1,4,0.2821495372711077,1.0,0.525,0.5142857142857142,0.3,0.7749999999999999,1,1,2,1,4,0.05593784455565745,0.3202973616875267
0.2807017543859649,1,1,0.030912475177258723,0.1111111111111111,0.4375,0.3214285714285714,0.34210526315789475,1.0,1,1,2,0,1,0.03063898343840335,0.031395392372500205
0.29824561403508765,0,3,0.011511469089401778,0.1111111111111111,0.53125,0.6071428571428572,0.18421052631578946,0.875,1,1,2,0,0,0.011232502081538604,0.012239392651170153
0.0,1,6,0.15553780021168112,0.1111111111111111,0.46875,0.5714285714285714,0.13157894736842105,0.5,0,1,2,0,6,0.1552994796993414,0.16604828478172987
0.2807017543859649,0,7,0.037402988548395924,0.1111111111111111,0.53125,0.46428571428571425,0.5263157894736843,0.625,0,1,2,0,1,0.03713132853448021,0.04061145305051177
0.14035087719298245,1,6,0.23219702425441882,0.7777777777777777,0.4375,0.49107142857142855,0.2763157894736842,0.65625,1,1,0,0,1,0.05757176095695636,0.24973822560228015
0.19298245614035092,1,6,0.1435883088963559,0.4444444444444445,0.48750000000000004,0.47142857142857136,0.16842105263157894,0.65,1,1,2,1,6,0.05699998754930622,0.16397498984608225
0.5964912280701754,1,7,0.31507055279511326,0.4444444444444445,0.5375,0.47142857142857136,0.2421052631578947,0.7,1,0,2,1,2,0.12561224310315555,0.2541913524165377
0.017543859649122806,1,1,0.058709401197734934,0.1111111111111111,0.625,0.39285714285714285,0.3157894736842105,0.625,0,1,2,0,3,0.058443754188522073,0.0678096873825546
0.45614035087719296,1,6,0.016153279723522426,0.0,0.6875,0.6428571428571428,0.15789473684210525,0.5,1,0,3,1,7,0.03231567686615642,0.011800487482837864
0.22807017543859642,0,2,0.038345615539772004,0.1111111111111111,0.5625,0.6071428571428572,0.3947368421052631,0.625,1,1,2,0,0,0.0380742215500165,0.04314024065140522
0.22807017543859642,0,4,0.05653035422898901,0.1111111111111111,0.40625,0.6071428571428572,0.3157894736842105,0.875,1,0,3,0,1,0.05626409225845505,0.05824836980449976
0.45614035087719296,0,1,0.006330675761406903,0.0,0.1875,0.42857142857142855,0.05263157894736842,0.75,1,0,4,0,3,0.012664924755319162,0.006739689567364907
0.36842105263157887,1,2,0.2882897514060869,0.6666666666666665,0.4910714285714286,0.4081632653061224,0.39849624060150374,0.75,1,1,4,0,2,0.08190794770132664,0.3139113649472068
0.4035087719298246,0,4,0.004336558338653021,0.1111111111111111,0.46875,0.49999999999999994,0.15789473684210525,0.5,0,1,2,0,1,0.00405556645814719,0.004976865181090444
0.49122807017543857,0,5,0.022434166761008397,0.0,0.625,0.35714285714285715,0.42105263157894735,0.75,1,0,0,1,3,0.04488099607131203,0.022014451975168048
0.22807017543859642,0,7,0.07183347173413138,0.0,0.5625,0.35714285714285715,0.3157894736842105,1.0,1,0,2,1,2,0.14370748853893875,0.0652771083537952
0.15789473684210525,1,0,0.22943928215724269,0.4444444444444445,0.4,0.6428571428571428,0.2421052631578947,0.6,0,1,2,1,0,0.09135006825154117,0.19381802947171664
0.05263157894736842,0,6,0.04681345251805484,0.2222222222222222,0.5416666666666666,0.49999999999999994,0.5087719298245614,0.8333333333333333,0,1,2,2,5,0.03084148837306126,0.05360775688227095
0.12280701754385964,0,7,0.059193853384457665,0.2222222222222222,0.6041666666666666,0.5714285714285714,0.2631578947368421,0.6666666666666666,0,1,3,0,0,0.03909741824653783,0.0676055663848214
0.9122807017543858,1,1,0.029314889377160844,0.1111111111111111,0.625,0.7142857142857142,0.34210526315789475,0.625,1,0,0,1,2,0.02904094677446991,0.02172445513627103
0.543859649122807,0,6,0.031877230490377446,0.4444444444444445,0.5125,0.45714285714285713,0.2736842105263158,0.75,0,1,2,1,1,0.012302945537700997,0.025892419182160575
0.0,1,7,0.026630249771455925,0.1111111111111111,0.5625,0.3214285714285714,0.15789473684210525,0.5,0,1,2,0,0,0.026355549521251055,0.03124264522235066
0.017543859649122806,0,6,0.0059947994492418775,0.0,0.5,0.35714285714285715,0.3157894736842105,0.75,0,0,4,1,5,0.011992982551834905,0.007115183104639144
0.38596491228070173,0,2,0.005520028403281551,0.1111111111111111,0.53125,0.42857142857142855,0.21052631578947367,0.625,1,1,2,1,0,0.005239370516638574,0.004270616955360203
0.4035087719298246,0,7,0.06965541263689182,0.2222222222222222,0.45833333333333337,0.4761904761904761,0.1929824561403509,0.8333333333333333,1,1,0,0,0,0.04607375935918321,0.07642466456526778
0.4035087719298246,1,3,0.0016122062983921206,0.0,0.5625,0.49999999999999994,0.10526315789473684,0.5,1,0,1,0,1,0.0032253225767244357,0.0012979953299087263
0.22807017543859642,1,6,0.014976724759438469,0.2222222222222222,0.5,0.49999999999999994,0.10526315789473684,0.6666666666666666,0,1,0,0,4,0.009611013317169828,0.014207096320751006
0.26315789473684215,0,6,0.2135193376835243,0.7777777777777777,0.59375,0.41071428571428564,0.25,0.6875,1,1,2,0,7,0.05290102153001634,0.19528365330614877
0.3508771929824561,1,3,0.0158509910425739,0.2222222222222222,0.45833333333333337,0.4523809523809524,0.3157894736842105,0.6666666666666666,1,1,2,1,7,0.010194021993722347,0.012556024270825484
0.3157894736842105,1,4,0.04941807453174397,0.2222222222222222,0.7291666666666667,0.5476190476190474,0.17543859649122803,0.9166666666666667,1,1,2,0,7,0.03257839309238144,0.04435183881881856
0.0,0,6,0.2582027416595491,0.2222222222222222,0.6458333333333333,0.5952380952380953,0.5789473684210527,0.75,1,1,2,1,1,0.17180745272178422,0.27238295506731447
0.24561403508771928,0,1,0.12030338719406361,0.1111111111111111,0.71875,0.49999999999999994,0.5263157894736843,0.75,1,1,0,0,5,0.12005512297629288,0.12942403945359837
0.10526315789473684,1,9,0.06606331426543752,0.3333333333333333,0.5625,0.41071428571428564,0.2763157894736842,0.875,0,0,2,1,0,0.032617655597604635,0.05208957437904705
0.33333333333333337,1,6,0.05318107467379989,0.3333333333333333,0.53125,0.625,0.21052631578947367,0.5,1,1,2,1,1,0.026174718016489854,0.04079922351557305
0.9122807017543858,1,9,0.26757349319465196,0.4444444444444445,0.675,0.5571428571428572,0.2210526315789474,0.7,0,1,0,1,3,0.10660805749611804,0.1992371173205221
0.36842105263157887,0,3,0.017265425465391206,0.1111111111111111,0.46875,0.42857142857142855,0.21052631578947367,1.0,1,1,2,0,0,0.016988082314500965,0.013784209935152366
0.22807017543859642,0,7,0.0538419607115599,0.2222222222222222,0.47916666666666663,0.4047619047619047,0.2807017543859649,0.6666666666666666,0,1,3,1,0,0.0355284828724238,0.04087912785784799
0.49122807017543857,0,1,0.48678830526098876,0.5555555555555556,0.5208333333333334,0.4880952380952381,0.2719298245614035,0.7083333333333334,1,1,3,1,2,0.16183820198279603,0.45424732337040885
0.38596491228070173,0,1,0.025095295024861762,0.0,0.75,0.6428571428571428,0.10526315789473684,1.0,0,0,3,1,6,0.050204754623505835,0.019873337873568205
0.38596491228070173,0,1,0.0032232271509766,0.1111111111111111,0.53125,0.6428571428571428,0.34210526315789475,0.625,0,1,0,1,0,0.002941921070901958,0.003443422180706087
0.42105263157894735,0,9,0.12399921207368651,0.1111111111111111,0.59375,0.6071428571428572,0.18421052631578946,1.0,1,0,0,1,1,0.12375199087581538,0.14670863777314277
0.719298245614035,1,0,0.06049843649576688,0.1111111111111111,0.625,0.49999999999999994,0.21052631578947367,0.25,0,1,2,1,2,0.060233294380448534,0.0546814892539086
0.05263157894736842,0,2,0.09499787311264679,0.4444444444444445,0.44999999999999996,0.4857142857142857,0.3157894736842105,0.8500000000000001,0,1,2,0,7,0.03755832804178847,0.07100823071596851
0.38596491228070173,1,5,0.19705132209807316,0.6666666666666665,0.5982142857142857,0.42857142857142855,0.22556390977443608,0.6428571428571429,0,1,2,1,1,0.055832468207746344,0.22555867874426014
0.08771929824561403,0,1,0.007412790209482105,0.1111111111111111,0.5625,0.6428571428571428,0.28947368421052627,0.75,1,1,2,0,6,0.007132666489985394,0.00782147872321771
0.4035087719298246,0,3,0.00498756566134935,0.0,1.0,0.42857142857142855,0.3157894736842105,0.5,1,0,4,2,7,0.009977946461621527,0.005954958784809455
0.08771929824561403,1,7,0.11875045318605353,0.4444444444444445,0.6375,0.4142857142857142,0.431578947368421,0.5,1,1,1,1,0,0.047062041411797984,0.13444753919744
0.19298245614035092,0,5,0.09772716451043953,0.2222222222222222,0.6041666666666666,0.5952380952380953,0.3333333333333333,1.0,1,1,2,1,2,0.0647935421347617,0.08901305815149883
0.22807017543859642,1,1,0.696791610679049,1.0,0.44375,0.5428571428571427,0.39999999999999997,0.75,1,1,2,1,0,0.1388896629399566,0.5364273754361919
0.49122807017543857,0,2,0.09327048099661218,0.2222222222222222,0.7916666666666667,0.5476190476190474,0.2631578947368421,0.8333333333333333,0,0,2,1,0,0.061821581294762784,0.09707036368797876
0.49122807017543857,1,9,0.04737989803980609,0.1111111111111111,0.4375,0.5357142857142856,0.18421052631578946,1.0,1,0,2,0,3,0.047111053666640375,0.04488462921968149
0.03508771929824561,0,7,0.05562921784088038,0.1111111111111111,0.375,0.42857142857142855,0.10526315789473684,0.75,0,1,2,1,2,0.0553627015554869,0.05141797032544195
0.29824561403508765,1,6,0.0022979866981125926,0.0,0.4375,0.2857142857142857,0.10526315789473684,1.0,1,1,3,0,4,0.004597270452191412,0.001682730472606223
0.14035087719298245,1,7,0.03727575069837576,0.0,0.125,0.6428571428571428,0.10526315789473684,1.0,0,0,2,0,3,0.07457254100280258,0.04120869772509589
0.017543859649122806,1,1,0.012112885262478447,0.0,0.0625,0.42857142857142855,0.05263157894736842,0.75,1,0,1,1,4,0.024232607418360502,0.01202285472717596
0.24561403508771928,1,2,0.008588357302059693,0.2222222222222222,0.6458333333333333,0.6190476190476191,0.21052631578947367,0.33333333333333337,0,1,2,0,0,0.005350899747079637,0.007919534526400897
0.22807017543859642,1,8,0.0034427321996915073,0.0,0.3125,0.5714285714285714,0.10526315789473684,0.25,1,0,2,1,7,0.006887407585713639,0.004054505567000929
0.8070175438596491,0,7,0.006380069336725289,0.0,0.8125,0.6428571428571428,0.5263157894736843,0.75,0,0,4,0,1,0.012763739785243318,0.006151402141114102
0.38596491228070173,1,7,0.17432217690526333,0.1111111111111111,0.53125,0.25,0.15789473684210525,0.75,1,1,0,0,3,0.1740891576394196,0.18322236297898173
0.0,1,2,0.012675972021108046,0.1111111111111111,0.375,0.46428571428571425,0.18421052631578946,0.75,1,0,0,0,0,0.012397333654284548,0.009493877554889212
0.17543859649122806,1,6,0.011648190505883073,0.0,0.5,0.49999999999999994,0.3684210526315789,0.75,1,0,4,1,0,0.02330295561683405,0.009304637911529873
0.5087719298245613,0,1,0.07743865466126182,0.1111111111111111,0.5625,0.5357142857142856,0.18421052631578946,1.0,1,0,1,0,1,0.07717829334190257,0.08932059034427588
0.7368421052631579,0,8,0.07622693147155117,0.6666666666666665,0.5267857142857143,0.5306122448979591,0.3157894736842105,0.75,1,1,2,0,4,0.021301471302153124,0.0843644358379032
0.0,0,2,0.1175843696599371,0.3333333333333333,0.609375,0.46428571428571425,0.35526315789473684,0.875,1,1,3,1,6,0.05838545332086682,0.09272064806876515
0.0,0,6,0.0431132810038039,0.2222222222222222,0.5,0.6428571428571428,0.5438596491228069,0.75,1,1,2,1,6,0.028374011199168474,0.040167666418802074
0.6842105263157895,1,6,0.08308434032015335,0.5555555555555556,0.625,0.369047619047619,0.1929824561403509,0.75,0,1,2,0,1,0.027232236466738165,0.09967346327504488
0.36842105263157887,1,2,0.002590199089696164,0.1111111111111111,0.625,0.39285714285714285,0.28947368421052627,0.75,1,1,1,1,3,0.002308714359147969,0.0019736751684697276
0.10526315789473684,1,0,0.023392402122185088,0.2222222222222222,0.27083333333333337,0.35714285714285715,0.3333333333333333,0.75,0,0,3,1,0,0.015223048249995704,0.020341010500833406
0.4035087719298246,0,5,0.02658559797936811,0.2222222222222222,0.5,0.49999999999999994,0.22807017543859648,0.75,1,1,2,0,6,0.017352446268174636,0.02363552435210422
0.0,2,1,0.023965367595878362,0.3333333333333333,0.484375,0.5357142857142856,0.42105263157894735,0.875,0,1,4,0,1,0.011562741911545132,0.01762862300553122
0.29824561403508765,0,8,0.19704658031484257,0.3333333333333333,0.53125,0.48214285714285715,0.17105263157894735,0.6875,1,1,2,0,2,0.098127771391033,0.18089840726854636
0.3508771929824561,1,3,0.010535254466809196,0.2222222222222222,0.5833333333333334,0.42857142857142855,0.2807017543859649,0.75,1,1,2,1,1,0.006649197486909807,0.012412376547554222
0.49122807017543857,1,2,0.019263691948471832,0.2222222222222222,0.33333333333333337,0.42857142857142855,0.24561403508771928,0.9166666666666667,1,1,3,0,0,0.012469798009562263,0.016108307824132723
0.07017543859649122,1,3,0.12562347040445634,0.3333333333333333,0.703125,0.5892857142857142,0.25,0.8125,0,1,2,1,2,0.06240613807345078,0.09336874526960134
0.3157894736842105,0,6,0.191306256565641,0.5555555555555556,0.6145833333333334,0.3452380952380952,0.2982456140350877,0.6666666666666666,0,1,2,0,3,0.06331638919076879,0.15817296778281564
0.08771929824561403,1,4,0.017243692292251117,0.1111111111111111,0.65625,0.5714285714285714,0.2631578947368421,0.625,0,1,1,1,7,0.01696634300791765,0.01690137974799327
0.3508771929824561,0,6,0.040996074791356606,0.0,0.5625,0.49999999999999994,0.42105263157894735,0.5,0,0,0,2,5,0.08201528905668998,0.039780845990778295
0.10526315789473684,1,1,0.11794751122567786,0.1111111111111111,0.5,0.46428571428571425,0.3684210526315789,1.0,0,1,3,1,0,0.11769858214266161,0.08974115448030663
0.21052631578947367,0,5,0.04678618726447909,0.3333333333333333,0.625,0.37499999999999994,0.3026315789473684,0.8125,0,1,3,1,0,0.022976371942934712,0.04973116406787983
0.08771929824561403,0,3,0.018358999222940275,0.0,0.5625,0.2857142857142857,0.21052631578947367,1.0,0,0,4,1,3,0.03672836084244951,0.019564289109644778
0.42105263157894735,0,5,0.023956476752321054,0.1111111111111111,0.375,0.5714285714285714,0.3684210526315789,0.5,0,1,0,1,0,0.023681021921323864,0.027205627616381435
0.4736842105263158,0,7,0.34023954303435006,0.5555555555555556,0.5416666666666666,0.5238095238095237,0.4473684210526316,0.7083333333333334,1,1,4,1,7,0.11297482845216729,0.3036302921816493
0.24561403508771928,0,1,0.12515067510150873,0.4444444444444445,0.5875,0.3428571428571428,0.28421052631578947,0.44999999999999996,1,1,2,1,0,0.04962285267528846,0.13189116895882178
0.29824561403508765,0,8,0.012448366426040925,0.1111111111111111,0.5,0.3214285714285714,0.2368421052631579,0.5,1,1,2,0,0,0.012169663825339296,0.009716529156317254
0.0,0,6,0.334747965330452,1.0,0.475,0.5285714285714285,0.2789473684210526,0.8,1,1,3,1,6,0.0664604989882329,0.25674468951286317
0.22807017543859642,0,9,0.17013478716407182,0.3333333333333333,0.4375,0.6071428571428572,0.21052631578947367,0.75,1,1,4,0,5,0.08466807735003384,0.1828922717904023
0.2807017543859649,2,6,0.0061874343929835835,0.2222222222222222,0.45833333333333337,0.42857142857142855,0.2631578947368421,0.8333333333333333,1,1,0,0,1,0.003749832755561853,0.006060550050876223
0.8421052631578948,0,5,0.0828308524916194,0.2222222222222222,0.5625,0.6190476190476191,0.2982456140350877,0.75,1,1,4,0,1,0.054859864806546185,0.09867195760425361
0.05263157894736842,0,6,0.007350356730279665,0.0,0.5625,0.42857142857142855,0.21052631578947367,1.0,1,1,3,1,6,0.01470486223307343,0.007679963678121044
0.5964912280701754,0,3,0.30804856455355023,0.7777777777777777,0.484375,0.44642857142857145,0.2368421052631579,0.53125,1,1,2,0,2,0.07653999765610749,0.3444526434072046
0.49122807017543857,1,9,0.04467372283526236,0.5555555555555556,0.5520833333333334,0.49999999999999994,0.2631578947368421,0.7083333333333334,1,1,2,0,7,0.014425083945014839,0.03295897722441888
0.3508771929824561,1,7,0.02347241971420087,0.1111111111111111,0.59375,0.49999999999999994,0.10526315789473684,0.5,1,1,2,0,0,0.0231968282746955,0.02259984843767106
0.6666666666666666,0,0,0.0044794045584737935,0.1111111111111111,0.53125,0.3214285714285714,0.2368421052631579,0.5,0,1,4,0,0,0.004198452991417519,0.004664735882025931
0.36842105263157887,0,5,0.04179941190033483,0.2222222222222222,0.41666666666666663,0.5714285714285714,0.3333333333333333,0.5,1,1,2,0,0,0.027497851267174293,0.046037081112385976
0.36842105263157887,0,0,0.0008278363223361502,0.0,0.625,0.07142857142857142,0.2631578947368421,1.0,1,1,2,0,1,0.0016561399015288464,0.0008051097073349437
0.2807017543859649,1,8,0.05079220379710146,0.2222222222222222,0.6041666666666666,0.5952380952380953,0.21052631578947367,0.9166666666666667,0,1,0,1,0,0.03349473780321144,0.04568343567818929
0.543859649122807,0,7,0.20158604746090353,0.6666666666666665,0.6696428571428572,0.45918367346938777,0.24060150375939848,0.5,1,1,2,1,6,0.05712846967450017,0.14988229986118634
0.5263157894736842,0,6,0.3253540976021,0.1111111111111111,0.53125,0.5357142857142856,0.34210526315789475,1.0,1,1,2,1,2,0.3251637019193238,0.2766833347314224
0.15789473684210525,1,6,0.16721977592308196,0.3333333333333333,0.546875,0.44642857142857145,0.35526315789473684,0.75,0,1,2,0,0,0.08321016039853286,0.13743409432029888
0.017543859649122806,0,6,0.004318974225839676,0.0,0.8125,0.5714285714285714,0.3684210526315789,0.75,1,0,2,1,5,0.008640386216568157,0.004472415703525507
0.24561403508771928,0,6,0.011466027000108864,0.1111111111111111,0.5625,0.46428571428571425,0.10526315789473684,0.75,0,1,4,0,1,0.011187047167773493,0.013287580277560955
0.12280701754385964,1,3,0.004377851367619192,0.0,0.6875,0.5714285714285714,0.47368421052631576,1.0,0,0,3,1,1,0.00875817373223775,0.003939340945572632
0.2807017543859649,0,6,0.0054153140236065725,0.1111111111111111,0.59375,0.46428571428571425,0.3157894736842105,0.75,0,1,1,0,0,0.005134626584918969,0.004538291762696426
0.543859649122807,0,6,0.08948673555292255,0.2222222222222222,0.35416666666666663,0.3809523809523809,0.1929824561403509,0.6666666666666666,0,1,3,0,6,0.05929837244399278,0.08998371107803092
0.19298245614035092,1,6,0.10916671655417773,0.5555555555555556,0.48958333333333337,0.4047619047619047,0.32456140350877194,0.875,1,1,2,1,6,0.035928815496989855,0.09067621537774707
0.2807017543859649,1,5,0.010646488798426203,0.1111111111111111,0.6875,0.39285714285714285,0.13157894736842105,0.875,1,0,2,2,0,0.0103672776795227,0.010903483042601905
0.29824561403508765,2,3,0.006833107209545526,0.0,0.5,0.42857142857142855,0.21052631578947367,0.5,0,0,2,1,3,0.013670071239707673,0.007021629622046774
0.4736842105263158,1,1,0.15745367821113068,0.5555555555555556,0.4375,0.5119047619047619,0.4385964912280702,0.6666666666666666,0,1,4,1,0,0.05202901182927897,0.16738850713949566
0.0,1,9,0.04471896735025399,0.0,0.3125,0.42857142857142855,0.3157894736842105,0.25,1,0,0,1,5,0.08946317549213342,0.04310374815819543
0.15789473684210525,1,6,0.22040737054882387,0.2222222222222222,0.625,0.5714285714285714,0.2807017543859649,0.6666666666666666,1,0,3,0,0,0.14660342768258264,0.2331229564796213
0.33333333333333337,0,4,0.023542558591152982,0.1111111111111111,0.53125,0.49999999999999994,0.15789473684210525,0.75,1,1,1,1,0,0.023266986945941658,0.026138482850660873
0.543859649122807,0,3,0.06739239659010465,0.2222222222222222,0.7916666666666667,0.5238095238095237,0.22807017543859648,0.5,1,1,0,0,3,0.0445646562221815,0.050501392638848015
0.19298245614035092,0,6,0.0635549109364686,0.1111111111111111,0.15625,0.46428571428571425,0.34210526315789475,0.625,1,1,2,1,2,0.06329063140630191,0.06524630300238435
0.0,1,2,0.0015726914381374117,0.0,0.375,0.6428571428571428,0.21052631578947367,0.75,0,1,4,0,1,0.003146270552785111,0.0013575681402524997
0.42105263157894735,0,0,0.049368285807823035,0.3333333333333333,0.546875,0.5714285714285714,0.2763157894736842,0.875,1,1,3,1,0,0.024267785569013503,0.05270966240652353
0.15789473684210525,1,7,0.1837077465129618,1.0,0.49375,0.5285714285714285,0.29473684210526313,0.7,0,1,2,0,7,0.03624393003974933,0.14332246615321254
0.03508771929824561,1,9,0.016423758941965908,0.4444444444444445,0.6125,0.49999999999999994,0.3263157894736842,0.6,1,1,2,1,1,0.006119812433262799,0.014458136238325363
0.15789473684210525,1,6,0.021678642632938363,0.3333333333333333,0.515625,0.48214285714285715,0.13157894736842105,0.625,0,1,4,0,6,0.010419056755202957,0.023976421110101644
0.24561403508771928,1,1,0.01971060501795259,0.2222222222222222,0.35416666666666663,0.5238095238095237,0.24561403508771928,0.41666666666666663,1,1,0,1,1,0.012767824139813517,0.01549869361613594
0.15789473684210525,0,6,0.04899566067562113,0.2222222222222222,0.375,0.5238095238095237,0.24561403508771928,0.6666666666666666,1,0,0,0,1,0.03229670438041098,0.03927653869175834
0.0,0,6,0.030725569888253954,0.2222222222222222,0.5416666666666666,0.5714285714285714,0.24561403508771928,0.6666666666666666,1,1,2,0,1,0.02011320645088231,0.03591534310289509
0.4736842105263158,1,6,0.15550184168884934,0.3333333333333333,0.4375,0.5357142857142856,0.4605263157894736,0.6875,1,1,2,0,6,0.07734953978876113,0.12048740700930749
0.5614035087719298,0,8,0.022935215189038103,0.2222222222222222,0.6041666666666666,0.5476190476190474,0.3333333333333333,0.75,1,1,2,0,0,0.014918170944336373,0.024156040005251133
0.42105263157894735,0,6,0.07117772262820449,0.2222222222222222,0.5625,0.4761904761904761,0.22807017543859648,0.75,1,1,2,1,1,0.04708891909993737,0.07376298741767272
0.05263157894736842,0,7,0.06852904154533135,0.4444444444444445,0.5375,0.49999999999999994,0.3894736842105263,0.55,0,1,2,2,1,0.026967807446661128,0.05652412319676137
0.24561403508771928,1,3,0.05249944333440617,0.4444444444444445,0.5125,0.47142857142857136,0.19999999999999996,0.8500000000000001,1,1,2,1,7,0.020554158640415862,0.042842092242596407
0.2807017543859649,0,9,0.3619322134426789,0.8888888888888888,0.4652777777777778,0.44444444444444436,0.22807017543859648,0.6666666666666666,1,1,2,1,6,0.07995036235581267,0.3768357501316337
0.42105263157894735,1,4,0.03650185216028729,0.1111111111111111,0.6875,0.5357142857142856,0.47368421052631576,0.875,1,1,0,0,0,0.036229937831512064,0.03328584569931228
0.4385964912280701,0,0,0.0027640644748168834,0.0,0.5625,0.5714285714285714,0.21052631578947367,1.0,1,0,2,1,1,0.005529689074555743,0.002810064155698777
0.14035087719298245,1,4,0.1252160721952303,0.3333333333333333,0.515625,0.5357142857142856,0.21052631578947367,0.5625,0,1,2,0,2,0.06220238148174718,0.13064317308389528
0.29824561403508765,0,5,0.004583723789546225,0.0,0.6875,0.5714285714285714,0.3684210526315789,1.0,1,0,4,0,4,0.009170034776961631,0.004169907152670848
0.38596491228070173,1,4,0.0075872483175066455,0.1111111111111111,0.375,0.6428571428571428,0.2631578947368421,1.0,1,1,0,0,0,0.007307173832831453,0.00550036658368179
0.5964912280701754,1,0,0.007255125917065817,0.1111111111111111,0.5,0.5357142857142856,0.3157894736842105,0.875,1,0,2,1,0,0.006974957702226441,0.005693255476362106
0.4385964912280701,0,6,0.044245184175800034,0.3333333333333333,0.46875,0.5178571428571428,0.47368421052631576,0.6875,1,1,0,0,0,0.021705511843080148,0.049501024396416536
0.45614035087719296,0,7,0.01111118355502158,0.1111111111111111,0.375,0.25,0.10526315789473684,0.875,0,1,2,0,1,0.010832103580285928,0.00924947263608027
0.3157894736842105,0,2,0.37763838252241927,0.5555555555555556,0.53125,0.5952380952380953,0.32456140350877194,0.5,1,1,2,1,2,0.12544462646172957,0.3301027050416039
0.5789473684210525,0,1,0.18013678859174376,0.1111111111111111,0.8125,0.42857142857142855,0.34210526315789475,0.5,0,1,2,1,2,0.1799054103007554,0.17659769585450016
0.36842105263157887,1,1,0.0267080940461577,0.2222222222222222,0.33333333333333337,0.4047619047619047,0.21052631578947367,0.8333333333333333,1,0,2,1,4,0.0174341333595786,0.020483568188593208
0.10526315789473684,0,3,0.008478110841949054,0.1111111111111111,0.4375,0.49999999999999994,0.18421052631578946,0.875,0,1,0,1,4,0.008198287772687485,0.00791806534810284
0.5789473684210525,1,8,0.09221899056523439,0.1111111111111111,0.5625,0.42857142857142855,0.2368421052631579,0.5,1,1,1,0,0,0.09196280048909487,0.09706581397453963
0.4385964912280701,1,6,0.38227940285933487,0.8888888888888888,0.6180555555555556,0.5476190476190474,0.29239766081871343,0.6111111111111112,0,1,2,1,4,0.08447323606991897,0.41244886904076405
0.19298245614035092,0,0,0.01237723967758245,0.1111111111111111,0.4375,0.49999999999999994,0.6578947368421053,0.75,0,0,2,0,0,0.012098517003793904,0.011277649580123061
0.19298245614035092,0,0,0.16724308969063226,0.4444444444444445,0.625,0.45714285714285713,0.21052631578947367,0.7,0,1,2,0,4,0.06646457016746579,0.16975194109258523
0.3508771929824561,0,4,0.19399563795457653,0.2222222222222222,0.5416666666666666,0.5952380952380953,0.21052631578947367,0.75,0,0,0,1,1,0.1289906367489012,0.21744398046845936
0.38596491228070173,0,8,0.008028234157949194,0.0,0.6875,0.49999999999999994,0.5789473684210527,0.5,1,0,2,0,6,0.01606099970375254,0.00761963258220408
0.33333333333333337,0,0,0.031399100681295464,0.2222222222222222,0.47916666666666663,0.4523809523809524,0.2982456140350877,0.33333333333333337,0,1,1,1,2,0.020562353700230903,0.034021382705307
0.3508771929824561,1,3,0.00197396484402398,0.1111111111111111,0.59375,0.35714285714285715,0.34210526315789475,0.875,1,0,2,0,0,0.0016923062024810872,0.0018466623349603299
0.6491228070175438,1,6,0.10186911216233811,0.2222222222222222,0.625,0.4523809523809524,0.42105263157894735,0.8333333333333333,1,1,2,1,0,0.06755561985120169,0.09102640113401608
0.5087719298245613,0,3,0.20824272081941178,0.7777777777777777,0.46875,0.5803571428571428,0.2368421052631579,0.71875,1,1,2,0,0,0.05158149502792413,0.15826846437218933
0.33333333333333337,1,0,0.05130076004857957,0.4444444444444445,0.5875,0.657142857142857,0.2631578947368421,0.6,1,0,2,1,1,0.02007455001117598,0.04997106666609795
0.49122807017543857,1,9,0.007803789751702449,0.1111111111111111,0.53125,0.49999999999999994,0.2368421052631579,0.75,1,1,3,0,4,0.0075237763784252,0.009209236107852853
0.07017543859649122,1,5,0.066751267982472,0.0,0.5625,0.5714285714285714,0.42105263157894735,0.75,0,1,2,1,2,0.13354021247998255,0.055568067267513205
0.36842105263157887,0,6,0.0,0.0,0.875,0.5714285714285714,0.21052631578947367,1.0,1,1,2,2,1,0.0,0.00011829254941770779
0.6666666666666666,1,3,0.0055293143954414075,0.0,0.75,0.2857142857142857,0.21052631578947367,1.0,0,1,4,1,3,0.011061749709829663,0.00656457299280624
0.24561403508771928,0,1,0.05978460054526556,0.3333333333333333,0.578125,0.5892857142857142,0.2763157894736842,0.6875,1,1,3,1,0,0.029477412761644905,0.0684029984507278
0.10526315789473684,0,6,0.009986788206473838,0.1111111111111111,0.65625,0.6071428571428572,0.10526315789473684,0.75,1,0,0,1,1,0.009707390909689188,0.008070575534010766
0.15789473684210525,1,6,0.016645634882296097,0.2222222222222222,0.45833333333333337,0.4047619047619047,0.2807017543859649,0.6666666666666666,0,1,2,1,0,0.010723934060862283,0.015585138171479647
0.05263157894736842,0,6,0.01783700791897557,0.0,0.5625,0.35714285714285715,0.21052631578947367,0.25,1,0,3,1,6,0.03568408360621103,0.01532850589780301
0.12280701754385964,0,5,0.03477821395597689,0.2222222222222222,0.625,0.5476190476190474,0.2807017543859649,0.8333333333333333,0,1,0,1,3,0.022815731642621344,0.03670106913526535
0.21052631578947367,0,1,0.009084663946858834,0.1111111111111111,0.78125,0.46428571428571425,0.3947368421052631,0.5,0,1,2,1,0,0.0088050120564218,0.008333463663666225
0.0,0,1,0.2513722029159201,1.0,0.4625,0.5214285714285714,0.3368421052631579,0.625,1,1,2,0,3,0.04978064051507136,0.2968860529008452
0.29824561403508765,1,8,0.007534495979066608,0.1111111111111111,0.625,0.46428571428571425,0.28947368421052627,1.0,0,0,0,0,4,0.007254406606851952,0.006052730230902697
0.4736842105263158,0,1,0.018346156893357494,0.2222222222222222,0.7708333333333333,0.6666666666666667,0.4035087719298245,0.9166666666666667,0,1,2,1,0,0.011857935344271894,0.013476535563830347
0.10526315789473684,1,6,0.015686609223914315,0.1111111111111111,0.78125,0.49999999999999994,0.28947368421052627,0.75,1,1,0,0,0,0.015408820506253113,0.013200567008037354
0.6140350877192983,0,1,0.0357676660567548,0.4444444444444445,0.35,0.39999999999999997,0.29473684210526313,0.5,0,1,2,1,7,0.013859558941090233,0.02918754914045961
0.4035087719298246,0,6,0.027732516798261032,0.4444444444444445,0.4125,0.5714285714285714,0.3894736842105263,1.0,1,1,2,0,0,0.010644592179501849,0.032221639290187835
0.5087719298245613,0,6,0.033299765459546965,0.1111111111111111,0.46875,0.49999999999999994,0.21052631578947367,1.0,0,1,2,1,3,0.03302694745155049,0.03210742252572602
0.15789473684210525,1,6,0.00013217720755200106,0.0,0.5,0.35714285714285715,0.5263157894736843,0.5,1,1,0,2,1,0.0002644290200770401,0.00011146797925899388
0.4736842105263158,1,3,0.47844039588357895,0.5555555555555556,0.48958333333333337,0.5357142857142856,0.3859649122807018,0.5416666666666666,1,1,2,0,1,0.15905478021989242,0.3639886389863997
0.05263157894736842,1,6,0.007812878169561032,0.1111111111111111,0.59375,0.75,0.07894736842105263,0.875,1,1,1,0,0,0.007532867361178223,0.008709099379485438
0.4736842105263158,1,1,0.03330371694557243,0.3333333333333333,0.578125,0.46428571428571425,0.21052631578947367,0.5625,1,1,0,1,6,0.01623323430091034,0.026908284885994137
0.33333333333333337,1,9,0.00376062925044064,0.2222222222222222,0.41666666666666663,0.3095238095238095,0.24561403508771928,0.5833333333333334,0,1,3,0,1,0.00213150607215065,0.003909056915493338
0.4035087719298246,0,7,0.052257414815346064,0.2222222222222222,0.5625,0.49999999999999994,0.22807017543859648,0.8333333333333333,1,1,4,0,0,0.03447182081910149,0.044424965983783114
0.03508771929824561,1,8,0.02224212454017051,0.1111111111111111,0.5,0.6071428571428572,0.21052631578947367,1.0,1,0,2,1,3,0.02196618589202007,0.020577406028275524
0.10526315789473684,0,7,0.11823596970553724,0.1111111111111111,0.53125,0.5357142857142856,0.10526315789473684,0.75,1,1,3,0,2,0.11798712203004015,0.1011134001856852
0.42105263157894735,1,1,0.11499831963056768,0.1111111111111111,0.625,0.46428571428571425,0.3157894736842105,0.75,1,0,0,1,3,0.1147485582393059,0.10946027602542723
0.08771929824561403,0,0,0.005179015159283414,0.0,0.6875,0.5714285714285714,0.21052631578947367,0.0,1,1,2,1,0,0.010360953517607555,0.003937397838791331
0.38596491228070173,0,6,0.003987049399700122,0.0,0.5625,0.6428571428571428,0.15789473684210525,0.75,0,0,2,1,0,0.007976349215477832,0.004040050748261986
0.0,0,6,0.08202435419382079,0.3333333333333333,0.53125,0.5357142857142856,0.3026315789473684,0.75,1,1,3,0,2,0.040600427790027545,0.09655989531867663
0.4736842105263158,0,2,0.3246728614113088,0.3333333333333333,0.578125,0.5535714285714286,0.11842105263157893,0.8125,0,1,0,1,2,0.16195892101102002,0.3114356099435883
0.03508771929824561,1,7,0.0487083876415694,1.0,0.53125,0.5357142857142856,0.2578947368421053,0.675,0,1,2,1,0,0.009236438477070662,0.04140575718842875
0.4035087719298246,0,5,0.15721560117809605,0.2222222222222222,0.5625,0.42857142857142855,0.2807017543859649,0.5833333333333334,1,1,0,0,1,0.10446369229473994,0.18453173259248834
0.42105263157894735,1,8,0.08621253423221738,0.3333333333333333,0.703125,0.44642857142857145,0.3289473684210526,0.6875,0,1,2,1,1,0.04269510879435979,0.09309206582108348
0.14035087719298245,1,1,0.01943261797606071,0.2222222222222222,0.41666666666666663,0.4523809523809524,0.3157894736842105,0.75,0,1,1,0,4,0.012582447143675799,0.014448420704418862
0.4035087719298246,0,3,0.09443379848251084,0.2222222222222222,0.6041666666666666,0.6904761904761905,0.24561403508771928,0.8333333333333333,1,0,0,0,6,0.06259734515635404,0.0943494454799782
0.3508771929824561,0,7,0.035760948530511504,0.4444444444444445,0.525,0.42857142857142855,0.46315789473684216,0.75,0,1,2,0,3,0.013856871172276295,0.03736333679775054
0.17543859649122806,0,4,0.04189286454483722,0.2222222222222222,0.5833333333333334,0.4761904761904761,0.3157894736842105,1.0,1,1,0,1,1,0.02756017061271313,0.0425119062683203
0.07017543859649122,1,5,0.12588999813687435,0.2222222222222222,0.6458333333333333,0.5476190476190474,0.1929824561403509,0.8333333333333333,1,1,1,1,2,0.08357406321540022,0.12042110441450164
0.0,1,8,0.1789645802622878,0.2222222222222222,0.47916666666666663,0.42857142857142855,0.3859649122807018,0.5833333333333334,0,1,3,1,5,0.1189671036201413,0.15161332364623514
0.36842105263157887,1,1,0.0019504535021724284,0.0,0.5625,0.07142857142857142,0.21052631578947367,1.0,0,0,3,1,0,0.0039020079016450523,0.0019401684247043755
0.0,1,0,0.03739745646796027,0.1111111111111111,0.53125,0.6071428571428572,0.21052631578947367,0.375,1,0,2,0,0,0.03712579489280446,0.039500375114394484
0.3157894736842105,1,1,0.038957305576514896,0.3333333333333333,0.46875,0.5178571428571428,0.381578947368421,0.8125,1,1,0,1,7,0.01906082638219005,0.03983477905217147
0.22807017543859642,1,6,0.30390167754411984,0.1111111111111111,0.59375,0.5714285714285714,0.2368421052631579,1.0,0,0,1,1,2,0.30370522765105407,0.28632100218812784
0.4385964912280701,1,8,0.012573628533048352,0.0,0.5,0.6428571428571428,0.05263157894736842,0.5,1,0,3,0,4,0.025154354017493025,0.014306052588052358
0.22807017543859642,0,6,0.055261927214812864,0.1111111111111111,0.375,0.49999999999999994,0.18421052631578946,0.75,1,1,0,0,3,0.0549953072742289,0.047146974227295156
0.22807017543859642,1,4,0.005013843043418731,0.0,0.8125,0.07142857142857142,0.05263157894736842,0.75,1,0,0,1,0,0.010030516057541178,0.003674936244770792
0.4385964912280701,0,6,0.0933637360668133,0.3333333333333333,0.359375,0.49999999999999994,0.34210526315789475,0.6875,1,1,0,0,6,0.04627171880246459,0.08991731369752842
0.36842105263157887,1,5,0.018767582877973966,0.2222222222222222,0.5625,0.5238095238095237,0.4035087719298245,0.5833333333333334,0,1,2,1,1,0.012138965289376193,0.020428592484536903
0.3508771929824561,0,1,0.08901552084438515,0.2222222222222222,0.41666666666666663,0.49999999999999994,0.2807017543859649,0.8333333333333333,1,1,3,1,0,0.05898414064883397,0.09036351736450268
0.38596491228070173,0,1,0.14809438598550162,0.1111111111111111,0.4375,0.46428571428571425,0.3157894736842105,0.75,1,1,2,1,0,0.14785396482461616,0.1398843519715188
0.0,1,6,0.008364505618716767,0.1111111111111111,0.46875,0.46428571428571425,0.15789473684210525,0.625,1,0,2,1,0,0.008084650488274706,0.007058264293801537
0.45614035087719296,0,3,0.5672881761461829,0.7777777777777777,0.6328125,0.5625,0.34210526315789475,0.625,1,1,2,1,5,0.14136819092802924,0.5765077442283805
0.42105263157894735,1,1,0.18649591505253402,0.0,0.8125,0.6428571428571428,0.10526315789473684,0.75,0,0,2,2,2,0.373097094264993,0.22164502472247935
0.07017543859649122,0,2,0.0023922296398200733,0.0,0.25,0.42857142857142855,0.15789473684210525,1.0,1,0,2,0,0,0.0047858095292867,0.0022846670391744547
0.24561403508771928,1,6,0.028664672351669616,0.2222222222222222,0.5208333333333334,0.4761904761904761,0.2982456140350877,0.75,1,1,2,1,0,0.018738887014697156,0.03198202104905965
0.2807017543859649,2,6,0.09574154278264041,0.3333333333333333,0.734375,0.49999999999999994,0.17105263157894735,0.625,1,1,2,0,5,0.04746095768760181,0.07374981220583852
0.26315789473684215,1,6,0.041630090724143406,0.1111111111111111,0.71875,0.42857142857142855,0.15789473684210525,0.875,0,1,2,0,3,0.04135962366493483,0.03962952062607848
0.36842105263157887,1,7,0.10279948954703524,0.3333333333333333,0.453125,0.44642857142857145,0.35526315789473684,0.5,1,1,2,0,0,0.05099092700158242,0.07985884514055061
0.5964912280701754,0,5,0.021781381269600608,0.1111111111111111,0.40625,0.49999999999999994,0.18421052631578946,0.875,0,0,2,1,3,0.02150531259245381,0.020474895297349843
0.5087719298245613,1,9,0.13899332337163706,0.5555555555555556,0.5416666666666666,0.369047619047619,0.3333333333333333,0.875,1,1,2,0,0,0.04587382361530333,0.13821493888929173
0.017543859649122806,0,6,0.14589163010060288,0.2222222222222222,0.5208333333333334,0.5238095238095237,0.3157894736842105,0.8333333333333333,1,1,0,0,4,0.09691224770793598,0.12674463738072997
0.42105263157894735,1,3,0.004689821189330119,0.0,0.5625,0.5714285714285714,0.15789473684210525,0.25,1,1,4,0,7,0.009382289461238718,0.0047350668689393445
0.5614035087719298,0,0,0.007209288679170354,0.0,0.5,0.2857142857142857,0.15789473684210525,1.0,1,0,4,1,0,0.014422646507610042,0.006386944597286381
0.36842105263157887,1,1,0.1269462303514827,0.7777777777777777,0.515625,0.5714285714285714,0.2631578947368421,0.75,1,1,2,1,6,0.03125163662393311,0.11873126501464677
0.5263157894736842,0,7,0.02420877913504737,0.1111111111111111,0.34375,0.5357142857142856,0.10526315789473684,0.625,0,1,0,1,1,0.023933395507750158,0.01967229741097609
0.719298245614035,0,3,0.0047352632786230335,0.1111111111111111,0.71875,0.6785714285714286,0.18421052631578946,0.5,1,1,2,0,0,0.004454383918921081,0.005297193442915077
0.5087719298245613,1,6,0.06957737078788878,0.1111111111111111,0.53125,0.39285714285714285,0.28947368421052627,0.625,1,1,2,0,2,0.06931479089059812,0.05146498403097976
0.33333333333333337,1,6,0.05328895024229525,0.2222222222222222,0.6041666666666666,0.6190476190476191,0.3859649122807018,0.33333333333333337,0,1,0,1,3,0.03515970518074685,0.048433737452150995
0.5087719298245613,1,6,0.06757633826459032,0.1111111111111111,0.625,0.3214285714285714,0.3684210526315789,0.5,1,0,2,0,5,0.06731319364445443,0.05860258395287634
0.3157894736842105,0,2,0.17241933880969784,0.3333333333333333,0.578125,0.5535714285714286,0.2368421052631579,0.4375,0,1,2,0,2,0.08581067554104688,0.12618246341390593
0.29824561403508765,1,6,0.05307754573993256,0.4444444444444445,0.5125,0.49999999999999994,0.34736842105263155,0.8500000000000001,1,0,2,1,0,0.020785464862462324,0.044713825394320346
0.21052631578947367,1,6,0.04375638535444929,0.0,0.5625,0.49999999999999994,0.3684210526315789,0.5,0,0,4,1,2,0.08753746818897148,0.03871910400976672
0.6140350877192983,1,1,0.0024088258811270505,0.0,0.625,0.49999999999999994,0.21052631578947367,0.75,1,0,0,0,0,0.0048190113793412145,0.0029782613744020804
0.12280701754385964,1,6,0.021205452181388224,0.1111111111111111,0.53125,0.35714285714285715,0.42105263157894735,1.0,0,0,1,1,0,0.020929220967995984,0.019918787615111306
0.6140350877192983,0,6,0.025071388534407664,0.2222222222222222,0.625,0.4523809523809524,0.4385964912280702,0.75,1,1,2,1,4,0.016342688415723,0.019354765327202594
0.38596491228070173,0,8,0.08369128857366569,0.5555555555555556,0.6145833333333334,0.5357142857142856,0.09649122807017543,0.45833333333333337,0,1,2,0,0,0.02743460964802284,0.07604661181418403
0.0,0,6,0.19696814331723697,0.8888888888888888,0.5069444444444444,0.6031746031746033,0.22807017543859648,0.8888888888888888,1,1,3,0,4,0.04328133444910873,0.18696184828317036
0.36842105263157887,0,2,0.03762960627195669,0.2222222222222222,0.4375,0.49999999999999994,0.4385964912280702,0.9166666666666667,1,0,0,0,6,0.024717196325108562,0.04244873160150387
0.0,0,1,0.007850812435405552,0.1111111111111111,0.4375,0.6071428571428572,0.18421052631578946,0.5,0,0,4,0,0,0.0075708123326690985,0.008625308823647895
0.42105263157894735,1,2,0.007684059725130681,0.0,0.5,0.35714285714285715,0.2631578947368421,0.75,0,0,0,2,0,0.015372456575241025,0.006725661284260884
0.4736842105263158,1,3,0.022900442112013957,0.2222222222222222,0.5833333333333334,0.6428571428571428,0.1929824561403509,0.9166666666666667,0,1,3,0,0,0.014894982350647502,0.017492036816660294
0.15789473684210525,0,6,0.2526453717133268,0.1111111111111111,0.4375,0.46428571428571425,0.47368421052631576,1.0,0,1,2,0,0,0.2524344564847264,0.23973662846329163
0.3157894736842105,0,5,0.1145387618058054,0.1111111111111111,0.59375,0.39285714285714285,0.15789473684210525,0.875,0,0,2,0,5,0.1142888707200987,0.09478143129245512
0.7017543859649124,0,7,0.007986545980380476,0.1111111111111111,0.34375,0.5357142857142856,0.3157894736842105,0.625,1,0,4,0,0,0.007706584183784887,0.009488664341573529
0.17543859649122806,1,5,0.022930868554410087,0.1111111111111111,0.625,0.46428571428571425,0.28947368421052627,0.875,0,0,1,1,3,0.022655124280651286,0.017090382427110987
0.07017543859649122,1,7,0.01407479807412474,0.1111111111111111,0.59375,0.39285714285714285,0.18421052631578946,0.875,1,1,0,0,0,0.01379655447801059,0.013107913989563147
0.5964912280701754,1,4,0.05655090195632146,0.1111111111111111,0.625,0.42857142857142855,0.2631578947368421,0.5,0,1,2,1,4,0.056284645784679274,0.06547890710196051
0.7017543859649124,0,0,0.07213477254357353,0.3333333333333333,0.484375,0.41071428571428564,0.34210526315789475,0.8125,1,0,2,1,7,0.03565424146717394,0.054548931457145254
0.29824561403508765,0,4,0.06994406869105248,0.1111111111111111,0.6875,0.6071428571428572,0.47368421052631576,0.625,0,1,2,0,2,0.06968159228167659,0.08306463957975814
0.5087719298245613,0,7,0.16974852940508206,0.0,0.375,0.5714285714285714,0.2631578947368421,0.5,0,1,3,1,2,0.3395928702189088,0.14446496554776891
0.5789473684210525,1,7,0.024039062810253396,0.1111111111111111,0.46875,0.46428571428571425,0.2631578947368421,0.5,0,1,2,0,4,0.023763631286340462,0.019615046850200213
0.14035087719298245,0,0,0.0027879709652709815,0.1111111111111111,0.625,0.5714285714285714,0.28947368421052627,0.5,1,1,2,0,0,0.002506542049056128,0.002645610972013101
0.19298245614035092,1,9,0.01780519845647053,0.2222222222222222,0.47916666666666663,0.6190476190476191,0.24561403508771928,0.75,0,1,1,0,1,0.01149719460836211,0.01920419824807597
0.543859649122807,1,4,0.06800665509276409,0.3333333333333333,0.609375,0.6964285714285714,0.35526315789473684,0.6875,0,0,0,0,1,0.033589600231938625,0.07138803700244027
0.6491228070175438,0,1,0.2317064472643566,0.3333333333333333,0.5,0.44642857142857145,0.2631578947368421,0.75,0,1,4,0,5,0.11546259564553783,0.18429481574371465
0.4035087719298246,1,5,0.014232067217938483,0.2222222222222222,0.5625,0.3809523809523809,0.22807017543859648,0.9166666666666667,1,1,2,1,4,0.009114434853457639,0.01438240246670297
0.10526315789473684,1,6,0.002912837923675862,0.0,0.4375,0.5714285714285714,0.2631578947368421,1.0,1,1,3,2,0,0.005827319944687298,0.0033339920939250427
0.7017543859649124,0,3,0.0026601403923469987,0.0,0.75,0.6428571428571428,0.47368421052631576,1.0,1,0,4,1,4,0.005321782251595318,0.002449499365646725
0.17543859649122806,0,6,0.007722191565276475,0.1111111111111111,0.40625,0.5357142857142856,0.42105263157894735,0.875,1,1,0,1,1,0.007442155163707848,0.008768766975525859
0.21052631578947367,1,1,0.010984340853603962,0.1111111111111111,0.5625,0.49999999999999994,0.34210526315789475,0.875,0,1,0,0,0,0.010705225081863312,0.009074119097279983
0.36842105263157887,0,8,0.010634239191747242,0.0,0.6875,0.5714285714285714,0.3157894736842105,0.0,0,0,2,1,3,0.021274480682550983,0.011977120628542911
0.6140350877192983,1,6,0.02122738292882959,0.1111111111111111,0.53125,0.35714285714285715,0.21052631578947367,0.75,0,1,0,1,0,0.020951157904639146,0.019132255904319526
0.4736842105263158,0,2,0.01270679361210672,0.2222222222222222,0.4375,0.6190476190476191,0.22807017543859648,0.8333333333333333,0,1,2,1,1,0.008097298812104999,0.01149812111052818
0.36842105263157887,0,3,0.04637878905525304,0.2222222222222222,0.5833333333333334,0.6428571428571428,0.4561403508771929,0.9166666666666667,1,1,4,0,0,0.0305516309519504,0.047991088248801085
0.38596491228070173,0,6,0.10243022317795497,0.7777777777777777,0.5078125,0.47321428571428564,0.28947368421052627,0.78125,1,1,3,1,4,0.0251209051298637,0.10575851542850483
0.29824561403508765,0,1,0.023220314905775828,0.5555555555555556,0.46875,0.4404761904761904,0.24561403508771928,0.5833333333333334,0,1,2,1,0,0.007271929805491836,0.01718568944509136
0.4035087719298246,1,3,0.16559433214650454,0.5555555555555556,0.7083333333333333,0.5238095238095237,0.28947368421052627,0.7083333333333334,1,1,3,1,0,0.05474332894792231,0.15261411842430153
0.0,1,6,0.19508190146297844,0.3333333333333333,0.5,0.6428571428571428,0.3026315789473684,0.8125,1,1,2,1,7,0.09714515473346719,0.1430304788146859
0.22807017543859642,1,5,0.01842617448537328,0.1111111111111111,0.65625,0.49999999999999994,0.2631578947368421,0.375,1,0,1,0,0,0.018149158916109794,0.01492813111515846
0.33333333333333337,1,4,0.024861762200756435,0.2222222222222222,0.5833333333333334,0.42857142857142855,0.2631578947368421,0.75,1,1,0,1,1,0.01620289808672363,0.0287862738936969
0.05263157894736842,0,6,0.0480101600608687,0.2222222222222222,0.41666666666666663,0.5476190476190474,0.3508771929824561,0.5833333333333334,1,1,2,1,2,0.031639518554728734,0.05422504873169629
0.36842105263157887,1,6,0.11751936771481808,0.4444444444444445,0.625,0.5714285714285714,0.3894736842105263,0.75,0,1,2,1,1,0.04656946825063205,0.12842419253249845
0.24561403508771928,1,7,0.016888453698561283,0.1111111111111111,0.34375,0.46428571428571425,0.3157894736842105,0.625,0,1,2,0,1,0.01661100416031039,0.012485408926822124
0.6666666666666666,1,0,0.005302301523278105,0.0,0.625,0.5714285714285714,0.15789473684210525,0.5,1,1,4,1,5,0.010607595832298245,0.004528481443093275
0.6140350877192983,0,1,0.008792056406672716,0.2222222222222222,0.5416666666666666,0.5238095238095237,0.3859649122807018,0.8333333333333333,1,1,3,1,0,0.005486737474882042,0.009808518674914918
0.19298245614035092,1,6,0.08472282400061486,0.3333333333333333,0.484375,0.42857142857142855,0.381578947368421,0.625,1,1,2,1,6,0.04195004346873166,0.0754184670024924
0.26315789473684215,0,3,0.002867395834382947,0.1111111111111111,0.4375,0.3214285714285714,0.3157894736842105,0.875,1,0,3,0,1,0.0025859893331151495,0.0028641393956369194
0.2807017543859649,1,8,0.025981218191772334,0.1111111111111111,0.4375,0.46428571428571425,0.5263157894736843,1.0,1,0,0,0,6,0.025706334774649356,0.020356176212297215
0.19298245614035092,1,1,0.018659509735177333,0.1111111111111111,0.53125,0.5357142857142856,0.2368421052631579,0.875,0,1,2,0,0,0.018382560016790648,0.01436496189851959
0.33333333333333337,0,7,0.06413735997662301,0.1111111111111111,0.59375,0.49999999999999994,0.3684210526315789,0.25,1,0,2,0,4,0.06387324482273472,0.06156956582937722
0.12280701754385964,0,4,0.17493189119899347,0.3333333333333333,0.5,0.5178571428571428,0.2368421052631579,0.8125,0,1,4,0,2,0.08706730627659234,0.13502909683922878
0.05263157894736842,0,2,0.1881407211106363,0.6666666666666665,0.5803571428571429,0.42857142857142855,0.21804511278195488,0.8928571428571428,0,1,2,1,7,0.05328586372227239,0.20014203636642824
0.42105263157894735,0,0,0.13318266317118213,0.5555555555555556,0.47916666666666663,0.4404761904761904,0.22807017543859648,0.5833333333333334,0,1,1,0,6,0.043936390261923725,0.14874861553641833
0.42105263157894735,1,3,0.061342473910807466,0.3333333333333333,0.484375,0.39285714285714285,0.14473684210526316,0.875,1,1,3,1,0,0.030256569272596873,0.07198030542795032
0.12280701754385964,1,4,0.0077526180076726015,0.0,0.125,0.21428571428571425,0.47368421052631576,1.0,1,0,2,1,2,0.015509611836775752,0.007891430567344527
0.4736842105263158,0,2,0.04568332751477017,0.1111111111111111,0.53125,0.5714285714285714,0.7894736842105263,1.0,1,1,0,0,0,0.045414004342722934,0.04239152843357632
0.15789473684210525,1,9,0.14681825357357578,0.1111111111111111,0.59375,0.35714285714285715,0.3157894736842105,0.5,0,0,3,1,5,0.1465774722680559,0.141492865243649
0.3508771929824561,0,2,0.40189892612440026,1.0,0.6125,0.5071428571428571,0.34210526315789475,0.825,1,1,0,1,2,0.07989448135844578,0.44802317320711676
0.45614035087719296,0,0,0.005145032379464364,0.0,0.6875,0.42857142857142855,0.3684210526315789,0.75,0,1,2,1,0,0.010292968777019735,0.006234908339861699
0.2807017543859649,1,1,0.1910828000309006,0.5555555555555556,0.48958333333333337,0.4880952380952381,0.25438596491228066,0.75,1,1,2,0,0,0.06324188265820599,0.16394508495878957
0.38596491228070173,0,1,0.3713835752927014,1.0,0.59375,0.4785714285714285,0.34736842105263155,0.725,1,1,3,0,7,0.07378968880973145,0.3191422084024677
0.17543859649122806,1,5,0.009572277322401943,0.2222222222222222,0.4375,0.7380952380952381,0.3508771929824561,0.9166666666666667,0,1,2,1,4,0.00600703154577603,0.007022387907619965
0.24561403508771928,1,1,0.027849678358916243,0.1111111111111111,0.53125,0.46428571428571425,0.3947368421052631,0.875,1,1,2,0,4,0.02757532225063484,0.022260847393606613
0.24561403508771928,1,3,0.012039387622404689,0.1111111111111111,0.40625,0.6071428571428572,0.2368421052631579,0.5,0,0,0,0,1,0.011760569601453292,0.008897248987333314
0.14035087719298245,0,6,0.07479688867893326,0.4444444444444445,0.48750000000000004,0.5428571428571427,0.2736842105263158,0.7,1,1,2,0,0,0.029475653854112254,0.0704653930312608
0.24561403508771928,1,5,0.027928905653726938,0.3333333333333333,0.421875,0.48214285714285715,0.3026315789473684,0.6875,0,1,2,0,1,0.013545070226853617,0.024260778200048058
0.0,0,6,0.010489022080311187,0.0,0.625,0.49999999999999994,0.05263157894736842,0.75,1,1,2,2,7,0.020983964494573966,0.008650427033259826
0.19298245614035092,0,5,0.013219696498212844,0.1111111111111111,0.625,0.2857142857142857,0.10526315789473684,0.75,1,1,1,1,0,0.012941211578987104,0.011380302489593715
0.22807017543859642,0,3,0.0011615393171871664,0.0,0.375,0.5714285714285714,0.21052631578947367,0.75,0,1,3,1,3,0.0023237342436964407,0.0014255768775980166
0.22807017543859642,0,6,0.0220569974198772,0.1111111111111111,0.5625,0.6428571428571428,0.28947368421052627,0.375,0,0,2,1,3,0.021781006525942205,0.02629070867947885
0.24561403508771928,1,3,0.11944275353771604,0.2222222222222222,0.41666666666666663,0.6190476190476191,0.4035087719298245,0.8333333333333333,0,1,2,0,0,0.07927468714008683,0.1219038370671789
0.2807017543859649,1,1,0.13631362312346398,0.1111111111111111,0.625,0.49999999999999994,0.18421052631578946,0.875,1,0,2,0,3,0.13606987724604092,0.1500371796895105
0.38596491228070173,1,1,0.1375182336383288,0.1111111111111111,0.375,0.5714285714285714,0.07894736842105263,0.375,0,1,0,0,2,0.13727482772093605,0.1010838744411791
0.4736842105263158,0,1,0.041517473372417485,0.3333333333333333,0.453125,0.39285714285714285,0.2368421052631579,0.6875,1,1,4,1,1,0.020341271539947258,0.048696578188958124
0.15789473684210525,2,6,0.019289376607637392,0.1111111111111111,0.5,0.6785714285714286,0.13157894736842105,1.0,1,0,2,0,4,0.019012604647587063,0.022661459140492782
0.03508771929824561,0,4,0.060296910708467856,0.5555555555555556,0.6979166666666667,0.46428571428571425,0.42105263157894735,0.7083333333333334,1,1,0,1,4,0.019634282939183234,0.07116296836574768
0.07017543859649122,0,6,0.1036690140469401,0.3333333333333333,0.578125,0.48214285714285715,0.40789473684210525,0.9375,1,1,2,1,5,0.051425811948278624,0.11923457706385193
0.19298245614035092,0,2,0.18341454624987186,0.5555555555555556,0.5208333333333334,0.5357142857142856,0.18421052631578946,0.7083333333333334,1,1,0,1,4,0.060685076697261774,0.1835843021616352
0.21052631578947367,1,1,0.059359420648924896,0.0,0.5625,0.42857142857142855,0.21052631578947367,1.0,1,0,3,1,2,0.11875234562177282,0.04616561051704176
0.12280701754385964,0,2,0.0246596436905536,0.0,0.625,0.49999999999999994,0.10526315789473684,0.75,1,1,2,0,6,0.04933320605957479,0.019770874535490847
0.017543859649122806,0,1,0.11731349529289105,0.2222222222222222,0.35416666666666663,0.42857142857142855,0.4561403508771929,0.8333333333333333,0,1,0,0,1,0.07785478103676333,0.09554303436502826
0.19298245614035092,1,2,0.1531131683864522,0.2222222222222222,0.4375,0.4761904761904761,0.3508771929824561,0.6666666666666666,0,1,4,1,1,0.10172796525294639,0.12507882615497556
0.33333333333333337,0,0,0.011694225318079808,0.2222222222222222,0.4375,0.49999999999999994,0.21052631578947367,0.5833333333333334,1,1,0,1,1,0.007422062774289938,0.01235488902253672
0.42105263157894735,1,2,0.14946397104192982,0.8888888888888888,0.6111111111111112,0.36507936507936506,0.21052631578947367,0.8055555555555556,1,1,4,0,1,0.03272187251583132,0.16749921683318145
0.17543859649122806,0,6,0.002683849308499824,0.0,0.625,0.49999999999999994,0.05263157894736842,0.75,0,0,4,0,4,0.005369213465958913,0.0023675097380455095
0.21052631578947367,0,2,0.054168155882962525,0.3333333333333333,0.546875,0.46428571428571425,0.13157894736842105,0.75,1,1,2,1,1,0.026668397905990935,0.03898237128220877
0.08771929824561403,0,1,0.14380247943893643,0.0,0.75,0.5714285714285714,0.2631578947368421,1.0,0,0,0,1,5,0.2876861255199894,0.15651672991242277
0.2807017543859649,1,6,0.1293908171811403,0.1111111111111111,0.4375,0.46428571428571425,0.3947368421052631,0.875,0,0,0,0,1,0.12914511757901595,0.12390917065832933
0.10526315789473684,0,7,0.028671192303611634,0.1111111111111111,0.65625,0.2857142857142857,0.07894736842105263,0.5,0,1,0,0,1,0.028397068039484108,0.021101191787956813
0.4035087719298246,0,7,0.019613793610328552,0.1111111111111111,0.71875,0.35714285714285715,0.21052631578947367,0.5,1,1,0,1,3,0.01933711320585799,0.018539703121719528
0.0,1,7,0.01307467696107806,0.2222222222222222,0.35416666666666663,0.6190476190476191,0.21052631578947367,0.6666666666666666,1,1,2,1,0,0.00834262359306337,0.01557978277961899
0.21052631578947367,0,0,0.064487659212781,0.0,0.4375,0.49999999999999994,0.2631578947368421,0.75,1,0,2,1,3,0.12901171728861835,0.05414945713861887
0.3508771929824561,0,1,0.03249030354722925,0.1111111111111111,0.34375,0.49999999999999994,0.3684210526315789,1.0,1,0,4,1,3,0.03221725709635196,0.02584753815479737
0.33333333333333337,0,1,0.24987656545527936,0.6666666666666665,0.4821428571428571,0.5714285714285714,0.23308270676691728,0.7857142857142858,1,1,2,0,0,0.07092965434248436,0.24454918263924139
0.8596491228070174,1,6,0.15926484183090525,0.2222222222222222,0.5,0.5714285714285714,0.3333333333333333,0.6666666666666666,1,1,0,1,1,0.10583023828190438,0.14327080794853894
0.36842105263157887,0,2,0.06037929919209893,0.3333333333333333,0.609375,0.39285714285714285,0.17105263157894735,0.75,0,0,3,0,0,0.02977484600171661,0.06859001063021589
0.07017543859649122,0,3,0.3070257223958571,0.8888888888888888,0.5416666666666666,0.4523809523809524,0.22807017543859648,0.7777777777777777,1,1,2,1,3,0.06774547646202929,0.3305220369635781
0.26315789473684215,1,1,0.014948866782958902,0.2222222222222222,0.6666666666666667,0.4761904761904761,0.2982456140350877,0.6666666666666666,0,1,2,1,0,0.00959243609154409,0.01683915293814333
0.0,1,0,0.15842692921920415,0.4444444444444445,0.575,0.4142857142857142,0.3684210526315789,0.55,1,1,2,1,4,0.06293711075524525,0.16460536212164512
0.2807017543859649,0,3,0.555666065448068,1.0,0.55,0.5285714285714285,0.3263157894736842,0.8,1,1,2,1,3,0.11065658832413464,0.5107670864251244
0.12280701754385964,0,7,0.0900658258299553,0.3333333333333333,0.53125,0.46428571428571425,0.4473684210526316,0.875,0,1,2,0,1,0.04462229832297059,0.08456903076411965
0.4736842105263158,0,7,0.11726627503488668,0.6666666666666665,0.5892857142857143,0.6020408163265305,0.3609022556390977,0.75,1,1,0,1,0,0.03303030716256791,0.11325445267658221
0.17543859649122806,1,2,0.004652874794991966,0.0,0.25,0.2857142857142857,0.6842105263157894,0.75,0,0,3,2,6,0.00930837581885545,0.003454132964427402
0.26315789473684215,1,2,0.11666446371320746,0.2222222222222222,0.5208333333333334,0.8095238095238095,0.42105263157894735,0.8333333333333333,1,1,2,1,6,0.07742197120569554,0.11947921894690249
0.15789473684210525,1,1,0.0464791568003,0.2222222222222222,0.39583333333333337,0.4523809523809524,0.2982456140350877,0.8333333333333333,1,1,3,0,0,0.03061856166555236,0.0520422763164193
0.6491228070175438,1,6,0.00045659421024316066,0.0,0.375,0.5714285714285714,0.47368421052631576,1.0,1,0,2,0,1,0.0009134461366188935,0.00040672542432001937
0.22807017543859642,0,6,0.013297343198613346,0.1111111111111111,0.59375,0.49999999999999994,0.13157894736842105,1.0,1,1,2,0,4,0.01301888019250749,0.016072905366434395
0.6666666666666666,0,2,0.010875674987903514,0.1111111111111111,0.6875,0.49999999999999994,0.28947368421052627,0.875,1,1,2,1,0,0.01059652854894674,0.01029633326271799
0.45614035087719296,0,9,0.1181069536868056,0.3333333333333333,0.625,0.5357142857142856,0.3947368421052631,0.875,1,1,0,1,7,0.058646819075016204,0.08886391285782193
0.38596491228070173,1,7,0.020522240247584308,0.3333333333333333,0.546875,0.3214285714285714,0.47368421052631576,0.75,0,1,3,0,0,0.009840692385056875,0.015253719983147104
0.36842105263157887,0,6,0.30529141517927794,0.2222222222222222,0.45833333333333337,0.5476190476190474,0.631578947368421,0.5,0,1,4,2,1,0.20320876117770914,0.3416349490029256
0.36842105263157887,1,0,0.024916490282209207,0.0,0.6875,0.7142857142857142,0.3684210526315789,0.75,1,0,4,1,5,0.049847044215180394,0.019503247121002952
0.0,1,5,0.00576798415137985,0.0,0.5625,0.35714285714285715,0.5263157894736843,0.5,0,0,1,1,3,0.011539223934423184,0.006641017657153501
0.22807017543859642,0,9,0.0742043633494139,0.1111111111111111,0.4375,0.5357142857142856,0.34210526315789475,0.875,0,0,2,1,1,0.07394308926218571,0.06352580042966356
0.4736842105263158,0,3,0.001679381560825126,0.0,0.9375,0.2857142857142857,0.05263157894736842,0.75,1,1,2,1,0,0.0033597110174212875,0.0015438220341674003
0.2807017543859649,0,9,0.026525337817479674,0.0,0.5,0.42857142857142855,0.10526315789473684,1.0,0,0,3,1,2,0.05306564736986998,0.02100759091251612
0.0,1,6,0.16616710004589652,0.8888888888888888,0.4652777777777778,0.4761904761904761,0.2573099415204678,0.7222222222222222,1,1,2,0,6,0.03643472649130599,0.13081094376696367
0.2807017543859649,0,6,0.020013091273202385,0.4444444444444445,0.475,0.4142857142857142,0.42105263157894735,0.75,1,1,4,1,1,0.007555950552168506,0.017778573977629632
0.6491228070175438,0,6,0.13496181975415042,0.2222222222222222,0.5833333333333334,0.42857142857142855,0.1929824561403509,0.5833333333333334,1,1,0,1,2,0.08962365110073027,0.14933614467709594
0.543859649122807,0,0,0.1959605143807419,0.6666666666666665,0.4910714285714286,0.4693877551020407,0.2706766917293233,0.6071428571428571,1,1,3,1,1,0.05552072090476848,0.17618087575348707
0.2807017543859649,1,6,0.1746620047034538,0.4444444444444445,0.35,0.3714285714285714,0.3263157894736842,0.75,0,1,2,0,1,0.0694329736663874,0.20257750744897093
0.49122807017543857,0,7,0.14993933481079397,0.0,0.4375,0.42857142857142855,0.42105263157894735,1.0,1,1,2,0,2,0.29996330009788613,0.1488790880478554
0.21052631578947367,0,7,0.050009216841154405,0.3333333333333333,0.328125,0.33928571428571425,0.3289473684210526,0.8125,1,1,0,1,6,0.024588341526087458,0.059563236988411976
0.0,0,1,0.04954215119294376,0.5555555555555556,0.5104166666666666,0.5833333333333333,0.20175438596491224,0.7083333333333334,1,1,2,0,0,0.01604835137992225,0.054085761150470875
0.08771929824561403,1,9,0.01195364037565197,0.0,0.375,0.6428571428571428,0.2631578947368421,0.25,1,0,2,2,0,0.023914027761885025,0.012209819513815726
0.6140350877192983,1,6,0.012530754909671994,0.2222222222222222,0.35416666666666663,0.42857142857142855,0.15789473684210525,0.9166666666666667,0,1,4,0,0,0.007979906556555103,0.010234912131289565
0.22807017543859642,1,1,0.019917662885687262,0.4444444444444445,0.42500000000000004,0.6000000000000001,0.28421052631578947,0.7,0,1,3,1,4,0.007517768424605812,0.018965670042459255
0.24561403508771928,1,0,0.021858237672796012,0.1111111111111111,0.5,0.6071428571428572,0.21052631578947367,0.875,1,0,2,1,2,0.0215821906857348,0.02250368834842085
0.22807017543859642,0,6,0.048839576977615026,0.2222222222222222,0.5625,0.5476190476190474,0.2807017543859649,0.5,0,1,1,1,4,0.032192619215557536,0.036698652100000805
0.6842105263157895,1,2,0.13585979495343867,0.8888888888888888,0.625,0.5793650793650793,0.29239766081871343,0.8611111111111112,1,1,3,0,7,0.029697869093405695,0.1288857040894815
0.631578947368421,1,5,0.247375077226855,0.1111111111111111,0.46875,0.46428571428571425,0.28947368421052627,0.375,0,1,2,1,2,0.24716267463827274,0.18938556593932865
0.7543859649122807,1,8,0.06575904984147625,0.1111111111111111,0.5,0.49999999999999994,0.4473684210526316,0.75,0,0,2,1,2,0.06549539235396966,0.07635622929228734
0.26315789473684215,1,9,0.03232532900566584,0.1111111111111111,0.71875,0.49999999999999994,0.2631578947368421,0.75,0,0,2,0,3,0.032052235996378624,0.03016208828055429
0.3508771929824561,1,1,0.009951817555148422,0.1111111111111111,0.21875,0.46428571428571425,0.3947368421052631,0.125,0,1,2,0,0,0.009672410389096038,0.007866833679064163
0.0,0,3,0.07644288018284316,0.0,0.5625,0.14285714285714285,0.42105263157894735,1.0,1,0,4,0,5,0.15292890713146093,0.05513219524147367
0.5964912280701754,0,6,0.04777880055407738,0.1111111111111111,0.59375,0.39285714285714285,0.15789473684210525,1.0,1,1,2,1,3,0.04751006875747412,0.04080818076390637
0.03508771929824561,1,1,0.0463133919615315,0.2222222222222222,0.41666666666666663,0.4523809523809524,0.22807017543859648,1.0,1,1,2,1,1,0.030508020585410536,0.04081728019078465
0.33333333333333337,1,6,0.007641778824658142,0.1111111111111111,0.5,0.46428571428571425,0.3157894736842105,0.875,0,1,4,1,3,0.007361719729349585,0.006409029664605552
0.05263157894736842,1,1,0.03173971877669106,0.0,0.375,0.5714285714285714,0.05263157894736842,0.75,1,0,3,1,2,0.06349735244890324,0.03673907819962152
0.15789473684210525,1,9,0.12760909213225546,0.8888888888888888,0.5555555555555556,0.43650793650793646,0.30994152046783624,0.8055555555555556,1,1,3,1,3,0.02786386213801337,0.09621677109680796
0.10526315789473684,0,1,0.02351312002026322,0.2222222222222222,0.3125,0.5476190476190474,0.3859649122807018,0.41666666666666663,1,1,2,1,7,0.015303549561040578,0.02780931771833767
0.15789473684210525,0,3,0.025619064497537928,0.2222222222222222,0.375,0.4761904761904761,0.3859649122807018,0.75,0,1,1,0,0,0.016707908766322676,0.021896348997143638
0.17543859649122806,0,7,0.4515560655606852,0.7777777777777777,0.6015625,0.49107142857142855,0.28289473684210525,0.78125,0,1,2,1,0,0.11242699792626777,0.3393500449995095
0.17543859649122806,0,7,0.040210716943794265,0.2222222222222222,0.5208333333333334,0.23809523809523808,0.3157894736842105,0.9166666666666667,0,1,2,0,4,0.026438422393014117,0.031763587411132485
0.4736842105263158,1,4,0.04235933747014406,0.1111111111111111,0.4375,0.2857142857142857,0.05263157894736842,0.75,1,1,2,0,0,0.04208907621583494,0.043631183167197704
0.05263157894736842,0,1,0.018114402237963626,0.1111111111111111,0.375,0.49999999999999994,0.2631578947368421,0.5,1,1,2,0,5,0.01783729868166916,0.015452343410474674
0.33333333333333337,0,2,0.02844655032306362,0.3333333333333333,0.421875,0.5357142857142856,0.17105263157894735,0.8125,1,1,0,1,3,0.013803965605254903,0.02278757150988402
0.543859649122807,0,7,0.03938465879016958,0.1111111111111111,0.40625,0.5357142857142856,0.07894736842105263,0.875,1,1,3,1,6,0.03911355803475877,0.04654295237540065
0.17543859649122806,1,6,0.5776169654681612,0.1111111111111111,0.5625,0.39285714285714285,0.34210526315789475,0.5,0,1,1,0,2,0.5774977623336472,0.6302710918317004
0.14035087719298245,0,7,0.2542326836497585,0.8888888888888888,0.5277777777777778,0.4761904761904761,0.4269005847953216,0.6388888888888888,0,1,2,0,3,0.056010379179400896,0.2038650763522483
0.24561403508771928,0,5,0.004734077832815392,0.0,0.375,0.7142857142857142,0.9473684210526316,0.25,1,1,3,1,4,0.00947082772805076,0.005689037512861235
0.543859649122807,0,6,0.11775942049086545,0.4444444444444445,0.525,0.4142857142857142,0.2421052631578947,0.5,0,1,2,1,7,0.04666551645971834,0.12966934483652548
0.33333333333333337,1,6,0.3024344907828625,1.0,0.375,0.43571428571428567,0.34736842105263155,0.8,1,1,2,0,4,0.059995980204582675,0.33431664015036805
0.17543859649122806,0,6,0.0034233699181667,0.1111111111111111,0.5625,0.17857142857142855,0.18421052631578946,0.75,1,1,0,1,0,0.003142120321528297,0.002496607856881181
0.38596491228070173,0,0,0.16631508319755042,0.3333333333333333,0.390625,0.46428571428571425,0.34210526315789475,0.8125,0,1,0,1,4,0.08275768637651017,0.19213624685607694
0.05263157894736842,0,0,0.023823904396166506,0.1111111111111111,0.53125,0.6071428571428572,0.2631578947368421,0.875,1,0,0,0,4,0.023548412151165647,0.018455059494612146
0.4385964912280701,0,3,0.1373643232576367,0.3333333333333333,0.5,0.5714285714285714,0.381578947368421,0.875,0,1,2,0,0,0.06827822122669373,0.13337935178905633
0.36842105263157887,0,7,0.12320397551106048,0.4444444444444445,0.5625,0.39999999999999997,0.3789473684210526,0.55,0,1,3,1,1,0.04884395308341429,0.11618328331018193
0.22807017543859642,1,9,0.04635508013910022,0.5555555555555556,0.59375,0.5119047619047619,0.18421052631578946,0.7083333333333334,0,1,2,1,0,0.01498569454811788,0.04021117305356387
0.10526315789473684,0,0,0.07692891296397608,0.7777777777777777,0.578125,0.44642857142857145,0.21710526315789475,0.71875,1,1,2,1,0,0.0187437783586784,0.060508345169697206
0.10526315789473684,1,5,0.0708341409182898,0.3333333333333333,0.53125,0.37499999999999994,0.3684210526315789,0.6875,1,1,3,1,5,0.03500374212518322,0.0753380413388859
0.4035087719298246,0,5,0.0013510130721084953,0.0,0.625,0.49999999999999994,0.3684210526315789,0.75,1,0,0,0,4,0.002702788698485501,0.0017174694304280098
0.543859649122807,1,2,0.16562554888610573,0.7777777777777777,0.546875,0.5178571428571428,0.28289473684210525,0.8125,0,1,2,0,0,0.040924195235574036,0.1851271289459878
0.15789473684210525,0,7,0.1594564889031406,0.5555555555555556,0.4375,0.39285714285714285,0.2368421052631579,0.7083333333333334,1,1,0,1,5,0.05269680380150642,0.14476467792057243
0.38596491228070173,0,9,0.021969867153015566,0.3333333333333333,0.734375,0.5535714285714286,0.25,0.625,0,1,0,0,1,0.010564710109311162,0.02643265026021044
0.0,0,8,0.17401850520420586,0.3333333333333333,0.484375,0.25,0.42105263157894735,0.625,1,0,4,1,2,0.08661048439325297,0.1739074408193655
0.15789473684210525,0,6,0.005247573441825333,0.0,0.5625,0.9285714285714286,0.5263157894736843,1.0,0,0,2,1,4,0.010498108779142281,0.004488481879107479
0.2807017543859649,0,6,0.00470108292450271,0.0,0.375,0.35714285714285715,0.0,0.5,0,0,1,0,4,0.009404819288061424,0.0041528457272740635
0.10526315789473684,0,8,0.017141743952793966,0.1111111111111111,0.40625,0.5714285714285714,0.3157894736842105,1.0,1,0,0,1,1,0.016864365897035924,0.018976001683393976
0.08771929824561403,1,1,0.20790961054746457,0.3333333333333333,0.546875,0.49999999999999994,0.2631578947368421,0.6875,1,1,2,1,1,0.10356081936632291,0.22854148983210137
0.14035087719298245,1,9,0.038242086605904675,0.3333333333333333,0.515625,0.42857142857142855,0.5394736842105263,0.75,1,1,0,0,1,0.01870311597386461,0.03749300363076611
0.3508771929824561,1,1,0.01783582247316793,0.2222222222222222,0.4375,0.5238095238095237,0.1929824561403509,0.6666666666666666,0,1,2,1,0,0.011517616381213102,0.014551263185282813
0.24561403508771928,1,6,0.14656239485342656,0.7777777777777777,0.546875,0.5357142857142856,0.24342105263157893,0.75,0,1,2,1,0,0.036157061746943005,0.1116171719455191
0.0,0,6,0.07729106665821049,0.4444444444444445,0.5375,0.5571428571428572,0.21052631578947367,0.8,1,1,0,0,6,0.030473606604322287,0.08996579658136429
0.0,0,6,0.0260031489392137,0.1111111111111111,0.625,0.39285714285714285,0.28947368421052627,0.75,1,0,2,1,2,0.025728271711292522,0.021520950245566047
0.15789473684210525,0,6,0.003041063645202392,0.0,0.6875,0.21428571428571425,0.5789473684210527,1.0,1,0,3,0,1,0.006083843762370405,0.00255968773800096
0.38596491228070173,1,7,0.2379304329030758,0.8888888888888888,0.5486111111111112,0.49206349206349204,0.1695906432748538,0.5277777777777778,0,1,0,1,5,0.05238663440202227,0.1850153292167905
0.0,1,0,0.001364052975992549,0.0,0.5625,0.21428571428571425,0.42105263157894735,1.0,1,1,2,1,1,0.002728875866385478,0.0012272378073603938
0.19298245614035092,0,4,0.03392548327168028,0.4444444444444445,0.6875,0.5714285714285714,0.1263157894736842,0.8500000000000001,0,0,2,1,4,0.013122477869879972,0.03422109616814604
0.17543859649122806,0,7,0.01584190262471532,0.1111111111111111,0.40625,0.5357142857142856,0.3684210526315789,0.875,1,1,2,0,0,0.015564157733293883,0.013484071026713926
0.5789473684210525,1,7,0.012840748988370185,0.0,0.1875,0.35714285714285715,0.8421052631578947,0.75,0,0,4,1,7,0.02568874569932286,0.012091005643066451
0.21052631578947367,0,3,0.04316583576794267,0.3333333333333333,0.671875,0.48214285714285715,0.2763157894736842,0.6875,1,1,0,1,0,0.02116568533460449,0.0349928413102606
0.36842105263157887,0,3,0.2537284740329084,0.6666666666666665,0.6517857142857142,0.4795918367346938,0.3233082706766917,0.6071428571428571,1,1,4,0,6,0.07203051024157085,0.25313771461258955
0.3157894736842105,1,7,0.1024383237243072,0.2222222222222222,0.4375,0.5714285714285714,0.2807017543859649,0.8333333333333333,1,1,2,0,4,0.06793520131948368,0.10609652122275447
0.0,0,6,0.015534872160536235,0.1111111111111111,0.5,0.49999999999999994,0.2368421052631579,0.75,0,0,2,1,3,0.01525704062028961,0.013877952989138034
0.45614035087719296,1,6,0.00685286463967288,0.2222222222222222,0.6041666666666666,0.2619047619047619,0.08771929824561403,0.8333333333333333,0,1,4,0,1,0.004193578116607928,0.008163323338181622
0.33333333333333337,0,6,0.1076374914623205,0.3333333333333333,0.421875,0.5178571428571428,0.25,0.875,1,1,2,1,5,0.05341061063933521,0.09914797137282391
0.4035087719298246,1,6,0.10094288383796772,0.4444444444444445,0.6,0.4142857142857142,0.3157894736842105,0.75,1,1,2,0,6,0.03993700344212274,0.07507174092415107
0.9999999999999999,1,0,0.1633362554572492,0.3333333333333333,0.609375,0.5178571428571428,0.3684210526315789,0.4375,0,0,2,1,2,0.08126785217034367,0.13662211264995688
0.0,0,6,0.19225303261734386,0.6666666666666665,0.5803571428571429,0.5306122448979591,0.3233082706766917,0.8928571428571428,0,1,2,1,5,0.0544611414553246,0.22430385829917493
0.6491228070175438,1,9,0.09513103819170515,0.3333333333333333,0.46875,0.42857142857142855,0.3026315789473684,0.875,0,1,2,1,6,0.047155619245136164,0.07575021694076321
0.22807017543859642,0,8,0.06060413874694823,0.1111111111111111,0.53125,0.49999999999999994,0.10526315789473684,0.875,0,0,1,1,0,0.060339026462467374,0.05390201907751716
0.3508771929824561,1,4,0.13276993045582172,0.5555555555555556,0.5,0.4404761904761904,0.18421052631578946,0.6666666666666666,1,1,2,0,6,0.043798773863582684,0.11674157106344339
0.2807017543859649,1,8,0.07863358403536422,0.1111111111111111,0.8125,0.39285714285714285,0.10526315789473684,0.875,0,0,2,1,2,0.07837355994386515,0.08203768394941667
0.19298245614035092,1,1,0.12015520646810846,0.3333333333333333,0.40625,0.5178571428571428,0.2631578947368421,0.5,1,1,4,0,4,0.059671234490239936,0.1012497494103145
0.17543859649122806,0,7,0.023948178631667566,0.3333333333333333,0.53125,0.44642857142857145,0.13157894736842105,0.9375,1,1,2,0,1,0.011554145003941732,0.023124724232863814
0.3508771929824561,0,6,0.3359940664485842,0.3333333333333333,0.578125,0.48214285714285715,0.18421052631578946,0.6875,1,1,2,0,2,0.1676211210407041,0.3279947659338311
0.0,1,5,0.12309135815933459,0.4444444444444445,0.5625,0.49999999999999994,0.2631578947368421,0.8500000000000001,1,1,2,0,2,0.04879889342976889,0.13332285951385364
0.45614035087719296,0,9,0.004652874794991966,0.2222222222222222,0.35416666666666663,0.5714285714285714,0.3508771929824561,0.75,1,1,1,1,1,0.002726504305667299,0.0033686362660501805
0.21052631578947367,0,9,0.03212913772450121,0.1111111111111111,0.625,0.5714285714285714,0.34210526315789475,0.75,0,1,4,1,0,0.03185598934694925,0.0299610952108105
0.05263157894736842,0,7,0.004685672129003374,0.0,0.75,0.6428571428571428,0.15789473684210525,1.0,1,1,3,1,7,0.009373988998725089,0.004775966897043303
0.19298245614035092,0,0,0.13503097075959616,0.6666666666666665,0.5892857142857143,0.510204081632653,0.2932330827067669,0.6785714285714286,1,1,2,1,3,0.03810736693433964,0.09818201033827594
0.5614035087719298,0,6,0.007510194340009962,0.1111111111111111,0.5,0.46428571428571425,0.21052631578947367,0.625,0,0,3,0,0,0.00723009810949061,0.007292479750220733
0.17543859649122806,0,6,0.034888460416087536,0.1111111111111111,0.59375,0.5714285714285714,0.4473684210526316,0.75,1,0,0,0,0,0.03461609076279076,0.02592682639004409
0.36842105263157887,1,0,0.10022647942154987,0.3333333333333333,0.640625,0.5714285714285714,0.28947368421052627,0.8125,0,1,3,0,0,0.04970405886688014,0.10747707489444429
0.14035087719298245,1,7,0.1282136694941525,0.3333333333333333,0.640625,0.5357142857142856,0.18421052631578946,0.5,1,1,3,1,6,0.06370160311575647,0.13670457620604134
0.45614035087719296,1,4,0.03499297722146124,0.3333333333333333,0.34375,0.46428571428571425,0.34210526315789475,0.3125,1,1,1,1,1,0.017078102806761874,0.04139433551198257
0.4385964912280701,1,6,0.011163540744859068,0.3333333333333333,0.515625,0.41071428571428564,0.40789473684210525,0.625,1,1,1,1,0,0.005160022047609477,0.012719434811848023
0.6842105263157895,0,9,0.0015871143621303805,0.0,0.375,0.6428571428571428,0.5789473684210527,0.5,1,1,4,0,0,0.0031751245415229646,0.0012380907696266817
0.24561403508771928,1,7,0.15932253352687714,0.1111111111111111,0.65625,0.6071428571428572,0.21052631578947367,1.0,1,1,2,0,1,0.15908528112579567,0.1705455817306257
0.4385964912280701,1,5,0.2524790141516545,0.2222222222222222,0.5208333333333334,0.6190476190476191,0.12280701754385964,0.75,0,0,2,1,1,0.16799055749924718,0.18916348305208047
0.3157894736842105,0,5,0.19478534243676687,0.6666666666666665,0.5357142857142857,0.45918367346938777,0.24060150375939848,0.6785714285714286,1,1,3,1,1,0.05518486273448912,0.2304690043663031
0.5614035087719298,1,8,0.49380535414501997,0.3333333333333333,0.421875,0.6071428571428572,0.2763157894736842,0.6875,0,1,3,0,2,0.24654903330244374,0.4973781328449975
0.14035087719298245,1,1,0.009910722100483523,0.1111111111111111,0.4375,0.39285714285714285,0.15789473684210525,0.75,0,1,3,0,0,0.009631303336647589,0.011156703031199186
0.4385964912280701,1,8,0.10055721880188177,0.6666666666666665,0.5446428571428571,0.510204081632653,0.3082706766917293,0.6785714285714286,0,1,2,1,6,0.028254943793587485,0.1120178784781019
0.24561403508771928,0,6,0.13404882890796535,0.6666666666666665,0.6071428571428571,0.5306122448979591,0.3609022556390977,0.8571428571428572,1,1,4,1,6,0.03782667578362365,0.11629129161151325
0.2807017543859649,1,6,0.03697859894926036,0.0,0.5625,0.2857142857142857,0.15789473684210525,0.75,1,1,1,1,2,0.07397806978277888,0.02988517186779481
0.3157894736842105,1,7,0.02058961308431859,0.1111111111111111,0.09375,0.39285714285714285,0.10526315789473684,0.625,0,0,1,1,1,0.0203132080714488,0.021582797912629393
0.3508771929824561,0,5,0.013159831484926958,0.0,0.375,0.6428571428571428,0.3157894736842105,0.75,1,0,3,1,7,0.026327090792632905,0.014807184566234586
0.26315789473684215,0,7,0.10696376309497772,0.4444444444444445,0.475,0.49999999999999994,0.14736842105263157,0.7,1,1,2,1,0,0.042346034819649714,0.11431861169285833
0.33333333333333337,0,5,0.203440479852657,1.0,0.55625,0.45714285714285713,0.2263157894736842,0.7749999999999999,1,1,2,0,1,0.04019159048521934,0.20141941580731584
0.6140350877192983,0,0,0.052824650634302424,0.2222222222222222,0.5625,0.5952380952380953,0.42105263157894735,0.75,0,1,2,0,4,0.03485008475365116,0.045932532488982346
0.49122807017543857,1,6,0.019841991928299496,0.2222222222222222,0.6458333333333333,0.42857142857142855,0.3333333333333333,0.8333333333333333,0,1,0,0,1,0.012855440133012933,0.01796094165798193
0.4736842105263158,1,8,0.006628617807727407,0.0,0.875,0.35714285714285715,0.47368421052631576,0.5,1,1,2,0,0,0.013260977015821667,0.006528412249534721
0.19298245614035092,1,6,0.0065762606178899185,0.1111111111111111,0.53125,0.5714285714285714,0.15789473684210525,0.875,1,1,0,1,0,0.006295900816587643,0.005664819767367465
0.10526315789473684,1,9,0.002924494807451001,0.0,0.5,0.21428571428571425,0.05263157894736842,1.0,0,1,3,2,0,0.0058506402917494,0.0032525711805037197
0.49122807017543857,1,1,0.09248176438592821,0.3333333333333333,0.609375,0.5357142857142856,0.381578947368421,0.6875,1,1,2,1,2,0.045830608508883174,0.07086463038554557
0.4736842105263158,1,7,0.005319885636091451,0.0,0.5625,0.49999999999999994,0.2631578947368421,0.5,1,0,3,0,0,0.010642773982951246,0.0064060439151611154
0.5964912280701754,0,7,0.017305137899947188,0.1111111111111111,0.3125,0.35714285714285715,0.34210526315789475,0.5,1,0,1,1,4,0.017027805956530476,0.013022559469730898
0.15789473684210525,0,6,0.07127670735314252,0.1111111111111111,0.46875,0.5357142857142856,0.18421052631578946,0.625,0,1,2,1,2,0.07101460703535344,0.05718857093026948
0.24561403508771928,1,1,0.058379649688909394,0.1111111111111111,0.5625,0.6071428571428572,0.3157894736842105,0.75,1,1,2,0,2,0.058113909618635246,0.05735340325674175
0.0,0,6,0.034317668259708264,0.2222222222222222,0.5416666666666666,0.5952380952380953,0.2807017543859649,0.75,0,1,2,1,3,0.02250861452961707,0.03905147005506575
0.21052631578947367,1,6,0.04371568504838694,0.1111111111111111,0.40625,0.49999999999999994,0.4473684210526316,0.875,1,1,0,1,6,0.0434458065766936,0.04148499803082715
0.49122807017543857,1,6,0.004920983121820165,0.1111111111111111,0.59375,0.46428571428571425,0.3157894736842105,0.25,1,1,2,0,0,0.004640156175178494,0.005191933926786581
0.19298245614035092,0,7,0.00037716934113119583,0.0,0.9375,0.42857142857142855,0.3157894736842105,1.0,0,1,0,1,1,0.0007545515685008514,0.00042743609903778297
0.42105263157894735,1,5,0.0407086041830036,0.1111111111111111,0.59375,0.3214285714285714,0.42105263157894735,0.875,1,0,1,0,3,0.04043787706580231,0.035373690239395496
0.24561403508771928,1,3,0.05541583759550495,0.1111111111111111,0.53125,0.6428571428571428,0.13157894736842105,0.5,1,0,2,2,5,0.05514926109085073,0.06328499736732729
0.3508771929824561,1,9,0.03875143315458787,0.3333333333333333,0.515625,0.625,0.381578947368421,0.75,0,1,2,1,4,0.018957861121009084,0.030516776357414115
0.05263157894736842,0,2,0.0012152795271335706,0.0,0.8125,0.49999999999999994,0.21052631578947367,1.0,0,0,2,1,3,0.002431244996253922,0.0015669971369980328
0.3157894736842105,0,2,0.03876723909868975,0.2222222222222222,0.47916666666666663,0.49999999999999994,0.3508771929824561,1.0,0,1,2,1,0,0.025475832248179613,0.03630254267370545
0.0,1,2,0.04177372724116927,0.3333333333333333,0.484375,0.41071428571428564,0.3684210526315789,0.875,1,1,2,1,0,0.020469434633758884,0.041859733282528205
0.24561403508771928,0,7,0.04668779526244486,0.6666666666666665,0.4196428571428571,0.6122448979591837,0.24812030075187969,0.7857142857142858,1,1,2,1,3,0.012859336268478516,0.035322316391811846
0.0,0,2,0.02483548481868705,0.0,0.3125,0.49999999999999994,0.10526315789473684,0.75,0,0,2,1,7,0.049684987566104774,0.02680089269169104
0.543859649122807,0,6,0.21586276647092983,0.1111111111111111,0.5,0.3214285714285714,0.2631578947368421,0.625,0,1,3,1,2,0.21564147061270653,0.2329628160451332
0.45614035087719296,0,9,0.05465003960376869,0.2222222222222222,0.27083333333333337,0.4761904761904761,0.2631578947368421,1.0,1,1,2,1,1,0.03606735416894352,0.04086254036093445
0.38596491228070173,1,0,0.035233425146111136,0.1111111111111111,0.5,0.17857142857142855,0.47368421052631576,0.5,1,1,0,1,1,0.03496115284728591,0.02785149735334639
0.6140350877192983,1,6,0.029100718834580326,0.2222222222222222,0.47916666666666663,0.4523809523809524,0.21052631578947367,0.5,1,1,2,1,3,0.019029666709420634,0.025448822121844173
0.08771929824561403,0,0,0.15518809369842695,0.6666666666666665,0.6517857142857142,0.6326530612244898,0.2781954887218045,0.7142857142857143,0,1,3,0,5,0.04386817024745513,0.17776455517309525
0.6491228070175438,0,6,0.23481211770607546,0.4444444444444445,0.5125,0.4428571428571428,0.3368421052631579,0.65,1,1,3,0,0,0.09349980899054715,0.18230971889879874
0.49122807017543857,0,6,0.26440993348266,0.7777777777777777,0.4453125,0.5535714285714286,0.24342105263157893,0.90625,1,1,3,1,6,0.06562726101140345,0.21357767190215463
0.24561403508771928,0,6,0.09636982906069029,0.3333333333333333,0.40625,0.42857142857142855,0.2368421052631579,0.6875,0,1,2,0,5,0.047775189482760626,0.09942346600013366
0.5263157894736842,0,5,0.20475415138182482,0.2222222222222222,0.41666666666666663,0.4523809523809524,0.14035087719298245,0.8333333333333333,0,1,2,0,1,0.1361650031815146,0.22732780637936176
0.05263157894736842,0,0,0.0027348234782283982,0.0,0.75,0.5714285714285714,0.15789473684210525,1.0,1,1,4,1,0,0.005471190576840642,0.0031266957753541074
0.12280701754385964,0,5,0.004378641664824287,0.0,0.4375,0.42857142857142855,0.05263157894736842,0.75,0,0,2,0,6,0.008759754772716538,0.00341503386455977
0.15789473684210525,0,6,0.22705712880678758,0.4444444444444445,0.5,0.5714285714285714,0.3052631578947368,0.8500000000000001,1,1,3,0,7,0.09039693799890473,0.22706420735698143
0.17543859649122806,0,7,0.015786976968961274,0.3333333333333333,0.625,0.39285714285714285,0.13157894736842105,0.75,0,1,2,1,1,0.007472392562864638,0.016578444879510795
0.07017543859649122,1,0,0.09600787294075716,0.2222222222222222,0.45833333333333337,0.5238095238095237,0.1929824561403509,0.41666666666666663,0,1,0,1,3,0.06364702428089504,0.10850369877484749
0.543859649122807,1,6,0.07000630459595363,0.1111111111111111,0.28125,0.46428571428571425,0.2631578947368421,0.5,0,1,3,0,5,0.0697438457505288,0.05646535606483911
0.22807017543859642,0,2,0.14717388731586817,0.3333333333333333,0.5625,0.48214285714285715,0.17105263157894735,0.5625,0,1,2,1,1,0.07318438746242804,0.14417852317249624
0.36842105263157887,0,6,0.2618552977671931,0.6666666666666665,0.4910714285714286,0.4795918367346938,0.37593984962406013,0.5357142857142857,1,1,2,0,7,0.07435311517063958,0.20068079826618004
0.17543859649122806,0,6,0.016007272314881277,0.0,0.5625,0.6428571428571428,0.10526315789473684,1.0,0,1,0,0,0,0.03202357963770062,0.017787246868872997
0.0,0,7,0.03326677055123428,0.1111111111111111,0.6875,0.5357142857142856,0.28947368421052627,0.75,1,0,2,0,0,0.03299394323155582,0.02727723821019961
0.3508771929824561,1,2,0.01810333807709231,0.1111111111111111,0.65625,0.7142857142857142,0.4473684210526316,0.75,1,0,2,1,1,0.017826231398317655,0.01654351635029571
0.0,1,6,0.02301266431513733,0.3333333333333333,0.375,0.5178571428571428,0.13157894736842105,0.8125,1,1,2,0,0,0.011086255837250853,0.024307791905585865
0.2807017543859649,0,6,0.5053134644713,0.3333333333333333,0.53125,0.625,0.3157894736842105,0.5,0,1,2,0,2,0.252304712350436,0.483145112636213
0.0,1,6,0.0239904595321401,0.0,0.6875,0.6428571428571428,0.10526315789473684,0.5,0,0,2,1,3,0.04799446003416232,0.024872856836157715
0.7017543859649124,1,6,0.00322046111075877,0.0,0.5625,0.49999999999999994,0.3684210526315789,1.0,1,1,3,1,1,0.006442739951054939,0.002651345506660354
0.4736842105263158,1,6,0.005043479188609762,0.0,0.5,0.6428571428571428,0.3684210526315789,0.75,0,0,4,1,4,0.01008980507549567,0.004364217830800897
0.3157894736842105,1,1,0.04798743901622223,0.4444444444444445,0.475,0.5571428571428572,0.21052631578947367,0.75,1,0,1,0,3,0.018748847569713508,0.04842444845387941
0.5614035087719298,0,2,0.028969134349932143,0.3333333333333333,0.59375,0.44642857142857145,0.22368421052631576,0.75,0,1,0,1,4,0.014065331359404295,0.022238288397804198
0.10526315789473684,1,7,0.04719259760219877,0.1111111111111111,0.4375,0.49999999999999994,0.3947368421052631,0.625,0,1,3,0,4,0.046923700369904175,0.04575371927225438
0.4035087719298246,0,0,0.011411496492957366,0.1111111111111111,0.59375,0.49999999999999994,0.3947368421052631,0.5,1,1,2,1,4,0.01113250127125536,0.012218871547845686
0.33333333333333337,1,0,0.14248623944385205,0.4444444444444445,0.6375,0.47142857142857136,0.3263157894736842,0.75,0,1,2,1,5,0.05655903535977267,0.1665018343401944
0.3508771929824561,0,6,0.058276318329343324,0.2222222222222222,0.4375,0.7142857142857142,0.17543859649122803,0.9166666666666667,1,1,2,1,5,0.03848555558124745,0.06473782513271184
0.5614035087719298,1,6,0.0847350736072938,0.4444444444444445,0.525,0.5571428571428572,0.3894736842105263,0.75,0,1,4,1,3,0.03345204971028421,0.06150459023432446
0.4385964912280701,0,9,0.11279101953673963,0.5555555555555556,0.5729166666666666,0.46428571428571425,0.15789473684210525,0.625,1,1,3,1,7,0.03713725743627566,0.0875118896808234
0.3508771929824561,0,6,0.056217001387169174,0.2222222222222222,0.7083333333333333,0.23809523809523808,0.22807017543859648,0.75,1,1,4,2,4,0.03711229017204815,0.04191219716562332
0.0,1,6,0.17060837276422453,0.2222222222222222,0.5208333333333334,0.5238095238095237,0.22807017543859648,0.75,1,1,3,1,5,0.11339472645265834,0.1804648100992264
0.08771929824561403,0,6,0.1821105558614664,0.1111111111111111,0.53125,0.6071428571428572,0.34210526315789475,0.5,0,1,3,0,2,0.18187973459863999,0.18912310434530807
0.26315789473684215,0,2,0.03764165830433437,0.2222222222222222,0.7291666666666667,0.3095238095238095,0.2807017543859649,0.9166666666666667,1,1,3,0,3,0.024725233280875728,0.03892298804325829
0.3157894736842105,1,3,0.0027166466425112327,0.1111111111111111,0.59375,0.35714285714285715,0.2631578947368421,0.375,0,1,2,0,1,0.0024351975974508883,0.003282428674948093
0.05263157894736842,1,4,0.18718268332376087,0.2222222222222222,0.5416666666666666,0.5952380952380953,0.3333333333333333,0.5,0,1,0,1,1,0.12444738517973497,0.1757841502201635
0.7894736842105262,0,9,0.015400719209971495,0.3333333333333333,0.484375,0.46428571428571425,0.2368421052631579,0.9375,1,1,3,0,1,0.007279209179362915,0.013219808504457059
0.6140350877192983,0,7,0.04323182558456803,0.0,0.375,0.5714285714285714,0.21052631578947367,0.75,1,1,3,1,5,0.08648805257117695,0.05076745608934121
0.42105263157894735,1,1,0.04172690213176744,0.3333333333333333,0.484375,0.625,0.381578947368421,0.4375,1,0,0,1,6,0.02044601547166686,0.044948704350616084
0.29824561403508765,1,1,0.004872577418008147,0.0,0.625,0.6428571428571428,0.21052631578947367,0.75,0,0,3,0,7,0.009747905071958092,0.00524392388139845
0.24561403508771928,0,6,0.047653538447069946,0.4444444444444445,0.525,0.5857142857142856,0.2526315789473684,0.75,1,1,2,1,3,0.018615249649256052,0.038801046244519605
0.08771929824561403,0,6,0.06139878258667041,0.1111111111111111,0.40625,0.49999999999999994,0.34210526315789475,0.875,1,1,0,0,3,0.06113389456317728,0.058353439749234966
0.29824561403508765,0,6,0.01765998134503447,0.1111111111111111,0.5,0.6785714285714286,0.3157894736842105,0.875,0,1,0,0,1,0.017382749544018042,0.016314466714343872
0.3508771929824561,1,6,0.08273858529292465,0.0,0.6875,0.7142857142857142,0.631578947368421,0.75,1,1,3,0,5,0.1655238708455938,0.08710369507820531
0.03508771929824561,0,6,0.13542592178784196,0.7777777777777777,0.546875,0.44642857142857145,0.375,0.65625,1,1,2,1,7,0.03337215775859053,0.14814483064876544
0.36842105263157887,1,1,0.008046015845063812,0.0,0.5625,0.6428571428571428,0.2631578947368421,0.5,1,1,4,0,4,0.016096573114525236,0.008185218834107496
0.26315789473684215,1,4,0.2538958194660871,0.2222222222222222,0.41666666666666663,0.42857142857142855,0.2807017543859649,0.33333333333333337,1,0,4,2,2,0.16893536093869535,0.26982667961439283
0.0,0,3,0.034246739085551064,0.3333333333333333,0.515625,0.46428571428571425,0.2763157894736842,0.5625,0,1,4,0,0,0.016704878438738337,0.03567074861269284
0.10526315789473684,0,4,0.04653645334766933,0.6666666666666665,0.5089285714285714,0.39795918367346933,0.23308270676691728,0.7857142857142858,0,1,3,1,1,0.01281608351823743,0.036616852043792884
0.21052631578947367,1,1,0.014562806598270396,0.2222222222222222,0.5416666666666666,0.49999999999999994,0.3684210526315789,0.75,0,1,4,0,1,0.009334990000248355,0.013082464030012942
0.6842105263157895,1,7,0.0631060221239751,0.1111111111111111,0.6875,0.2857142857142857,0.49999999999999994,0.875,1,0,2,1,3,0.06284161591032654,0.06988492542498353
0.4035087719298246,0,1,0.0011670713976228255,0.0,0.75,0.2857142857142857,0.3157894736842105,0.75,1,0,2,0,4,0.002334801527047946,0.0013260518961167721
0.0,0,6,0.010597490371710363,0.1111111111111111,0.34375,0.5357142857142856,0.2631578947368421,0.75,0,1,0,0,0,0.010318265424680317,0.009341462154677934
0.38596491228070173,0,6,0.012444414940015453,0.1111111111111111,0.8125,0.5714285714285714,0.2631578947368421,0.375,1,0,2,1,3,0.012165711224142329,0.011501770359849159
0.0,0,8,0.031144822555556412,0.3333333333333333,0.4375,0.33928571428571425,0.19736842105263158,0.625,1,0,0,0,0,0.015153482468929093,0.026448337293005813
0.5087719298245613,1,4,0.032042600180543404,0.1111111111111111,0.375,0.3214285714285714,0.3684210526315789,1.0,0,0,2,1,3,0.03176942738073569,0.030866298613806582
0.19298245614035092,2,6,0.23345972161385803,0.7777777777777777,0.6015625,0.43749999999999994,0.2631578947368421,0.78125,1,1,4,1,0,0.057887524385079,0.26590482662985193
0.26315789473684215,0,6,0.0011775428355903235,0.0,0.5625,0.5714285714285714,0.15789473684210525,0.5,1,0,0,1,1,0.002355750313391867,0.001241645233251012
0.5614035087719298,0,7,0.0668796912782998,0.1111111111111111,0.5625,0.35714285714285715,0.34210526315789475,1.0,1,1,2,0,0,0.0666163500534293,0.06363963805133878
0.017543859649122806,0,6,0.11718191080824289,0.5555555555555556,0.5729166666666666,0.4047619047619047,0.1929824561403509,0.5416666666666666,1,1,2,0,4,0.03860130091963195,0.09294647499103091
0.0,0,1,0.11689305717978095,0.1111111111111111,0.46875,0.39285714285714285,0.13157894736842105,1.0,0,1,2,1,0,0.11664383051325118,0.11396359186606024
0.15789473684210525,1,6,0.19803168578099248,0.2222222222222222,0.35416666666666663,0.5714285714285714,0.2982456140350877,0.5833333333333334,1,1,0,1,2,0.13168209465728872,0.14260479625103611
0.5087719298245613,1,7,0.028113440051116424,0.2222222222222222,0.5625,0.6428571428571428,0.2631578947368421,0.6666666666666666,0,1,2,1,3,0.018371295103379294,0.03020545273677112
0.0,0,1,0.030172756993290577,0.2222222222222222,0.625,0.5476190476190474,0.2807017543859649,0.6666666666666666,1,1,3,1,0,0.019744560512578595,0.03483217955444087
0.0,1,1,0.00842990271243831,0.1111111111111111,0.65625,0.5357142857142856,0.49999999999999994,0.875,1,1,2,1,0,0.008150066038084498,0.009360324508311046
0.19298245614035092,1,6,0.08771864313082559,0.8888888888888888,0.48611111111111116,0.5317460317460316,0.32748538011695905,0.8055555555555556,0,1,2,1,1,0.018996816201694737,0.10044572973849102
0.4035087719298246,0,7,0.1455680033951168,0.0,0.375,0.6428571428571428,0.10526315789473684,0.5,1,0,0,0,2,0.29121816994959837,0.1572064854269361
0.543859649122807,0,4,0.001613786892802309,0.0,0.5,0.49999999999999994,0.3684210526315789,0.25,0,1,2,1,4,0.0032284846576820085,0.0015188933959487646
0.19298245614035092,1,1,0.056627560785215594,0.1111111111111111,0.5625,0.42857142857142855,0.13157894736842105,0.75,1,1,0,0,2,0.05636132624790041,0.06144866667330167
0.21052631578947367,0,9,0.03923292172679149,0.1111111111111111,0.625,0.5357142857142856,0.3157894736842105,0.875,1,1,3,0,2,0.03896177814879527,0.03655765837623571
0.5263157894736842,0,5,0.039206446770420844,0.4444444444444445,0.6,0.42857142857142855,0.3894736842105263,0.55,1,1,3,0,0,0.015235459417754175,0.030326541464239968
0.0,0,8,0.029155249341731825,0.2222222222222222,0.375,0.6190476190476191,0.5087719298245614,0.8333333333333333,1,1,4,1,0,0.019066030640432725,0.03248282127730361
0.21052631578947367,0,5,0.03303027411260985,0.3333333333333333,0.578125,0.5357142857142856,0.35526315789473684,0.875,1,1,0,1,4,0.016096474299495313,0.024246039024219172
0.33333333333333337,1,2,0.1409670906413598,0.2222222222222222,0.625,0.5714285714285714,0.22807017543859648,0.8333333333333333,1,0,0,0,2,0.09362829488012321,0.12147516875408469
0.38596491228070173,1,9,0.013222067389828125,0.1111111111111111,0.5,0.5357142857142856,0.3684210526315789,0.625,1,1,2,0,4,0.012943583139705282,0.010829123663580919
0.17543859649122806,1,6,0.02059257669883769,0.1111111111111111,0.375,0.6785714285714286,0.2368421052631579,0.5,1,0,4,1,3,0.020316172522346524,0.019871252588241933
0.29824561403508765,0,7,0.02812944356951958,0.1111111111111111,0.625,0.35714285714285715,0.28947368421052627,0.875,1,1,2,0,5,0.027855166415380044,0.024768876926933973
0.0,0,4,0.1188567481601387,0.4444444444444445,0.6875,0.4142857142857142,0.3052631578947368,0.65,1,1,4,0,6,0.04710457140067735,0.12508693033203902
0.15789473684210525,0,0,0.18824484276740744,0.7777777777777777,0.3984375,0.46428571428571425,0.21710526315789475,0.6875,1,1,2,1,0,0.046580614586007506,0.22264198067983146
0.38596491228070173,0,4,0.0049373817888258694,0.0,0.5625,0.2857142857142857,0.21052631578947367,1.0,1,0,4,0,0,0.009877550391218584,0.00548605394348782
0.08771929824561403,0,0,0.05977077034417641,0.2222222222222222,0.375,0.5476190476190474,0.3333333333333333,0.75,0,0,2,0,4,0.03948213809637587,0.04773848436723201
0.29824561403508765,0,9,0.0078114951494521155,0.0,0.4375,0.7142857142857142,0.3684210526315789,1.0,1,1,3,1,3,0.015627399352445344,0.005848040518989604
0.38596491228070173,1,0,0.008031790495372119,0.0,0.6875,0.42857142857142855,0.42105263157894735,0.75,0,0,4,2,1,0.01606811438590708,0.008990897255622332
0.21052631578947367,1,0,0.11223623089876353,0.1111111111111111,0.28125,0.6785714285714286,0.2631578947368421,0.5,1,1,2,0,1,0.11198569000262651,0.10251580196045258
0.33333333333333337,0,3,0.02923368633933742,0.2222222222222222,0.6666666666666667,0.42857142857142855,0.5438596491228069,0.6666666666666666,0,1,3,1,1,0.01911833672960591,0.026642553185439215
0.08771929824561403,1,8,0.03434434079038019,0.4444444444444445,0.44999999999999996,0.42857142857142855,0.2631578947368421,0.8500000000000001,0,1,3,0,4,0.01329006816063134,0.04003141197986942
0.24561403508771928,1,5,0.19185709371759166,0.5555555555555556,0.48958333333333337,0.4880952380952381,0.22807017543859648,0.5416666666666666,1,1,2,1,2,0.0635000533930545,0.15667284195480335
0.42105263157894735,0,5,0.5620838714763364,0.5555555555555556,0.5,0.46428571428571425,0.2192982456140351,0.875,1,1,2,0,5,0.1869438072521931,0.5689461204925255
0.3157894736842105,1,2,0.0054297369475995415,0.0,0.6875,0.35714285714285715,0.47368421052631576,1.0,1,0,4,0,0,0.010862538609502568,0.0060107875601356
0.15789473684210525,0,1,0.0026026462706763972,0.0,0.3125,0.5714285714285714,0.10526315789473684,0.75,1,0,3,1,7,0.005206761556763601,0.002775230412180341
0.33333333333333337,1,6,0.06813626383439954,0.6666666666666665,0.4910714285714286,0.38775510204081637,0.3383458646616541,0.6428571428571429,1,1,4,0,6,0.018989199601927888,0.0632312538773274
0.4385964912280701,1,8,0.16169520331087112,0.8888888888888888,0.5902777777777778,0.4126984126984126,0.23391812865497075,0.7222222222222222,0,1,2,1,0,0.035440691208060066,0.122297719029603
0.0,1,3,0.14157147042895557,0.2222222222222222,0.5625,0.4047619047619047,0.24561403508771928,0.75,0,1,0,1,2,0.09403132844884053,0.15354278128721818
0.5263157894736842,0,1,0.12426396163739307,0.3333333333333333,0.5,0.2857142857142857,0.2763157894736842,0.6875,0,1,3,1,0,0.06172619185254267,0.11296772594421958
0.21052631578947367,1,6,0.014826173141868031,0.0,0.5625,0.49999999999999994,0.631578947368421,0.25,1,1,0,0,6,0.029660714642154213,0.011725701568181958
0.38596491228070173,0,5,0.39315171908411667,0.4444444444444445,0.5125,0.5571428571428572,0.17894736842105263,0.75,0,0,2,1,0,0.15685352391195262,0.45383993444621223
0.543859649122807,0,5,0.04847347179735516,0.4444444444444445,0.75,0.49999999999999994,0.28421052631578947,0.8999999999999999,1,1,4,1,1,0.018943315548604248,0.043400000853071274
0.0,0,5,0.10204752175638812,0.1111111111111111,0.40625,0.42857142857142855,0.13157894736842105,0.5,0,1,1,2,2,0.10179410544630894,0.09456986961753498
0.14035087719298245,1,2,0.2203113494384049,0.6666666666666665,0.4821428571428571,0.4795918367346938,0.3533834586466165,0.6785714285714286,0,1,2,0,6,0.06248006583226689,0.19227591358008891
0.22807017543859642,1,1,0.16929193519483887,0.3333333333333333,0.46875,0.42857142857142855,0.19736842105263158,0.75,0,1,2,0,3,0.08424653243237741,0.19750580917838337
0.12280701754385964,0,1,0.4682917943243621,0.6666666666666665,0.3392857142857143,0.5612244897959184,0.2857142857142857,0.6785714285714286,1,1,2,0,2,0.13335161693715586,0.3539222558237517
0.6491228070175438,0,6,0.02140085316534776,0.2222222222222222,0.6041666666666666,0.5238095238095237,0.2807017543859649,0.9166666666666667,1,1,4,2,0,0.01389497424781505,0.016246410584150033
0.10526315789473684,2,5,0.027874177572274166,0.1111111111111111,0.375,0.46428571428571425,0.28947368421052627,1.0,1,1,1,0,1,0.027599828378056027,0.020692096721220576
0.17543859649122806,1,6,0.23581520243364126,0.7777777777777777,0.53125,0.5089285714285714,0.2631578947368421,0.78125,0,0,2,1,2,0.0584765607784569,0.2613589520114236
0.33333333333333337,0,2,0.06233607507191211,0.3333333333333333,0.6875,0.5535714285714286,0.19736842105263158,0.6875,0,1,4,0,5,0.030753510058085454,0.05391282464693513
0.03508771929824561,1,7,0.04508388708470623,0.1111111111111111,0.65625,0.6785714285714286,0.15789473684210525,0.5,1,1,2,0,0,0.044814394741143154,0.04303483895673175
0.21052631578947367,1,3,0.09714293730157365,0.4444444444444445,0.48750000000000004,0.4857142857142857,0.3368421052631579,0.65,0,1,3,0,2,0.03841659586569771,0.0988692540318281
0.3508771929824561,1,8,0.1099907989647897,0.0,0.6875,0.7857142857142856,0.21052631578947367,1.0,1,0,2,0,2,0.22004368019582765,0.07937501155200678
0.22807017543859642,1,6,0.12016093612284538,0.0,0.6875,0.49999999999999994,0.42105263157894735,0.75,1,0,2,0,2,0.2403896948572113,0.10367958074390658
0.26315789473684215,0,0,0.13478301501149786,0.2222222222222222,0.47916666666666663,0.6904761904761905,0.22807017543859648,0.5,0,1,2,0,0,0.08950441429795511,0.1153912066361362
0.17543859649122806,1,6,0.004924144310640542,0.0,0.375,0.49999999999999994,0.2631578947368421,1.0,1,0,0,0,7,0.009851067963198911,0.004129007124566889
0.0,0,6,0.026207440766730542,0.1111111111111111,0.46875,0.6071428571428572,0.15789473684210525,0.5,0,1,3,0,4,0.025932621193175673,0.019320310726470755
0.3508771929824561,1,7,0.03386028375226001,0.2222222222222222,0.5625,0.49999999999999994,0.4385964912280702,1.0,0,1,1,0,7,0.02220360547058451,0.03184202257510937
0.6666666666666666,0,6,0.22878728696304,0.3333333333333333,0.4375,0.42857142857142855,0.2631578947368421,0.75,0,1,1,2,2,0.11400260357840844,0.20112984550405377
0.29824561403508765,1,5,0.14074244866081176,0.1111111111111111,0.5625,0.6071428571428572,0.21052631578947367,0.625,0,0,2,0,2,0.14049995266760065,0.14371160883080422
0.33333333333333337,1,3,0.07042792815487138,0.3333333333333333,0.625,0.39285714285714285,0.2368421052631579,0.9375,0,1,4,1,1,0.034800578423659155,0.06557222362031126
0.4385964912280701,1,6,0.03037369005768577,0.4444444444444445,0.5875,0.45714285714285713,0.3368421052631579,0.8999999999999999,0,1,3,1,4,0.011701359635522738,0.02902608170621837
0.017543859649122806,1,6,0.013089890182276123,0.2222222222222222,0.45833333333333337,0.4047619047619047,0.2982456140350877,0.8333333333333333,1,1,2,1,0,0.008352768602802249,0.01133039782030812
0.6491228070175438,0,3,0.02199772512949514,0.2222222222222222,0.6458333333333333,0.5238095238095237,0.2631578947368421,0.75,0,1,2,0,3,0.01429300118834955,0.026384214769222897
0.33333333333333337,1,5,0.019314468543899132,0.3333333333333333,0.46875,0.46428571428571425,0.34210526315789475,0.6875,1,0,3,1,1,0.009236636107130512,0.016293045146901244
0.631578947368421,0,7,0.0007492017504292796,0.0,0.4375,0.8571428571428572,0.5263157894736843,0.75,1,0,0,1,0,0.0014988263738895907,0.0010202258458794052
0.14035087719298245,1,3,0.25646487810554697,0.3333333333333333,0.59375,0.33928571428571425,0.21052631578947367,0.875,0,1,3,1,6,0.12784530467539362,0.26561445064816835
0.6666666666666666,0,5,0.011081547409830545,0.0,0.625,0.42857142857142855,0.3684210526315789,1.0,0,0,3,0,3,0.022169349593544135,0.012080484430738433
0.45614035087719296,0,3,0.07672225024484394,0.3333333333333333,0.46875,0.46428571428571425,0.4473684210526316,0.5625,1,1,2,1,5,0.0379486276469829,0.07621860046075328
0.4035087719298246,1,6,0.12947735472509808,0.5555555555555556,0.5625,0.5238095238095237,0.3157894736842105,0.9166666666666667,1,1,2,2,7,0.042700938881125305,0.10020615889021116
0.33333333333333337,1,3,0.02987600039277771,0.2222222222222222,0.5208333333333334,0.49999999999999994,0.24561403508771928,0.6666666666666666,1,0,0,0,0,0.019546666945983813,0.02247624788924102
0.24561403508771928,1,2,0.08789310123885014,0.3333333333333333,0.484375,0.42857142857142855,0.28947368421052627,0.9375,1,1,0,0,7,0.04353562943889465,0.09623416427214301
0.543859649122807,0,0,0.23414451414207213,0.2222222222222222,0.5625,0.4047619047619047,0.2982456140350877,0.5,1,1,2,1,4,0.1557641079700448,0.2754104576111256
0.3157894736842105,1,2,0.03977783164970393,0.1111111111111111,0.46875,0.42857142857142855,0.18421052631578946,1.0,1,1,3,1,1,0.03950684185385692,0.031336530454881294
0.0,0,4,0.012686641033376819,0.3333333333333333,0.578125,0.625,0.2368421052631579,0.75,1,1,3,0,0,0.0059217871132947915,0.010430123273537777
0.05263157894736842,0,6,0.5811349734766379,0.1111111111111111,0.53125,0.6071428571428572,0.3157894736842105,0.5,1,1,0,1,2,0.5810167631793063,0.4231102694141249
0.24561403508771928,0,8,0.05393837697058139,0.6666666666666665,0.5982142857142857,0.5816326530612244,0.3007518796992481,0.7857142857142858,1,1,2,1,1,0.014931515678853749,0.06315765278387962
0.3508771929824561,0,3,0.01962248687958459,0.2222222222222222,0.6041666666666666,0.5476190476190474,0.2631578947368421,0.5833333333333334,1,1,3,1,3,0.012709062135351952,0.0226008910803342
0.2807017543859649,0,2,0.06913421163013221,0.2222222222222222,0.5416666666666666,0.3809523809523809,0.24561403508771928,0.8333333333333333,1,1,0,1,0,0.045726193960596635,0.06813120046558735
0.543859649122807,1,6,0.3663359470437649,0.7777777777777777,0.5,0.5803571428571428,0.26973684210526316,0.78125,1,1,3,1,2,0.09111595568264486,0.43578847244793073
0.0,0,1,0.03347461871617405,0.1111111111111111,0.8125,0.42857142857142855,0.5526315789473684,0.5,0,1,4,0,3,0.033201850054516244,0.032414954718503065
0.3157894736842105,0,0,0.018353071993902067,0.0,0.5625,0.35714285714285715,0.3157894736842105,0.5,0,0,2,1,7,0.03671650303885861,0.014585291250379736
0.0,1,0,0.002645322319751483,0.0,0.3125,0.42857142857142855,0.21052631578947367,0.25,0,1,2,0,7,0.005292137742618072,0.003021625830618908
0.45614035087719296,0,6,0.08569627258298962,0.2222222222222222,0.4375,0.5476190476190474,0.22807017543859648,0.9166666666666667,1,1,3,1,1,0.056770683978532896,0.08451040581074236
0.26315789473684215,1,3,0.07933596067639168,0.2222222222222222,0.625,0.4047619047619047,0.2631578947368421,0.25,0,1,3,1,2,0.05252927938744167,0.07678688810501119
0.38596491228070173,0,6,0.050225165552446396,0.3333333333333333,0.53125,0.5357142857142856,0.3289473684210526,0.625,0,1,4,0,0,0.024696346353794564,0.04019633909203833
0.10526315789473684,0,4,0.057769737820877964,0.4444444444444445,0.6625000000000001,0.5571428571428572,0.15789473684210525,0.8500000000000001,1,1,2,1,1,0.02266287137899734,0.05548185967641111
0.5614035087719298,1,9,0.02037959160206481,0.2222222222222222,0.5833333333333334,0.6428571428571428,0.22807017543859648,0.33333333333333337,1,1,2,1,4,0.01321394106157777,0.024177366786997112
0.5087719298245613,0,6,0.07262910344535993,0.6666666666666665,0.5446428571428571,0.4795918367346938,0.22556390977443608,0.6428571428571429,1,1,2,1,3,0.020273230333628055,0.079101554817175
0.42105263157894735,1,9,0.17951838102875753,0.3333333333333333,0.453125,0.5892857142857142,0.381578947368421,0.6875,1,1,3,1,5,0.0893611983812517,0.16784433155467976
0.26315789473684215,1,8,0.07128698121680875,0.1111111111111111,0.5625,0.5357142857142856,0.10526315789473684,0.5,1,1,3,0,1,0.07102488379846557,0.08234924453430129
0.4035087719298246,1,1,0.01840266314352173,0.3333333333333333,0.3125,0.5892857142857142,0.35526315789473684,0.875,0,1,2,1,3,0.008780604744030534,0.0165998190541051
0.14035087719298245,0,0,0.020215407357706494,0.3333333333333333,0.53125,0.5892857142857142,0.2368421052631579,0.6875,0,1,4,1,4,0.009687232643584662,0.017858715284146193
0.4736842105263158,1,7,0.06590644027022632,0.2222222222222222,0.5625,0.4523809523809524,0.5614035087719298,0.5833333333333334,1,1,2,1,0,0.04357373910210208,0.06878266255865459
0.631578947368421,1,2,0.12411261972261754,0.7777777777777777,0.5390625,0.47321428571428564,0.375,0.71875,0,1,4,0,4,0.030543034044347,0.1192537711674233
0.5087719298245613,0,1,0.04165636810621279,0.5555555555555556,0.5208333333333334,0.46428571428571425,0.21052631578947367,0.5416666666666666,1,1,2,1,0,0.013419015187013703,0.04641314336384011
0.14035087719298245,1,1,0.022344072879627662,0.4444444444444445,0.5375,0.5285714285714285,0.2210526315789474,0.55,0,1,2,1,4,0.008488606330604656,0.017817151756165692
0.36842105263157887,1,7,0.011118691378469972,0.1111111111111111,0.375,0.6428571428571428,0.2368421052631579,0.875,0,1,0,1,3,0.010839613522560161,0.013172747406070929
0.017543859649122806,1,6,0.00481646631644646,0.1111111111111111,0.46875,0.42857142857142855,0.2368421052631579,0.75,0,1,0,0,1,0.004535609873518738,0.003779627046719396
0.4035087719298246,1,5,0.024064549895117682,0.1111111111111111,0.34375,0.5357142857142856,0.2368421052631579,0.5,1,0,2,0,5,0.023789125564060893,0.027029231434918012
0.38596491228070173,1,1,0.07664815988186637,0.1111111111111111,0.6875,0.5357142857142856,0.13157894736842105,0.625,1,1,4,1,5,0.07638757547244947,0.0776727552258909
0.0,1,7,0.002549498783633814,0.0,0.1875,0.5714285714285714,0.3684210526315789,0.75,1,1,3,1,4,0.00510043658456521,0.002026423408654787
0.05263157894736842,0,9,0.030061522661673567,0.2222222222222222,0.5625,0.5476190476190474,0.2982456140350877,0.5833333333333334,0,0,2,1,1,0.019670383363448857,0.03460701613205164
0.22807017543859642,0,7,0.007480953343421477,0.1111111111111111,0.40625,0.39285714285714285,0.18421052631578946,0.625,1,0,2,1,1,0.007200848860633061,0.007011724516746975
0.22807017543859642,1,3,0.2960799085310015,0.5555555555555556,0.6041666666666666,0.49999999999999994,0.14035087719298245,0.7916666666666667,1,0,2,1,0,0.09825079610328859,0.2611858733293429
0.03508771929824561,1,8,0.031006718118966204,0.1111111111111111,0.5625,0.3214285714285714,0.15789473684210525,0.875,0,1,2,0,5,0.030733252976951,0.022452361893685522
0.36842105263157887,1,9,0.007538052316489531,0.1111111111111111,0.4375,0.42857142857142855,0.21052631578947367,0.625,0,1,2,2,0,0.007257963947929222,0.007094045894286462
0.3508771929824561,0,6,0.19208963867019063,0.4444444444444445,0.625,0.4857142857142857,0.3368421052631579,0.44999999999999996,0,1,2,0,0,0.07640599459402735,0.21758066144302693
0.24561403508771928,1,7,0.09368894336670955,0.6666666666666665,0.5892857142857143,0.38775510204081637,0.16541353383458648,0.5,1,1,2,1,6,0.026292025573442675,0.09212852182180005
0.12280701754385964,1,4,0.12188852581318124,0.8888888888888888,0.5486111111111112,0.48412698412698413,0.29239766081871343,0.8888888888888888,1,1,2,0,0,0.02659226641515826,0.12625066172264474
0.5087719298245613,0,1,0.01205460084360275,0.1111111111111111,0.40625,0.3214285714285714,0.10526315789473684,0.75,0,1,2,0,0,0.011775787116061611,0.013699281950955038
0.631578947368421,1,1,0.003989617865616678,0.0,0.75,0.8571428571428572,0.5263157894736843,0.5,0,1,3,1,5,0.007981487597033888,0.0028733810010601784
0.19298245614035092,1,6,0.05093979180015281,0.2222222222222222,0.41666666666666663,0.5714285714285714,0.15789473684210525,0.75,1,0,2,1,0,0.0335931575730159,0.059261534115978835
0.15789473684210525,0,6,0.10968199033189914,0.5555555555555556,0.40625,0.3809523809523809,0.46491228070175444,0.7916666666666667,0,1,2,0,3,0.03610062189568466,0.1252500091231233
0.38596491228070173,0,0,0.6755247128899647,0.8888888888888888,0.4722222222222222,0.5238095238095237,0.30994152046783624,0.75,1,1,0,0,2,0.14965725128514984,0.5991851273659102
0.21052631578947367,1,0,0.032681357896560764,0.3333333333333333,0.625,0.5357142857142856,0.35526315789473684,1.0,0,1,2,0,0,0.015921966956649252,0.037888686521426546
0.26315789473684215,0,4,0.031409572119262964,0.0,0.6875,0.49999999999999994,0.5263157894736843,1.0,1,0,0,1,5,0.06283687278889018,0.027678560849810643
0.4385964912280701,1,0,0.0033022568714860174,0.0,0.4375,0.7142857142857142,0.736842105263158,0.75,0,0,3,0,0,0.00660637764060934,0.0027975524437411346
0.0,0,6,0.10645421897199325,0.3333333333333333,0.671875,0.6428571428571428,0.15789473684210525,0.6875,1,0,2,0,1,0.05281880742511944,0.08735937949491547
0.5614035087719298,0,6,0.5210470963789176,0.1111111111111111,0.46875,0.46428571428571425,0.34210526315789475,0.75,0,0,0,1,1,0.5209119283377592,0.6122500086491948
0.29824561403508765,0,4,0.11416356820768693,0.3333333333333333,0.5625,0.44642857142857145,0.22368421052631576,0.8125,1,1,2,0,0,0.056674569892759985,0.10999718960409438
0.21052631578947367,0,1,0.012193495577398055,0.1111111111111111,0.5625,0.6785714285714286,0.5263157894736843,0.75,0,0,0,1,1,0.011914721048134975,0.009912072048503738
0.26315789473684215,0,1,0.009334793012271142,0.0,0.5625,0.42857142857142855,0.2631578947368421,1.0,0,0,4,1,0,0.0186748548753063,0.009763353290461763
0.2807017543859649,0,9,0.08700006539709373,0.2222222222222222,0.5833333333333334,0.4761904761904761,0.21052631578947367,0.75,1,1,0,1,3,0.05764012448849223,0.08304212797680405
0.0,0,3,0.17028000427550788,0.5555555555555556,0.47916666666666663,0.39285714285714285,0.15789473684210525,0.8333333333333333,1,1,3,0,4,0.05630566044770981,0.12877835928802672
0.5964912280701754,1,6,0.0076087839163454605,0.2222222222222222,0.6458333333333333,0.5238095238095237,0.21052631578947367,1.0,1,1,1,1,0,0.004697666522594353,0.006549928602673999
0.29824561403508765,1,9,0.467401129374221,1.0,0.575,0.39285714285714285,0.3210526315789473,0.65,0,1,2,1,6,0.09299861915877185,0.5389943616728349
0.38596491228070173,0,4,0.03730558441786807,0.1111111111111111,0.3125,0.42857142857142855,0.15789473684210525,1.0,0,1,2,1,2,0.037033896914974995,0.04107448117864118
0.49122807017543857,0,6,0.0917529127885301,1.0,0.56875,0.4857142857142857,0.3052631578947368,0.55,0,1,3,1,0,0.017847773074841117,0.10057833492810268
0.07017543859649122,1,9,0.07548128605854482,0.2222222222222222,0.625,0.4761904761904761,0.22807017543859648,0.5833333333333334,0,1,2,1,0,0.04995877107568131,0.08547949477327973
0.38596491228070173,0,1,0.018950536680953263,0.1111111111111111,0.4375,0.8571428571428572,0.3157894736842105,0.75,0,1,0,2,3,0.01867366909494721,0.018896429091057303
0.22807017543859642,0,3,0.17503087592393154,0.8888888888888888,0.625,0.5714285714285714,0.40935672514619886,0.9166666666666667,1,1,4,0,0,0.0384050103524115,0.2070164164087311
0.4736842105263158,0,8,0.17209353878689776,0.4444444444444445,0.48750000000000004,0.47142857142857136,0.2526315789473684,0.55,0,1,2,1,7,0.0684052973551762,0.19959384328985988
0.0,0,4,0.0419258594531499,0.3333333333333333,0.359375,0.41071428571428564,0.13157894736842105,0.8125,0,1,4,1,1,0.020545522206800487,0.046906455522048814
0.26315789473684215,1,1,0.07963568089142363,0.2222222222222222,0.5416666666666666,0.5952380952380953,0.24561403508771928,0.75,1,1,0,1,0,0.05272914925463493,0.08096793257703827
0.15789473684210525,1,6,0.08264750354003755,0.1111111111111111,0.625,0.6785714285714286,0.2368421052631579,0.625,1,1,1,0,1,0.08238861223974345,0.0841583717333887
0.38596491228070173,1,6,0.1244362464281036,0.3333333333333333,0.546875,0.46428571428571425,0.15789473684210525,0.625,0,0,2,1,7,0.06181235855863653,0.10304536964762943
0.38596491228070173,1,3,0.052135906620062844,0.1111111111111111,0.46875,0.49999999999999994,0.47368421052631576,0.375,1,1,2,1,4,0.051868404467308914,0.042452238672279874
0.14035087719298245,0,6,0.1859075387833414,0.2222222222222222,0.47916666666666663,0.5238095238095237,0.3508771929824561,0.8333333333333333,0,1,1,1,0,0.12359704890889431,0.14960737394805648
0.14035087719298245,0,7,0.0011982881372240458,0.0,0.5625,0.21428571428571425,0.2631578947368421,0.75,0,1,3,1,4,0.002397252625960013,0.0010733532288510598
0.26315789473684215,0,6,0.7867473876231951,0.5555555555555556,0.46875,0.5119047619047619,0.2192982456140351,0.625,1,1,4,0,2,0.26185278049354416,0.691505874580514
0.10526315789473684,0,7,0.07800075354838505,0.3333333333333333,0.5625,0.48214285714285715,0.3289473684210526,0.875,0,0,2,0,0,0.03858805970562211,0.09223079558848413
0.4736842105263158,1,6,0.17131450331697617,0.5555555555555556,0.47916666666666663,0.4047619047619047,0.22807017543859648,0.7916666666666667,1,1,2,0,4,0.056650590778831736,0.16001190508349908
0.21052631578947367,1,5,0.00616609636844604,0.0,0.4375,0.2857142857142857,0.05263157894736842,0.5,0,1,1,0,4,0.012335673075611876,0.004580187040615198
0.0,1,6,0.02502199495908928,0.4444444444444445,0.5625,0.5714285714285714,0.23157894736842105,0.8,1,1,2,0,0,0.009560077463078258,0.02214056434455928
0.21052631578947367,1,1,0.18376603093183747,0.3333333333333333,0.546875,0.48214285714285715,0.40789473684210525,0.875,1,1,2,1,2,0.09148562270959111,0.20871805662781875
0.07017543859649122,0,9,0.027261894812627446,0.2222222222222222,0.5416666666666666,0.3809523809523809,0.08771929824561403,0.33333333333333337,1,1,0,1,0,0.017803438064748482,0.02421106310215576
0.0,1,0,0.002206312222321668,0.0,0.1875,0.42857142857142855,0.21052631578947367,1.0,0,0,0,1,4,0.0044138697566521775,0.002143673315409358
0.03508771929824561,1,6,0.044139877073221236,0.4444444444444445,0.5875,0.5857142857142856,0.34736842105263155,0.7,0,1,2,0,0,0.017209388455519104,0.04571850638594935
0.3157894736842105,1,6,0.0729975795172351,0.6666666666666665,0.5,0.4693877551020407,0.2556390977443609,0.8214285714285714,0,1,3,1,0,0.02037853892266151,0.05774937050449214
0.5614035087719298,0,0,0.23561486209214985,0.8888888888888888,0.4444444444444444,0.5079365079365079,0.2573099415204678,0.8055555555555556,1,1,2,1,1,0.05187191789059511,0.2235137247319105
0.3508771929824561,1,1,0.011663008578478587,0.0,0.375,0.5714285714285714,0.05263157894736842,1.0,1,1,1,0,5,0.023332600125811294,0.013161420515321398
0.15789473684210525,0,0,0.010288089015915993,0.1111111111111111,0.71875,0.17857142857142855,0.2631578947368421,0.5,0,1,0,0,0,0.010008776750957862,0.011002865845538176
0.38596491228070173,1,7,0.16995776059013074,0.4444444444444445,0.525,0.39999999999999997,0.4421052631578947,0.6,1,1,3,1,3,0.0675507449763921,0.15241857553211505
0.19298245614035092,0,1,0.0725255745114926,0.4444444444444445,0.5625,0.5285714285714285,0.2526315789473684,0.8500000000000001,1,1,2,0,0,0.02856687178690578,0.07341915230307917
0.14035087719298245,1,7,0.03337029948510162,0.3333333333333333,0.453125,0.35714285714285715,0.28947368421052627,0.75,1,0,2,0,0,0.016266534965994783,0.027625623038232287
0.05263157894736842,0,0,0.025723581302911632,0.1111111111111111,0.40625,0.42857142857142855,0.3684210526315789,0.875,0,0,2,0,3,0.02544862517660716,0.03058871870117056
0.0,0,9,0.2409730771426884,0.1111111111111111,0.40625,0.49999999999999994,0.21052631578947367,0.75,1,1,0,0,0,0.24075886780900793,0.2840606476801438
0.21052631578947367,0,6,0.11792656834974287,0.3333333333333333,0.53125,0.5357142857142856,0.2368421052631579,0.5625,1,1,2,1,6,0.05855660095269546,0.12354903240391218
0.3157894736842105,0,3,0.02854909138542459,0.2222222222222222,0.8541666666666667,0.5714285714285714,0.21052631578947367,0.8333333333333333,1,1,0,1,1,0.01866181129135631,0.029884081832283346
0.26315789473684215,1,6,0.4312404880322331,0.1111111111111111,0.4375,0.49999999999999994,0.15789473684210525,0.5,0,0,2,1,2,0.4310799751539488,0.39956507583092704
0.21052631578947367,1,7,0.0701612028481521,0.7777777777777777,0.6171875,0.5892857142857142,0.24342105263157893,0.6875,1,1,2,1,1,0.017051373341167388,0.0516895787391891
0.08771929824561403,1,9,0.0014187810574453209,0.0,0.5625,0.35714285714285715,0.5263157894736843,0.75,1,1,2,1,4,0.0028383629195414426,0.0016678965110806852
0.42105263157894735,0,1,0.039754715456454925,0.1111111111111111,0.53125,0.5357142857142856,0.42105263157894735,0.5,0,1,0,1,0,0.03948371913685466,0.031608328440021746
0.017543859649122806,1,8,0.10816106336069539,0.7777777777777777,0.46875,0.48214285714285715,0.21052631578947367,0.78125,1,1,2,0,6,0.026554019508853725,0.10087439805158524
0.45614035087719296,1,2,0.0009027169825188235,0.1111111111111111,0.59375,0.6071428571428572,0.3157894736842105,0.75,0,1,3,1,0,0.0006207560179835449,0.0007423141833051109
0.07017543859649122,0,8,0.31125401001741226,0.3333333333333333,0.671875,0.6428571428571428,0.3289473684210526,0.6875,1,1,2,0,2,0.15524760180863126,0.3442324562338895
0.12280701754385964,0,0,0.11703531067669791,0.8888888888888888,0.5972222222222222,0.5714285714285714,0.29239766081871343,0.8333333333333333,1,1,4,0,0,0.025513469795132946,0.09127905240843348
0.0,1,6,0.12865070384856958,0.5555555555555556,0.47916666666666663,0.4404761904761904,0.32456140350877194,0.6666666666666666,1,1,2,0,4,0.042425310824323534,0.1483696149283681
0.17543859649122806,0,6,0.08854885034477704,0.4444444444444445,0.55,0.6000000000000001,0.2736842105263158,0.8999999999999999,0,1,2,1,0,0.03497799092838499,0.07274105542925362
0.49122807017543857,0,1,0.03363050483987887,0.2222222222222222,0.5208333333333334,0.4523809523809524,0.22807017543859648,0.75,0,1,2,1,1,0.02205037629751545,0.02514650314238281
0.4035087719298246,1,6,0.014130909175686428,0.1111111111111111,0.53125,0.5714285714285714,0.07894736842105263,0.75,0,0,0,0,2,0.013852681415007511,0.016573373844740082
0.49122807017543857,1,7,0.027622665486752938,0.3333333333333333,0.59375,0.5178571428571428,0.14473684210526316,0.5625,0,1,2,0,0,0.013391906930471174,0.028654426989658408
0.4035087719298246,0,7,0.06124921884060635,0.1111111111111111,0.625,0.6785714285714286,0.07894736842105263,0.875,1,0,2,0,2,0.06098428860787211,0.06167311920296603
0.05263157894736842,0,8,0.08806499088095812,0.1111111111111111,0.46875,0.7142857142857142,0.28947368421052627,0.5,0,0,4,1,2,0.08780762848078413,0.07471349838366692
0.22807017543859642,1,7,0.08015233768925395,0.3333333333333333,0.46875,0.5535714285714286,0.21052631578947367,0.75,1,1,2,0,5,0.03966415538149617,0.09409480370593117
0.12280701754385964,1,5,0.029306591256507357,0.0,0.9375,0.5714285714285714,0.47368421052631576,0.5,1,0,2,2,5,0.05862972407483933,0.022300278243412516
0.5614035087719298,0,8,0.11899327200231873,0.0,0.5625,0.5714285714285714,0.15789473684210525,0.75,0,1,1,0,2,0.23805370754980423,0.08725122901503918
0.03508771929824561,0,9,0.06797840196768198,0.3333333333333333,0.625,0.49999999999999994,0.2631578947368421,0.5625,1,1,2,1,6,0.03357546968265948,0.0643576870963018
0.4736842105263158,0,6,0.031679853763405166,0.1111111111111111,0.5625,0.3214285714285714,0.3947368421052631,1.0,0,1,2,0,0,0.03140657859085418,0.026337248456533416
0.4736842105263158,1,7,0.018004550926455535,0.2222222222222222,0.5208333333333334,0.49999999999999994,0.14035087719298245,0.5833333333333334,1,1,2,2,0,0.011630133761953407,0.014665764306834571
0.6666666666666666,1,1,0.013552806770160037,0.1111111111111111,0.59375,0.42857142857142855,0.2368421052631579,0.625,1,0,3,1,7,0.013274415859891354,0.015678312511285424
0.21052631578947367,0,1,0.07837021749176659,0.0,0.6875,0.2857142857142857,0.10526315789473684,1.0,1,1,2,1,2,0.15678466959910148,0.07065226303220393
0.4385964912280701,1,1,0.05497544447796623,0.0,1.0,0.35714285714285715,0.42105263157894735,0.5,0,0,2,0,2,0.10998191882582448,0.06279732495806918
0.7719298245614034,2,5,0.023078061408858874,0.2222222222222222,0.4375,0.5952380952380953,0.22807017543859648,0.5833333333333334,1,1,3,1,0,0.015013428633183256,0.025537731105300752
0.15789473684210525,0,7,0.026474758796353647,0.1111111111111111,0.5,0.5714285714285714,0.2368421052631579,0.75,1,1,3,0,5,0.026200014664150437,0.022412599293941345
0.0,1,3,0.06678623863379742,0.3333333333333333,0.65625,0.42857142857142855,0.15789473684210525,0.625,0,1,3,1,0,0.03297921979209713,0.08008884263346894
0.0,0,4,0.03971045881296965,0.1111111111111111,0.53125,0.5357142857142856,0.13157894736842105,0.625,0,1,3,1,3,0.03943945000344863,0.03627477046458735
0.4385964912280701,1,6,0.07241196928826032,0.4444444444444445,0.6375,0.5571428571428572,0.29473684210526313,0.7,1,1,2,0,0,0.02852141687314067,0.06281803563278696
0.0,0,7,0.11885951420035655,0.6666666666666665,0.6696428571428572,0.5612244897959184,0.2857142857142857,0.7857142857142858,1,1,3,1,4,0.033485646820458424,0.12466745623151976
0.21052631578947367,1,0,0.20085442982328758,0.0,0.4375,0.5714285714285714,0.10526315789473684,1.0,1,0,2,1,2,0.4018222282038253,0.20126908569243085
0.38596491228070173,1,6,0.006460482077343621,0.1111111111111111,0.65625,0.21428571428571425,0.4473684210526316,0.875,0,1,2,1,1,0.0061800896015165325,0.007172054522628426
0.33333333333333337,0,3,0.019332250231013752,0.0,0.5625,0.35714285714285715,0.3684210526315789,0.75,1,0,2,1,5,0.038675412192075063,0.017803834365786537
0.38596491228070173,0,6,0.02670374741152969,0.1111111111111111,0.375,0.49999999999999994,0.3947368421052631,0.75,1,1,1,1,4,0.02642906790351463,0.02184137329308733
0.33333333333333337,1,9,0.09316319815102066,0.2222222222222222,0.5416666666666666,0.4523809523809524,0.2982456140350877,0.75,0,1,4,1,0,0.0617500392130977,0.10127088662066717
0.5614035087719298,0,1,0.09036594119358982,0.3333333333333333,0.578125,0.44642857142857145,0.381578947368421,0.9375,1,1,0,1,0,0.044772398353425384,0.08764222001371551
0.08771929824561403,1,1,0.14458724456359495,0.3333333333333333,0.359375,0.6607142857142856,0.3157894736842105,0.6875,1,1,3,1,1,0.07189070109066101,0.10764830525544036
0.14035087719298245,1,3,0.23392836785647886,0.1111111111111111,0.5625,0.5357142857142856,0.18421052631578946,0.875,0,1,2,0,2,0.2337121703950565,0.23503028166043688
0.12280701754385964,1,6,0.06301928700571602,0.3333333333333333,0.484375,0.5714285714285714,0.15789473684210525,0.375,1,1,2,1,1,0.031095212431563175,0.05539603122809562
0.45614035087719296,1,1,0.03100434722735092,0.3333333333333333,0.609375,0.5714285714285714,0.35526315789473684,0.875,1,1,3,1,7,0.01508322498265302,0.03251433752143934
0.4736842105263158,1,7,0.046045876357607124,0.2222222222222222,0.6041666666666666,0.5238095238095237,0.14035087719298245,0.6666666666666666,0,1,1,1,4,0.03032962651805413,0.05119347040292926
0.38596491228070173,1,1,0.045817875613937444,0.3333333333333333,0.640625,0.44642857142857145,0.2763157894736842,0.875,1,1,2,1,4,0.022492079481276423,0.053785953991970704
0.543859649122807,1,3,0.03081862738415379,0.3333333333333333,0.59375,0.5535714285714286,0.3157894736842105,0.6875,1,1,0,0,0,0.014990338854524313,0.030445307942140915
0.03508771929824561,1,3,0.0225827426355661,0.0,0.625,0.49999999999999994,0.21052631578947367,1.0,0,0,3,2,2,0.04517823168132389,0.01931505012030675
0.6491228070175438,1,3,0.012126122740663775,0.0,0.4375,0.5714285714285714,0.2631578947368421,0.25,0,1,0,1,0,0.024259089846380175,0.010497326332461778
0.6140350877192983,0,2,0.0019249664173081411,0.1111111111111111,0.75,0.39285714285714285,0.28947368421052627,0.75,1,1,2,1,1,0.0016432939476387063,0.0018598849396428382
0.4385964912280701,1,1,0.10952531391098921,0.0,0.5,0.42857142857142855,0.3684210526315789,1.0,1,1,2,1,2,0.2191124473538224,0.08113067961818426
0.6666666666666666,0,6,0.08010610530275594,0.0,0.375,0.49999999999999994,0.42105263157894735,1.0,1,0,2,2,2,0.16025742501075602,0.08000367768502999
0.0,0,0,0.06424819915963746,0.4444444444444445,0.5,0.4857142857142857,0.2631578947368421,0.75,0,1,3,1,6,0.025254987243967787,0.06042261150707836
0.17543859649122806,0,9,0.12114900520351438,0.1111111111111111,0.78125,0.46428571428571425,0.3157894736842105,0.625,0,0,2,1,5,0.12090097963244366,0.13729769770282124
0.14035087719298245,0,1,0.04139280398831388,0.6666666666666665,0.5089285714285714,0.489795918367347,0.22556390977443608,0.5714285714285714,0,1,2,1,3,0.011346054667354305,0.03982070337621912
0.4385964912280701,0,7,0.0427809610290618,0.4444444444444445,0.44999999999999996,0.4142857142857142,0.3578947368421052,0.75,1,0,3,1,7,0.016665668634864433,0.044565343600519995
0.07017543859649122,1,7,0.14106449477188765,0.3333333333333333,0.5,0.42857142857142855,0.3684210526315789,0.8125,0,1,2,0,0,0.07012882910711332,0.14815999636022925
0.45614035087719296,0,3,0.15062630065632207,0.5555555555555556,0.5,0.4761904761904761,0.4298245614035087,0.8333333333333333,0,1,2,0,6,0.0497525770465729,0.18029571241640494
0.5789473684210525,0,2,0.03541302018596879,0.2222222222222222,0.39583333333333337,0.3809523809523809,0.3157894736842105,0.75,0,0,2,1,5,0.023239055230816427,0.04051074324782242
0.4385964912280701,0,6,0.05460064602845031,0.2222222222222222,0.5,0.6666666666666667,0.4385964912280702,0.75,0,1,3,1,0,0.03603441582563547,0.04395184317896061
0.3508771929824561,0,0,0.020483120535932146,0.2222222222222222,0.45833333333333337,0.4047619047619047,0.3508771929824561,0.9166666666666667,1,0,2,1,7,0.013282979829151446,0.020201154205428094
0.08771929824561403,1,6,0.14612555807331076,0.2222222222222222,0.27083333333333337,0.5714285714285714,0.4385964912280702,0.9166666666666667,1,1,2,0,3,0.0970682437018429,0.17309640700598997
0.10526315789473684,0,7,0.1993906018251519,0.8888888888888888,0.5694444444444444,0.5555555555555556,0.391812865497076,0.8333333333333333,1,1,2,1,1,0.04381981048550876,0.1943261281986026
0.543859649122807,0,5,0.024098532674936734,0.1111111111111111,0.625,0.49999999999999994,0.3684210526315789,0.875,1,1,2,0,4,0.023823117934354803,0.0261321322089854
0.45614035087719296,1,7,0.009580773017356705,0.0,0.5,0.49999999999999994,0.15789473684210525,0.5,1,0,1,0,6,0.019166953724328594,0.010203869815637081
0.2807017543859649,1,6,0.09842479936823642,0.7777777777777777,0.46875,0.47321428571428564,0.28947368421052627,0.6875,0,1,1,0,0,0.0241192665790375,0.10090994268782853
0.19298245614035092,0,4,0.044512897354025686,0.2222222222222222,0.5416666666666666,0.5238095238095237,0.22807017543859648,0.5833333333333334,1,1,2,1,1,0.02930735209514543,0.03940511548926244
0.0,0,9,0.11836182453544848,0.2222222222222222,0.5208333333333334,0.42857142857142855,0.24561403508771928,1.0,0,1,2,1,0,0.07855386443513342,0.10515866414726285
0.07017543859649122,0,0,0.01766847703998924,0.1111111111111111,0.5625,0.5714285714285714,0.28947368421052627,0.75,1,0,0,0,5,0.01739124763659152,0.02088100461464164
0.6842105263157895,0,7,0.05452833383418419,0.1111111111111111,0.46875,0.5357142857142856,0.42105263157894735,0.75,1,1,2,1,2,0.054261506862012115,0.0639271230692746
0.017543859649122806,1,6,0.10063526065088484,0.1111111111111111,0.5,0.5357142857142856,0.3947368421052631,1.0,1,0,0,0,1,0.10038144577851323,0.09625553844673733
0.33333333333333337,1,8,0.0015292250918572323,0.0,0.375,0.35714285714285715,0.3684210526315789,1.0,0,0,4,1,4,0.003059313326451855,0.0012086124179689038
0.5087719298245613,1,3,0.07880389308306202,0.1111111111111111,0.5,0.46428571428571425,0.5526315789473684,0.75,0,0,2,0,3,0.0785439170554544,0.0702371964665788
0.017543859649122806,1,9,0.024230512308187457,0.1111111111111111,0.46875,0.6071428571428572,0.2368421052631579,0.625,0,1,2,0,3,0.02395513481433347,0.021441140688987753
0.33333333333333337,1,1,0.012895872218425503,0.1111111111111111,0.5625,0.49999999999999994,0.13157894736842105,0.625,1,1,2,1,4,0.01261729591089572,0.00987065069906821
0.49122807017543857,1,1,0.04151925154112894,0.4444444444444445,0.5625,0.5142857142857142,0.21052631578947367,0.75,1,1,3,1,1,0.016160842409987903,0.03918009424541818
0.29824561403508765,0,4,0.03921553518827942,0.2222222222222222,0.5833333333333334,0.49999999999999994,0.3859649122807018,0.6666666666666666,0,0,2,0,4,0.02577478065204349,0.031658849216335556
0.8947368421052632,0,3,0.04133965650127129,0.2222222222222222,0.39583333333333337,0.7380952380952381,0.4035087719298245,0.5,0,1,2,1,4,0.027191261167662947,0.03302949778272559
0.0,1,6,0.053758386782121186,0.2222222222222222,0.39583333333333337,0.5238095238095237,0.3859649122807018,0.6666666666666666,0,1,2,0,5,0.03547275119554657,0.06378399666733492
0.5087719298245613,1,6,0.048827722519538624,0.1111111111111111,0.53125,0.3214285714285714,0.18421052631578946,0.75,0,1,2,0,6,0.048559286745208805,0.05090579581360014
0.24561403508771928,1,7,0.040469736852763886,0.4444444444444445,0.35,0.5428571428571427,0.23157894736842105,0.8,0,0,2,0,6,0.015740918058822218,0.029374371748554406
0.45614035087719296,0,6,0.02110528201064254,0.1111111111111111,0.6875,0.5714285714285714,0.42105263157894735,0.625,1,1,1,0,5,0.02082902252765289,0.01550475990072146
0.38596491228070173,1,7,0.02713169334808818,0.0,0.625,0.6428571428571428,0.8421052631578947,1.0,1,1,4,1,5,0.05427870067721892,0.029765267961534073
0.14035087719298245,1,7,0.07442742473555174,0.7777777777777777,0.4765625,0.5982142857142856,0.29605263157894735,0.53125,1,1,0,0,1,0.018118229811743533,0.08551608205218618
0.33333333333333337,0,0,0.1343487466972986,0.2222222222222222,0.5208333333333334,0.5238095238095237,0.14035087719298245,0.6666666666666666,1,1,2,1,1,0.08921482038359071,0.10402265757292695
0.0,0,1,0.0016060814950526407,0.0,0.3125,0.7142857142857142,0.7894736842105263,0.75,0,0,4,1,6,0.00321306951301384,0.001588560882985636
0.42105263157894735,1,4,0.005991243111818954,0.1111111111111111,0.34375,0.3214285714285714,0.3684210526315789,1.0,1,1,0,1,0,0.005710718209376794,0.0044731739890986975
0.3508771929824561,1,6,0.008794229723986725,0.3333333333333333,0.546875,0.35714285714285715,0.18421052631578946,0.6875,1,1,3,2,4,0.003975032208759003,0.008292089707079023
0.42105263157894735,1,3,0.05599097638651224,0.4444444444444445,0.5125,0.5142857142857142,0.23157894736842105,0.8500000000000001,1,1,2,1,0,0.0219511660074716,0.05641350828877221
0.5087719298245613,0,6,0.07956712260888171,0.0,0.25,0.49999999999999994,0.2631578947368421,0.75,1,0,3,2,5,0.15917915540422362,0.0812097782820377
0.36842105263157887,0,0,0.010262404356750434,0.1111111111111111,0.625,0.42857142857142855,0.10526315789473684,0.75,1,0,3,0,1,0.009983084843177583,0.009640463634756588
0.3157894736842105,1,4,0.19741268549510246,0.6666666666666665,0.5089285714285714,0.49999999999999994,0.13533834586466165,0.7142857142857143,0,1,3,1,3,0.05593574403044993,0.17837089927455768
0.10526315789473684,0,5,0.34778431287708295,0.2222222222222222,0.5833333333333334,0.3333333333333333,0.1929824561403509,0.33333333333333337,1,1,3,0,2,0.2315453544188797,0.38840486572895183
0.14035087719298245,1,3,0.2805776361301754,0.6666666666666665,0.5982142857142857,0.5306122448979591,0.3684210526315789,0.7142857142857143,1,1,2,1,6,0.07970386434243551,0.29219141213152655
0.543859649122807,1,7,0.0035432975190397417,0.0,0.75,0.6428571428571428,0.2631578947368421,1.0,0,1,2,1,1,0.00708859498663922,0.002950536558132305
0.5964912280701754,1,5,0.23616945315582472,0.2222222222222222,0.47916666666666663,0.6428571428571428,0.3157894736842105,0.5833333333333334,0,1,2,1,2,0.15711444829230173,0.2463008223133113
0.24561403508771928,0,8,0.10525237449734628,0.0,0.75,0.35714285714285715,0.21052631578947367,1.0,1,1,2,1,2,0.2105641567451436,0.0999640762209701
0.29824561403508765,1,4,0.011860385305450858,0.3333333333333333,0.3125,0.5357142857142856,0.3289473684210526,0.6875,1,0,3,1,1,0.005508542658151974,0.010444862449366665
0.10526315789473684,1,1,0.18750235854322148,0.6666666666666665,0.5267857142857143,0.5816326530612244,0.3233082706766917,0.6428571428571429,1,1,2,1,1,0.0531034229441667,0.18852728145617373
0.543859649122807,1,4,0.10501311201850401,0.2222222222222222,0.5833333333333334,0.5238095238095237,0.3508771929824561,0.75,1,1,0,0,3,0.06965221127944579,0.11064595030480712
0.42105263157894735,1,6,0.04237613128575231,0.2222222222222222,0.6875,0.5238095238095237,0.3859649122807018,1.0,1,1,2,0,1,0.027882439363639107,0.046170255016177546
0.7017543859649124,0,1,0.2996346653595151,0.2222222222222222,0.6041666666666666,0.4761904761904761,0.2982456140350877,0.6666666666666666,0,1,2,1,5,0.19943653034869782,0.2522112318206958
0.10526315789473684,1,6,0.01969776268836981,0.2222222222222222,0.5833333333333334,0.5238095238095237,0.3859649122807018,0.6666666666666666,1,1,2,0,0,0.012759260170553422,0.01787298053149184
0.21052631578947367,1,1,0.010073720899034197,0.0,0.5,0.2857142857142857,0.21052631578947367,0.75,1,0,0,1,3,0.020153127722971665,0.007479302358315527
0.33333333333333337,0,0,0.16608332854215654,0.2222222222222222,0.5,0.5238095238095237,0.15789473684210525,0.8333333333333333,1,1,2,1,4,0.11037717894552108,0.15119465522413736
0.42105263157894735,0,9,0.0018726092274706518,0.1111111111111111,0.78125,0.5357142857142856,0.2631578947368421,0.875,0,0,2,0,1,0.0015909219817789037,0.0016008830235499803
0.24561403508771928,0,0,0.015936738289326624,0.2222222222222222,0.5833333333333334,0.8095238095238095,0.3684210526315789,0.8333333333333333,0,0,2,0,3,0.010251202957705126,0.017824213290566028
0.10526315789473684,0,2,0.09133385769552892,0.3333333333333333,0.484375,0.48214285714285715,0.22368421052631576,0.625,1,1,4,1,0,0.045256493185023824,0.07982017257631789
0.4736842105263158,1,7,0.017051452497111957,0.1111111111111111,0.6875,0.5357142857142856,0.3684210526315789,0.5,1,0,3,1,1,0.016774048959685244,0.012612706117421468
0.4385964912280701,0,0,0.009648738576994805,0.1111111111111111,0.6875,0.49999999999999994,0.42105263157894735,0.875,0,1,2,1,4,0.00936924587728873,0.008285928636796851
0.10526315789473684,0,1,0.02340899836349206,0.0,0.625,0.21428571428571425,0.736842105263158,0.75,1,0,3,1,6,0.04683120950189516,0.017190950051255368
0.5789473684210525,1,5,0.009937592205456725,0.0,0.625,0.5714285714285714,0.2631578947368421,1.0,1,1,2,2,3,0.019880793500500694,0.008026500185069074
0.543859649122807,0,2,0.018060662028017222,0.0,0.6875,0.35714285714285715,0.3684210526315789,1.0,1,0,3,0,7,0.036131518061707606,0.01506149459034333
0.3157894736842105,1,2,0.04555944842787165,0.5555555555555556,0.48958333333333337,0.6309523809523809,0.22807017543859648,0.625,0,1,2,0,0,0.01472040913111483,0.05177739768713422
0.29824561403508765,2,3,0.2438390899569624,0.0,0.8125,0.6428571428571428,0.21052631578947367,0.75,1,0,3,1,2,0.4878158103652618,0.26952118531409375
0.4035087719298246,0,9,0.03574553773501216,0.4444444444444445,0.6125,0.39999999999999997,0.34736842105263155,0.65,0,1,3,1,1,0.013850705114409029,0.041733668305985294
0.10526315789473684,0,1,0.02549716115365215,0.3333333333333333,0.625,0.46428571428571425,0.18421052631578946,0.875,1,1,2,0,3,0.01232885483854711,0.024964372426272134
0.29824561403508765,0,1,0.10486335069813867,0.3333333333333333,0.578125,0.41071428571428564,0.4473684210526316,0.625,1,1,3,1,0,0.05202314880417014,0.07897814384013825
0.0,0,0,0.060283278081679985,0.3333333333333333,0.59375,0.39285714285714285,0.2368421052631579,0.625,1,0,3,1,0,0.02972682189717347,0.049965000381512435
0.4736842105263158,1,7,0.3986357889645664,0.7777777777777777,0.5234375,0.43749999999999994,0.25,0.8125,0,1,2,0,6,0.09919319504367524,0.3689458361354356
0.0,1,9,0.24107048127321626,1.0,0.55625,0.5571428571428572,0.2526315789473684,0.65,1,1,2,1,6,0.04771971472496121,0.20125690573041147
0.6140350877192983,1,1,0.1619874157024547,0.2222222222222222,0.5,0.5952380952380953,0.24561403508771928,0.75,1,0,2,0,1,0.10764579976504421,0.16332537607409967
0.22807017543859642,1,1,0.0018334895158184903,0.0,0.375,0.5714285714285714,0.21052631578947367,1.0,1,0,4,0,4,0.0036680139107846525,0.0013815489215046473
0.24561403508771928,0,9,0.18530671533316856,0.2222222222222222,0.4375,0.4523809523809524,0.2982456140350877,0.8333333333333333,1,1,2,1,2,0.12319638690089516,0.1423821920424564
0.15789473684210525,1,7,0.027032906197451412,0.1111111111111111,0.4375,0.6428571428571428,0.34210526315789475,0.875,0,1,3,0,5,0.026758319583221918,0.021558532774287296
0.22807017543859642,1,7,0.41635701834299577,0.3333333333333333,0.703125,0.48214285714285715,0.2763157894736842,0.625,1,1,3,1,1,0.2078139368322945,0.3834841610731258
0.5964912280701754,0,1,0.1946871480090339,0.2222222222222222,0.4375,0.4523809523809524,0.2631578947368421,0.9166666666666667,1,1,3,0,2,0.1294517735552139,0.1796683258902865
0.0,0,1,0.018315137728057547,0.0,0.375,0.8571428571428572,0.05263157894736842,1.0,0,0,4,1,6,0.03664061309587686,0.016837683759845273
0.5614035087719298,1,2,0.00020409425321557117,0.0,0.4375,0.49999999999999994,0.15789473684210525,0.5,1,0,3,0,1,0.00040830370364661054,0.00034961704208911473
0.36842105263157887,1,6,0.015120953999368155,0.1111111111111111,0.71875,0.6428571428571428,0.28947368421052627,0.5,0,1,1,1,0,0.014843005644907396,0.01633617263887645
0.03508771929824561,1,9,0.2581164016898925,0.2222222222222222,0.6458333333333333,0.6190476190476191,0.3859649122807018,1.0,1,0,2,1,2,0.17174987649768175,0.2163782100953402
0.07017543859649122,0,0,0.03054557969979375,0.1111111111111111,0.46875,0.5714285714285714,0.21052631578947367,0.75,1,1,2,1,3,0.030271984417265037,0.022203265082892464
0.6491228070175438,1,6,0.22825759026132558,0.7777777777777777,0.5078125,0.49999999999999994,0.35526315789473684,0.78125,1,1,2,1,0,0.05658662451612749,0.2619692297192969
0.08771929824561403,0,2,0.017610390195414816,0.0,0.375,0.49999999999999994,0.15789473684210525,0.25,0,0,2,0,7,0.035230720248919004,0.020296603401953443
0.05263157894736842,1,3,0.0007857529961648852,0.0,0.875,0.42857142857142855,0.6842105263157894,1.0,1,0,2,1,1,0.0015719494960334656,0.0008278108816823324
0.5263157894736842,1,6,0.02196393992397736,0.0,0.875,0.42857142857142855,0.2631578947368421,1.0,0,0,2,0,7,0.043940276986434074,0.023877559628496945
0.36842105263157887,0,1,0.02566608718124103,0.2222222222222222,0.5625,0.5476190476190474,0.24561403508771928,0.9166666666666667,0,1,0,1,1,0.01673926606915194,0.027393350688594394
0.08771929824561403,1,7,0.020486874447656345,0.5555555555555556,0.47916666666666663,0.6190476190476191,0.34210526315789475,0.5833333333333334,0,1,2,0,4,0.006360525846158042,0.017132656847816355
0.33333333333333337,1,2,0.0764494001347852,0.5555555555555556,0.5416666666666666,0.5714285714285714,0.3771929824561403,0.75,1,1,2,1,3,0.02501996557679618,0.08343913786721757
0.07017543859649122,1,2,0.00786187659627687,0.0,0.75,0.35714285714285715,0.42105263157894735,1.0,1,0,2,1,3,0.015728190682967984,0.007517974922548238
0.5263157894736842,0,3,0.09774218015733632,0.5555555555555556,0.47916666666666663,0.5714285714285714,0.3157894736842105,0.5833333333333334,0,1,2,0,5,0.03211956197010028,0.07654968689914755
0.5087719298245613,0,0,0.1319043574419423,0.2222222222222222,0.5625,0.4761904761904761,0.2807017543859649,0.75,1,0,0,1,1,0.08758476764996183,0.12066024872714659
0.4035087719298246,1,0,0.024468391766920807,0.2222222222222222,0.35416666666666663,0.49999999999999994,0.2631578947368421,0.5,0,1,0,1,0,0.0159405771206183,0.02453954293389219
0.36842105263157887,1,3,0.1431125499788892,0.6666666666666665,0.5089285714285714,0.510204081632653,0.2932330827067669,0.7142857142857143,1,1,2,1,0,0.040417041210921156,0.16624927785147364
0.6666666666666666,1,5,0.004049878027505109,0.1111111111111111,0.5,0.49999999999999994,0.07894736842105263,0.875,1,1,2,1,1,0.0037688052413072915,0.004435070139045878
0.2807017543859649,0,1,0.025920365306980084,0.2222222222222222,0.5416666666666666,0.35714285714285715,0.6666666666666665,0.41666666666666663,1,1,3,2,1,0.016908832660501794,0.025075840405531128
0.03508771929824561,0,9,0.19898261089302205,0.7777777777777777,0.515625,0.46428571428571425,0.21710526315789475,0.8125,1,1,2,1,2,0.049265814209166515,0.20815180687603882
0.38596491228070173,0,3,0.10204040908154229,0.5555555555555556,0.53125,0.5952380952380953,0.3070175438596491,0.7083333333333334,0,1,2,0,1,0.03355270928743362,0.09880171922296582
0.7368421052631579,0,5,0.011865917385886517,0.0,0.1875,0.35714285714285715,0.42105263157894735,0.25,0,1,3,1,7,0.023738532268739725,0.012974834871468227
0.07017543859649122,1,3,0.048698113777903174,0.3333333333333333,0.5,0.46428571428571425,0.42105263157894735,0.625,0,1,2,0,1,0.023932604987510767,0.037850772242767027
0.21052631578947367,1,6,0.02285203640820194,0.2222222222222222,0.6041666666666666,0.42857142857142855,0.14035087719298245,0.8333333333333333,1,1,2,1,2,0.014862702774205611,0.019722818187289905
0.36842105263157887,1,3,0.005488614089379057,0.0,0.8125,0.49999999999999994,0.47368421052631576,1.0,1,0,2,0,7,0.01098032612517216,0.004141281872282909
0.2807017543859649,1,1,0.1557231249062757,0.3333333333333333,0.375,0.5357142857142856,0.35526315789473684,0.875,1,0,4,1,2,0.07746021262227619,0.1865381088263019
0.08771929824561403,1,2,0.10212595875399373,0.4444444444444445,0.32499999999999996,0.6714285714285715,0.3684210526315789,0.6,1,1,0,1,2,0.04041036696147142,0.09942351339298199
0.5263157894736842,0,7,0.1587744624151443,0.8888888888888888,0.4930555555555556,0.4603174603174603,0.40935672514619886,0.75,0,1,2,1,1,0.034791454502562824,0.15738051196598332
0.7719298245614034,0,5,0.1306043185395624,0.1111111111111111,0.34375,0.35714285714285715,0.13157894736842105,1.0,1,0,0,1,0,0.13035896140660427,0.09558957414208283
0.33333333333333337,0,2,0.5189148745195734,0.6666666666666665,0.4821428571428571,0.5408163265306123,0.2631578947368421,0.7142857142857143,1,1,1,0,2,0.1478194360298741,0.44813985439969145
0.10526315789473684,1,2,0.0026885910917303895,0.0,0.0625,0.49999999999999994,0.631578947368421,0.5,1,0,4,1,1,0.005378699708831633,0.0026060379436622255
0.0,0,6,0.03381266834565309,0.4444444444444445,0.4125,0.49999999999999994,0.2526315789473684,0.8999999999999999,0,1,3,1,4,0.01307733916421062,0.031813776437508025
0.3508771929824561,0,4,0.06077049630862054,0.4444444444444445,0.4,0.5285714285714285,0.21052631578947367,0.8,0,1,4,1,1,0.023863513518587794,0.053118236151928205
0.5263157894736842,0,5,0.21610973434752176,0.6666666666666665,0.7232142857142858,0.5306122448979591,0.24060150375939848,0.8571428571428572,1,1,1,1,3,0.06127926558862856,0.19217823691969232
0.38596491228070173,1,5,0.0027721650211690978,0.1111111111111111,0.46875,0.35714285714285715,0.3157894736842105,1.0,1,1,1,0,0,0.0024907316442682632,0.0032387324687929942
0.2807017543859649,1,1,0.014712172770033196,0.3333333333333333,0.546875,0.5357142857142856,0.2631578947368421,0.9375,0,1,3,1,0,0.006934838800077234,0.015504475543631517
0.15789473684210525,1,3,0.03408788934732713,0.0,0.5,0.35714285714285715,0.5263157894736843,0.75,1,0,3,2,5,0.06819501897149759,0.026792409371840974
0.05263157894736842,1,6,0.1075859245696881,0.4444444444444445,0.5375,0.45714285714285713,0.3052631578947368,0.7,1,1,2,0,3,0.04259496964303465,0.09534668579442027
0.4736842105263158,0,3,0.04026761834256105,0.5555555555555556,0.48958333333333337,0.5833333333333333,0.3333333333333333,0.6666666666666666,0,1,2,1,0,0.012955967956789109,0.04476794802710682
0.4736842105263158,1,6,0.015986724587548826,0.1111111111111111,0.75,0.6428571428571428,0.21052631578947367,0.75,1,1,2,1,6,0.015709020567162696,0.016368210204343748
0.0,1,3,0.005269306614965424,0.0,0.5625,0.6428571428571428,0.5263157894736843,0.75,1,0,3,2,1,0.010541587392308911,0.005071176949256004
0.631578947368421,0,2,0.06906940725931449,0.3333333333333333,0.546875,0.5892857142857142,0.2763157894736842,0.9375,1,0,1,1,0,0.03412112627790066,0.06357044449278515
0.4035087719298246,0,1,0.004207542319921397,0.0,0.5625,0.49999999999999994,0.15789473684210525,0.5,0,0,0,1,0,0.008417459509059264,0.00413611605181555
0.5789473684210525,1,7,0.13684035621065926,0.3333333333333333,0.515625,0.49999999999999994,0.3684210526315789,0.75,1,1,2,0,0,0.06801616376733487,0.1486223609884821
0.0,0,9,0.039621352803095276,0.4444444444444445,0.375,0.5285714285714285,0.2736842105263158,0.8500000000000001,0,1,4,0,4,0.015401468668026753,0.029261671555238972
0.0,1,6,0.026402249027786255,0.2222222222222222,0.5208333333333334,0.4761904761904761,0.4385964912280702,0.9166666666666667,1,1,2,0,3,0.017230179137815146,0.024533192292216725
0.26315789473684215,1,5,0.019332250231013752,0.2222222222222222,0.45833333333333337,0.49999999999999994,0.24561403508771928,0.6666666666666666,1,1,0,1,7,0.01251551643007384,0.02280847175599508
0.4035087719298246,1,6,0.08351524987123096,0.1111111111111111,0.78125,0.39285714285714285,0.2368421052631579,0.625,1,1,1,0,4,0.08325660346259722,0.08675829599961708
0.6666666666666666,0,6,0.010781432046196034,0.2222222222222222,0.45833333333333337,0.5952380952380953,0.3333333333333333,0.75,0,0,3,0,0,0.0068133621899571385,0.01004647816635174
0.4385964912280701,0,6,0.23347098334903063,0.7777777777777777,0.6796875,0.39285714285714285,0.381578947368421,0.6875,0,1,2,0,5,0.05789034061343184,0.196264258730829
0.24561403508771928,1,0,0.04080185925320471,0.3333333333333333,0.484375,0.46428571428571425,0.43421052631578944,0.8125,1,1,0,0,0,0.01998336350156197,0.03073279296007674
0.07017543859649122,0,7,0.09516265007990893,0.1111111111111111,0.5,0.35714285714285715,0.5789473684210527,0.875,1,1,1,1,4,0.09490729075077485,0.08246464611997122
0.543859649122807,1,9,0.01549575244888407,0.2222222222222222,0.4375,0.3333333333333333,0.21052631578947367,0.8333333333333333,0,1,3,2,0,0.009957129428650837,0.013556013370470368
0.08771929824561403,0,3,0.05092121981583309,0.1111111111111111,0.3125,0.35714285714285715,0.2368421052631579,0.75,1,0,4,1,5,0.0506533748593615,0.04685076892526764
0.631578947368421,1,6,0.06264271038748864,0.1111111111111111,0.46875,0.42857142857142855,0.28947368421052627,0.625,0,1,0,1,2,0.062378173419982245,0.06338603891995491
0.22807017543859642,1,0,0.1358886408014246,0.2222222222222222,0.4375,0.5476190476190474,0.4385964912280702,0.8333333333333333,1,1,2,1,2,0.09024170617456254,0.13539179430745543
0.631578947368421,0,6,0.14783655152233965,0.3333333333333333,0.484375,0.44642857142857145,0.42105263157894735,0.75,0,0,4,0,0,0.07351581307279367,0.17295057921169582
0.4385964912280701,0,5,0.02641133744564484,0.1111111111111111,0.5625,0.5357142857142856,0.13157894736842105,0.75,1,0,2,1,0,0.02613657541493913,0.024894704939235263
0.26315789473684215,1,6,0.1272996907764611,0.7777777777777777,0.5546875,0.49107142857142855,0.3223684210526316,0.65625,0,1,2,1,6,0.03134002666820027,0.10452758097897512
0.17543859649122806,1,1,0.11004849066076157,0.0,0.375,0.6428571428571428,0.42105263157894735,0.75,1,1,3,1,5,0.22015909615077908,0.12877921235929657
0.21052631578947367,1,0,0.03041814427547232,0.3333333333333333,0.71875,0.6071428571428572,0.17105263157894735,0.5625,1,0,2,1,4,0.014790040788868052,0.022555962660122664
0.38596491228070173,1,8,0.16957367614845498,0.5555555555555556,0.6458333333333333,0.6071428571428572,0.24561403508771928,0.625,1,1,2,1,1,0.05607015129305724,0.149459603046981
0.29824561403508765,0,1,0.08059095263808122,0.2222222222222222,0.5,0.49999999999999994,0.2631578947368421,0.75,1,1,1,0,0,0.05336617681421264,0.06177671996940318
0.15789473684210525,0,5,0.08524461773027828,0.2222222222222222,0.3125,0.4047619047619047,0.2807017543859649,0.75,1,0,0,0,3,0.05646949576732406,0.07550434284365622
0.26315789473684215,1,6,0.07062056309861309,0.4444444444444445,0.6625000000000001,0.49999999999999994,0.2210526315789474,0.6,0,1,2,1,3,0.027804652172082812,0.0834232612630289
0.29824561403508765,1,5,0.08802527844640214,0.5555555555555556,0.5625,0.49999999999999994,0.3157894736842105,0.7083333333333334,1,1,3,0,0,0.028879680645633687,0.0866954056898906
0.0,0,2,0.37876119727655677,0.7777777777777777,0.4453125,0.6071428571428572,0.28947368421052627,0.5625,1,1,3,1,2,0.09422314489109496,0.37308626493644864
0.38596491228070173,1,6,0.02305909427593662,0.2222222222222222,0.45833333333333337,0.3809523809523809,0.3684210526315789,0.8333333333333333,1,1,0,1,3,0.015000780309352967,0.019157421506779786
0.08771929824561403,0,1,0.0889673127148744,0.1111111111111111,0.34375,0.7142857142857142,0.34210526315789475,0.875,1,0,2,1,2,0.08871020496411137,0.06609226534497492
0.05263157894736842,1,6,0.1327027551933887,0.6666666666666665,0.5089285714285714,0.5510204081632653,0.2857142857142857,0.7142857142857143,1,1,3,0,6,0.037441974755696064,0.14700792361031134
0.0,0,1,0.039028432324973376,0.6666666666666665,0.4375,0.5204081632653061,0.2932330827067669,0.6428571428571429,1,1,2,1,4,0.010670329259867236,0.03595832841632532
0.0,0,6,0.019222596493806934,0.1111111111111111,0.65625,0.46428571428571425,0.21052631578947367,1.0,1,1,0,0,2,0.018945805687358337,0.017487060567586234
0.0,0,2,0.22724403409579233,1.0,0.575,0.4857142857142857,0.33157894736842103,0.875,0,1,4,0,5,0.04495364488131227,0.25371349032688273
0.14035087719298245,0,4,0.01352277547636646,0.0,0.8125,0.21428571428571425,0.42105263157894735,0.75,1,0,0,1,6,0.027053183632515597,0.013622268572427883
0.7017543859649124,1,6,0.04468439184753113,0.2222222222222222,0.6666666666666667,0.5714285714285714,0.2982456140350877,0.8333333333333333,1,1,2,1,1,0.029421714023110994,0.03998326084597182
0.17543859649122806,0,3,0.11265647143757235,0.4444444444444445,0.5125,0.49999999999999994,0.29473684210526313,0.6,1,1,0,1,7,0.04462376078541347,0.09179781452619239
0.33333333333333337,0,3,0.004638451870998997,0.1111111111111111,0.3125,0.5714285714285714,0.15789473684210525,0.625,1,1,0,1,4,0.00435754518959541,0.005295676871768697
0.36842105263157887,1,8,0.0018651014040222574,0.0,0.6875,0.14285714285714285,0.21052631578947367,0.25,1,1,2,0,4,0.003731255529936112,0.0013858616707021678
0.3157894736842105,1,7,0.025280224570853802,0.2222222222222222,0.5833333333333334,0.3809523809523809,0.3859649122807018,0.8333333333333333,1,1,4,1,1,0.016481951731229443,0.029279870408995545
0.2807017543859649,1,3,0.17425717496014434,0.7777777777777777,0.4765625,0.5089285714285714,0.21052631578947367,0.875,1,1,2,1,1,0.043082710749237293,0.14412515882528293
0.03508771929824561,1,7,0.012463777221540262,0.1111111111111111,0.375,0.6071428571428572,0.21052631578947367,0.875,0,1,3,1,5,0.012185078970007463,0.01388610455904983
0.5964912280701754,1,1,0.0063128940742922844,0.0,0.5,0.21428571428571425,0.0,0.25,1,0,2,0,0,0.012629351344546466,0.006272680439976247
0.6666666666666666,0,6,0.061049076073416246,0.6666666666666665,0.4821428571428571,0.5816326530612244,0.3233082706766917,0.75,1,1,2,0,1,0.01696371735140824,0.06698206607226558
0.0,1,7,0.20103896422067707,0.2222222222222222,0.7916666666666667,0.4523809523809524,0.3157894736842105,0.5833333333333334,0,0,2,0,6,0.13368751275125615,0.15587000710418797
0.07017543859649122,0,6,0.019677412535338633,0.1111111111111111,0.625,0.3214285714285714,0.15789473684210525,0.75,0,1,3,0,3,0.019400750085129148,0.015041305236957132
0.22807017543859642,1,3,0.01132476137469828,0.1111111111111111,0.75,0.5714285714285714,0.05263157894736842,0.875,0,1,2,0,3,0.011045741674981952,0.010096525014182308
0.08771929824561403,1,1,0.146364820552153,0.3333333333333333,0.53125,0.49999999999999994,0.19736842105263158,0.6875,0,1,0,0,5,0.07277973991488863,0.1654411823946943
0.4035087719298246,0,3,0.05203099466608659,0.1111111111111111,0.625,0.75,0.5263157894736843,0.875,0,1,2,1,0,0.05176346290552946,0.04379648942215322
0.14035087719298245,0,6,0.05546266270490678,0.2222222222222222,0.45833333333333337,0.4761904761904761,0.14035087719298245,0.5,1,1,4,1,1,0.03660925579304759,0.0603597685902002
0.7368421052631579,1,8,0.011786097368172004,0.1111111111111111,0.5625,0.5714285714285714,0.18421052631578946,0.875,0,1,3,0,3,0.011507207864727755,0.009851693559738448
0.543859649122807,1,9,0.07465305458760611,0.4444444444444445,0.5,0.49999999999999994,0.1894736842105263,0.5,1,1,0,1,4,0.029418103980684424,0.07589689780632723
0.33333333333333337,1,6,0.04018858862205163,0.1111111111111111,0.71875,0.35714285714285715,0.15789473684210525,0.75,1,1,2,0,5,0.039917714748281555,0.03139766722921978
0.5087719298245613,0,1,0.010664468059842095,0.1111111111111111,0.6875,0.6428571428571428,0.21052631578947367,1.0,1,0,2,0,0,0.010385262014968895,0.008249151786497114
0.5263157894736842,0,3,0.008797983635710922,0.1111111111111111,0.40625,0.42857142857142855,0.21052631578947367,0.625,0,0,1,0,0,0.0085182508395819,0.006362726851792611
0.17543859649122806,1,6,0.06034828002679899,0.5555555555555556,0.5520833333333334,0.5357142857142856,0.3684210526315789,0.7916666666666667,1,1,2,1,4,0.01965141087770342,0.05762709695581517
0.12280701754385964,0,1,0.03738915834730678,0.1111111111111111,0.59375,0.21428571428571425,0.18421052631578946,0.5,1,1,2,0,4,0.037117494430290825,0.03920127884861919
0.29824561403508765,0,1,0.20646909631687915,0.5555555555555556,0.625,0.6190476190476191,0.3508771929824561,0.6666666666666666,1,1,0,1,1,0.06837209550512167,0.15629398352529808
0.4736842105263158,1,8,0.015496740320390438,0.1111111111111111,0.4375,0.49999999999999994,0.631578947368421,0.625,1,1,2,0,1,0.015218898018738887,0.013252556962649223
0.3157894736842105,0,9,0.01824519642540671,0.0,0.125,0.7142857142857142,0.15789473684210525,1.0,0,1,2,0,6,0.036500691013504255,0.018772307221295696
0.0,0,3,0.14363710974877045,0.1111111111111111,0.46875,0.5357142857142856,0.28947368421052627,0.375,0,1,2,0,2,0.14339543067443825,0.11122494873278634
0.12280701754385964,1,3,0.07785632673415409,0.3333333333333333,0.328125,0.48214285714285715,0.19736842105263158,0.6875,1,1,2,0,1,0.038515825918747554,0.07216798110731495
0.2807017543859649,1,8,0.022790393226204596,0.1111111111111111,0.5625,0.2857142857142857,0.3157894736842105,0.25,1,1,2,0,3,0.022514609308099134,0.02729856499194559
0.2807017543859649,1,8,0.05778989039960786,0.1111111111111111,0.71875,0.39285714285714285,0.4473684210526316,0.75,1,0,2,1,2,0.057523983889988035,0.049700737859255564
0.7017543859649124,1,4,0.010441406673704263,0.0,0.375,0.2857142857142857,0.05263157894736842,0.0,0,1,0,1,3,0.02088870680572708,0.00883014071410596
0.0,0,6,0.31937510409695996,0.5555555555555556,0.5416666666666666,0.5476190476190474,0.20175438596491224,0.625,1,1,2,1,3,0.1060180527154469,0.3122303406171402
0.4035087719298246,1,6,0.09055047559097931,0.1111111111111111,0.71875,0.5714285714285714,0.18421052631578946,0.75,1,0,1,1,1,0.09029381463367589,0.07244655626976579
0.5964912280701754,0,2,0.004343275864896322,0.1111111111111111,0.5,0.49999999999999994,0.3684210526315789,0.625,0,1,3,0,0,0.004062285880182032,0.0037230873786683843
0.7719298245614034,0,3,0.014974946590727008,0.2222222222222222,0.35416666666666663,0.3809523809523809,0.2807017543859649,0.75,0,1,3,1,3,0.00960982753681074,0.01588475575858652
0.21052631578947367,0,6,0.13485908111748815,0.4444444444444445,0.5,0.47142857142857136,0.2421052631578947,0.7,0,1,3,1,4,0.053507311027618985,0.14685896788802777
0.38596491228070173,0,6,0.05324706449042526,0.2222222222222222,0.5416666666666666,0.3333333333333333,0.2982456140350877,0.75,1,0,4,0,1,0.035131773465621616,0.05900191609285776
0.4035087719298246,1,9,0.2367878607188109,0.2222222222222222,0.45833333333333337,0.3809523809523809,0.3333333333333333,0.75,0,1,4,1,0,0.1575268363505185,0.18357686148444827
0.33333333333333337,1,9,0.04292242422877366,0.6666666666666665,0.5089285714285714,0.489795918367347,0.39849624060150374,0.4642857142857143,0,1,4,1,7,0.011783212359738771,0.04365596962687136
0.26315789473684215,0,1,0.007480953343421476,0.2222222222222222,0.47916666666666663,0.3809523809523809,0.3508771929824561,0.5833333333333334,1,1,1,0,1,0.004612422090113115,0.008201711545324387
0.38596491228070173,1,9,0.020918969444541583,0.2222222222222222,0.6458333333333333,0.4523809523809524,0.5438596491228069,0.6666666666666666,0,1,2,0,3,0.013573627770501697,0.021343843171377757
0.0,1,3,0.08797509457387866,0.2222222222222222,0.625,0.4761904761904761,0.15789473684210525,0.33333333333333337,0,1,2,0,5,0.058290327385393165,0.06977838630195027
0.4385964912280701,0,5,0.13328026487601127,0.5555555555555556,0.5416666666666666,0.4880952380952381,0.1929824561403509,0.8333333333333333,1,1,2,1,3,0.04396893334511207,0.14390961615110356
0.3157894736842105,0,7,0.01839396987426569,0.1111111111111111,0.40625,0.6785714285714286,0.07894736842105263,0.875,1,0,2,1,0,0.018116945216354517,0.015222440703253
0.24561403508771928,1,6,0.001452566262963097,0.0,0.625,0.7142857142857142,0.736842105263158,0.75,0,0,3,1,1,0.002905952400009565,0.0018281791241138133
0.719298245614035,0,7,0.051249588304549724,0.5555555555555556,0.59375,0.4404761904761904,0.13157894736842105,0.5,0,1,2,1,0,0.016617657705658616,0.03837024525325079
0.14035087719298245,0,7,0.049739527919916024,0.2222222222222222,0.6458333333333333,0.4047619047619047,0.3508771929824561,0.5833333333333334,0,1,3,1,0,0.03279275583063024,0.05097626897905852
0.21052631578947367,1,3,0.07032341134949767,0.2222222222222222,0.5416666666666666,0.5238095238095237,0.3859649122807018,0.75,0,1,4,1,1,0.0465192175140813,0.05351780525615124
0.7017543859649124,1,6,0.09033788564280898,0.7777777777777777,0.6328125,0.46428571428571425,0.34868421052631576,0.8125,1,1,4,1,0,0.02209696758412469,0.08584721588342877
0.12280701754385964,0,4,0.005948764637045142,0.1111111111111111,0.46875,0.42857142857142855,0.28947368421052627,0.875,1,1,0,0,4,0.005668227746509408,0.0050492814533301305
0.17543859649122806,1,6,0.03181163582235463,0.0,0.625,0.42857142857142855,0.21052631578947367,0.0,0,1,3,1,6,0.06364122713247282,0.034093419834760094
0.26315789473684215,1,6,0.029179353406487193,0.1111111111111111,0.53125,0.5714285714285714,0.2368421052631579,0.75,0,1,3,1,3,0.028905372553413966,0.02287306820826124
0.4736842105263158,0,3,0.06952738448966657,0.4444444444444445,0.525,0.4142857142857142,0.45263157894736833,0.75,1,1,2,1,3,0.02736725732362653,0.06730111472718545
0.33333333333333337,0,3,0.015605998908994709,0.2222222222222222,0.45833333333333337,0.5476190476190474,0.3684210526315789,0.6666666666666666,1,1,1,0,1,0.01003064781091441,0.015437604234645784
0.017543859649122806,1,7,0.003923035326087493,0.0,0.5,0.7142857142857142,0.631578947368421,0.75,1,0,0,1,1,0.007848284936696127,0.004457297384910023
0.17543859649122806,1,0,0.0026198352348871957,0.1111111111111111,0.5,0.42857142857142855,0.21052631578947367,0.875,1,1,0,0,0,0.002338358868125216,0.0032367893620116935
0.15789473684210525,1,7,0.08840995561098174,0.6666666666666665,0.5178571428571429,0.4795918367346938,0.2857142857142857,0.9285714285714286,1,1,2,1,1,0.02478331769656067,0.10157491174266822
0.2807017543859649,2,3,0.009155593121016038,0.2222222222222222,0.6875,0.6428571428571428,0.21052631578947367,0.9166666666666667,1,1,1,1,1,0.005729163681629304,0.008352183838754364
0.38596491228070173,1,0,0.06110518717497793,0.2222222222222222,0.5833333333333334,0.5714285714285714,0.3684210526315789,0.75,0,1,2,0,1,0.0403720003791862,0.05451168067836227
0.38596491228070173,0,6,0.0406189054502254,0.1111111111111111,0.46875,0.42857142857142855,0.5789473684210527,0.75,1,1,2,0,1,0.04034815301863117,0.047072283098335894
0.0,0,3,0.2321373568154342,0.3333333333333333,0.453125,0.46428571428571425,0.21052631578947367,0.5625,1,1,2,0,0,0.1156781112258024,0.2763426749376666
0.5087719298245613,1,9,0.009290141220183321,0.1111111111111111,0.625,0.6428571428571428,0.21052631578947367,1.0,1,1,2,1,1,0.009010547318664044,0.010115861296298666
0.3508771929824561,0,6,0.012596547151996084,0.2222222222222222,0.5833333333333334,0.5238095238095237,0.2982456140350877,0.6666666666666666,1,1,3,1,4,0.008023780429841428,0.009240894530533554
0.5789473684210525,0,7,0.35531347435001515,0.5555555555555556,0.45833333333333337,0.5119047619047619,0.25438596491228066,0.7083333333333334,1,1,3,1,2,0.11800089025754291,0.27568481481007556
0.38596491228070173,0,8,0.11582595837860254,0.2222222222222222,0.5208333333333334,0.49999999999999994,0.24561403508771928,0.8333333333333333,0,1,3,0,0,0.07686280988969806,0.13892147147211192
0.5263157894736842,1,1,0.0944219440244344,0.2222222222222222,0.7291666666666667,0.42857142857142855,0.21052631578947367,1.0,1,1,2,2,0,0.0625894399539601,0.09098133053525959
0.38596491228070173,0,7,0.02235513704049898,0.2222222222222222,0.6041666666666666,0.5952380952380953,0.3333333333333333,0.8333333333333333,0,1,2,1,0,0.014531343040526612,0.01962869599051764
0.5789473684210525,0,4,0.01855183174098325,0.2222222222222222,0.6041666666666666,0.5476190476190474,0.3684210526315789,0.9166666666666667,1,0,2,0,0,0.01199509060580662,0.021101523537895087
0.4035087719298246,2,6,0.0199435451191541,0.0,0.25,0.49999999999999994,0.10526315789473684,0.0,0,0,3,1,5,0.039898347002416415,0.019215430353128855
0.26315789473684215,1,6,0.04947319776179929,0.6666666666666665,0.625,0.5204081632653061,0.19548872180451127,0.7857142857142858,0,1,2,0,1,0.013655390149547513,0.05652208530428342
0.7719298245614034,0,9,0.015274864380060248,0.1111111111111111,0.28125,0.42857142857142855,0.2631578947368421,0.875,1,1,2,0,4,0.014996959461529232,0.015429547450430637
0.4736842105263158,1,9,0.028655386359509753,0.3333333333333333,0.421875,0.6964285714285714,0.3026315789473684,0.375,0,1,2,0,1,0.013908413091884734,0.028707364801236767
0.4035087719298246,1,7,0.35220128395635436,0.1111111111111111,0.75,0.6071428571428572,0.28947368421052627,0.125,0,1,2,1,0,0.35201846497175177,0.35641308175313735
0.017543859649122806,1,7,0.22239477044533446,0.3333333333333333,0.515625,0.41071428571428564,0.25,0.6875,0,1,2,1,2,0.11080544328521237,0.1719116805835766
0.017543859649122806,0,5,0.03016366857543199,0.1111111111111111,0.40625,0.46428571428571425,0.3157894736842105,0.625,1,1,3,0,3,0.029889965511578253,0.0330582652416585
0.3508771929824561,1,0,0.061188761104416636,0.3333333333333333,0.53125,0.41071428571428564,0.3947368421052631,0.75,1,0,3,1,1,0.030179691179315876,0.05860703888061884
0.3157894736842105,0,1,0.028100202572931096,0.1111111111111111,0.6875,0.5357142857142856,0.2368421052631579,1.0,0,0,0,1,1,0.027825917166522492,0.02528323150979871
0.15789473684210525,2,6,0.07768562253785376,0.4444444444444445,0.6875,0.47142857142857136,0.431578947368421,0.6,0,1,2,0,0,0.030631473496129116,0.07369308296639422
0.3157894736842105,1,7,0.07688999082662519,0.7777777777777777,0.5390625,0.5625,0.34868421052631576,0.875,0,1,2,1,0,0.01873404507823087,0.057006013678523884
0.631578947368421,0,9,0.01707812502778389,0.2222222222222222,0.6458333333333333,0.5714285714285714,0.2807017543859649,0.9166666666666667,1,1,2,0,0,0.011012342194867589,0.013378100617860563
0.4385964912280701,1,9,0.0025119596663918404,0.0,0.375,0.9285714285714286,0.21052631578947367,0.75,1,0,4,1,5,0.0050253371618228515,0.0025331477429392946
0.05263157894736842,1,8,0.005575349207638144,0.0,0.5625,0.42857142857142855,0.2631578947368421,0.75,1,1,3,1,4,0.011153845317718979,0.0045466329040015204
0.26315789473684215,0,9,0.042992958254328306,0.4444444444444445,0.5,0.39999999999999997,0.3894736842105263,0.7,1,0,2,1,1,0.016750491456551324,0.04650470634680285
0.12280701754385964,0,3,0.03477248430123996,0.1111111111111111,0.4375,0.5714285714285714,0.15789473684210525,0.875,1,1,3,1,2,0.0345000819176598,0.03151164702943996
0.21052631578947367,0,7,0.1613077601060737,0.1111111111111111,0.5625,0.49999999999999994,0.3947368421052631,0.75,0,0,3,0,1,0.16107106796715148,0.16492151981281722
0.21052631578947367,0,0,0.0006496243025874131,0.0,0.4375,0.5714285714285714,0.3684210526315789,0.0,1,0,4,0,1,0.001299615273562493,0.0007793279978464691
0.19298245614035092,1,0,0.005049801566250516,0.1111111111111111,0.5625,0.6071428571428572,0.28947368421052627,0.75,0,1,0,0,0,0.004769010974199593,0.006128843145311687
0.017543859649122806,1,3,0.04750575286971733,0.2222222222222222,0.47916666666666663,0.4523809523809524,0.12280701754385964,0.75,0,1,0,0,4,0.031303152192866904,0.056109862309557765
0.26315789473684215,0,6,0.06770476156041812,0.6666666666666665,0.5089285714285714,0.49999999999999994,0.3082706766917293,0.7857142857142858,1,1,2,0,3,0.018865878444582537,0.06695154507794465
0.17543859649122806,1,8,0.18128153409332265,0.4444444444444445,0.575,0.45714285714285713,0.16842105263157894,0.75,0,1,2,1,1,0.07208153267645054,0.15671672773235173
0.0,1,7,0.14463288422718912,0.5555555555555556,0.65625,0.5833333333333333,0.3508771929824561,0.75,0,1,2,0,7,0.04775420775807339,0.15746596127151222
0.719298245614035,0,1,0.1878516699078731,0.8888888888888888,0.5763888888888888,0.4603174603174603,0.1637426900584795,0.7222222222222222,1,1,2,1,1,0.04125487973321522,0.21914884340123306
0.5263157894736842,1,2,0.0052086513044744456,0.0,0.625,0.6428571428571428,0.42105263157894735,1.0,1,0,4,0,3,0.010420242535562048,0.004039387248385444
0.21052631578947367,1,2,0.046692537045675435,0.3333333333333333,0.5,0.42857142857142855,0.3289473684210526,0.6875,1,1,0,0,0,0.022929533618750664,0.03908900519093868
0.29824561403508765,0,6,0.01734643092891336,0.0,0.4375,0.42857142857142855,0.2631578947368421,0.75,0,0,1,1,5,0.03470265272900432,0.020273617870516104
0.03508771929824561,0,5,0.09448299448352794,0.2222222222222222,0.41666666666666663,0.42857142857142855,0.2982456140350877,1.0,0,1,2,1,3,0.06263015174628886,0.07755029210582066
0.6491228070175438,0,1,0.16591993459500332,0.2222222222222222,0.5,0.5238095238095237,0.22807017543859648,0.6666666666666666,1,1,0,0,0,0.11026821890585804,0.16786674837193716
0.6842105263157895,0,6,0.1484049727871036,0.2222222222222222,0.6458333333333333,0.42857142857142855,0.1929824561403509,0.9166666666666667,0,1,4,1,2,0.09858828236882286,0.1270966240652353
0.3157894736842105,1,7,0.21497901662133329,0.4444444444444445,0.475,0.47142857142857136,0.34736842105263155,0.75,1,1,2,0,2,0.08556432967144595,0.16909730367868028
0.5087719298245613,0,0,0.10785225472780485,0.8888888888888888,0.41666666666666663,0.48412698412698413,0.29239766081871343,0.6388888888888888,0,1,0,1,0,0.023472214783646358,0.07803038165934685
0.33333333333333337,0,4,0.0033923507528667535,0.0,0.8125,0.49999999999999994,0.05263157894736842,0.75,0,0,4,1,7,0.006786616255190999,0.002748311274332081
0.0,1,5,0.08126645917413547,0.5555555555555556,0.5520833333333334,0.4880952380952381,0.4561403508771929,0.5416666666666666,1,1,3,1,0,0.026626105073183394,0.06892356149672303
0.21052631578947367,1,8,0.0013792661971906122,0.0,0.5,0.5714285714285714,0.21052631578947367,0.75,0,0,2,2,1,0.0027593108956021186,0.0016325888390790054
0.3157894736842105,0,6,0.03481219673579594,0.1111111111111111,0.625,0.6071428571428572,0.07894736842105263,0.375,1,1,0,1,3,0.03453980555968931,0.0319506469834689
0.19298245614035092,0,6,0.0017366781081944538,0.0,0.3125,0.35714285714285715,0.5263157894736843,0.75,1,0,3,1,0,0.0034743364521333075,0.00175235056679477
0.24561403508771928,0,3,0.2642350802260329,0.4444444444444445,0.6625000000000001,0.49999999999999994,0.2526315789473684,0.8500000000000001,0,1,3,0,5,0.10527231544761528,0.25802647648864496
0.26315789473684215,0,1,0.008675092420318779,0.0,0.375,0.49999999999999994,0.2631578947368421,0.25,1,1,2,1,5,0.01735508133563928,0.007787640229514086
0.2807017543859649,0,5,0.0073379095492994316,0.0,0.8125,0.42857142857142855,0.3684210526315789,0.75,1,0,3,0,7,0.014679960845532542,0.007272337789682862
0.29824561403508765,2,2,0.14213258144457241,0.1111111111111111,0.375,0.5357142857142856,0.3157894736842105,0.5,0,0,2,0,2,0.14189047776869337,0.11126286301144585
0.07017543859649122,0,4,0.003739291225903097,0.1111111111111111,0.625,0.7857142857142856,0.18421052631578946,0.875,1,0,2,0,1,0.003458130787225746,0.0045399979052361044
0.14035087719298245,1,1,0.005552628162991686,0.0,0.0,0.21428571428571425,0.631578947368421,1.0,1,0,3,0,0,0.011108390403953864,0.005153356148250517
0.017543859649122806,0,7,0.007906330814063417,0.1111111111111111,0.28125,0.5357142857142856,0.2368421052631579,0.875,0,0,1,0,0,0.007626346379486474,0.007257314256764026
0.49122807017543857,1,7,0.24403686183253723,1.0,0.58125,0.49999999999999994,0.2263157894736842,0.825,1,1,2,1,4,0.04831315826867371,0.1893338603418067
0.0,0,6,0.13424087112880323,0.1111111111111111,0.6875,0.39285714285714285,0.05263157894736842,0.875,0,0,2,0,2,0.1339965402881723,0.12387144595106311
0.5263157894736842,0,3,0.03392311238006499,0.4444444444444445,0.575,0.5428571428571427,0.2526315789473684,0.75,1,1,4,0,3,0.0131215292455927,0.039785822239852366
0.5789473684210525,0,7,0.016143203434157472,0.1111111111111111,0.46875,0.5357142857142856,0.18421052631578946,0.875,1,0,2,1,0,0.015865543574562557,0.017324977026316777
0.22807017543859642,0,7,0.48509924255940123,0.6666666666666665,0.4285714285714286,0.489795918367347,0.3007518796992481,0.8928571428571428,1,1,2,1,1,0.13815510024036615,0.5561845060456687
0.0,1,1,0.023726697839939925,0.3333333333333333,0.46875,0.5357142857142856,0.43421052631578944,0.6875,1,1,2,1,1,0.011443373355396753,0.020198784563011874
0.21052631578947367,1,6,0.02468927983574463,0.1111111111111111,0.625,0.49999999999999994,0.3157894736842105,0.75,1,1,0,0,1,0.024414031813301255,0.022655535034452234
0.2807017543859649,1,3,0.004849658799060416,0.0,0.4375,0.5714285714285714,0.2631578947368421,1.0,1,0,2,1,4,0.009702054898073284,0.004907861193930114
0.07017543859649122,0,1,0.0030716876618997915,0.0,0.1875,0.6428571428571428,0.3684210526315789,1.0,0,0,2,2,1,0.006145109080923382,0.0031652261610418462
0.17543859649122806,0,6,0.14789602138702299,0.2222222222222222,0.5833333333333334,0.6428571428571428,0.3157894736842105,0.41666666666666663,0,1,0,0,2,0.09824888567937672,0.127303446455323
0.6140350877192983,0,1,0.08819776081141394,0.7777777777777777,0.53125,0.5178571428571428,0.26973684210526316,0.78125,1,1,2,1,7,0.021561785382055464,0.07950685845604527
0.42105263157894735,1,1,0.03552148847736797,0.1111111111111111,0.53125,0.39285714285714285,0.4473684210526316,1.0,1,1,2,1,3,0.03524929747454475,0.036862110033871666
0.08771929824561403,0,1,0.0463343348374665,0.4444444444444445,0.625,0.49999999999999994,0.19999999999999996,0.65,1,1,2,1,0,0.018087419285413183,0.05101821164982562
0.0,0,6,0.030328247968392855,0.0,0.5625,0.5714285714285714,0.42105263157894735,1.0,1,0,2,1,2,0.060673614153790564,0.026430991510519083
0.22807017543859642,1,7,0.004367775078254242,0.1111111111111111,0.5625,0.5714285714285714,0.5526315789473684,0.75,1,0,2,0,0,0.004086792007603222,0.0040329892138616505
0.24561403508771928,0,2,0.07842296983020662,0.2222222222222222,0.41666666666666663,0.3809523809523809,0.2982456140350877,0.75,0,1,2,1,6,0.05192044704973564,0.07333465085451676
0.38596491228070173,0,2,0.052682199563084196,0.1111111111111111,0.34375,0.46428571428571425,0.28947368421052627,0.5,0,0,2,0,1,0.052414851582789496,0.06295542750007939
0.17543859649122806,0,5,0.06140372194420225,0.1111111111111111,0.375,0.49999999999999994,0.2631578947368421,1.0,1,1,2,0,5,0.061138835314673484,0.06691637958448794
0.4035087719298246,1,7,0.05703318082573019,0.2222222222222222,0.625,0.5952380952380953,0.3859649122807018,0.6666666666666666,0,1,4,1,0,0.03765656335687041,0.06576771911964942
0.7017543859649124,0,7,0.012251977570575022,0.0,0.5625,0.14285714285714285,0.2631578947368421,1.0,0,1,3,1,3,0.024510870542626923,0.01256147444838279
0.45614035087719296,1,5,0.0325511564320215,0.0,0.4375,0.7857142857142856,0.7894736842105263,0.75,0,1,3,1,2,0.06512068576049726,0.036618652972029216
0.2807017543859649,2,7,0.033854554097523075,0.0,0.8125,0.5714285714285714,0.5789473684210527,0.75,0,1,2,1,6,0.06772821677013588,0.03975046717500236
0.24561403508771928,1,0,0.17796268098052967,1.0,0.44999999999999996,0.4785714285714285,0.2368421052631579,0.7749999999999999,1,1,0,1,7,0.03509459266369549,0.206121734218063
0.21052631578947367,1,7,0.12981579950317967,0.0,0.5,0.42857142857142855,0.15789473684210525,1.0,0,0,2,0,5,0.2597048711264261,0.14436326049526474
0.543859649122807,0,7,0.05461664954685346,0.6666666666666665,0.5982142857142857,0.5306122448979591,0.2631578947368421,0.6785714285714286,0,0,2,1,0,0.01512536253469925,0.0602931342454561
0.15789473684210525,1,0,0.006235444948193054,0.1111111111111111,0.65625,0.3214285714285714,0.15789473684210525,0.5,1,1,2,1,0,0.005954988963349308,0.005238236739599522
0.29824561403508765,0,6,0.044770731817187666,0.2222222222222222,0.375,0.5952380952380953,0.12280701754385964,0.6666666666666666,1,0,3,1,2,0.029479290247213463,0.04127936046194757
0.29824561403508765,0,1,0.05493395387469877,0.4444444444444445,0.7,0.5857142857142856,0.2210526315789474,0.8,1,1,2,1,7,0.02152823767939621,0.054206992056484694
0.17543859649122806,0,6,0.22627295640503287,0.1111111111111111,0.53125,0.49999999999999994,0.2631578947368421,0.5,0,1,2,0,1,0.22605459846611403,0.24970438710857654
0.0,2,1,0.025493999964831777,0.1111111111111111,0.65625,0.46428571428571425,0.15789473684210525,0.875,0,1,3,1,4,0.025218979047063425,0.030559619492299375
0.3508771929824561,1,6,0.13195473888876708,0.4444444444444445,0.575,0.4428571428571428,0.2736842105263158,0.7,1,1,2,1,0,0.052345246275710924,0.15257108571802297
0.2807017543859649,0,3,0.00820861949501194,0.0,0.25,0.7142857142857142,0.2631578947368421,0.0,0,1,4,0,3,0.016421872193035553,0.009847380810540929
0.4035087719298246,1,5,0.02096539940534087,0.1111111111111111,0.625,0.49999999999999994,0.21052631578947367,0.875,1,1,0,1,0,0.020689100445280287,0.021993646514753634
0.17543859649122806,1,5,0.028529333955297234,0.2222222222222222,0.6041666666666666,0.4523809523809524,0.3157894736842105,0.75,1,1,2,1,2,0.01864863595403309,0.021750236845759507
0.543859649122807,0,1,0.05192390939479633,0.1111111111111111,0.625,0.39285714285714285,0.18421052631578946,0.875,0,1,2,0,6,0.05165634741309168,0.04203309632169887
0.10526315789473684,1,4,0.3233720322117238,0.1111111111111111,0.53125,0.5357142857142856,0.18421052631578946,0.625,1,0,0,0,2,0.3231810771589256,0.3781339350329357
0.6491228070175438,0,3,0.002014862724387604,0.0,0.625,0.6428571428571428,0.42105263157894735,0.75,1,0,2,1,1,0.0040308627006661515,0.0014555765505873636
0.0,0,1,0.005842272088658702,0.1111111111111111,0.3125,0.6428571428571428,0.34210526315789475,0.875,1,0,3,1,4,0.005561705144251168,0.005983062743865826
0.38596491228070173,0,5,0.03502202064374845,0.4444444444444445,0.475,0.5428571428571427,0.29473684210526313,0.8500000000000001,0,1,2,1,6,0.013561216602743224,0.039096588046670586
0.38596491228070173,0,0,0.030687438048108157,0.1111111111111111,0.5625,0.39285714285714285,0.3157894736842105,0.5,0,1,2,1,1,0.030413882800236127,0.02810528605612356
0.12280701754385964,1,0,0.03836201420677771,0.2222222222222222,0.6875,0.5238095238095237,0.4561403508771929,0.75,1,1,3,0,0,0.025205606079680355,0.042914176764897824
0.38596491228070173,0,6,0.010644908204016012,0.0,0.1875,0.42857142857142855,0.5789473684210527,0.25,1,0,0,1,0,0.0212958247290146,0.00790266267239741
0.5614035087719298,0,7,0.026326973219001036,0.2222222222222222,0.5416666666666666,0.4047619047619047,0.3859649122807018,0.9166666666666667,0,1,2,0,7,0.017179981102613675,0.023188372828163488
0.0,0,9,0.05519988888421296,0.2222222222222222,0.5,0.6428571428571428,0.4385964912280702,1.0,1,1,4,1,0,0.03643402380664875,0.0447809336675477
0.4035087719298246,1,7,0.1022298828364636,0.1111111111111111,0.46875,0.5357142857142856,0.3684210526315789,1.0,0,1,1,0,2,0.10197651799154893,0.12052091375307285
0.0,0,2,0.005370267082916204,0.0,0.625,0.6428571428571428,0.10526315789473684,1.0,1,1,2,1,4,0.010743565313473882,0.004940941402060546
0.08771929824561403,1,3,0.18625447925637775,0.8888888888888888,0.5833333333333334,0.43650793650793646,0.34502923976608185,0.6944444444444444,1,1,2,0,1,0.0408998483101455,0.15733051251100105
0.631578947368421,1,5,0.012204362163968098,0.1111111111111111,0.5625,0.6071428571428572,0.6052631578947367,0.25,1,0,3,1,1,0.011925590701426632,0.011453429654558266
0.17543859649122806,0,1,0.014717902424770129,0.2222222222222222,0.625,0.7142857142857142,0.2982456140350877,0.8333333333333333,1,1,0,1,1,0.009438416398235639,0.012462376002536467
0.03508771929824561,0,3,0.12558099192968253,0.3333333333333333,0.734375,0.41071428571428564,0.22368421052631576,0.6875,1,1,0,0,3,0.062384892842017085,0.11667432061167107
0.24561403508771928,0,6,0.02122679020592577,0.2222222222222222,0.5416666666666666,0.3333333333333333,0.24561403508771928,0.8333333333333333,1,1,0,1,0,0.013778899525997477,0.024983661315540164
0.719298245614035,0,2,0.0028752988064338885,0.0,0.625,0.21428571428571425,0.15789473684210525,1.0,0,0,2,1,3,0.005752220521944941,0.00258940305390036
0.0,0,0,0.10213702291486504,0.6666666666666665,0.3392857142857143,0.5612244897959184,0.2706766917293233,0.7142857142857143,0,0,3,0,1,0.028706443781743796,0.11474391511372152
0.07017543859649122,1,6,0.014879518203211886,0.1111111111111111,0.4375,0.42857142857142855,0.05263157894736842,1.0,1,0,0,0,1,0.014601501711772762,0.017469335642312907
0.5964912280701754,1,2,0.07334195152435488,0.3333333333333333,0.484375,0.46428571428571425,0.2368421052631579,0.75,0,0,2,1,6,0.03625800130001053,0.07654428411443857
0.6842105263157895,1,7,0.056106557352757255,0.4444444444444445,0.6375,0.47142857142857136,0.2210526315789474,0.6,1,1,3,1,0,0.021997411441476104,0.06599586829148309
0.26315789473684215,0,6,0.04018463713602615,0.1111111111111111,0.21875,0.5357142857142856,0.2631578947368421,0.75,0,0,2,1,4,0.03991376214708458,0.046140113164643226
0.03508771929824561,1,7,0.06960898267609254,0.3333333333333333,0.515625,0.41071428571428564,0.42105263157894735,0.75,1,1,3,2,0,0.03439099012462353,0.07855137124097701
0.7368421052631579,1,6,0.02453596217795636,0.0,0.3125,0.49999999999999994,0.10526315789473684,0.75,1,1,0,1,2,0.049085773224644705,0.027494202669828723
0.631578947368421,0,7,0.01575536508075751,0.2222222222222222,0.7708333333333333,0.6190476190476191,0.1929824561403509,1.0,1,0,2,1,0,0.010130253361077958,0.011386037024240969
0.4385964912280701,1,1,0.09422772848628252,0.3333333333333333,0.34375,0.49999999999999994,0.15789473684210525,0.5625,1,1,2,1,3,0.04670383692832293,0.07579637757503119
0.12280701754385964,1,0,0.023591952166471364,0.2222222222222222,0.625,0.5714285714285714,0.1929824561403509,0.8333333333333333,1,1,3,1,3,0.015356119156960227,0.02645800543406399
0.2807017543859649,0,0,0.22692870551095976,0.5555555555555556,0.6145833333333334,0.5357142857142856,0.24561403508771928,0.9583333333333333,0,1,2,1,0,0.07519388991096568,0.2305307572476698
0.26315789473684215,1,3,0.021887281095083224,0.0,0.3125,0.49999999999999994,0.05263157894736842,0.25,1,0,0,1,5,0.04378691605999178,0.01933713518762592
0.3508771929824561,1,6,0.002007354900939209,0.0,0.5625,0.5714285714285714,0.42105263157894735,1.0,0,0,2,1,7,0.004015842816117679,0.0019463294949865477
0.5964912280701754,1,8,0.006575075172082277,0.1111111111111111,0.3125,0.42857142857142855,0.34210526315789475,0.75,1,1,0,1,4,0.006294715036228554,0.005959555891096922
0.4736842105263158,0,2,0.07391392912654181,0.3333333333333333,0.546875,0.46428571428571425,0.22368421052631576,0.8125,1,1,2,1,4,0.03654407081164096,0.08772975460457068
0.07017543859649122,0,6,0.05215922038761313,0.0,0.4375,0.2857142857142857,0.47368421052631576,0.5,1,1,4,1,5,0.10434788107966883,0.044401364345317565
0.5789473684210525,1,5,0.23552378033926274,0.7777777777777777,0.625,0.49999999999999994,0.3157894736842105,0.75,1,1,3,1,6,0.058403684693887827,0.19016655268686647
0.3508771929824561,0,6,0.012319943130213121,0.0,0.5625,0.35714285714285715,0.05263157894736842,0.0,0,0,2,0,0,0.024646840023802564,0.012258776326134833
0.4385964912280701,1,3,0.019939593633128628,0.1111111111111111,0.4375,0.42857142857142855,0.13157894736842105,0.5,1,1,0,0,4,0.019663005174547856,0.01744312739718951
0.5964912280701754,0,7,0.33888378817901105,1.0,0.625,0.5142857142857142,0.2421052631578947,0.8,0,1,2,1,5,0.06728789699679384,0.37910278703123146
0.05263157894736842,1,7,0.017074173541758417,0.2222222222222222,0.5833333333333334,0.6666666666666667,0.42105263157894735,0.8333333333333333,1,1,2,1,5,0.011009707127402941,0.01534196546672714
0.2807017543859649,0,9,0.079506664872692,0.1111111111111111,0.5,0.5357142857142856,0.47368421052631576,0.375,0,1,3,1,0,0.07924688717833483,0.05840756238202143
0.17543859649122806,0,7,0.26592473565052427,0.2222222222222222,0.6041666666666666,0.42857142857142855,0.14035087719298245,1.0,0,1,3,0,0,0.17695690156119182,0.19324500254262633
0.0,0,6,0.16866720525421197,0.3333333333333333,0.5625,0.5357142857142856,0.2368421052631579,0.75,0,0,2,1,1,0.08393407930775723,0.13302234146262862
0.36842105263157887,1,8,0.253284722152248,0.4444444444444445,0.48750000000000004,0.5714285714285714,0.34736842105263155,0.75,0,1,3,1,2,0.10089093607280217,0.23764105888893156
0.8245614035087719,1,8,0.06871713228014376,0.3333333333333333,0.515625,0.44642857142857145,0.22368421052631576,0.6875,0,1,3,1,1,0.03394493907954589,0.0593943288769838
0.0,0,2,0.11295382076098905,0.5555555555555556,0.6666666666666667,0.4880952380952381,0.24561403508771928,0.875,0,1,3,1,3,0.03719153982604733,0.12994919960588106
0.2807017543859649,1,7,0.012260473265529783,0.1111111111111111,0.40625,0.8214285714285714,0.3684210526315789,0.875,0,0,2,1,0,0.01198171763842355,0.010923956753078046
0.42105263157894735,0,6,0.2651941058844147,0.1111111111111111,0.5,0.46428571428571425,0.2368421052631579,0.75,1,1,2,0,0,0.2649867321059321,0.3015377557495819
0.3157894736842105,0,5,0.009253589974447715,0.0,0.125,0.2857142857142857,0.3157894736842105,0.75,0,1,4,0,7,0.018512402966110987,0.009378570754915942
0.26315789473684215,0,6,0.014276719010026303,0.1111111111111111,0.59375,0.6785714285714286,0.5526315789473684,0.125,0,1,4,0,1,0.013998532399175565,0.01055623564292901
0.017543859649122806,1,6,0.06912709895528636,0.1111111111111111,0.5,0.5357142857142856,0.3684210526315789,0.375,0,1,2,0,3,0.06886439198420381,0.07423615761534354
0.33333333333333337,0,3,0.0013166351436868986,0.0,0.625,0.6428571428571428,0.21052631578947367,1.0,1,0,3,0,0,0.002634013437658289,0.0013506013915488126
0.12280701754385964,0,6,0.21978106001378675,0.8888888888888888,0.5625,0.5396825396825395,0.3508771929824561,0.6944444444444444,0,1,2,1,7,0.048352302195860994,0.19708652464925738
0.0,0,6,0.0038155549061946858,0.0,0.0,0.42857142857142855,0.2631578947368421,0.5,1,0,2,1,3,0.007633263431581164,0.0031910078705303215
0.543859649122807,1,7,0.018608337991147486,0.2222222222222222,0.6041666666666666,0.3809523809523809,0.3333333333333333,0.5833333333333334,0,1,2,0,0,0.012032772070551031,0.02098100352460613
0.49122807017543857,1,6,0.005696462254318827,0.0,0.5625,0.35714285714285715,0.3157894736842105,1.0,0,0,2,0,0,0.011396139771093007,0.005519371115859876
0.29824561403508765,1,6,0.11011428290308566,0.3333333333333333,0.5625,0.49999999999999994,0.07894736842105263,0.6875,1,1,2,0,7,0.054649355854464426,0.08070428616180964
0.33333333333333337,1,6,0.17871583421698442,0.3333333333333333,0.71875,0.49999999999999994,0.35526315789473684,0.75,1,1,0,1,1,0.08895981172969979,0.15088645953148377
0.5087719298245613,0,6,0.004698119309983607,0.1111111111111111,0.53125,0.5357142857142856,0.3157894736842105,0.75,0,1,3,0,3,0.004417229467669599,0.004759758542916357
0.33333333333333337,0,0,0.12479622680502399,0.5555555555555556,0.5729166666666666,0.46428571428571425,0.2368421052631579,0.7916666666666667,1,1,2,1,2,0.04114012254512996,0.12756747201333823
0.4736842105263158,1,5,0.08463292769353539,0.1111111111111111,0.65625,0.6428571428571428,0.15789473684210525,0.625,1,0,2,1,1,0.08437459671115911,0.08781240773204843
0.22807017543859642,0,7,0.0020591193678728774,0.0,0.375,0.49999999999999994,0.42105263157894735,0.5,1,0,2,1,3,0.004119400967478195,0.0025926257675864197
0.5614035087719298,1,7,0.00249575857368741,0.0,0.75,0.6428571428571428,0.21052631578947367,1.0,1,0,3,0,0,0.004992925832007729,0.0026041896225775735
0.3508771929824561,1,6,0.1864810969799385,0.5555555555555556,0.5520833333333334,0.4166666666666666,0.21052631578947367,0.875,1,1,3,1,1,0.06170754875023031,0.21237631058997936
0.33333333333333337,1,6,0.0010489219654612463,0.0,0.3125,0.5714285714285714,0.15789473684210525,0.5,1,0,3,1,1,0.0020984359754693664,0.001231977092192834
0.017543859649122806,1,1,0.02727039050758221,0.1111111111111111,0.65625,0.46428571428571425,0.3157894736842105,0.625,1,1,3,0,6,0.026995870915159585,0.02668515935608285
0.3508771929824561,0,3,0.007681886407816672,0.0,0.75,0.5714285714285714,0.21052631578947367,1.0,1,1,3,1,0,0.015368108713924359,0.0058512158398273395
0.12280701754385964,1,0,0.015412376093746634,0.1111111111111111,0.4375,0.35714285714285715,0.18421052631578946,1.0,0,0,0,0,3,0.015134509983183657,0.011226228339691086
0.15789473684210525,0,3,0.055351230798988495,0.2222222222222222,0.5208333333333334,0.6904761904761905,0.3508771929824561,0.75,1,1,2,1,6,0.03653494689054462,0.06590411573712704
0.12280701754385964,1,1,0.28622430966057333,0.0,0.5,0.35714285714285715,0.10526315789473684,0.25,1,0,3,0,2,0.5726101733235388,0.294522097626424
0.07017543859649122,0,6,0.222697059126283,1.0,0.54375,0.5642857142857143,0.21578947368421048,0.4,1,1,2,1,2,0.044043993241842466,0.2282046214662115
0.7368421052631579,1,5,0.004913277724070497,0.1111111111111111,0.53125,0.2857142857142857,0.21052631578947367,0.75,0,1,2,0,1,0.004632448602844409,0.0051959149260458306
0.5614035087719298,1,1,0.03419102313259192,0.2222222222222222,0.625,0.6190476190476191,0.15789473684210525,0.9166666666666667,0,0,2,1,0,0.022424160617375226,0.03941653716570862
0.7017543859649124,1,0,0.03614147663476435,0.2222222222222222,0.625,0.5714285714285714,0.17543859649122803,0.8333333333333333,1,1,2,0,4,0.023724829917923573,0.028977361858140885
0.03508771929824561,1,7,0.32401434626516407,1.0,0.49375,0.5642857142857143,0.23157894736842105,0.825,0,1,2,1,5,0.06431316933595706,0.26429939389286283
0.29824561403508765,1,0,0.00016596241306977714,0.0,0.75,0.6428571428571428,0.5263157894736843,0.75,1,1,0,1,7,0.0003320185005451625,0.00020743849711590825
0.017543859649122806,0,9,0.0011251856457528344,0.0,0.375,0.49999999999999994,0.3684210526315789,0.0,0,1,2,0,4,0.0022510063816722626,0.0013085639350850678
0.14035087719298245,0,8,0.1269104694029522,0.0,0.625,0.49999999999999994,0.5263157894736843,0.75,0,1,2,2,2,0.25389257106628726,0.13376067464667446
0.08771929824561403,0,3,0.09177543625887528,0.1111111111111111,0.53125,0.46428571428571425,0.3684210526315789,0.5,0,0,4,0,3,0.09151912100473542,0.06849437186229725
0.543859649122807,0,7,0.05417862732093001,0.4444444444444445,0.44999999999999996,0.5142857142857142,0.3157894736842105,0.5,0,1,4,1,1,0.021226021791876177,0.056892033878303695
0.21052631578947367,1,1,0.016215120479821047,0.2222222222222222,0.41666666666666663,0.2857142857142857,0.2631578947368421,0.75,1,1,0,1,0,0.010436843460589304,0.016994364516405746
0.5087719298245613,1,8,0.00961278005416302,0.1111111111111111,0.40625,0.5357142857142856,0.5526315789473684,0.875,0,0,2,0,0,0.009333277206396335,0.0076946080682532845
0.42105263157894735,2,7,0.12421871712240143,0.3333333333333333,0.4375,0.46428571428571425,0.3026315789473684,0.8125,0,0,2,0,6,0.06170356321069004,0.14260114700171514
0.7719298245614034,0,6,0.16033767028682058,0.3333333333333333,0.4375,0.5357142857142856,0.5394736842105263,0.9375,1,1,3,0,0,0.07976813646118475,0.11875079086815643
0.0,0,7,0.08112776201464145,0.1111111111111111,0.5625,0.49999999999999994,0.3684210526315789,0.75,0,1,1,1,2,0.08086844181939024,0.07926591321516402
0.5614035087719298,0,6,0.00716503203568508,0.2222222222222222,0.5208333333333334,0.4761904761904761,0.4561403508771929,0.6666666666666666,1,1,2,1,4,0.004401748446314815,0.005447807914890027
0.5263157894736842,1,7,0.19860919546361502,1.0,0.5625,0.45,0.3684210526315789,0.8,1,1,3,0,0,0.039225060914525184,0.16685111963234525
0.08771929824561403,1,3,0.0909262619120016,0.3333333333333333,0.578125,0.5535714285714286,0.2368421052631579,0.9375,1,1,2,1,3,0.045052637778290286,0.09580165713833452
0.5087719298245613,1,1,0.008599619037232284,0.0,0.75,0.21428571428571425,0.2631578947368421,0.0,1,1,3,2,6,0.01720409196991517,0.006935469423793012
0.36842105263157887,1,6,0.04493333546713579,0.1111111111111111,0.65625,0.5357142857142856,0.15789473684210525,0.75,0,1,2,0,1,0.04466380063553874,0.04441065334358915
0.24561403508771928,1,8,0.11505087439470643,0.3333333333333333,0.546875,0.41071428571428564,0.35526315789473684,0.6875,0,1,3,0,2,0.05711834819214937,0.12074219096189948
0.12280701754385964,1,0,0.021084339134707544,0.2222222222222222,0.375,0.6428571428571428,0.24561403508771928,0.5833333333333334,1,1,3,1,0,0.013683905343897055,0.024796886100293694
0.14035087719298245,0,5,0.08651423019026208,0.1111111111111111,0.65625,0.75,0.2368421052631579,0.875,1,0,3,0,1,0.08625643014103475,0.07064131528424099
0.719298245614035,0,1,0.07866065171463871,0.2222222222222222,0.6041666666666666,0.5476190476190474,0.3508771929824561,1.0,0,1,0,1,0,0.05207894635773399,0.09180354906083962
0.29824561403508765,0,0,0.05605143412270195,0.1111111111111111,0.65625,0.3214285714285714,0.13157894736842105,0.875,1,0,0,0,6,0.05578503699338275,0.04363113577434938
0.45614035087719296,0,7,0.1647072235337863,0.4444444444444445,0.5375,0.4857142857142857,0.28421052631578947,0.7,1,1,2,1,2,0.06544993744020455,0.1426119051782848
0.12280701754385964,1,6,0.095421274840276,0.0,0.75,0.5714285714285714,0.2631578947368421,1.0,0,0,3,1,2,0.19089640844915937,0.07344512358396094
0.12280701754385964,1,6,0.0033945240701807626,0.0,0.5,0.21428571428571425,0.3684210526315789,0.5,1,0,2,1,7,0.006790964116507663,0.002600682551801568
0.5087719298245613,0,1,0.22842770173472213,0.5555555555555556,0.5625,0.42857142857142855,0.2807017543859649,0.5416666666666666,0,1,2,1,1,0.07569369633232205,0.2723703485696602
0.0,1,6,0.21023387462764653,0.1111111111111111,0.78125,0.5714285714285714,0.4473684210526316,0.875,0,0,0,1,2,0.21001099020762812,0.19066010180931678
0.21052631578947367,1,4,0.019558670380273233,0.2222222222222222,0.5416666666666666,0.4047619047619047,0.21052631578947367,0.5833333333333334,1,0,0,0,1,0.01266650579579795,0.01990878772411486
0.29824561403508765,1,6,0.009125759401523733,0.0,0.625,0.7142857142857142,0.3157894736842105,0.5,1,1,2,1,0,0.018256669668667274,0.00792484252541323
0.3157894736842105,1,7,0.16853641106676887,0.2222222222222222,0.625,0.5476190476190474,0.4035087719298245,0.8333333333333333,1,1,1,1,2,0.11201302882757218,0.14322137720773662
0.24561403508771928,0,7,0.08953020189920273,0.1111111111111111,0.53125,0.35714285714285715,0.34210526315789475,0.625,1,0,2,1,2,0.0892732530046192,0.1015185616460105
0.36842105263157887,1,1,0.14934977309579373,0.2222222222222222,0.6041666666666666,0.4047619047619047,0.21052631578947367,1.0,0,1,2,1,3,0.0992183269996193,0.14320052435447386
0.4385964912280701,0,3,0.00804305223054471,0.0,0.5,0.49999999999999994,0.10526315789473684,1.0,1,0,2,1,3,0.016090644212729786,0.007981003050677647
0.4385964912280701,0,6,0.335870384935987,0.7777777777777777,0.5546875,0.48214285714285715,0.3289473684210526,0.8125,0,1,2,0,2,0.08349741569052241,0.3554627603585364
0.08771929824561403,1,5,0.046490813684075136,0.1111111111111111,0.71875,0.49999999999999994,0.6052631578947367,0.875,1,1,2,0,2,0.04622171839732297,0.049421214839838246
0.22807017543859642,1,1,0.12869634351216377,0.5555555555555556,0.5416666666666666,0.4880952380952381,0.22807017543859648,0.5833333333333334,1,1,2,1,6,0.04244052833893185,0.11671299317590378
0.543859649122807,1,3,0.0041119163581050016,0.0,0.5625,0.42857142857142855,0.21052631578947367,0.5,0,0,4,2,1,0.008226153611126098,0.004429856925730194
0.4736842105263158,1,0,0.12886744285706667,0.1111111111111111,0.5,0.6785714285714286,0.3157894736842105,0.75,1,1,1,0,2,0.12862159555047778,0.10553392072029547
0.0,0,9,0.09162784825582394,0.2222222222222222,0.6458333333333333,0.4523809523809524,0.1929824561403509,0.9166666666666667,0,1,3,1,1,0.06072618374971022,0.10246130018487952
0.36842105263157887,0,5,0.0278044338439246,0.1111111111111111,0.625,0.46428571428571425,0.15789473684210525,1.0,0,0,2,1,4,0.02753006496692957,0.03146960957297622
0.0,0,3,0.03069632889166547,0.0,0.5625,0.35714285714285715,0.10526315789473684,0.75,1,1,3,1,6,0.06140998375678537,0.03370759465655114
0.29824561403508765,1,1,0.007500118050645011,0.0,0.4375,0.7142857142857142,0.3684210526315789,1.0,1,1,2,1,0,0.015004469403803468,0.006252775443679999
0.6842105263157895,0,7,0.03460257040214471,0.1111111111111111,0.75,0.5357142857142856,0.3684210526315789,0.75,1,0,3,0,1,0.03433012006619025,0.03753172358784715
0.08771929824561403,0,0,0.06468681410846475,0.2222222222222222,0.5416666666666666,0.2857142857142857,0.5263157894736843,0.41666666666666663,1,1,2,1,5,0.04276042552913966,0.07664352473882988
0.10526315789473684,0,9,0.05134205307754574,0.3333333333333333,0.59375,0.44642857142857145,0.21052631578947367,0.625,1,1,2,0,1,0.025254947717955813,0.04397658224578595
0.45614035087719296,0,6,0.11262742801528514,0.2222222222222222,0.5,0.42857142857142855,0.24561403508771928,0.9166666666666667,0,1,2,1,7,0.07472985453044184,0.131422975010225
0.0,0,1,0.06030441853191625,0.5555555555555556,0.38541666666666663,0.42857142857142855,0.3157894736842105,0.7916666666666667,1,1,2,1,1,0.019636786253274644,0.060252945110077
0.15789473684210525,0,0,0.0016173432302252328,0.0,0.875,0.6428571428571428,0.15789473684210525,0.0,0,1,2,1,1,0.003235599339836548,0.0017129197169888672
0.42105263157894735,0,7,0.026132560106547867,0.1111111111111111,0.78125,0.7142857142857142,0.2368421052631579,0.875,1,0,2,0,0,0.02585771940049316,0.029935076537080402
0.15789473684210525,1,1,0.0768666770590749,0.1111111111111111,0.34375,0.39285714285714285,0.3947368421052631,1.0,0,1,1,0,5,0.0766061543186417,0.0824832715093627
0.24561403508771928,0,7,0.01713680459526213,0.1111111111111111,0.40625,0.35714285714285715,0.3157894736842105,0.375,0,1,2,0,1,0.016859425145539716,0.012530005597095387
0.4385964912280701,1,3,0.011175790351538026,0.1111111111111111,0.53125,0.42857142857142855,0.6052631578947367,0.625,0,1,2,0,1,0.010896728609856323,0.00991027112026741
0.38596491228070173,1,4,0.057967904845055325,0.4444444444444445,0.5,0.7285714285714284,0.3684210526315789,0.8,0,1,1,1,4,0.022742160559008483,0.06603179207051298
0.3508771929824561,0,7,0.13964314524852575,0.5555555555555556,0.4375,0.5238095238095237,0.2631578947368421,0.7916666666666667,0,1,1,0,2,0.04609049203758369,0.11693810920544469
0.21052631578947367,0,6,0.01127517022507862,0.1111111111111111,0.375,0.5714285714285714,0.2631578947368421,0.875,1,1,2,0,1,0.010996136529960026,0.010779550744233595
0.36842105263157887,1,6,0.12259920057486219,0.4444444444444445,0.5,0.39999999999999997,0.3368421052631579,0.8500000000000001,0,1,2,1,1,0.04860197483813604,0.10500364214039373
0.26315789473684215,1,6,0.008690898364420663,0.3333333333333333,0.609375,0.49999999999999994,0.2631578947368421,0.6875,1,1,2,0,4,0.00392335194810867,0.00997207139448243
0.38596491228070173,1,3,0.017242111697840925,0.1111111111111111,0.5625,0.49999999999999994,0.3157894736842105,0.875,1,1,2,0,0,0.016964761967438863,0.019238415884566193
0.19298245614035092,0,3,0.003548632025174127,0.0,0.6875,0.7142857142857142,0.15789473684210525,0.5,1,0,4,1,7,0.007099267009871027,0.004141661015069505
0.24561403508771928,0,6,0.11026799570947647,0.5555555555555556,0.53125,0.5952380952380953,0.34210526315789475,0.8333333333333333,0,1,3,1,2,0.03629601214818802,0.09291931888894103
0.08771929824561403,0,2,0.011138448808597327,0.0,0.1875,0.7857142857142856,0.3157894736842105,1.0,1,0,2,2,6,0.02228318450801676,0.008699857774062179
0.2807017543859649,0,0,0.03262465407209526,0.2222222222222222,0.5208333333333334,0.5952380952380953,0.5263157894736843,0.9166666666666667,0,0,2,1,0,0.02137961987439029,0.024642006271969552
0.12280701754385964,1,1,0.024806836545002386,0.3333333333333333,0.40625,0.5535714285714286,0.3026315789473684,0.8125,0,1,2,1,4,0.01198359512399211,0.02860736589127228
0.05263157894736842,0,1,0.13129997765434653,0.0,0.625,0.35714285714285715,0.5263157894736843,0.75,1,0,3,0,2,0.2626740651455871,0.11653872967261496
0.3508771929824561,1,4,0.021959790863650616,0.1111111111111111,0.65625,0.35714285714285715,0.47368421052631576,0.625,1,1,2,0,4,0.021683772536496837,0.016098971433012817
0.33333333333333337,0,1,0.07643991656832407,0.2222222222222222,0.6041666666666666,0.2857142857142857,0.21052631578947367,0.5833333333333334,1,1,3,0,0,0.05059803844260398,0.08473414744768186
0.45614035087719296,0,0,0.13094513420925927,0.2222222222222222,0.5416666666666666,0.4047619047619047,0.12280701754385964,0.33333333333333337,0,0,2,0,2,0.08694510502291948,0.11190517828478648
0.19298245614035092,0,7,0.007691567548579074,0.0,0.4375,0.42857142857142855,0.10526315789473684,0.75,1,0,0,0,3,0.015387476459789495,0.007981429586312566
0.36842105263157887,1,5,0.0382171922439442,0.0,0.5,0.42857142857142855,0.15789473684210525,0.75,1,1,4,1,2,0.07645595547315699,0.04382672605938419
0.4035087719298246,1,0,0.21099809202497263,0.6666666666666665,0.5,0.4489795918367347,0.16541353383458648,0.7142857142857143,1,1,2,1,5,0.05981838418622985,0.1811169830850185
0.38596491228070173,1,2,0.22101688726825275,0.1111111111111111,0.40625,0.6071428571428572,0.2368421052631579,0.75,1,0,0,0,2,0.2207970459839694,0.23929606454526797
0.12280701754385964,0,9,0.02968573634065129,0.4444444444444445,0.5,0.4857142857142857,0.21052631578947367,0.8500000000000001,0,1,2,1,7,0.011426100488166011,0.03247452752884684
0.3157894736842105,1,8,0.0459219972707086,0.5555555555555556,0.6354166666666667,0.5595238095238095,0.12280701754385964,0.8333333333333333,1,1,2,1,4,0.014841292851055376,0.044210939880750116
0.36842105263157887,1,3,0.114067547097268,0.3333333333333333,0.53125,0.6071428571428572,0.3026315789473684,0.9375,1,1,3,1,2,0.05662654578821685,0.10247940425293943
0.29824561403508765,1,6,0.05757394168831588,0.2222222222222222,0.625,0.5714285714285714,0.4561403508771929,0.8333333333333333,0,1,3,0,5,0.03801717233940696,0.043928288933343385
0.0,0,1,0.006791616606278081,0.1111111111111111,0.46875,0.42857142857142855,0.42105263157894735,0.125,1,1,3,0,0,0.006511317581822303,0.006623055767638553
0.3157894736842105,1,0,0.007675366455874645,0.2222222222222222,0.39583333333333337,0.5476190476190474,0.1929824561403509,0.75,1,1,2,0,0,0.004742067409373607,0.006278936295955069
0.7543859649122807,0,2,0.23758171426132801,0.1111111111111111,0.875,0.5357142857142856,0.21052631578947367,0.875,1,0,3,1,2,0.23736654783171168,0.22032503911094808
0.21052631578947367,0,6,0.007797269799760422,0.1111111111111111,0.34375,0.7142857142857142,0.28947368421052627,0.75,1,1,0,1,0,0.007517254586450207,0.008133418450888923
0.14035087719298245,0,6,0.03464386343111089,0.2222222222222222,0.6875,0.5238095238095237,0.14035087719298245,0.5833333333333334,1,1,2,1,0,0.022726139348823445,0.03061061419709643
0.36842105263157887,1,2,0.11784101867729142,0.2222222222222222,0.625,0.3809523809523809,0.15789473684210525,0.6666666666666666,0,1,0,0,3,0.07820656254329333,0.09744960126027064
0.3508771929824561,1,1,0.037278121589991046,0.5555555555555556,0.5833333333333334,0.46428571428571425,0.3157894736842105,0.75,0,1,2,0,0,0.011959187811600843,0.04206418603019967
0.543859649122807,1,7,0.05059206102991137,0.3333333333333333,0.40625,0.46428571428571425,0.2763157894736842,1.0,0,1,2,0,7,0.02487984586436372,0.058644242266553494
0.017543859649122806,1,0,0.09241478669779647,0.5555555555555556,0.5520833333333334,0.46428571428571425,0.2368421052631579,0.75,1,1,2,0,3,0.030343262992183664,0.09247946586364225
0.4385964912280701,1,3,0.005830220056281016,0.2222222222222222,0.41666666666666663,0.6666666666666667,0.3684210526315789,0.75,0,0,0,1,1,0.0035116226567580224,0.004364217830800897
0.42105263157894735,0,6,0.22192513633120725,0.4444444444444445,0.44999999999999996,0.6428571428571428,0.3368421052631579,0.75,1,1,2,0,6,0.08834356167708078,0.2212720903990146
0.26315789473684215,1,6,0.05471919060921444,0.3333333333333333,0.671875,0.48214285714285715,0.22368421052631576,0.6875,0,1,3,2,1,0.026943993024449404,0.05991892031508661
0.36842105263157887,0,6,0.016674085581679488,0.1111111111111111,0.625,0.39285714285714285,0.5526315789473684,1.0,0,0,0,0,0,0.01639657554537497,0.016235036300552178
0.5087719298245613,1,1,0.018763631391948494,0.2222222222222222,0.4375,0.42857142857142855,0.5614035087719298,0.5833333333333334,1,1,1,1,0,0.012136330221911547,0.021615830727911498
0.4736842105263158,0,3,0.12865188929437724,0.3333333333333333,0.578125,0.35714285714285715,0.35526315789473684,0.5,1,1,2,1,2,0.06392077485212824,0.14577992751737776
0.05263157894736842,0,7,0.006033524012291493,0.0,0.8125,0.6428571428571428,0.6842105263157894,0.75,1,0,4,0,3,0.012070453535295443,0.007168973987487341
0.45614035087719296,0,6,0.20560984568064053,0.7777777777777777,0.5078125,0.48214285714285715,0.13157894736842105,0.59375,1,1,2,1,5,0.050923090483539483,0.1774538476594805
0.2807017543859649,0,6,0.006176172657810991,0.0,0.5,0.7142857142857142,0.2631578947368421,1.0,1,1,2,2,6,0.012355831341716405,0.005719274150092203
0.29824561403508765,0,6,0.12885677384479788,0.1111111111111111,0.5,0.3214285714285714,0.21052631578947367,1.0,1,1,2,0,4,0.12861092352724596,0.13668647213798144
0.29824561403508765,0,4,0.07573753992729661,0.1111111111111111,0.6875,0.49999999999999994,0.21052631578947367,0.75,1,1,2,0,2,0.07547669852660861,0.08950959302339359
0.26315789473684215,1,7,0.18416414314890367,0.5555555555555556,0.44791666666666663,0.4523809523809524,0.28947368421052627,0.625,1,1,4,1,2,0.06093501284628327,0.18939722458001643
0.543859649122807,0,9,0.21494266294989894,0.4444444444444445,0.6125,0.5142857142857142,0.23157894736842105,0.8,1,1,2,1,6,0.08554978409904111,0.19251093471492967
0.26315789473684215,1,5,0.03265191932567101,0.2222222222222222,0.25,0.5238095238095237,0.1929824561403509,0.75,0,1,4,1,4,0.02139780183989633,0.036093398034049866
0.05263157894736842,1,7,0.0646437429107871,0.6666666666666665,0.6607142857142858,0.5918367346938775,0.37593984962406013,0.7857142857142858,0,1,4,1,4,0.017991054868231143,0.05996835105588896
0.21052631578947367,1,0,0.022315424605942998,0.1111111111111111,0.5625,0.39285714285714285,0.13157894736842105,1.0,1,1,0,0,0,0.022039506644223796,0.016341812387827052
0.33333333333333337,1,6,0.1031537402692187,0.0,0.5625,0.2857142857142857,0.10526315789473684,1.0,1,1,2,0,2,0.20636570375372604,0.10501160413891224
0.543859649122807,1,2,0.09521243880382986,0.0,0.75,0.5714285714285714,0.15789473684210525,0.5,0,0,0,0,2,0.19047861850264003,0.09231923064345746
0.42105263157894735,1,1,0.5708241634160754,0.7777777777777777,0.5703125,0.37499999999999994,0.375,0.53125,1,1,2,1,2,0.14225243722330555,0.6103409299329913
0.10526315789473684,1,5,0.015541787261080808,0.1111111111111111,0.75,0.35714285714285715,0.3157894736842105,0.75,1,0,0,1,0,0.0152639576723843,0.016712282283178906
0.8070175438596491,0,6,0.083417055443498,0.2222222222222222,0.4375,0.42857142857142855,0.21052631578947367,0.75,0,1,2,0,5,0.05525077706492615,0.08124641295379247
0.3508771929824561,1,0,0.006970816497533187,0.1111111111111111,0.75,0.39285714285714285,0.18421052631578946,0.75,0,1,2,0,3,0.006690568046104722,0.006926227818369753
0.5614035087719298,0,6,0.01255130263700444,0.1111111111111111,0.59375,0.3214285714285714,0.7894736842105263,0.125,1,0,3,1,1,0.012272629086520265,0.011693427038473042
0.26315789473684215,1,9,0.30608368812738485,0.4444444444444445,0.5125,0.5428571428571427,0.2526315789473684,0.7,1,1,0,1,0,0.12201648274225146,0.2745135479565863
0.4035087719298246,0,1,0.41327150048000677,0.3333333333333333,0.5,0.39285714285714285,0.17105263157894735,0.8125,0,1,3,1,5,0.20627074250996894,0.40771389695752136
0.4736842105263158,0,2,0.10365478869724841,0.3333333333333333,0.640625,0.48214285714285715,0.22368421052631576,0.5625,1,1,2,1,5,0.05141869726612409,0.08434415169882035
0.543859649122807,0,7,0.10879626473928984,0.8888888888888888,0.48611111111111116,0.6666666666666667,0.28654970760233917,0.7777777777777777,1,0,2,1,0,0.023682053989414188,0.11193157610130318
0.5087719298245613,0,1,0.06725034066748897,0.5555555555555556,0.5416666666666666,0.5119047619047619,0.2631578947368421,0.625,1,1,4,0,5,0.021952747047950385,0.07380398223147332
0.4736842105263158,1,2,0.143018504611483,0.5555555555555556,0.5208333333333334,0.4880952380952381,0.3771929824561403,0.75,0,1,3,1,6,0.04721592935173321,0.15038878723122923
0.22807017543859642,2,8,0.015938714032339357,0.1111111111111111,0.5,0.6071428571428572,0.631578947368421,0.375,1,1,2,1,1,0.015660996462619557,0.013559141298459781
0.17543859649122806,0,6,0.007246630222111054,0.0,0.625,1.0,0.42105263157894735,1.0,1,1,2,1,1,0.014497350670232702,0.007043430332276
0.3508771929824561,0,8,0.04664176045024813,0.4444444444444445,0.5875,0.6142857142857143,0.3368421052631579,0.7,1,1,4,1,0,0.01821042423466277,0.041598646081109074
0.49122807017543857,0,3,0.003571945792724405,0.1111111111111111,0.34375,0.6428571428571428,0.5263157894736843,0.875,1,1,1,0,1,0.0032907381265342263,0.0027366052407959535
0.24561403508771928,1,5,0.16468055100311438,1.0,0.40625,0.46428571428571425,0.3105263157894737,0.675,0,1,2,0,3,0.03243741698302298,0.1804486491379478
0.5087719298245613,0,1,0.001701707456869036,0.1111111111111111,0.5,0.35714285714285715,0.18421052631578946,0.625,0,0,2,1,1,0.0014199719800101146,0.001924433999060674
0.5964912280701754,1,7,0.04505089217639355,0.3333333333333333,0.515625,0.39285714285714285,0.3026315789473684,0.875,1,1,3,1,7,0.022108479535110855,0.039526962502304475
0.10526315789473684,0,9,0.036379751242100244,0.1111111111111111,0.5,0.35714285714285715,0.21052631578947367,0.875,0,1,3,0,5,0.036107802454525814,0.029592521029391628
0.10526315789473684,1,7,0.00405106347331275,0.0,0.625,0.49999999999999994,0.15789473684210525,1.0,1,1,3,1,4,0.008104413494259537,0.004292417665589428
0.26315789473684215,0,3,0.00483543344936872,0.1111111111111111,0.4375,0.5714285714285714,0.34210526315789475,0.625,1,1,3,0,1,0.004554582359264175,0.00515510968363852
0.3508771929824561,1,6,0.35913416618804295,0.3333333333333333,0.46875,0.48214285714285715,0.3289473684210526,0.8125,1,1,0,0,2,0.17919443616045108,0.2594848018244351
0.17543859649122806,1,6,0.08317640994454682,0.0,0.4375,0.42857142857142855,0.15789473684210525,0.5,1,1,2,0,2,0.1663997672708415,0.09190876118411981
0.5789473684210525,0,2,0.04568688385219309,0.0,0.8125,0.42857142857142855,0.0,0.75,1,1,2,0,5,0.09139955481852718,0.03295689193909261
0.38596491228070173,0,0,0.037208773010244035,0.1111111111111111,0.5,0.5714285714285714,0.21052631578947367,1.0,0,1,2,1,3,0.036937058185649324,0.029667543908289153
0.29824561403508765,0,3,0.04022652288789615,0.3333333333333333,0.390625,0.49999999999999994,0.17105263157894735,0.9375,1,1,0,1,2,0.019695614134422827,0.046754229693230835
0.0,1,6,0.02187147515098134,0.0,0.4375,0.2857142857142857,0.3684210526315789,0.25,0,0,3,0,5,0.04375529525041605,0.02152786960142141
0.017543859649122806,1,7,0.11571610706709445,0.4444444444444445,0.5875,0.5714285714285714,0.28421052631578947,0.95,1,1,2,1,0,0.045847960428137845,0.1331559892949034
0.3508771929824561,0,1,0.06747715596535099,0.2222222222222222,0.625,0.49999999999999994,0.17543859649122803,0.9166666666666667,1,1,2,1,3,0.04462117841929812,0.07374886434887204
0.0,2,7,0.031268701642454926,0.1111111111111111,0.6875,0.75,0.2368421052631579,0.75,1,1,2,0,6,0.03099531043630985,0.025328349501403544
0.5087719298245613,0,9,0.06555772162847852,0.2222222222222222,0.6458333333333333,0.5476190476190474,0.2631578947368421,0.8333333333333333,1,1,3,1,3,0.04334119439834722,0.0713197439080048
0.26315789473684215,1,0,0.024327323715811495,0.2222222222222222,0.6666666666666667,0.49999999999999994,0.3859649122807018,0.6666666666666666,1,1,2,1,0,0.015846505212130504,0.02124346511862667
0.9649122807017544,0,6,0.021443134065820296,0.0,0.375,0.49999999999999994,0.42105263157894735,1.0,1,0,3,1,5,0.04289837131091377,0.02116507734749811
0.7719298245614034,1,9,0.11613595245730074,0.6666666666666665,0.4732142857142857,0.5306122448979591,0.24060150375939848,0.9285714285714286,1,1,2,0,5,0.032707266713313,0.11084969215975372
0.24561403508771928,0,7,0.04896483908462246,0.4444444444444445,0.6125,0.5142857142857142,0.3368421052631579,0.8500000000000001,0,1,2,2,1,0.019139917932141346,0.04545163725703464
0.26315789473684215,1,0,0.00034931136465162616,0.0,0.4375,0.5714285714285714,0.5263157894736843,0.75,1,0,2,0,1,0.0006988198916236278,0.00024535277577543
0.49122807017543857,1,6,0.03823398605955246,0.1111111111111111,0.6875,0.7857142857142856,0.05263157894736842,0.75,1,1,0,1,6,0.03796256056620221,0.03480312773841802
0.6491228070175438,0,2,0.007422076201641961,0.0,0.4375,0.49999999999999994,0.05263157894736842,0.5,1,1,2,0,4,0.014848341656523302,0.007746455844320182
0.0,0,6,0.08484788853332101,0.2222222222222222,0.4375,0.49999999999999994,0.1929824561403509,0.5833333333333334,1,1,2,1,2,0.05620493499387379,0.0819066427237997
0.0,1,7,0.130858991813904,0.2222222222222222,0.47916666666666663,0.5714285714285714,0.42105263157894735,0.75,0,0,1,0,2,0.08688766055219024,0.10014995097209842
0.15789473684210525,1,6,0.06236986027742989,0.2222222222222222,0.4375,0.2619047619047619,0.4385964912280702,0.5833333333333334,0,1,2,1,0,0.04121535372124556,0.062093446374755154
0.4035087719298246,1,6,0.10240078460706523,0.6666666666666665,0.5535714285714286,0.4489795918367347,0.21052631578947367,0.8928571428571428,0,1,1,0,5,0.028781825533143082,0.10199609198572719
0.38596491228070173,0,6,0.03198866239629572,0.2222222222222222,0.35416666666666663,0.35714285714285715,0.3333333333333333,0.8333333333333333,1,1,4,1,1,0.020955505765955805,0.03226116492569039
0.5087719298245613,1,6,0.11619147083595861,0.7777777777777777,0.578125,0.39285714285714285,0.26973684210526316,0.6875,1,1,2,0,0,0.028562187954487377,0.09010484719834808
0.03508771929824561,1,6,0.24455747011639298,0.1111111111111111,0.375,0.6071428571428572,0.2368421052631579,0.875,1,0,3,1,0,0.24434427235477596,0.1949121407681338
0.0,0,2,0.06600858618398474,0.5555555555555556,0.5833333333333334,0.4404761904761904,0.3859649122807018,0.45833333333333337,1,1,3,1,0,0.021538712072568172,0.05818879699415599
0.4736842105263158,0,6,0.0866470001207179,0.1111111111111111,0.40625,0.2857142857142857,0.34210526315789475,0.625,0,1,3,1,3,0.0863892375412528,0.07078647957865863
0.12280701754385964,0,3,0.021889454412397237,0.1111111111111111,0.4375,0.42857142857142855,0.10526315789473684,0.75,0,1,2,0,4,0.02161341623519084,0.02233392716572284
0.0,0,6,0.009495223344905261,0.1111111111111111,0.4375,0.49999999999999994,0.3157894736842105,0.75,1,0,2,0,3,0.00921568732078659,0.01060121145598887
0.3157894736842105,0,8,0.018869728791732387,0.0,0.5,0.5714285714285714,0.10526315789473684,0.75,1,0,4,1,5,0.037750108251865276,0.018040561643166926
0.45614035087719296,0,8,0.3593511027708413,0.1111111111111111,0.53125,0.49999999999999994,0.3947368421052631,1.0,0,1,0,1,2,0.3591703015775424,0.27825890997396713
0.26315789473684215,0,6,0.07960446415182242,0.3333333333333333,0.484375,0.5714285714285714,0.13157894736842105,0.8125,0,1,4,1,1,0.03939014130351648,0.09137260589102583
0.19298245614035092,0,3,0.2850353075155091,0.7777777777777777,0.484375,0.46428571428571425,0.2631578947368421,0.75,1,1,2,1,1,0.07078505972083962,0.287551273137781
0.26315789473684215,1,6,0.02045822617397168,0.0,0.375,0.5714285714285714,0.21052631578947367,0.0,1,1,2,1,3,0.040927999614226114,0.017089955891476067
0.21052631578947367,2,8,0.11589668997845848,0.4444444444444445,0.525,0.5571428571428572,0.39999999999999997,0.8999999999999999,0,1,3,1,6,0.0459202139780184,0.10098648213787244
0.0,1,3,0.16341765606937386,0.2222222222222222,0.5208333333333334,0.7142857142857142,0.22807017543859648,0.5,1,1,0,1,4,0.10859956243387214,0.16317319763813
0.14035087719298245,1,6,0.02261237878075713,0.1111111111111111,0.59375,0.6071428571428572,0.47368421052631576,0.875,0,1,2,1,4,0.022336544624175805,0.01970542501195485
0.4035087719298246,1,1,0.07422728196836163,0.4444444444444445,0.525,0.6000000000000001,0.1894736842105263,0.8500000000000001,0,1,2,1,0,0.02924774686909518,0.05355150157130989
0.3508771929824561,1,6,0.0019376111725896478,0.0,0.25,0.6428571428571428,0.10526315789473684,1.0,1,1,4,0,4,0.003876315993864772,0.0018569465830467252
0.33333333333333337,0,1,0.01810235020558594,0.2222222222222222,0.45833333333333337,0.5952380952380953,0.3859649122807018,0.6666666666666666,1,1,2,1,0,0.01169535168170335,0.018374823402398936
0.08771929824561403,0,2,0.007139742525122066,0.1111111111111111,0.40625,0.5714285714285714,0.34210526315789475,0.75,1,0,2,1,5,0.006859541747275027,0.005634630522984821
0.24561403508771928,0,7,0.09574490154576207,0.2222222222222222,0.625,0.42857142857142855,0.3508771929824561,0.9166666666666667,1,1,2,0,0,0.06347166054112297,0.10512785879585199
0.0,0,1,0.021483044074677552,0.3333333333333333,0.46875,0.625,0.3026315789473684,0.5625,0,1,2,0,0,0.010321229875578042,0.02025717255214754
0.33333333333333337,0,6,0.020302932773170673,0.1111111111111111,0.5,0.3214285714285714,0.15789473684210525,0.875,1,1,2,0,0,0.020026446854608897,0.014888415908262613
0.5964912280701754,1,6,0.0011641077831037224,0.0,0.375,0.5714285714285714,0.47368421052631576,0.75,0,1,0,1,1,0.002328872625252497,0.0014946756504549952
0.0,0,6,0.22600386020669833,0.8888888888888888,0.5138888888888888,0.48412698412698413,0.2222222222222222,0.6944444444444444,1,1,2,1,5,0.04973553694363487,0.20143766205392075
0.15789473684210525,0,5,0.009090196027294495,0.0,0.5,0.49999999999999994,0.05263157894736842,0.5,1,0,2,1,6,0.018185522847121882,0.009799229676643335
0.3508771929824561,1,6,0.022535719951863,0.0,0.8125,0.35714285714285715,0.3684210526315789,0.25,1,0,4,1,6,0.0450841597728361,0.02309775770216723
0.5614035087719298,0,3,0.11343313601587865,0.2222222222222222,0.5208333333333334,0.5238095238095237,0.2982456140350877,0.75,0,0,2,1,6,0.07526714478648279,0.11329952327533872
0.19298245614035092,1,1,0.0013470615860830242,0.0,0.4375,0.49999999999999994,0.05263157894736842,0.75,0,0,2,1,7,0.0026948834960915688,0.001333682144697001
0.14035087719298245,1,6,0.16058127940029088,0.5555555555555556,0.5208333333333334,0.5119047619047619,0.2807017543859649,0.75,1,1,0,1,0,0.0530718397784119,0.16174188622588473
0.0,1,2,0.05700947190957736,0.1111111111111111,0.4375,0.6071428571428572,0.18421052631578946,1.0,0,1,2,1,7,0.056743345153587206,0.06424830440236909
0.3157894736842105,1,7,0.031605170677523775,0.4444444444444445,0.5375,0.42857142857142855,0.3368421052631579,0.65,1,1,2,1,0,0.012194090900736547,0.03593842342002907
0.719298245614035,0,7,0.21549685886497122,0.6666666666666665,0.5267857142857143,0.5510204081632653,0.44360902255639095,0.6785714285714286,0,1,2,1,6,0.06110410888987157,0.2019714477045985
0.3508771929824561,0,3,0.08939565380003543,0.3333333333333333,0.5625,0.5535714285714286,0.3157894736842105,0.6875,0,1,3,0,4,0.04428711774146785,0.06472967356280003
0.2807017543859649,1,7,0.1092417947886617,0.3333333333333333,0.609375,0.5714285714285714,0.28947368421052627,0.75,0,1,3,1,0,0.05421298868231936,0.09336969312656782
0.3508771929824561,0,1,0.11741149214632274,0.6666666666666665,0.4464285714285714,0.49999999999999994,0.2857142857142857,0.6785714285714286,1,1,3,1,5,0.033071809475136056,0.11545713008815545
0.2807017543859649,0,3,0.047153873039149155,0.2222222222222222,0.375,0.5476190476190474,0.22807017543859648,0.9166666666666667,0,1,0,0,7,0.03106849943514035,0.04718886950521393
0.12280701754385964,1,2,0.1991780118769816,0.0,0.5625,0.7142857142857142,0.2631578947368421,1.0,1,0,4,0,5,0.39846844608819953,0.16289997786753982
0.45614035087719296,1,6,0.0005915374580129913,0.0,0.375,0.2857142857142857,0.42105263157894735,0.75,0,0,3,1,7,0.0011834087983716862,0.00042250724281204524
0.33333333333333337,0,7,0.005322651676309281,0.1111111111111111,0.40625,0.8571428571428572,0.28947368421052627,0.875,0,0,0,1,0,0.00504193808685011,0.005754487036397234
0.29824561403508765,0,6,0.1451768062785952,0.5555555555555556,0.6145833333333334,0.3809523809523809,0.12280701754385964,0.7916666666666667,1,0,3,1,4,0.04793556627632753,0.11629479868228924
0.08771929824561403,2,6,0.01639708641129398,0.0,0.3125,0.35714285714285715,0.42105263157894735,1.0,1,0,4,1,0,0.032803427853862054,0.018589181255370204
0.5614035087719298,1,3,0.07450151509852931,0.5555555555555556,0.48958333333333337,0.4523809523809524,0.25438596491228066,0.6666666666666666,0,1,2,0,0,0.024370487323448008,0.08666057194637215
0.42105263157894735,0,9,0.05024413268536866,0.1111111111111111,0.5625,0.5357142857142856,0.3684210526315789,0.5,1,0,2,0,5,0.049976096644261336,0.04927036340362167
0.17543859649122806,1,9,0.009742388795798465,0.1111111111111111,0.375,0.21428571428571425,0.47368421052631576,0.625,0,0,0,1,0,0.009462922525656827,0.008619858646090587
0.5087719298245613,1,6,0.21388208410066253,0.4444444444444445,0.5125,0.45714285714285713,0.2736842105263158,0.7,1,1,2,1,1,0.08512543283453483,0.21717346209022367
0.19298245614035092,0,7,0.04694246853678646,0.1111111111111111,0.375,0.39285714285714285,0.42105263157894735,0.375,1,0,2,0,4,0.04667350071413621,0.03682689714756664
0.12280701754385964,1,3,0.22866755693646823,0.7777777777777777,0.5546875,0.43749999999999994,0.4539473684210526,0.84375,0,1,3,1,1,0.05668914510967381,0.26356907010018377
0.12280701754385964,1,6,0.07602994989318146,0.6666666666666665,0.4285714285714286,0.510204081632653,0.24812030075187969,0.75,1,1,3,1,7,0.02124517496796205,0.07068610152590754
0.0,1,0,0.08904772545549273,0.1111111111111111,0.28125,0.6428571428571428,0.18421052631578946,0.75,1,1,2,0,2,0.08879064039846962,0.07708138726449902
0.38596491228070173,1,0,0.010373441114066163,0.2222222222222222,0.5416666666666666,0.5714285714285714,0.3859649122807018,1.0,1,1,2,1,0,0.006541291474232628,0.008785638829529346
0.0,0,9,0.05020323480500504,0.1111111111111111,0.6875,0.6428571428571428,0.3157894736842105,1.0,1,1,2,0,5,0.04993518722187274,0.04238247639954636
0.03508771929824561,0,6,0.10949350444848419,0.1111111111111111,0.59375,0.42857142857142855,0.28947368421052627,0.5,1,0,1,0,6,0.10924218951181225,0.11763383621884692
0.0,1,6,0.004471896735025399,0.1111111111111111,0.5625,0.35714285714285715,0.3947368421052631,0.625,0,1,2,1,1,0.004190943049143284,0.004352890940051365
0.26315789473684215,1,5,0.026820711397883622,0.1111111111111111,0.6875,0.42857142857142855,0.2631578947368421,0.75,0,1,2,0,4,0.02654606489894483,0.019856513412413044
0.26315789473684215,1,2,0.04516548527113221,0.2222222222222222,0.5416666666666666,0.4047619047619047,0.3333333333333333,0.75,1,1,2,0,3,0.029742533486931417,0.0408049580502203
0.22807017543859642,0,9,0.045281658960281045,0.2222222222222222,0.41666666666666663,0.5714285714285714,0.22807017543859648,0.9166666666666667,1,0,2,1,1,0.029820004470391948,0.05238999764457544
0.07017543859649122,1,6,0.11975492093372825,0.4444444444444445,0.48750000000000004,0.45714285714285713,0.23157894736842105,0.65,0,1,2,1,1,0.04746394190150552,0.13531174778663552
0.03508771929824561,0,3,0.00028826090555810103,0.0,0.4375,0.14285714285714285,0.5789473684210527,1.0,1,1,2,1,4,0.0005766845146373716,0.00040061174688617144
0.38596491228070173,1,3,0.2819031621174196,1.0,0.45625000000000004,0.49999999999999994,0.33157894736842103,0.8,1,1,2,1,1,0.05588855561873129,0.2079725197308276
0.17543859649122806,1,6,0.08720949415644368,0.1111111111111111,0.15625,0.42857142857142855,0.21052631578947367,0.625,1,1,2,0,3,0.08695189032164094,0.06696870128903809
0.3508771929824561,0,7,0.026323021732975568,0.2222222222222222,0.375,0.4047619047619047,0.2631578947368421,1.0,0,1,2,1,0,0.017177346035149036,0.029134990471667847
0.10526315789473684,0,3,0.018698827021130772,0.2222222222222222,0.5,0.5714285714285714,0.14035087719298245,1.0,1,1,2,0,3,0.012093115115491384,0.018075111029595414
0.33333333333333337,1,6,0.08670884087701651,0.1111111111111111,0.59375,0.6071428571428572,0.34210526315789475,1.0,1,0,2,0,0,0.08645109574998532,0.06468867874899943
0.5614035087719298,0,1,0.009556273803998785,0.0,0.375,0.35714285714285715,0.5263157894736843,0.0,0,1,1,1,4,0.019117941469486213,0.009636530028345662
0.42105263157894735,0,2,0.0014355748730535722,0.0,0.3125,0.49999999999999994,0.21052631578947367,1.0,0,0,3,1,1,0.0028719600297156555,0.001454107372289307
0.21052631578947367,0,7,0.05775017796505188,0.2222222222222222,0.5833333333333334,0.4523809523809524,0.2631578947368421,0.8333333333333333,1,1,3,1,1,0.03813469634833009,0.0434927012643938
0.3508771929824561,0,9,0.010538020507027027,0.0,0.5625,0.5714285714285714,0.2631578947368421,1.0,1,0,2,1,3,0.021081989004258728,0.009166156008725971
0.24561403508771928,0,1,0.01195976517899145,0.0,0.4375,0.49999999999999994,0.47368421052631576,1.0,0,0,2,1,6,0.02392628082559562,0.012133232670923491
0.29824561403508765,2,1,0.8390138908563998,0.2222222222222222,0.39583333333333337,0.5238095238095237,0.3157894736842105,0.75,1,1,2,1,2,0.5591241615462365,0.873891422036632
0.22807017543859642,1,4,0.061973526229075156,0.7777777777777777,0.453125,0.45535714285714285,0.256578947368421,0.75,0,1,3,0,0,0.015003876513623924,0.0657589514427094
0.26315789473684215,0,8,0.05907313548637953,0.3333333333333333,0.59375,0.48214285714285715,0.2763157894736842,0.5625,0,1,3,0,1,0.029121579838888023,0.05151479391456871
0.33333333333333337,1,6,0.14556978156382827,1.0,0.5,0.36428571428571427,0.2578947368421053,0.725,1,1,3,1,5,0.028614184423233466,0.13103634415359453
0.08771929824561403,1,0,0.01466277919471481,0.1111111111111111,0.625,0.5714285714285714,0.3684210526315789,0.75,1,1,2,0,0,0.014384701536119166,0.011319260500951885
0.07017543859649122,1,6,0.07321214520841816,0.2222222222222222,0.6458333333333333,0.5952380952380953,0.3157894736842105,0.8333333333333333,0,1,1,1,1,0.04844558358410941,0.07356024081254092
0.0,1,6,0.00986488486258806,0.1111111111111111,0.625,0.49999999999999994,0.42105263157894735,0.625,1,1,2,1,1,0.00958545316276278,0.009536862868319446
0.0,0,1,0.007492017504292796,0.0,0.5,0.42857142857142855,0.2631578947368421,0.75,1,1,0,0,0,0.014988263738895908,0.007913468241815373
0.03508771929824561,0,1,0.07062767577345894,0.6666666666666665,0.4642857142857143,0.4795918367346938,0.2631578947368421,0.6785714285714286,0,1,3,1,1,0.01970123247469566,0.069312893745708
0.3157894736842105,0,5,0.015298573296213074,0.1111111111111111,0.625,0.3214285714285714,0.2631578947368421,0.5,1,0,2,1,0,0.01502067506871103,0.014313919800874209
0.10526315789473684,1,0,0.06132903885832085,0.4444444444444445,0.5375,0.45714285714285713,0.34736842105263155,0.6,0,1,4,1,6,0.024086993590264266,0.04811942808206356
0.4035087719298246,1,4,0.10570225118134613,0.3333333333333333,0.5,0.5357142857142856,0.21052631578947367,0.875,0,1,3,0,5,0.05244271742122811,0.10404095121238015
0.29824561403508765,0,0,0.2492004661963213,0.3333333333333333,0.328125,0.5535714285714286,0.35526315789473684,0.6875,0,0,2,1,0,0.12421207365514227,0.2129584843387963
0.0,1,7,0.036055729388011624,0.1111111111111111,0.875,0.49999999999999994,0.28947368421052627,0.5,1,0,2,0,7,0.035783689156374573,0.034633793091354934
0.42105263157894735,0,2,0.3372968713911819,0.2222222222222222,0.33333333333333337,0.6428571428571428,0.2807017543859649,0.33333333333333337,1,1,0,0,5,0.22455175361434088,0.3955422760794551
0.45614035087719296,0,4,0.11326539543409742,0.3333333333333333,0.453125,0.5357142857142856,0.2368421052631579,0.6875,1,1,2,0,0,0.05622535676672478,0.12766069374599234
0.08771929824561403,0,0,0.20492999250995825,0.3333333333333333,0.53125,0.46428571428571425,0.19736842105263158,0.75,1,1,4,1,2,0.10207058990003673,0.14916230770944203
0.38596491228070173,0,0,0.1385219110887984,0.5555555555555556,0.5416666666666666,0.5119047619047619,0.2192982456140351,0.625,1,1,2,1,4,0.045716641841037305,0.12514001032216235
0.10526315789473684,0,8,0.03150223446656026,0.5555555555555556,0.5416666666666666,0.5238095238095237,0.1929824561403509,0.7916666666666667,1,1,2,0,0,0.010033348755065669,0.030733029924318363
0.3157894736842105,1,6,0.004274322433751855,0.0,0.8125,0.49999999999999994,0.2631578947368421,1.0,1,0,4,0,0,0.008551057429516722,0.003096648709516437
0.017543859649122806,0,0,0.421251328934144,1.0,0.5375,0.45714285714285713,0.3,0.7749999999999999,0,1,2,1,2,0.08376605423087422,0.4871511353193781
0.0,1,9,0.01084643399131503,0.0,0.25,0.2857142857142857,0.21052631578947367,0.5,1,1,3,0,3,0.021698990051105156,0.00814877373374603
0.21052631578947367,1,8,0.10274239057396717,0.1111111111111111,0.53125,0.39285714285714285,0.07894736842105263,0.875,1,0,2,0,6,0.10248917036679545,0.10279110701636904
0.26315789473684215,1,6,0.00830720907134744,0.0,0.6875,0.42857142857142855,0.3157894736842105,0.5,1,0,2,1,5,0.01661910699276417,0.008400192794106984
0.21052631578947367,0,7,0.025204158464863485,0.3333333333333333,0.546875,0.5357142857142856,0.35526315789473684,0.75,0,1,3,0,4,0.012182312149169587,0.023822631317288963
0.03508771929824561,1,2,0.03056672015003002,0.2222222222222222,0.6875,0.5476190476190474,0.3684210526315789,0.75,1,0,0,1,7,0.02000727673880361,0.027976709258619458
0.21052631578947367,1,6,0.003482642208548763,0.1111111111111111,0.375,0.6071428571428572,0.34210526315789475,0.125,1,0,2,0,4,0.0032014093394827896,0.0029966971924002724
0.3508771929824561,1,3,0.16048901220159614,0.4444444444444445,0.42500000000000004,0.42857142857142855,0.39999999999999997,0.7,1,1,0,1,4,0.06376217672909998,0.18858472158834289
0.2807017543859649,0,1,0.027265846298652918,0.2222222222222222,0.41666666666666663,0.5952380952380953,0.3508771929824561,1.0,0,1,0,1,1,0.017806073132213125,0.023521591944732356
0.33333333333333337,0,1,0.2017162489254428,0.3333333333333333,0.40625,0.6428571428571428,0.3157894736842105,0.6875,1,1,4,0,4,0.10046326462329042,0.2265545446661008
0.14035087719298245,0,7,0.08422414646420043,0.6666666666666665,0.5,0.3673469387755102,0.2706766917293233,0.7142857142857143,0,1,0,1,0,0.023587034711433152,0.07119211496746719
0.543859649122807,0,3,0.12492623069526197,0.3333333333333333,0.5,0.5714285714285714,0.6578947368421053,0.625,0,1,4,1,7,0.06205741983284844,0.12213080141780445
0.03508771929824561,1,7,0.00936699762337873,0.2222222222222222,0.6041666666666666,0.49999999999999994,0.1929824561403509,0.8333333333333333,1,1,2,1,4,0.005870139790987765,0.008789382864546974
0.38596491228070173,1,7,0.05128772014469552,0.0,0.25,0.42857142857142855,0.5263157894736843,0.75,1,0,2,0,2,0.10260438869168702,0.05977114941401113
0.543859649122807,0,1,0.22600366263239705,0.0,1.0,0.5714285714285714,0.2631578947368421,0.5,0,0,2,0,2,0.45213488884000835,0.21847543841939165
0.38596491228070173,1,6,0.022546586538433038,0.1111111111111111,0.28125,0.6071428571428572,0.13157894736842105,0.875,1,1,3,1,5,0.022270733814246317,0.021816160297778747
0.24561403508771928,1,6,0.05710075123676574,0.1111111111111111,0.59375,0.46428571428571425,0.21052631578947367,0.875,1,0,3,0,3,0.05683465024123712,0.04505334775971636
0.17543859649122806,1,6,0.23459636656908475,1.0,0.5125,0.45,0.2736842105263158,0.8,0,1,4,0,1,0.046424526364739316,0.22880428317606016
0.5087719298245613,0,3,0.14776048541634934,1.0,0.5625,0.49999999999999994,0.2421052631578947,0.725,1,1,3,0,0,0.029052448843953083,0.15552664591807766
0.0,1,5,0.01071939371559614,0.0,0.4375,0.5714285714285714,0.2631578947368421,0.5,0,1,4,0,5,0.02144483779414023,0.011096940649462116
0.08771929824561403,0,6,0.12910789078171658,0.5555555555555556,0.6354166666666667,0.4047619047619047,0.3070175438596491,0.7083333333333334,1,1,2,0,4,0.042577749477153204,0.14551391145973291
0.21052631578947367,1,6,0.025916018672352065,0.1111111111111111,0.65625,0.6071428571428572,0.13157894736842105,0.625,0,1,2,1,0,0.025641116854899414,0.020967875705620274
0.543859649122807,0,0,0.005177434564873225,0.1111111111111111,0.59375,0.42857142857142855,0.13157894736842105,0.25,0,1,2,1,3,0.004896679992861601,0.005909035114783109
0.36842105263157887,1,1,0.03132422002111279,0.1111111111111111,0.5625,0.6785714285714286,0.42105263157894735,0.75,1,1,3,0,5,0.03105084448312723,0.03215912812324794
0.08771929824561403,1,8,0.11190805998434816,0.6666666666666665,0.5357142857142857,0.5408163265306123,0.3082706766917293,0.75,1,1,2,1,4,0.03149895652740043,0.13292243733836076
0.22807017543859642,1,0,0.08550600853086317,0.3333333333333333,0.40625,0.5357142857142856,0.3289473684210526,0.5,0,1,2,1,1,0.04234174624735101,0.08917196637193055
0.15789473684210525,0,1,0.06988598184647805,0.4444444444444445,0.575,0.5571428571428572,0.5894736842105261,0.65,0,1,3,1,0,0.02751073674707641,0.05888096954393388
0.14035087719298245,1,1,0.003670535369059904,0.0,0.5625,0.5714285714285714,0.10526315789473684,0.0,1,0,0,1,3,0.007343142503723844,0.004516633231012174
0.49122807017543857,0,3,0.05200116094659429,0.4444444444444445,0.5125,0.4857142857142857,0.17894736842105263,0.5,1,1,2,0,0,0.020354789436040882,0.043541610683864584
0.0,0,6,0.06788435660027578,0.6666666666666665,0.5,0.4081632653061224,0.21804511278195488,0.8214285714285714,0,1,2,0,1,0.018917205794411713,0.06348163029502522
0.631578947368421,0,6,0.004761935809294962,0.2222222222222222,0.6458333333333333,0.42857142857142855,0.1929824561403509,0.5,1,1,2,1,1,0.0027992321676914775,0.005518944580224955
0.45614035087719296,1,6,0.07249277717748119,0.3333333333333333,0.515625,0.5357142857142856,0.21052631578947367,0.4375,1,1,0,1,2,0.03583329430139651,0.07844037719020125
0.5263157894736842,1,0,0.006434599843876787,0.0,0.75,0.5714285714285714,0.21052631578947367,1.0,1,0,2,0,5,0.012872831578279585,0.007462951825643608
0.19298245614035092,1,7,0.03440005674333933,0.2222222222222222,0.41666666666666663,0.42857142857142855,0.3684210526315789,0.5833333333333334,1,1,3,1,0,0.0225635556862549,0.03484331687379711
0.26315789473684215,0,6,0.28316408130814735,0.2222222222222222,0.41666666666666663,0.5952380952380953,0.3157894736842105,0.6666666666666666,1,0,2,1,2,0.18845304214256808,0.31595423367423014
0.0,0,2,0.02067555790537258,0.0,0.25,0.6428571428571428,0.3157894736842105,0.5,1,0,2,0,5,0.0413627857458924,0.021309151606404293
0.17543859649122806,0,7,0.08223239993306183,0.2222222222222222,0.4375,0.49999999999999994,0.2982456140350877,1.0,0,1,1,0,1,0.054460783839025834,0.09348144546291677
0.38596491228070173,0,7,0.012194878597506969,0.1111111111111111,0.625,0.2857142857142857,0.28947368421052627,0.75,1,1,3,1,0,0.011916104458553912,0.009086488630692651
0.5614035087719298,1,6,0.04159551522142054,0.3333333333333333,0.4375,0.46428571428571425,0.43421052631578944,0.875,1,1,0,1,0,0.0203803034767673,0.03419602535138242
0.05263157894736842,1,3,0.03410764677745448,0.0,0.625,0.49999999999999994,0.47368421052631576,0.75,0,0,3,2,6,0.06823454498346725,0.02797026383124734
0.21052631578947367,0,4,0.10288701496249941,0.5555555555555556,0.48958333333333337,0.46428571428571425,0.18421052631578946,0.875,0,1,3,1,2,0.03383499088958362,0.08481234564741712
0.26315789473684215,1,6,0.2868470638581875,0.0,0.625,0.7142857142857142,0.42105263157894735,1.0,0,1,2,0,2,0.5738560332208225,0.21850918212739864
0.0,1,1,0.024131330008948144,0.2222222222222222,0.39583333333333337,0.4761904761904761,0.3859649122807018,0.8333333333333333,0,1,2,1,0,0.01571580586588416,0.028223957748327862
0.42105263157894735,0,6,0.043892909196629304,0.5555555555555556,0.5,0.5595238095238095,0.2631578947368421,0.75,1,1,2,1,0,0.014164739279507994,0.033074236631543824
0.14035087719298245,1,6,0.012791157838750525,0.1111111111111111,0.5625,0.6428571428571428,0.2631578947368421,0.625,0,1,2,1,1,0.012512551979176115,0.011060353370555677
0.24561403508771928,0,1,0.00028075308210970626,0.0,0.3125,0.2857142857142857,0.21052631578947367,0.75,0,1,2,1,4,0.0005616646300888998,0.0002939304453079422
0.19298245614035092,0,5,0.08151382219932995,0.4444444444444445,0.55,0.5285714285714285,0.4105263157894737,0.65,0,1,2,1,0,0.032163185511977464,0.06994345559266417
0.12280701754385964,0,8,0.012889747415086025,0.1111111111111111,0.5625,0.46428571428571425,0.15789473684210525,0.875,1,0,2,1,0,0.012611169379040424,0.013183316011247271
0.2807017543859649,1,6,0.20891822735546603,0.2222222222222222,0.41666666666666663,0.4523809523809524,0.3333333333333333,0.5833333333333334,0,1,2,0,0,0.13894183727575657,0.15813941364620196
0.24561403508771928,1,3,0.0679865025140342,0.3333333333333333,0.546875,0.46428571428571425,0.2368421052631579,0.8125,1,1,0,0,6,0.03357952109888637,0.06602819021404033
0.21052631578947367,0,2,0.14772946625104938,0.3333333333333333,0.46875,0.5535714285714286,0.22368421052631576,0.5625,1,1,1,1,2,0.07346225532657477,0.13065554261730797
0.14035087719298245,1,3,0.06721398699605464,0.2222222222222222,0.45833333333333337,0.5476190476190474,0.12280701754385964,0.41666666666666663,0,1,0,1,1,0.04444568292615282,0.07223878602271161
0.3508771929824561,1,7,0.2477842536047926,0.5555555555555556,0.6041666666666666,0.5833333333333333,0.22807017543859648,0.7916666666666667,0,1,4,0,6,0.08214770119678837,0.255349917986676
0.631578947368421,1,6,0.06949715562157172,0.2222222222222222,0.6666666666666667,0.4523809523809524,0.1929824561403509,0.6666666666666666,1,1,3,1,5,0.04596822490722421,0.05819675899267449
0.3157894736842105,1,7,0.00735845727663188,0.1111111111111111,0.5625,0.49999999999999994,0.42105263157894735,0.625,0,1,2,0,4,0.007078318223527107,0.008578247725261763
0.49122807017543857,1,7,0.0051807933279948756,0.0,0.5,0.6428571428571428,0.15789473684210525,0.75,0,0,4,1,7,0.010364510858684823,0.006040408090338352
0.0,0,5,0.20695315335499934,0.6666666666666665,0.5892857142857143,0.39795918367346933,0.22556390977443608,0.75,0,1,3,1,1,0.058662361267579996,0.22246639017678954
0.3157894736842105,1,0,0.03300617004785447,0.1111111111111111,0.5,0.5357142857142856,0.42105263157894735,0.625,0,1,2,0,0,0.0327332691826159,0.0365863784423203
0.05263157894736842,1,6,0.03983414032556689,0.2222222222222222,0.75,0.5714285714285714,0.2631578947368421,0.6666666666666666,0,1,1,1,6,0.02618730046363353,0.04356559146511673
0.0,0,6,0.10975588312057544,0.3333333333333333,0.5625,0.33928571428571425,0.2631578947368421,0.6875,1,1,2,0,0,0.054470105390182,0.0802014006482394
0.14035087719298245,0,9,0.04304452514696071,0.3333333333333333,0.59375,0.46428571428571425,0.22368421052631576,0.6875,1,1,0,0,2,0.021105012906231055,0.03888071362255292
0.543859649122807,1,3,0.07234716491744259,0.4444444444444445,0.5875,0.5428571428571427,0.3894736842105263,0.95,1,0,2,0,0,0.028495487809288567,0.06038474462126717
0.49122807017543857,1,9,0.0009706825421569227,0.0,0.75,0.49999999999999994,0.47368421052631576,1.0,0,1,0,0,7,0.001941912968069504,0.0012291809141416943
0.33333333333333337,0,6,0.006769488284535445,0.1111111111111111,0.75,0.46428571428571425,0.2368421052631579,0.875,1,1,2,0,1,0.006489183015119292,0.006959402812196835
0.0,0,3,0.004894705739750783,0.0,0.4375,0.42857142857142855,0.15789473684210525,0.75,0,0,4,1,7,0.009792174205364114,0.005866665908381094
0.24561403508771928,0,3,0.06612950165636416,0.1111111111111111,0.53125,0.5357142857142856,0.13157894736842105,0.875,1,0,4,1,6,0.06586594871618526,0.07443492322121607
0.3508771929824561,0,9,0.17169187023240864,0.5555555555555556,0.45833333333333337,0.49999999999999994,0.2982456140350877,0.75,1,1,3,0,1,0.0567764152502685,0.16724059405987518
0.33333333333333337,1,6,0.19011784714348062,0.8888888888888888,0.5277777777777778,0.5079365079365079,0.2982456140350877,0.8055555555555556,1,1,2,0,6,0.041758616796873024,0.18456519194340537
0.0,0,6,0.13893661954717157,0.3333333333333333,0.6875,0.44642857142857145,0.2763157894736842,0.75,0,1,2,1,6,0.06906459123483016,0.10536979928654808
0.10526315789473684,1,7,0.030975106230762436,0.5555555555555556,0.59375,0.46428571428571425,0.2982456140350877,0.7083333333333334,1,0,0,1,3,0.009857589755173906,0.03197799265695208
0.2807017543859649,0,9,0.08668236592064585,0.1111111111111111,0.65625,0.2857142857142857,0.3684210526315789,0.625,0,0,0,0,2,0.08642461332196565,0.0730560282992176
0.4035087719298246,0,8,0.004874750735322155,0.1111111111111111,0.375,0.5714285714285714,0.3684210526315789,0.75,0,1,0,0,4,0.00459391074117399,0.004541419690685836
0.0,0,4,0.013777053602105509,0.1111111111111111,0.5625,0.5714285714285714,0.42105263157894735,0.875,1,0,2,1,0,0.013498725977819185,0.015518361648190563
0.26315789473684215,1,8,0.11914935570032484,0.1111111111111111,0.53125,0.49999999999999994,0.15789473684210525,0.75,0,1,0,0,1,0.1189007657967189,0.12481195702606086
0.3157894736842105,1,6,0.3456433977484828,0.1111111111111111,0.75,0.5714285714285714,0.21052631578947367,0.75,0,0,3,0,2,0.3454587280252666,0.32607857829037884
0.4736842105263158,0,6,0.05210785106928201,0.4444444444444445,0.44999999999999996,0.6000000000000001,0.2631578947368421,0.8,0,1,2,1,3,0.020397477528968123,0.050229642046555896
0.4385964912280701,0,6,0.013222067389828125,0.1111111111111111,0.53125,0.49999999999999994,0.28947368421052627,0.75,1,0,0,1,0,0.012943583139705282,0.012758960447350575
0.4035087719298246,0,1,0.06849229272529447,0.3333333333333333,0.5625,0.48214285714285715,0.2631578947368421,0.5625,0,1,0,1,3,0.033832487575492204,0.052484309412741
0.12280701754385964,1,5,0.019911538082347784,0.0,0.375,0.7142857142857142,0.2631578947368421,1.0,1,1,2,0,2,0.03983431486302556,0.02176677694982472
0.0,1,9,0.0349192820070862,0.2222222222222222,0.6041666666666666,0.3809523809523809,0.2807017543859649,0.5833333333333334,0,0,2,0,4,0.02290980355110914,0.02744263925085177
0.21052631578947367,0,6,0.008810825965293702,0.1111111111111111,0.375,0.3214285714285714,0.28947368421052627,0.875,1,1,2,1,1,0.00853109679347204,0.008071191641038984
0.5087719298245613,1,3,0.00322046111075877,0.0,0.375,0.42857142857142855,0.3157894736842105,1.0,1,1,2,1,7,0.006442739951054939,0.0023531970978515403
0.5789473684210525,0,8,0.00023234737829768798,0.0,0.375,0.14285714285714285,0.15789473684210525,0.75,1,1,3,1,4,0.00046482590076322755,0.0003416076507222908
0.4385964912280701,1,7,0.08344886490600303,0.3333333333333333,0.4375,0.46428571428571425,0.22368421052631576,0.8125,0,1,2,0,6,0.0413128841557807,0.061078718099281386
0.38596491228070173,0,6,0.003306603506114035,0.0,0.5625,0.6428571428571428,0.15789473684210525,0.25,1,1,3,1,1,0.006615073363242666,0.00386213799565218
0.36842105263157887,0,7,0.06973128116858086,0.1111111111111111,0.34375,0.46428571428571425,0.2631578947368421,0.75,1,1,2,0,5,0.06946874470721996,0.07796151985073149
0.17543859649122806,0,1,0.023275635710132418,0.0,0.8125,0.35714285714285715,0.42105263157894735,1.0,0,0,0,0,0,0.04656440892109994,0.02625957157812972
0.26315789473684215,1,3,0.004927700648063466,0.1111111111111111,0.59375,0.46428571428571425,0.21052631578947367,0.5,0,1,1,1,0,0.004646875597213336,0.003935502124858355
0.6491228070175438,0,7,0.02279730832674917,0.1111111111111111,0.6875,0.46428571428571425,0.2631578947368421,0.875,1,1,2,0,4,0.022521526360193826,0.020240442876689024
0.08771929824561403,1,6,0.09562714726220303,0.6666666666666665,0.5178571428571429,0.5204081632653061,0.3082706766917293,0.8214285714285714,0,1,2,1,3,0.0268459543983318,0.11248588285530538
0.631578947368421,0,4,0.018035570091755482,0.1111111111111111,0.65625,0.42857142857142855,0.15789473684210525,0.625,1,1,2,1,4,0.017758444287789683,0.013898047556827579
0.22807017543859642,1,3,0.6867504895397251,0.5555555555555556,0.42708333333333337,0.5357142857142856,0.3333333333333333,1.0,1,1,2,1,1,0.22851107423334197,0.6285892618232124
0.5614035087719298,1,7,0.013272843985255427,0.0,0.5,0.7142857142857142,0.736842105263158,1.0,1,0,4,1,6,0.026553179581099373,0.013144785625559532
0.0,1,8,0.022446811516289904,0.4444444444444445,0.44999999999999996,0.42857142857142855,0.19999999999999996,0.75,1,1,2,1,4,0.008529713383053104,0.020126510469317162
0.42105263157894735,1,6,0.001906394432988428,0.1111111111111111,0.5625,0.42857142857142855,0.21052631578947367,0.625,1,1,4,0,1,0.0016247167220129646,0.0021174650702859635
0.14035087719298245,0,6,0.08467619646551429,0.4444444444444445,0.42500000000000004,0.5142857142857142,0.3894736842105263,0.7,1,1,4,0,7,0.03342849220715029,0.07637130021805451
0.0,1,5,0.08388155262579211,0.3333333333333333,0.484375,0.42857142857142855,0.381578947368421,0.6875,1,1,2,1,0,0.041529289071314604,0.07633452336775476
0.33333333333333337,0,1,0.00921980476892994,0.0,0.875,0.7857142857142856,0.42105263157894735,1.0,0,0,3,1,0,0.018444813485642867,0.01112509200136681
0.5087719298245613,2,5,0.15692971116415325,0.3333333333333333,0.65625,0.48214285714285715,0.34210526315789475,0.5,0,1,2,1,5,0.07806367601002301,0.16565885774704828
0.10526315789473684,1,1,0.006881117764754997,0.1111111111111111,0.59375,0.46428571428571425,0.2631578947368421,0.25,1,1,3,0,4,0.006600843998933587,0.005941262251643703
0.0,0,6,0.04904090519061277,0.4444444444444445,0.5,0.5571428571428572,0.2526315789473684,0.65,0,1,2,0,7,0.019170352961357984,0.039423930450047225
0.26315789473684215,1,7,0.03555053189965518,0.4444444444444445,0.4625,0.45714285714285713,0.4105263157894737,0.44999999999999996,0,1,2,1,0,0.013772680766780915,0.040128330354692814
0.26315789473684215,1,6,0.029408539595964504,0.3333333333333333,0.640625,0.42857142857142855,0.3157894736842105,0.8125,1,1,3,0,7,0.014285095985955617,0.033398261535537765
0.4035087719298246,1,0,0.12463243770926823,0.3333333333333333,0.4375,0.46428571428571425,0.28947368421052627,0.8125,0,1,2,0,0,0.061910481883351215,0.11653602828026047
0.49122807017543857,0,2,0.02231246099142389,0.1111111111111111,0.25,0.35714285714285715,0.21052631578947367,0.75,1,0,2,0,3,0.02203654219332607,0.022173691945538036
0.2807017543859649,1,8,0.027274341993607683,0.1111111111111111,0.5,0.42857142857142855,0.4473684210526316,0.875,0,1,2,0,3,0.026999823516356554,0.02953484393298083
0.6842105263157895,0,5,0.06488379568683444,0.4444444444444445,0.5125,0.4857142857142857,0.2210526315789474,0.65,1,1,2,0,6,0.02550929760498059,0.05846405465722412
0.33333333333333337,0,6,0.007840143423136782,0.0,0.3125,0.35714285714285715,0.10526315789473684,0.5,0,0,4,1,1,0.015684712069801356,0.005903916687164074
0.21052631578947367,0,5,0.76256844220764,1.0,0.5,0.6000000000000001,0.34210526315789475,0.8500000000000001,0,1,2,1,2,0.1520487418969205,0.8791560091998998
0.0,1,2,0.13911996849875344,0.4444444444444445,0.5625,0.47142857142857136,0.3684210526315789,0.8,1,1,4,1,2,0.05521214697589446,0.13741513718096912
0.22807017543859642,0,2,0.03057620371649115,0.1111111111111111,0.53125,0.46428571428571425,0.34210526315789475,0.625,1,1,2,0,0,0.030302617076541524,0.02453271836373348
0.21052631578947367,0,5,0.1625175075527716,0.1111111111111111,0.5625,0.5714285714285714,0.18421052631578946,0.375,1,1,0,1,2,0.1622811568236027,0.1190888440552544
0.49122807017543857,0,3,0.10135996318795619,0.2222222222222222,0.39583333333333337,0.4523809523809524,0.15789473684210525,0.6666666666666666,1,0,3,0,0,0.06721609140838229,0.11854401587091705
0.38596491228070173,0,7,0.0807322182634918,0.5555555555555556,0.625,0.49999999999999994,0.2719298245614035,0.7916666666666667,1,1,3,1,0,0.02644797451257345,0.0656243557534681
0.03508771929824561,0,2,0.1677633028258855,0.2222222222222222,0.7083333333333333,0.5714285714285714,0.21052631578947367,0.16666666666666669,1,1,3,1,6,0.11149747787811455,0.14837662906992008
0.33333333333333337,1,1,0.0007899020564916296,0.0,0.5,0.35714285714285715,0.15789473684210525,0.5,0,0,3,0,7,0.0015802499585470947,0.0010541591252796773
0.4385964912280701,1,6,0.10432199711264917,0.2222222222222222,0.6041666666666666,0.4523809523809524,0.15789473684210525,0.5,0,1,2,1,5,0.06919133797987954,0.08203052762931969
0.6140350877192983,1,3,5.334506134385697e-05,0.0,0.6875,0.35714285714285715,0.7894736842105263,0.75,1,0,2,0,1,0.00010672023231808798,3.744035017627767e-05
0.4736842105263158,1,6,0.41377175861083143,0.6666666666666665,0.4910714285714286,0.38775510204081637,0.3157894736842105,0.8214285714285714,1,1,2,0,0,0.11777006775859535,0.29782244079803877
0.45614035087719296,1,6,0.012149634082515327,0.0,0.4375,0.21428571428571425,0.3157894736842105,0.75,1,1,2,1,3,0.024306125800624075,0.01088736947417161
0.29824561403508765,1,6,0.06534394623450054,0.4444444444444445,0.475,0.5571428571428572,0.1368421052631579,0.8,0,0,3,0,0,0.025693409768735277,0.058290359868115184
0.36842105263157887,1,3,0.017432375749967352,0.1111111111111111,0.71875,0.35714285714285715,0.49999999999999994,0.875,1,1,3,0,6,0.01715507971507279,0.013840654817506728
0.543859649122807,0,1,0.02916018869926366,0.0,0.375,0.35714285714285715,0.10526315789473684,0.75,0,0,2,1,5,0.058336836326144136,0.03500208291568386
0.017543859649122806,1,0,0.06762316337399214,0.0,0.5625,0.2857142857142857,0.2631578947368421,0.75,1,0,3,1,6,0.13528449538820372,0.06804707815981154
0.21052631578947367,0,1,0.03601917814227603,0.5555555555555556,0.39583333333333337,0.5952380952380953,0.22807017543859648,0.7083333333333334,1,0,2,1,4,0.011539421564483033,0.04308479101886568
0.12280701754385964,0,7,0.00903645581734809,0.2222222222222222,0.375,0.5952380952380953,0.17543859649122803,0.9166666666666667,1,1,2,2,1,0.005649716397570283,0.006912768249445624
0.36842105263157887,0,7,0.008497868272076409,0.0,0.625,0.07142857142857142,0.10526315789473684,0.75,0,0,2,2,2,0.01700053300827141,0.008413557577334465
0.543859649122807,0,2,0.05287621752693482,0.2222222222222222,0.5625,0.42857142857142855,0.24561403508771928,0.8333333333333333,0,1,3,1,0,0.034884472384064766,0.053567093818408615
0.15789473684210525,1,1,0.29656001408309624,0.6666666666666665,0.6339285714285714,0.49999999999999994,0.21052631578947367,0.5357142857142857,1,1,0,1,2,0.08427154675138106,0.3091418908703839
0.0,1,4,0.016670134095654016,0.0,0.4375,0.6428571428571428,0.42105263157894735,0.25,0,0,0,1,2,0.033349677339282784,0.0190611192389846
0.21052631578947367,1,8,0.04024489729791459,0.1111111111111111,0.71875,0.35714285714285715,0.3947368421052631,0.625,1,1,2,1,0,0.03997403931533832,0.03276566179610364
0.4736842105263158,1,5,0.012325080062046235,0.1111111111111111,0.375,0.42857142857142855,0.2368421052631579,0.75,1,0,2,0,0,0.01204634266799395,0.01173110435289094
0.4035087719298246,0,8,0.2587820295108831,0.4444444444444445,0.475,0.47142857142857136,0.28421052631578947,0.65,1,1,2,0,0,0.10309047958688992,0.25297056003654944
0.38596491228070173,0,7,0.0040810947671063285,0.1111111111111111,0.6875,0.5714285714285714,0.18421052631578946,0.875,1,1,3,0,1,0.0038000307907633236,0.004547485975271361
0.22807017543859642,1,3,0.23204746050835476,0.8888888888888888,0.6458333333333333,0.5396825396825395,0.25146198830409355,0.6111111111111112,1,1,2,1,3,0.05107893825490153,0.20703840669035362
0.017543859649122806,1,0,0.28810304369138345,0.7777777777777777,0.6015625,0.5267857142857142,0.2631578947368421,0.5,1,1,0,1,2,0.07155221020565582,0.2883819749832111
0.4035087719298246,1,2,0.028873705962417024,0.1111111111111111,0.59375,0.5357142857142856,0.5789473684210527,0.125,0,1,2,0,3,0.028599638850828633,0.03230358152494072
0.10526315789473684,1,9,0.05550415330817422,0.1111111111111111,0.65625,0.39285714285714285,0.3684210526315789,0.75,1,1,3,1,1,0.05523760172760292,0.04766564155935741
0.7543859649122807,0,0,0.05250003605730998,0.4444444444444445,0.6375,0.5142857142857142,0.3052631578947368,0.8,0,1,2,1,1,0.020554395796487674,0.058855140441597086
0.4035087719298246,1,4,0.015721382300938457,0.1111111111111111,0.59375,0.42857142857142855,0.3157894736842105,0.875,0,1,4,0,0,0.015443603396786416,0.011464614366762826
0.17543859649122806,0,1,0.02024326533418606,0.3333333333333333,0.59375,0.46428571428571425,0.17105263157894735,0.6875,0,0,2,1,1,0.009701165562803966,0.01668754321635357
0.15789473684210525,1,5,0.0014355748730535722,0.0,0.625,0.2857142857142857,0.5263157894736843,1.0,0,1,4,1,1,0.0028719600297156555,0.0017511183527383351
0.26315789473684215,1,2,0.10462171732768114,0.4444444444444445,0.6125,0.5285714285714285,0.28421052631578947,0.8,0,0,4,1,3,0.04140895212787297,0.11636380266944958
0.24561403508771928,0,2,0.5983792584917929,0.3333333333333333,0.609375,0.625,0.25,0.75,0,1,4,0,2,0.2988507416759701,0.48254218081982997
0.5263157894736842,0,1,0.03776119075660486,0.0,0.4375,0.42857142857142855,0.3157894736842105,0.25,0,0,2,0,2,0.0755436951168972,0.03207818113830987
0.33333333333333337,0,5,0.03608694612761285,0.4444444444444445,0.55,0.47142857142857136,0.2421052631578947,0.8999999999999999,0,1,3,0,1,0.013987307011776182,0.03554705327856616
0.14035087719298245,0,9,0.4049190468936677,0.3333333333333333,0.375,0.5714285714285714,0.42105263157894735,0.75,0,0,3,0,0,0.20209333711992525,0.32451760004511804
0.6842105263157895,1,6,0.12742929951809653,0.1111111111111111,0.40625,0.39285714285714285,0.49999999999999994,0.625,1,0,0,0,2,0.12718304634484193,0.12251984930969947
0.29824561403508765,1,2,0.057971658756779516,0.5555555555555556,0.5520833333333334,0.5952380952380953,0.2192982456140351,0.7083333333333334,1,1,2,2,4,0.01885898021439831,0.06938450433952617
0.45614035087719296,0,1,0.008672721528703495,0.1111111111111111,0.40625,0.49999999999999994,0.3684210526315789,0.5,0,1,2,0,4,0.008392953381638072,0.008412657113216301
0.15789473684210525,0,4,0.030896274084554292,0.3333333333333333,0.625,0.5357142857142856,0.4473684210526316,0.9375,1,1,2,0,0,0.015029173161284506,0.03683106771821918
0.36842105263157887,0,7,0.025504668977100547,0.1111111111111111,0.53125,0.42857142857142855,0.47368421052631576,1.0,0,1,2,0,5,0.025229651070295234,0.023059369495024466
0.3508771929824561,1,6,0.2374649478492753,0.1111111111111111,0.53125,0.39285714285714285,0.2631578947368421,0.5,0,1,2,1,2,0.23724974846634128,0.17773986349911824
0.0,2,1,0.11444451886409793,1.0,0.64375,0.5214285714285714,0.3789473684210526,0.7,1,1,2,1,7,0.022387375075568795,0.09268685696790985
0.719298245614035,1,2,0.115315623958413,0.3333333333333333,0.5,0.5535714285714286,0.28947368421052627,0.8125,1,1,0,1,0,0.05725076033224775,0.13557108145266664
0.5614035087719298,0,6,0.0791184313706895,0.3333333333333333,0.40625,0.41071428571428564,0.25,0.8125,0,1,3,0,7,0.03914705632990306,0.09365352889518268
0.21052631578947367,0,3,0.39360772057145604,0.7777777777777777,0.4375,0.5089285714285714,0.17105263157894735,0.6875,0,1,2,0,5,0.09793582319540534,0.44458259459731014
0.05263157894736842,1,8,0.07238865552071004,0.1111111111111111,0.375,0.2857142857142857,0.10526315789473684,0.625,0,0,2,0,1,0.07212686901217974,0.07875771970258144
0.36842105263157887,0,9,0.024172227889311764,0.2222222222222222,0.5625,0.5238095238095237,0.2807017543859649,0.75,1,1,2,1,0,0.015743078814143222,0.028015855751335413
0.3157894736842105,1,6,0.06442166939615564,0.2222222222222222,0.5625,0.6428571428571428,0.3157894736842105,0.6666666666666666,0,1,2,1,4,0.04258361250226203,0.05987626675159465
0.36842105263157887,0,4,0.0034480667058258935,0.0,0.375,0.2857142857142857,0.3157894736842105,0.75,1,0,2,1,4,0.0068980796089454476,0.004163272153905432
0.33333333333333337,1,2,0.027946884915142824,0.1111111111111111,0.5,0.46428571428571425,0.2631578947368421,1.0,0,0,2,0,4,0.027672556240080203,0.023202543289812482
0.4035087719298246,0,6,0.06806572980884489,0.4444444444444445,0.48750000000000004,0.4428571428571428,0.23157894736842105,0.6,1,1,3,0,0,0.02678243045052341,0.07319830162988746
0.5964912280701754,1,6,0.014056818812708849,0.1111111111111111,0.5,0.46428571428571425,0.3684210526315789,0.75,1,1,2,1,3,0.013778570142564395,0.013039478716582712
0.4035087719298246,0,6,0.12325870359251326,0.2222222222222222,0.5208333333333334,0.49999999999999994,0.2982456140350877,1.0,0,1,3,1,1,0.08181937179069368,0.14258190550529545
0.07017543859649122,0,5,0.11978455707891927,0.6666666666666665,0.4017857142857143,0.4489795918367347,0.3834586466165414,0.8571428571428572,1,1,2,0,4,0.033750019374804076,0.12465674544779845
0.5789473684210525,1,6,0.08055084505492269,0.3333333333333333,0.515625,0.5535714285714286,0.2368421052631579,0.875,0,1,3,0,0,0.03986346529685319,0.08135892357571459
0.631578947368421,1,6,0.023644309356308853,0.4444444444444445,0.4375,0.5857142857142856,0.29473684210526313,0.7,1,1,3,0,0,0.009008847700149349,0.020230348199995925
0.9473684210526315,0,0,0.283693975584163,0.4444444444444445,0.42500000000000004,0.49999999999999994,0.19999999999999996,0.65,1,1,4,1,2,0.11305807023337539,0.2556247017212609
0.05263157894736842,1,3,0.414465639556904,0.2222222222222222,0.5,0.6428571428571428,0.2807017543859649,0.41666666666666663,1,0,0,1,2,0.2760121178847496,0.3908449813106303
0.33333333333333337,0,5,0.2677521003630033,0.6666666666666665,0.4732142857142857,0.6428571428571428,0.2631578947368421,0.8214285714285714,1,1,2,1,2,0.0760383913895632,0.266848892168474
0.0,1,0,0.09094404359911622,0.1111111111111111,0.34375,0.6785714285714286,0.15789473684210525,0.5,0,0,0,1,3,0.09068749371289372,0.09935948565489572
0.4035087719298246,0,6,0.13061676572054262,0.1111111111111111,0.65625,0.42857142857142855,0.3157894736842105,0.75,0,0,2,0,2,0.13037141210037473,0.1004552083081559
0.17543859649122806,1,9,0.02712398795033852,0.0,0.6875,0.49999999999999994,0.3684210526315789,1.0,1,1,3,1,6,0.054263285532550755,0.02401059135374354
0.7017543859649124,1,6,0.04288784872605079,0.2222222222222222,0.45833333333333337,0.5238095238095237,0.3157894736842105,1.0,0,0,2,1,1,0.028223680600310528,0.04744971974239144
0.12280701754385964,1,3,0.06993478269889263,0.3333333333333333,0.515625,0.5714285714285714,0.18421052631578946,0.75,1,1,2,1,6,0.03455393610896847,0.07519178700895679
0.0,1,2,0.08741971321299874,0.5555555555555556,0.46875,0.4761904761904761,0.28947368421052627,0.6666666666666666,1,1,2,1,3,0.028677768601155333,0.07664935405917377
0.19298245614035092,1,6,0.5294418308657292,0.2222222222222222,0.5625,0.49999999999999994,0.1929824561403509,0.9166666666666667,0,0,4,1,2,0.3526845441501272,0.5577420720058501
0.0,0,4,0.014583354325602843,0.1111111111111111,0.6875,0.46428571428571425,0.18421052631578946,0.75,1,0,2,0,3,0.014305254252060143,0.011100684684479743
0.45614035087719296,0,7,0.060267669711879385,0.1111111111111111,0.4375,0.5357142857142856,0.3684210526315789,1.0,0,0,1,0,1,0.060002462470545706,0.06537502197843342
0.0,0,6,0.0351814631048762,0.2222222222222222,0.625,0.4523809523809524,0.47368421052631576,0.9166666666666667,0,1,3,0,0,0.023084640277388283,0.02609625582280383
0.29824561403508765,0,8,0.04292558541759403,0.1111111111111111,0.53125,0.6785714285714286,0.3947368421052631,0.75,1,1,2,1,5,0.0426554839673602,0.0367266138805122
0.0,1,3,0.04091269843621917,0.1111111111111111,0.375,0.49999999999999994,0.13157894736842105,0.75,0,1,2,1,3,0.04064202891762561,0.0365628715895514
0.22807017543859642,0,2,0.004257133469541057,0.0,0.375,0.7142857142857142,0.10526315789473684,1.0,0,0,2,0,1,0.008516669799103115,0.00402351064419677
0.631578947368421,1,3,0.004599924882250655,0.1111111111111111,0.6875,0.49999999999999994,0.13157894736842105,0.25,1,1,4,0,4,0.004319007327924989,0.0044192409277055275
0.36842105263157887,0,5,0.06352231117675847,0.3333333333333333,0.65625,0.6428571428571428,0.34210526315789475,0.75,1,1,2,0,5,0.031346795497750074,0.06577696072507266
0.10526315789473684,1,6,0.2649076231475681,0.5555555555555556,0.5104166666666666,0.4404761904761904,0.47368421052631576,0.8333333333333333,1,1,4,0,4,0.08785710187243281,0.29147393180074344
0.2807017543859649,1,1,0.020307872130702516,0.1111111111111111,0.40625,0.42857142857142855,0.34210526315789475,0.75,0,0,2,1,3,0.02003138760610511,0.02031067907790579
0.29824561403508765,1,7,0.05982431297982155,0.4444444444444445,0.48750000000000004,0.4857142857142857,0.23157894736842105,0.8500000000000001,0,0,2,1,0,0.023484933375942374,0.04981040491027823
0.38596491228070173,0,6,0.25299606609808734,0.5555555555555556,0.5208333333333334,0.3333333333333333,0.2631578947368421,0.875,1,1,2,0,5,0.08388546231303455,0.2980644760744315
0.0,1,0,0.06591730685679636,0.1111111111111111,1.0,0.49999999999999994,0.42105263157894735,0.875,1,0,3,0,1,0.06565369403190817,0.07534477112334795
0.42105263157894735,0,1,0.013016985265106185,0.1111111111111111,0.84375,0.5714285714285714,0.42105263157894735,0.875,1,1,2,0,7,0.012738443137582734,0.012312756780376327
0.0,1,1,0.0097884236079952,0.2222222222222222,0.5208333333333334,0.6190476190476191,0.1929824561403509,0.5833333333333334,1,1,3,0,3,0.006151169736092064,0.009681221484315574
0.15789473684210525,0,6,0.11394900251650388,0.3333333333333333,0.5625,0.5178571428571428,0.35526315789473684,0.5625,1,1,3,1,0,0.056567256770262364,0.09221307066321079
0.19298245614035092,0,0,0.03076231870829083,0.2222222222222222,0.39583333333333337,0.7380952380952381,0.2631578947368421,0.33333333333333337,0,1,0,0,0,0.020137712578303497,0.03408929665695587
0.42105263157894735,1,5,0.1581084394455512,0.2222222222222222,0.47916666666666663,0.5476190476190474,0.2982456140350877,0.9166666666666667,1,0,4,0,1,0.10505908578837628,0.13976549070792119
0.29824561403508765,0,1,0.4568834590202251,0.8888888888888888,0.5138888888888888,0.5317460317460316,0.30994152046783624,0.75,0,1,3,1,2,0.10105659398074612,0.45072357031179283
0.0,0,3,0.034563450690492555,0.0,0.625,0.2857142857142857,0.10526315789473684,0.75,1,1,3,1,3,0.06914641007960737,0.03714101694626078
0.08771929824561403,0,6,0.027852641973435344,0.0,0.4375,0.5714285714285714,0.15789473684210525,1.0,0,1,2,0,3,0.05572100485399189,0.023558037045093825
0.33333333333333337,0,2,0.31554808988129146,0.2222222222222222,0.45833333333333337,0.5476190476190474,0.3157894736842105,0.41666666666666663,1,0,2,0,1,0.21004847404231275,0.3753400318385155
0.2807017543859649,0,6,0.024926171422971606,0.2222222222222222,0.6041666666666666,0.49999999999999994,0.2982456140350877,0.9166666666666667,1,1,2,1,1,0.016245849686397324,0.029737448359567646
0.17543859649122806,0,7,0.042689484127572154,0.2222222222222222,0.47916666666666663,0.5952380952380953,0.6140350877192982,0.9166666666666667,1,1,0,0,3,0.02809140021358539,0.032156663695135076
0.19298245614035092,1,2,0.024862157349358982,0.2222222222222222,0.5625,0.3809523809523809,0.5789473684210527,0.5833333333333334,1,1,2,0,7,0.016203161593470093,0.027227712683700604
0.4385964912280701,0,8,0.5605052528091609,0.5555555555555556,0.42708333333333337,0.5595238095238095,0.3859649122807018,0.7083333333333334,1,1,3,0,2,0.18641745252613048,0.48369387442696127
0.17543859649122806,1,1,0.0851936435605497,0.2222222222222222,0.6041666666666666,0.4761904761904761,0.4561403508771929,0.9166666666666667,0,1,2,1,3,0.05643550339703016,0.06922952972550536
0.26315789473684215,1,0,0.15918047760426146,0.5555555555555556,0.42708333333333337,0.5238095238095237,0.16666666666666669,0.6666666666666666,1,1,4,0,1,0.05260477407030373,0.12150659021252376
0.7543859649122807,0,3,0.1250017040783485,0.4444444444444445,0.5875,0.5142857142857142,0.19999999999999996,0.8500000000000001,0,1,2,1,0,0.04956324744923822,0.12409665676630068
0.0,1,8,0.0435345094141191,0.3333333333333333,0.546875,0.5357142857142856,0.34210526315789475,0.5625,0,1,2,1,0,0.021350074180442963,0.052046020351436934
0.0,1,1,0.00751789973775963,0.1111111111111111,0.40625,0.39285714285714285,0.2631578947368421,0.5,1,0,2,0,0,0.007237805681824694,0.005855196839086588
0.45614035087719296,0,1,0.0436688599389851,0.4444444444444445,0.5625,0.6285714285714286,0.2421052631578947,0.8500000000000001,0,1,2,0,7,0.017020928430447755,0.03448284686944171
0.14035087719298245,0,9,0.01965884055101892,0.2222222222222222,0.5625,0.42857142857142855,0.42105263157894735,0.75,0,1,0,1,0,0.012733304756026678,0.01822610464435696
0.22807017543859642,0,6,0.013357405786200503,0.1111111111111111,0.90625,0.46428571428571425,0.34210526315789475,0.75,0,1,2,0,1,0.013078959730701376,0.015761723924336373
0.12280701754385964,0,6,0.06556918093795239,0.2222222222222222,0.6458333333333333,0.42857142857142855,0.24561403508771928,0.41666666666666663,0,0,2,1,1,0.043348836093994696,0.05844903112430528
0.22807017543859642,0,6,0.00442625707143121,0.1111111111111111,0.59375,0.6071428571428572,0.2631578947368421,1.0,1,1,3,1,1,0.004145290505318323,0.005059802665658148
0.631578947368421,1,5,0.035349203686657435,0.4444444444444445,0.475,0.5714285714285714,0.3368421052631579,0.5,0,1,4,0,0,0.013692126754386743,0.038361098433524185
0.45614035087719296,1,6,0.019123809343170164,0.0,0.625,0.49999999999999994,0.3684210526315789,0.75,0,0,3,1,2,0.038258412765795134,0.017905728989684
0.4736842105263158,0,9,0.015639981688813757,0.1111111111111111,0.34375,0.6071428571428572,0.4473684210526316,0.875,0,0,2,0,0,0.015362179812128913,0.012332756562369226
0.0,1,7,0.0036324035289141098,0.0,0.75,0.6428571428571428,0.21052631578947367,1.0,1,1,2,1,4,0.007266857300622397,0.00381853657519373
0.05263157894736842,0,6,0.09375078412300818,0.7777777777777777,0.5234375,0.5625,0.25,0.5625,1,1,2,1,1,0.022950432997579623,0.09758926798428263
0.0,0,7,0.026513088210800718,0.1111111111111111,0.625,0.6428571428571428,0.47368421052631576,0.625,1,1,2,1,1,0.026238354895761012,0.02311334994926596
0.12280701754385964,1,6,0.15787194300692678,0.6666666666666665,0.4017857142857143,0.5612244897959184,0.3082706766917293,0.6428571428571429,1,1,0,1,2,0.04463520074259211,0.15486670050516038
0.49122807017543857,0,2,0.004237968762317522,0.1111111111111111,0.6875,0.5357142857142856,0.3157894736842105,1.0,1,1,2,1,0,0.003956949058282883,0.00495615450637268
0.4035087719298246,0,2,0.1526927302733421,0.3333333333333333,0.484375,0.5178571428571428,0.3289473684210526,0.75,0,1,3,1,6,0.0759445876932995,0.1440714627281314
0.24561403508771928,1,7,0.0023542953739755525,0.0,0.5,0.49999999999999994,0.15789473684210525,0.75,1,1,2,1,4,0.004709919586304947,0.0025104939614402307
0.2807017543859649,2,6,0.055056054792885833,0.2222222222222222,0.75,0.5238095238095237,0.4035087719298245,0.6666666666666666,1,1,2,1,0,0.036338107350935706,0.03968563375849457
0.14035087719298245,0,2,0.020187944529829475,0.3333333333333333,0.453125,0.41071428571428564,0.19736842105263158,0.75,1,1,3,1,0,0.009673497354425204,0.01553262689553621
0.33333333333333337,1,5,0.02967506732838252,0.2222222222222222,0.47916666666666663,0.5714285714285714,0.24561403508771928,0.8333333333333333,0,1,0,1,3,0.019412673765406663,0.025845263298077795
0.45614035087719296,0,0,0.09166795583898248,0.3333333333333333,0.4375,0.5178571428571428,0.4473684210526316,0.9375,1,1,1,1,0,0.04542358940062557,0.09880067658030268
0.0,0,5,0.01771214096057069,0.0,0.3125,0.49999999999999994,0.5789473684210527,1.0,1,0,3,0,5,0.03543427921056277,0.01590352332652298
0.3508771929824561,0,6,0.019145147367707706,0.3333333333333333,0.53125,0.5535714285714286,0.4473684210526316,0.625,1,1,1,0,0,0.009151951626485511,0.021728436135530278
0.49122807017543857,0,9,0.05325299171946346,0.5555555555555556,0.59375,0.5238095238095237,0.34210526315789475,0.75,0,1,3,1,7,0.017285647307945906,0.042344609513735164
0.21052631578947367,0,1,0.11446585688863545,0.4444444444444445,0.575,0.5714285714285714,0.15789473684210525,0.75,1,1,0,0,1,0.04534771922064979,0.08828889542910197
0.4385964912280701,1,6,0.16016933698213554,0.3333333333333333,0.625,0.5535714285714286,0.381578947368421,0.75,1,1,2,0,3,0.07968394605568938,0.16042180582865687
0.8771929824561403,0,5,0.09396614011139635,0.1111111111111111,0.3125,0.39285714285714285,0.21052631578947367,0.75,1,1,0,1,4,0.09371044310833349,0.07669238676545233
0.26315789473684215,0,8,0.16296007398762435,0.3333333333333333,0.671875,0.48214285714285715,0.17105263157894735,0.4375,1,1,4,0,2,0.08107970835336807,0.18869784831729322
0.36842105263157887,1,2,0.002481928372598262,0.0,0.3125,0.42857142857142855,0.10526315789473684,0.0,0,0,2,1,4,0.004965257623628965,0.0026758002163957454
0.14035087719298245,1,6,0.04040058584731814,0.0,0.5,0.9285714285714286,0.10526315789473684,1.0,1,1,0,0,6,0.08082397505592437,0.02920968160062711
0.33333333333333337,0,1,0.013226018875853595,0.0,0.4375,0.2857142857142857,0.21052631578947367,0.0,0,0,4,1,3,0.026459502932731273,0.014581168072575512
0.38596491228070173,0,7,0.012306705652027794,0.0,0.8125,0.5714285714285714,0.10526315789473684,0.75,1,1,2,0,6,0.024620357595782887,0.008957011369070384
0.33333333333333337,0,9,0.10858426751402332,0.5555555555555556,0.5208333333333334,0.4047619047619047,0.2192982456140351,0.9166666666666667,0,0,2,1,0,0.035734611024845576,0.12287041420875508
0.07017543859649122,0,6,0.003050349637362249,0.1111111111111111,0.4375,0.5714285714285714,0.2631578947368421,1.0,1,0,2,0,1,0.002768994768534686,0.003725551806781253
0.33333333333333337,0,5,0.16115720848850326,0.4444444444444445,0.5125,0.5285714285714285,0.39999999999999997,0.6,0,0,0,1,3,0.06402953067406277,0.19079313353456337
0.5964912280701754,0,1,0.04540790893879484,0.1111111111111111,0.875,0.49999999999999994,0.28947368421052627,0.5,0,1,2,0,1,0.045138508039294374,0.04052334974547671
0.38596491228070173,0,5,0.02919101029026234,0.2222222222222222,0.5625,0.49999999999999994,0.24561403508771928,0.75,1,0,2,1,0,0.019089878000987756,0.027586476545516332
0.49122807017543857,1,8,0.03978652491895997,0.0,0.625,0.5714285714285714,0.21052631578947367,1.0,1,0,0,0,5,0.07959550660390725,0.03868872519399078
0.24561403508771928,0,7,0.0973211493213224,0.4444444444444445,0.5875,0.5428571428571427,0.23157894736842105,0.8,1,1,2,1,1,0.03848790079129099,0.10001943106781301
0.4385964912280701,0,1,0.039164165869948295,0.2222222222222222,0.5416666666666666,0.4523809523809524,0.3859649122807018,0.41666666666666663,1,1,2,1,1,0.02574052477500311,0.03889057133500441
0.3508771929824561,0,5,0.021725270168038918,0.5555555555555556,0.41666666666666663,0.5238095238095237,0.34210526315789475,0.75,0,1,2,1,1,0.006773440917867779,0.022117294456032
0.08771929824561403,0,3,0.0029472158520974586,0.1111111111111111,0.5625,0.5357142857142856,0.21052631578947367,0.75,1,0,0,1,1,0.002665831877293867,0.002659497076572151
0.3508771929824561,0,2,0.07354545305466664,0.5555555555555556,0.53125,0.5714285714285714,0.32456140350877194,0.8333333333333333,1,1,4,1,0,0.024051710036912685,0.0728357937330541
0.08771929824561403,1,2,0.06679690764606619,0.1111111111111111,0.625,0.5714285714285714,0.3684210526315789,0.5,0,0,1,1,4,0.06653354305835284,0.07533827830312752
0.15789473684210525,1,6,0.026083561679832033,0.0,0.125,0.35714285714285715,0.15789473684210525,1.0,1,1,4,0,3,0.05218184574222834,0.025437447838246315
0.33333333333333337,1,5,0.07529003413491203,0.3333333333333333,0.5,0.5178571428571428,0.34210526315789475,0.6875,0,0,2,1,0,0.0372323174950627,0.054876510824763525
0.3508771929824561,1,6,0.031031414906625397,0.0,0.5625,0.35714285714285715,0.0,0.75,0,1,0,1,6,0.06208034491979084,0.0264079111933851
0.03508771929824561,0,8,0.0477412614368354,0.1111111111111111,0.625,0.35714285714285715,0.2368421052631579,0.5,1,0,4,0,5,0.04747251904610294,0.04211702905608138
0.5087719298245613,1,1,0.02989279420838596,0.3333333333333333,0.53125,0.49999999999999994,0.14473684210526316,0.6875,1,1,2,0,7,0.01452729162429972,0.03458839074266015
0.4035087719298246,1,0,0.4055024838053285,0.7777777777777777,0.5703125,0.5357142857142856,0.23026315789473684,0.625,0,1,2,1,2,0.10091035322618228,0.3138350624614045
0.14035087719298245,0,1,0.03012948822131167,0.0,0.6875,0.6428571428571428,0.3684210526315789,1.0,0,0,0,0,5,0.06027598247337576,0.02993095335927618
0.0,0,1,0.11966146828922584,0.2222222222222222,0.6458333333333333,0.5238095238095237,0.17543859649122803,0.8333333333333333,1,0,2,1,2,0.07942053812425488,0.1299618534963837
0.26315789473684215,1,1,0.14395145046209665,0.2222222222222222,0.5416666666666666,0.5714285714285714,0.3684210526315789,0.5833333333333334,1,0,2,1,2,0.09561842958279568,0.12783761124878734
0.19298245614035092,0,0,0.29817241795578964,0.4444444444444445,0.6,0.39999999999999997,0.3684210526315789,0.75,1,1,4,1,0,0.11885108159967303,0.29868731288711076
0.3157894736842105,0,3,0.0026445320225463886,0.0,0.3125,0.42857142857142855,0.2631578947368421,0.75,0,1,2,1,4,0.005290556702139286,0.0023760878435922263
0.21052631578947367,1,9,0.05895459090561541,0.2222222222222222,0.47916666666666663,0.5238095238095237,0.3157894736842105,0.9166666666666667,1,1,2,1,0,0.03893786491155363,0.0434886254794379
0.0,1,1,0.19332349018164388,0.4444444444444445,0.525,0.5714285714285714,0.3052631578947368,0.8500000000000001,1,1,2,1,0,0.07689967448352841,0.19671614953960218
0.21052631578947367,0,2,0.006004283015703008,0.0,0.5,0.21428571428571425,0.15789473684210525,1.0,0,0,2,0,7,0.012011955037580343,0.005520271579978038
0.22807017543859642,0,0,0.03203726567440902,0.2222222222222222,0.625,0.3809523809523809,0.22807017543859648,0.75,1,1,4,1,0,0.02098791709577093,0.027860501994528025
0.42105263157894735,0,6,0.02128823581362184,0.2222222222222222,0.5416666666666666,0.5476190476190474,0.14035087719298245,0.5,1,1,2,0,0,0.013819874825072694,0.023121311947784457
0.14035087719298245,1,7,0.044723709133484564,0.1111111111111111,0.4375,0.42857142857142855,0.3947368421052631,0.625,1,1,3,0,1,0.04445411514203968,0.047100718807330536
0.6491228070175438,1,7,0.2165661309834636,1.0,0.55625,0.5571428571428572,0.2736842105263158,0.8,1,1,2,1,1,0.04281746156441187,0.2349781969201284
0.0,0,1,0.11255096676069228,0.5555555555555556,0.59375,0.4761904761904761,0.5175438596491229,0.375,0,0,0,1,0,0.0370572172620371,0.10530416019161877
0.5614035087719298,1,1,0.10084903604486281,0.2222222222222222,0.5208333333333334,0.6190476190476191,0.22807017543859648,0.8333333333333333,1,1,2,0,0,0.06687537718520381,0.10255646502431491
0.24561403508771928,1,2,0.05060233489357759,0.2222222222222222,0.5416666666666666,0.3333333333333333,0.2631578947368421,0.6666666666666666,1,0,1,0,6,0.03336812281153529,0.06030180713669946
0.4736842105263158,0,6,0.03507951476541905,0.3333333333333333,0.5625,0.49999999999999994,0.35526315789473684,0.5625,1,1,2,1,0,0.01712138378986865,0.03884753862872584
0.29824561403508765,1,0,0.05828046738967007,0.3333333333333333,0.546875,0.5714285714285714,0.2763157894736842,0.625,1,1,3,1,4,0.028725133938832307,0.058774999135080525
0.5263157894736842,0,8,0.06473818342679585,0.1111111111111111,0.28125,0.6071428571428572,0.3947368421052631,1.0,1,1,2,1,2,0.06447423783473344,0.07168917116069352
0.21052631578947367,0,3,0.06505370958592971,0.1111111111111111,0.46875,0.5357142857142856,0.21052631578947367,0.5,1,0,2,0,2,0.0647898530403112,0.06529597070742832
0.05263157894736842,1,3,0.270657628037532,0.7777777777777777,0.640625,0.5357142857142856,0.3026315789473684,0.78125,1,1,3,0,0,0.06718962544953427,0.2838310767228604
0.5964912280701754,0,6,0.258959648807728,0.8888888888888888,0.5069444444444444,0.5476190476190474,0.3684210526315789,0.7777777777777777,1,1,2,1,5,0.05706111233092775,0.23567776275424485
0.26315789473684215,1,9,0.0985018533457331,0.1111111111111111,0.59375,0.2857142857142857,0.18421052631578946,0.625,0,0,3,0,2,0.09824743639227115,0.08676796414067525
0.33333333333333337,0,1,0.105973718271296,1.0,0.56875,0.5785714285714285,0.2368421052631579,0.55,1,1,2,0,0,0.020692736838381496,0.12174857809606816
0.543859649122807,1,3,0.4096873050806034,0.3333333333333333,0.6875,0.6428571428571428,0.3157894736842105,0.75,1,1,2,1,1,0.20447813905211482,0.3204040429891049
0.07017543859649122,1,4,0.06636026844025164,0.1111111111111111,0.6875,0.49999999999999994,0.15789473684210525,0.75,1,1,2,0,1,0.06609678062608806,0.07784194769440902
0.42105263157894735,0,3,0.2018025888950993,0.5555555555555556,0.5104166666666666,0.3809523809523809,0.25438596491228066,0.75,1,1,2,1,4,0.06681615404393593,0.1715463765086921
0.15789473684210525,1,0,0.03537172715700262,0.1111111111111111,0.34375,0.42857142857142855,0.13157894736842105,0.625,0,0,2,1,4,0.035099493889179725,0.03692618516480626
0.26315789473684215,0,7,0.11836676389298034,0.1111111111111111,0.4375,0.6071428571428572,0.5789473684210527,0.75,0,1,0,1,2,0.11811795312965975,0.13181808918670554
0.29824561403508765,1,6,0.005987884348697304,0.1111111111111111,0.34375,0.5357142857142856,0.4473684210526316,0.625,1,0,2,1,3,0.005707358498359374,0.0052834021240526765
0.0,1,5,0.09558269304441648,0.1111111111111111,0.40625,0.49999999999999994,0.3157894736842105,0.625,0,1,3,0,0,0.09532745225801237,0.10891971319743908
0.12280701754385964,0,6,0.2130311315850774,0.1111111111111111,0.5625,0.6428571428571428,0.34210526315789475,0.5,1,0,3,0,2,0.21280903659496053,0.22828045002353053
0.5789473684210525,1,0,0.0012281218567163506,0.0,0.8125,0.49999999999999994,0.2631578947368421,1.0,0,0,2,0,0,0.0024569369040342024,0.0014640598704374313
0.4736842105263158,1,6,0.011478474181089098,0.1111111111111111,0.5,0.5357142857142856,0.2368421052631579,0.75,0,1,2,0,3,0.011199497861543936,0.009593639500612079
0.2807017543859649,0,9,0.02663815274350687,0.2222222222222222,0.5208333333333334,0.4761904761904761,0.2807017543859649,0.5,1,0,3,1,1,0.017387492665454404,0.02134246877877635
0.33333333333333337,0,6,0.18685490755794806,0.3333333333333333,0.671875,0.35714285714285715,0.19736842105263158,0.6875,1,1,2,0,5,0.09303049688742536,0.13975705478091943
0.22807017543859642,0,7,0.02208584326786314,0.2222222222222222,0.5625,0.4523809523809524,0.21052631578947367,0.5,0,1,2,0,1,0.014351763192811116,0.021254365473741287
0.5789473684210525,0,3,0.30896293841984424,0.4444444444444445,0.5,0.5285714285714285,0.21052631578947367,0.8500000000000001,1,0,2,0,2,0.12316850788711924,0.2341225190436313
0.24561403508771928,1,7,0.5030099456927518,0.2222222222222222,0.41666666666666663,0.5714285714285714,0.3508771929824561,0.6666666666666666,1,1,2,1,2,0.335058314372376,0.42036797703153
0.33333333333333337,0,1,0.07298849109937652,0.1111111111111111,0.21875,0.5714285714285714,0.49999999999999994,0.625,1,0,2,1,0,0.07272687387387922,0.05590408256213321
0.5263157894736842,1,7,0.01223399830915913,0.1111111111111111,0.8125,0.42857142857142855,0.47368421052631576,0.625,1,0,3,1,1,0.011955235210403878,0.013144359089924614
0.12280701754385964,0,1,0.02275542257487918,0.1111111111111111,0.5625,0.3214285714285714,0.28947368421052627,0.75,1,0,2,0,4,0.022479628787505982,0.026303883891313037
0.6140350877192983,1,7,0.016022880684681887,0.1111111111111111,0.625,0.2857142857142857,0.18421052631578946,0.5,0,0,0,1,0,0.01574518686811494,0.012872229354845896
0.0,2,1,0.09743475454455468,0.3333333333333333,0.609375,0.5178571428571428,0.40789473684210525,0.8125,0,1,4,0,6,0.04830780249405182,0.11029988772634233
0.631578947368421,0,3,0.014801081205606291,0.1111111111111111,0.53125,0.6071428571428572,0.2368421052631579,0.75,1,0,2,0,3,0.014523042578012985,0.01727654153532924
0.21052631578947367,0,6,0.1411796805895301,0.7777777777777777,0.515625,0.5267857142857142,0.34210526315789475,0.6875,0,1,4,0,3,0.03481100340931615,0.11270355820765936
0.24561403508771928,0,4,0.02621218254996111,0.0,0.5625,0.42857142857142855,0.15789473684210525,1.0,0,1,0,1,5,0.052439160080150836,0.028773003896166063
0.0,0,7,0.13512936276163037,0.1111111111111111,0.71875,0.39285714285714285,0.21052631578947367,0.5,1,1,2,0,5,0.13488528266731015,0.14310218419420073
0.19298245614035092,0,6,0.0700551054483682,0.1111111111111111,0.5,0.49999999999999994,0.47368421052631576,0.75,1,0,2,0,5,0.06979266037531134,0.07168955030348012
0.07017543859649122,1,7,0.09262500575435151,0.1111111111111111,0.59375,0.39285714285714285,0.4473684210526316,0.75,0,0,2,0,5,0.09236893026208313,0.08914443112705409
0.15789473684210525,1,9,0.01262420755417438,0.1111111111111111,0.375,0.46428571428571425,0.3157894736842105,1.0,1,1,2,0,4,0.012345554578604293,0.009651980096899418
0.26315789473684215,1,6,0.0180974108480541,0.1111111111111111,0.5625,0.7142857142857142,0.34210526315789475,0.5,1,0,2,1,1,0.017820302496522205,0.013539520659253478
0.49122807017543857,1,2,0.1715658178281961,0.4444444444444445,0.48750000000000004,0.42857142857142855,0.3263157894736842,0.8,1,1,2,0,1,0.06819414939923425,0.180827791924543
0.33333333333333337,0,3,0.08157072359809674,0.4444444444444445,0.575,0.5571428571428572,0.17894736842105263,0.8500000000000001,1,1,2,1,1,0.032185952494871994,0.084294720958018
0.3508771929824561,0,6,0.01145022105600698,0.0,0.5,0.6428571428571428,0.05263157894736842,0.25,1,1,0,0,7,0.022906904976898033,0.010384199603511432
0.05263157894736842,0,5,0.0054919728525007075,0.2222222222222222,0.5208333333333334,0.6904761904761905,0.21052631578947367,0.9166666666666667,1,1,1,1,4,0.0032860608817844835,0.006446801764720101
0.10526315789473684,0,1,0.06066321346302901,0.4444444444444445,0.5375,0.5142857142857142,0.4105263157894737,0.8500000000000001,1,1,0,1,6,0.02382058826958874,0.054759829632188846
0.6666666666666666,0,1,0.03360837651813624,0.1111111111111111,0.375,0.42857142857142855,0.2368421052631579,0.25,1,1,1,1,3,0.03333564560503355,0.025314084254057897
0.14035087719298245,1,5,0.09089148883497744,0.5555555555555556,0.5729166666666666,0.6666666666666667,0.46491228070175444,0.7916666666666667,1,1,3,0,4,0.0298353537383735,0.07887520657357765
0.631578947368421,1,2,0.040249046358241336,0.4444444444444445,0.55,0.5285714285714285,0.2526315789473684,0.65,0,1,3,1,0,0.01565261694808199,0.03839081374942359
0.24561403508771928,1,9,0.05410177091773461,0.5555555555555556,0.4375,0.4404761904761904,0.4035087719298245,0.6666666666666666,0,1,2,1,0,0.017568653553648686,0.04428477793843953
0.29824561403508765,1,2,0.0878411391976152,0.3333333333333333,0.40625,0.42857142857142855,0.17105263157894735,0.75,1,1,3,1,1,0.043509641086024606,0.10396417479809464
0.5087719298245613,0,0,0.0790421676903979,0.4444444444444445,0.5375,0.4857142857142857,0.3157894736842105,0.8,0,1,3,1,1,0.03117424469249652,0.08895959901858891
0.5614035087719298,0,5,0.008523157782639424,0.1111111111111111,0.53125,0.3214285714285714,0.3157894736842105,0.875,1,0,3,0,2,0.008243347426332901,0.007637357507477407
0.26315789473684215,0,6,0.22679415741179246,0.7777777777777777,0.5546875,0.48214285714285715,0.41447368421052627,0.875,0,1,0,0,6,0.05622066305280338,0.1820573993743196
0.21052631578947367,0,0,0.012991893328844446,0.2222222222222222,0.6875,0.6190476190476191,0.1929824561403509,0.9166666666666667,1,1,4,0,1,0.008287418929679075,0.0152640042312335
0.2807017543859649,0,3,0.017396022078533017,0.0,0.5625,0.35714285714285715,0.15789473684210525,0.75,1,1,2,1,2,0.03480186301904817,0.016688917608954974
0.36842105263157887,1,6,0.012425250232791922,0.1111111111111111,0.40625,0.42857142857142855,0.6052631578947367,0.875,1,0,3,1,0,0.012146541108337044,0.011578594166983015
0.4736842105263158,0,7,0.17024029184095194,0.2222222222222222,0.4375,0.21428571428571425,0.24561403508771928,0.8333333333333333,1,1,0,1,2,0.11314926991832676,0.15833121250337082
0.29824561403508765,1,6,0.10824937907336467,0.1111111111111111,0.34375,0.46428571428571425,0.34210526315789475,0.5,1,1,2,1,2,0.10799771302494743,0.07909046489066708
0.42105263157894735,1,0,0.09456656841296664,0.7777777777777777,0.65625,0.46428571428571425,0.21052631578947367,0.875,1,1,2,0,4,0.02315443662685804,0.10870213263078175
0.631578947368421,1,3,0.006656673358508251,0.0,0.625,0.42857142857142855,0.21052631578947367,1.0,1,1,4,1,3,0.013317103952818588,0.007381957447857204
0.36842105263157887,0,8,0.1862975504540554,0.4444444444444445,0.36250000000000004,0.5428571428571427,0.2526315789473684,0.8999999999999999,0,1,2,0,0,0.07408850546022211,0.18785145943906773
0.3508771929824561,1,6,0.16899083195969805,0.3333333333333333,0.71875,0.44642857142857145,0.3684210526315789,0.9375,1,1,2,0,2,0.084095938326773,0.1844440558230882
0.0,1,3,0.05535083565038596,0.4444444444444445,0.4375,0.6142857142857143,0.29473684210526313,0.95,1,1,2,0,1,0.02169503744990819,0.04166049374817241
0.0,0,6,0.001392306101074666,0.0,0.0625,0.35714285714285715,0.10526315789473684,0.25,1,1,0,1,7,0.002785398063502095,0.0015356230714072786
0.36842105263157887,0,3,0.1433253375013608,0.2222222222222222,0.5833333333333334,0.4761904761904761,0.2982456140350877,0.5833333333333334,0,1,2,0,6,0.09520090314302282,0.12606000029383566
0.26315789473684215,1,0,0.10572635524610151,0.6666666666666665,0.5625,0.4795918367346938,0.3082706766917293,0.8214285714285714,0,1,2,0,1,0.0297322567238193,0.11084552158910117
0.17543859649122806,1,0,0.020564718722358117,0.2222222222222222,0.45833333333333337,0.4523809523809524,0.24561403508771928,0.75,0,0,2,0,4,0.013337393972296349,0.020050871483391415
0.33333333333333337,0,5,0.08329317635659948,0.4444444444444445,0.42500000000000004,0.5571428571428572,0.34736842105263155,0.8500000000000001,1,1,3,1,4,0.03287512803957501,0.09980862767846607
0.2807017543859649,1,9,0.03643783808667466,0.2222222222222222,0.5208333333333334,0.2619047619047619,0.24561403508771928,0.5,0,1,3,1,3,0.023922459977771884,0.03956421328108746
0.5263157894736842,0,6,0.05457298562627201,0.4444444444444445,0.36250000000000004,0.3714285714285714,0.2631578947368421,0.8999999999999999,0,1,2,0,0,0.021383809631659065,0.04582049579554347
0.3157894736842105,0,1,0.014010388851909568,0.1111111111111111,0.71875,0.6428571428571428,0.2631578947368421,0.625,1,1,0,1,3,0.013732127078500043,0.014666569985256084
0.14035087719298245,1,2,0.4035216038607599,0.3333333333333333,0.5,0.49999999999999994,0.2763157894736842,0.625,1,0,2,1,5,0.20139441841327171,0.3356816963606558
0.49122807017543857,1,7,0.06415731498105164,0.4444444444444445,0.5625,0.5142857142857142,0.3894736842105263,0.55,0,1,2,1,2,0.0252186233129557,0.0539016873275789
0.24561403508771928,1,6,0.12091507723080648,0.3333333333333333,0.515625,0.44642857142857145,0.3289473684210526,0.6875,1,1,4,1,1,0.060051277095328225,0.14121732322349093
0.4035087719298246,1,3,0.14707766863114796,0.2222222222222222,0.5625,0.6666666666666667,0.1929824561403509,0.9166666666666667,1,1,3,1,0,0.09770316320744891,0.1211089168222337
0.19298245614035092,1,7,0.1092939544041979,0.2222222222222222,0.7083333333333333,0.5952380952380953,0.4385964912280702,0.75,1,0,2,0,3,0.07250691161726804,0.10992202454665187
0.15789473684210525,0,1,0.10697265393853503,0.5555555555555556,0.45833333333333337,0.49999999999999994,0.2631578947368421,0.75,1,1,2,1,4,0.03519725489211802,0.09513265969138726
0.3157894736842105,1,5,0.14882126183988698,0.5555555555555556,0.45833333333333337,0.4404761904761904,0.22807017543859648,0.75,0,1,2,1,2,0.049150727637648176,0.11156191188437284
0.29824561403508765,0,7,0.1255721010861252,0.2222222222222222,0.39583333333333337,0.4761904761904761,0.3333333333333333,0.9166666666666667,0,1,2,1,0,0.0833620720378696,0.1392263496653828
0.38596491228070173,0,6,0.0667609491232344,0.1111111111111111,0.5,0.42857142857142855,0.4473684210526316,0.875,1,1,2,1,1,0.06649757438746044,0.056331092125536074
0.22807017543859642,1,6,0.008358775963979834,0.0,0.4375,0.6428571428571428,0.3684210526315789,0.75,1,0,0,0,0,0.01672226988400499,0.010122401509367433
0.0,1,9,0.018809666204145228,0.1111111111111111,0.59375,0.5714285714285714,0.28947368421052627,0.375,1,0,2,1,5,0.018532758862275362,0.015415945702961531
0.19298245614035092,1,4,0.010104937638635418,0.1111111111111111,0.46875,0.49999999999999994,0.15789473684210525,0.875,1,1,2,1,3,0.009825573685478478,0.008829477214229418
0.45614035087719296,1,2,0.014353377838920439,0.1111111111111111,0.625,0.46428571428571425,0.3684210526315789,0.75,1,1,2,1,0,0.01407521286239671,0.014927988936613488
0.22807017543859642,0,1,0.0721499857647716,0.4444444444444445,0.5625,0.38571428571428573,0.2631578947368421,0.65,0,1,3,1,1,0.028416593889397126,0.06938900666011699
0.24561403508771928,1,8,0.003945558796432677,0.0,0.5625,0.42857142857142855,0.47368421052631576,1.0,0,1,2,0,0,0.007893344590341541,0.004357725010580454
0.49122807017543857,0,2,0.04685000376379044,0.4444444444444445,0.5,0.4428571428571428,0.3263157894736842,0.8,1,1,3,1,0,0.01829374506789482,0.05563844564727493
0.14035087719298245,1,5,0.015511163244383407,0.4444444444444445,0.6125,0.5285714285714285,0.14736842105263157,0.55,0,0,2,1,4,0.0057546711346870595,0.016348684350834093
0.0,1,0,0.2614878095668243,0.5555555555555556,0.5416666666666666,0.42857142857142855,0.28947368421052627,0.7083333333333334,0,1,4,1,1,0.08671684230379469,0.28513722362268096
0.26315789473684215,0,1,0.4745572705663487,0.2222222222222222,0.5208333333333334,0.6666666666666667,0.15789473684210525,0.5833333333333334,0,1,2,0,2,0.3160845110932058,0.440058520689111
0.19298245614035092,0,7,0.03384665112547214,0.3333333333333333,0.671875,0.37499999999999994,0.21052631578947367,0.75,1,1,4,0,0,0.016504778003141922,0.03528075286383134
0.08771929824561403,1,6,0.16731283341898182,0.4444444444444445,0.4,0.657142857142857,0.2631578947368421,0.55,1,1,2,1,1,0.06649247553191637,0.19370419185004145
0.24561403508771928,1,1,0.030929861715770796,0.0,0.6875,0.5714285714285714,0.2631578947368421,1.0,1,1,2,1,2,0.061877181218266776,0.03622240136718889
0.38596491228070173,0,0,0.10769261469237582,0.3333333333333333,0.4375,0.44642857142857145,0.3026315789473684,0.5,1,1,2,1,2,0.053438180032684045,0.08671881775696284
0.2807017543859649,1,9,0.025701057832566453,0.4444444444444445,0.4,0.49999999999999994,0.3157894736842105,0.75,0,1,3,1,4,0.009831779269357717,0.02628947646542242
0.3508771929824561,1,0,0.09648738576994804,0.3333333333333333,0.5,0.41071428571428564,0.18421052631578946,0.5625,1,1,2,0,0,0.047833984425565496,0.10606126094360109
0.6666666666666666,0,7,0.36054366125332843,1.0,0.55625,0.5214285714285714,0.3263157894736842,0.625,1,1,2,1,2,0.07162109416301594,0.3986184036856471
0.21052631578947367,0,6,0.10590061577982478,0.2222222222222222,0.5833333333333334,0.49999999999999994,0.3333333333333333,0.8333333333333333,1,1,2,2,6,0.07024404743200488,0.12586374650892432
0.3508771929824561,0,6,0.0077696093975821254,0.0,0.75,0.49999999999999994,0.5263157894736843,1.0,0,0,0,1,3,0.015543604207069659,0.005982114886899338
0.17543859649122806,0,1,0.0022051267765140267,0.0,0.5,0.42857142857142855,0.05263157894736842,0.5,0,1,2,1,1,0.004411498195933998,0.0020786029346599537
0.10526315789473684,0,7,0.05685220276576362,0.1111111111111111,0.4375,0.6428571428571428,0.21052631578947367,0.5,1,1,2,1,5,0.05658603162594795,0.0603185842050063
0.15789473684210525,0,3,0.14534296626596624,0.5555555555555556,0.5208333333333334,0.4404761904761904,0.24561403508771928,0.875,1,1,4,0,0,0.04799096856977167,0.10552723832868173
0.19298245614035092,0,6,0.14574819115787827,0.5555555555555556,0.5520833333333334,0.4047619047619047,0.2192982456140351,0.875,0,1,2,1,1,0.0481260816540213,0.15116858915755893
0.36842105263157887,0,4,0.036370465249940385,0.3333333333333333,0.515625,0.46428571428571425,0.5263157894736843,0.625,1,1,3,1,0,0.017767041195393084,0.034419482631231985
0.7894736842105262,0,1,0.03674605399666139,0.0,0.4375,0.21428571428571425,0.15789473684210525,1.0,0,0,3,0,6,0.07351284862189594,0.03142951522329377
0.14035087719298245,1,5,0.02199693483229004,0.1111111111111111,0.65625,0.5357142857142856,0.2631578947368421,0.5,1,0,2,1,1,0.021720926987748315,0.019957649750737314
0.21052631578947367,1,3,0.03221528011985648,0.1111111111111111,0.59375,0.5357142857142856,0.3684210526315789,0.5,1,1,2,0,4,0.03194215605304311,0.030643931369468486
0.2807017543859649,0,6,0.021313722898486126,0.0,0.625,0.35714285714285715,0.2631578947368421,0.5,0,0,2,1,3,0.04263947593251249,0.019664904126637486
0.36842105263157887,0,5,0.01386576446337733,0.1111111111111111,0.34375,0.7142857142857142,0.15789473684210525,0.75,0,1,4,0,3,0.013587461874691077,0.014885335373121526
0.3508771929824561,1,0,0.2065817136686051,0.3333333333333333,0.5,0.49999999999999994,0.25,0.625,1,1,2,1,0,0.10289668355020268,0.1851732421874074
0.5614035087719298,0,3,0.1397369930416307,0.5555555555555556,0.5833333333333334,0.4761904761904761,0.21052631578947367,0.625,0,1,2,0,1,0.04612178346372634,0.14392136957748802
0.0,1,7,0.07811929812914918,0.0,1.0,0.5714285714285714,0.3157894736842105,0.5,1,0,2,1,2,0.15628268924708677,0.06255254089647365
0.0,0,6,0.01871166935071355,0.1111111111111111,0.4375,0.5357142857142856,0.42105263157894735,0.75,1,0,2,0,1,0.018434734352590604,0.018362596047531238
0.19298245614035092,0,2,0.0013369852967180737,0.0,0.5625,0.6428571428571428,0.05263157894736842,0.0,1,1,2,1,3,0.0026747252299870413,0.001120129970147245
0.5263157894736842,0,8,0.006351025914438078,0.0,0.375,0.7142857142857142,0.21052631578947367,0.75,0,1,4,1,6,0.012705636547647916,0.00716347641708171
0.0,1,6,0.034640899816591776,0.3333333333333333,0.59375,0.5357142857142856,0.14473684210526316,0.875,1,0,3,1,7,0.016902014423437025,0.03469445593721016
0.0,0,1,0.303762387661722,0.5555555555555556,0.39583333333333337,0.46428571428571425,0.2982456140350877,0.7916666666666667,1,1,3,1,5,0.10081234518566914,0.36035607194803093
0.4035087719298246,1,9,0.09760822478107287,0.6666666666666665,0.5535714285714286,0.510204081632653,0.24812030075187969,0.7857142857142858,1,1,4,0,3,0.02741213628693152,0.07493577084230836
0.33333333333333337,1,1,0.004008782572840212,0.1111111111111111,0.65625,0.3214285714285714,0.5526315789473684,0.875,0,1,3,1,0,0.003727698188858842,0.0034840378517200996
0.05263157894736842,1,2,0.03385554196902944,0.0,0.875,0.7142857142857142,0.3684210526315789,0.75,0,0,3,1,2,0.06773019307073436,0.03278485589967503
0.08771929824561403,0,3,0.0042468596058748325,0.1111111111111111,0.46875,0.39285714285714285,0.28947368421052627,0.875,1,1,2,1,0,0.003965842410976058,0.0044220371057566675
0.08771929824561403,1,3,0.06578236360902653,0.1111111111111111,0.6875,0.5357142857142856,0.2631578947368421,0.625,1,1,2,0,4,0.06551871270103177,0.06720433853090702
0.3157894736842105,1,7,0.19935484087662136,0.4444444444444445,0.6125,0.42857142857142855,0.4105263157894737,0.65,0,0,2,1,6,0.07931289561832418,0.21050675750927833
0.15789473684210525,0,1,0.030573437676273324,0.1111111111111111,0.46875,0.42857142857142855,0.3157894736842105,0.625,1,1,0,1,1,0.030299850255703652,0.036777087263977694
0.38596491228070173,0,6,0.014444262017506268,0.2222222222222222,0.41666666666666663,0.49999999999999994,0.21052631578947367,0.5833333333333334,0,1,0,1,4,0.00925593797630903,0.01707943467914805
0.0,0,0,0.09175864244326704,0.3333333333333333,0.40625,0.5178571428571428,0.25,0.8125,1,1,2,0,0,0.04546894549936076,0.1088420363190354
0.10526315789473684,0,0,0.07096513268003414,0.3333333333333333,0.53125,0.5357142857142856,0.19736842105263158,0.875,1,1,2,0,1,0.03506925649002293,0.06988824292436624
0.05263157894736842,1,2,0.0471773843810007,0.1111111111111111,0.6875,0.6785714285714286,0.3947368421052631,0.5,0,1,1,1,6,0.04690848285529585,0.04882989427129467
0.22807017543859642,0,2,0.04876113998000944,0.4444444444444445,0.6499999999999999,0.45714285714285713,0.3052631578947368,0.8500000000000001,0,1,2,1,0,0.019058415295459902,0.053478895727676896
0.17543859649122806,0,6,0.040650714912730444,0.1111111111111111,0.5625,0.49999999999999994,0.10526315789473684,1.0,1,0,2,0,0,0.04037997145826675,0.04629456645733245
0.45614035087719296,1,6,0.08646977597247553,0.6666666666666665,0.4464285714285714,0.4795918367346938,0.24060150375939848,0.5357142857142857,0,1,2,1,0,0.024228824214357694,0.07350028885941055
0.0,1,5,0.2567112532592351,0.5555555555555556,0.5416666666666666,0.5714285714285714,0.2982456140350877,0.6666666666666666,1,1,2,0,4,0.08512420752816377,0.29258662109370376
0.29824561403508765,1,7,0.03206769211680514,0.2222222222222222,0.25,0.4761904761904761,0.10526315789473684,0.9166666666666667,1,0,0,0,1,0.02100820711524869,0.023659552526204695
0.4035087719298246,1,1,0.003866331501621986,0.0,0.375,0.42857142857142855,0.3684210526315789,1.0,1,1,0,1,1,0.007734845282343196,0.004742839296064546
0.6842105263157895,0,6,0.10201610744248563,0.2222222222222222,0.75,0.2619047619047619,0.3333333333333333,0.8333333333333333,0,1,2,0,2,0.06765364436088646,0.07508875495669953
0.19298245614035092,0,6,0.024069094104046975,0.2222222222222222,0.5416666666666666,0.5714285714285714,0.2631578947368421,0.9166666666666667,0,1,0,1,3,0.015674303553316008,0.01817776393906607
0.3508771929824561,0,1,0.8020352919071393,0.7777777777777777,0.5390625,0.5446428571428572,0.30921052631578944,0.59375,1,1,2,1,5,0.20007153220016208,0.9090589533858162
0.0,0,5,0.07397280626832131,0.1111111111111111,0.75,0.5714285714285714,0.47368421052631576,0.625,1,1,4,0,6,0.07371146683204349,0.06425437068695461
0.0,1,8,0.12538420792561408,0.5555555555555556,0.5520833333333334,0.5238095238095237,0.3157894736842105,0.7083333333333334,0,1,3,1,3,0.041336171564499494,0.09798684658887606
0.4736842105263158,0,9,0.03338195636887676,0.3333333333333333,0.375,0.6071428571428572,0.14473684210526316,0.875,1,1,4,0,0,0.01627236505276031,0.02993483957283878
0.2807017543859649,1,8,0.0678849493231796,0.5555555555555556,0.5208333333333334,0.5119047619047619,0.2631578947368421,0.75,1,1,2,0,6,0.022164342965361312,0.0627503586453797
0.543859649122807,0,9,0.13354837320283947,1.0,0.44999999999999996,0.43571428571428567,0.2526315789473684,0.8500000000000001,1,1,2,0,0,0.02620922422493937,0.1375152782694786
0.0,1,3,0.2991913086274573,0.7777777777777777,0.578125,0.44642857142857145,0.375,0.90625,1,1,2,1,0,0.07432505876035754,0.2392721311568642
0.4035087719298246,0,6,0.0924519306664359,0.1111111111111111,0.5,0.5714285714285714,0.18421052631578946,0.5,0,0,0,1,2,0.09219580632965603,0.09160682134744504
0.6842105263157895,1,5,0.3031878415936185,0.5555555555555556,0.5833333333333334,0.4523809523809524,0.3859649122807018,0.875,0,1,2,0,4,0.1006207757809895,0.23542819201496856
0.38596491228070173,1,6,0.005705353097876136,0.0,0.4375,0.7142857142857142,0.15789473684210525,1.0,1,0,3,1,1,0.011413926476479354,0.004390473468772616
0.3508771929824561,1,1,0.42277265105395023,0.6666666666666665,0.6785714285714286,0.42857142857142855,0.21052631578947367,0.7857142857142858,1,1,0,1,0,0.1203424770833123,0.4881016462853723
0.29824561403508765,0,6,0.11413669810271374,0.2222222222222222,0.375,0.5238095238095237,0.3333333333333333,0.9166666666666667,1,1,1,0,0,0.07573631854856266,0.13396882403651525
0.0,0,7,0.1325051808921152,0.2222222222222222,0.6041666666666666,0.6190476190476191,0.21052631578947367,0.5,1,0,2,0,3,0.087985429657961,0.10586600240850455
0.5789473684210525,1,1,0.15050874394706432,0.3333333333333333,0.546875,0.6071428571428572,0.15789473684210525,0.75,0,1,2,0,1,0.07485228635251787,0.11215086281050018
0.15789473684210525,0,6,0.14322338916190366,0.7777777777777777,0.6796875,0.47321428571428564,0.3026315789473684,0.71875,1,1,2,0,6,0.03532207474408389,0.16684202020546693
0.4035087719298246,0,7,0.006006653907318291,0.0,0.3125,0.35714285714285715,0.3157894736842105,1.0,1,1,4,1,1,0.012016698159016704,0.004826345494812143
0.0,0,9,0.13078035724199713,0.4444444444444445,0.5625,0.45714285714285713,0.3368421052631579,0.7,1,1,0,0,1,0.051875361045415576,0.11341653621785167
0.03508771929824561,0,3,0.07110244681941925,0.2222222222222222,0.5625,0.4047619047619047,0.5263157894736843,1.0,1,1,3,0,2,0.04703872106473589,0.061102841059078504
0.5964912280701754,1,9,0.1131511974879613,0.3333333333333333,0.46875,0.44642857142857145,0.25,1.0,0,1,4,0,0,0.05616824167942862,0.0985348027012028
0.21052631578947367,1,6,0.04076392498736019,0.3333333333333333,0.609375,0.37499999999999994,0.2763157894736842,0.375,1,1,4,1,4,0.01996439101581653,0.037437174855439966
0.5964912280701754,0,6,0.09262875966607571,0.1111111111111111,0.59375,0.6071428571428572,0.21052631578947367,0.5,1,1,4,1,6,0.09237268523322026,0.10782010433061633
0.2807017543859649,0,3,0.10231444463740869,0.6666666666666665,0.6071428571428571,0.5306122448979591,0.24060150375939848,0.8214285714285714,1,1,3,1,4,0.028757150008527736,0.07664414084585808
0.0,0,7,0.05809771116099204,0.1111111111111111,0.5625,0.46428571428571425,0.34210526315789475,0.75,0,1,0,1,0,0.0578318915232317,0.06888090793323107
0.4736842105263158,0,2,0.014742796786730595,0.1111111111111111,0.65625,0.5714285714285714,0.3157894736842105,0.625,1,1,2,0,3,0.014464741710357732,0.014185106039128485
0.15789473684210525,1,5,0.48503186972266693,0.2222222222222222,0.5416666666666666,0.4761904761904761,0.1929824561403509,0.6666666666666666,1,0,2,1,0,0.32306954792848447,0.5429093426943687
0.4385964912280701,0,0,0.01192183091314693,0.1111111111111111,0.5,0.49999999999999994,0.21052631578947367,1.0,0,1,3,0,4,0.011642979715843545,0.013348290516264514
0.29824561403508765,1,8,0.13059621799321017,0.5555555555555556,0.5520833333333334,0.6428571428571428,0.16666666666666669,0.7083333333333334,1,1,2,0,2,0.043073998557432304,0.15022874158243774
0.0,2,1,0.7168197175991482,0.8888888888888888,0.4930555555555556,0.5634920634920635,0.3333333333333333,0.8333333333333333,0,1,2,1,2,0.1588365087982377,0.83290831426956
0.3157894736842105,1,6,0.0502423545166572,0.4444444444444445,0.5,0.4857142857142857,0.29473684210526313,0.8,1,1,2,1,6,0.01965106831893302,0.05939072702051116
0.7543859649122807,0,3,0.021789284241651545,0.1111111111111111,0.5625,0.42857142857142855,0.05263157894736842,0.5,0,0,4,1,5,0.02151321779484774,0.016750291347535078
0.38596491228070173,0,6,0.06291635079475251,0.1111111111111111,0.5,0.6071428571428572,0.34210526315789475,0.875,1,1,2,0,3,0.06265189105287217,0.05984385004334076
0.2807017543859649,1,1,0.06889415885408486,0.3333333333333333,0.484375,0.6428571428571428,0.3157894736842105,0.625,0,1,4,1,2,0.03403347734635794,0.06537412151431525
0.5087719298245613,1,6,0.03319999043740383,0.2222222222222222,0.5,0.42857142857142855,0.21052631578947367,0.6666666666666666,1,0,2,1,3,0.021763285697242472,0.038830808953267335
0.33333333333333337,0,1,0.018690133751874734,0.1111111111111111,0.40625,0.75,0.2368421052631579,0.75,1,1,2,0,4,0.018413192676067138,0.0198735274449615
0.33333333333333337,0,6,0.05299199606748111,0.3333333333333333,0.5,0.42857142857142855,0.2368421052631579,0.6875,1,0,2,1,1,0.026080152032852435,0.046184757227764814
0.05263157894736842,1,6,0.07915083355609835,0.6666666666666665,0.4553571428571429,0.4693877551020407,0.3007518796992481,0.6428571428571429,0,1,2,0,1,0.022137107660923167,0.0894393094293285
0.33333333333333337,0,2,0.32663773783747424,1.0,0.5875,0.4071428571428571,0.2578947368421053,0.75,1,1,2,1,4,0.06483799572289024,0.272878873832181
0.5087719298245613,0,3,0.029919664313359167,0.0,0.375,0.35714285714285715,0.5789473684210527,0.75,1,1,3,2,2,0.059856216226257954,0.02407485605607143
0.10526315789473684,1,0,0.015799029001338963,0.1111111111111111,0.46875,0.35714285714285715,0.13157894736842105,0.625,1,0,3,1,5,0.015521272010306803,0.017819094862946992
0.5964912280701754,1,2,0.055735117666363,0.3333333333333333,0.59375,0.5535714285714286,0.2763157894736842,0.625,1,1,3,0,0,0.027452099908319413,0.04515723288324345
0.26315789473684215,0,6,0.11639042815734106,0.0,0.25,0.14285714285714285,0.3157894736842105,0.75,0,0,3,1,5,0.23284655073292093,0.13287945202493054
0.10526315789473684,0,1,0.003340191137330538,0.1111111111111111,0.71875,0.25,0.21052631578947367,0.875,0,0,1,1,0,0.003058918066332158,0.002796083265443078
0.49122807017543857,0,6,0.030521080486435835,0.2222222222222222,0.5416666666666666,0.4047619047619047,0.5614035087719298,0.6666666666666666,0,1,0,1,2,0.019976841709586975,0.03628287464165083
0.22807017543859642,0,5,0.002800615720552489,0.0,0.6875,0.49999999999999994,0.42105263157894735,0.75,1,1,4,1,0,0.005602812196699617,0.002766841878026922
0.45614035087719296,1,0,0.017724192992948376,0.1111111111111111,0.65625,0.49999999999999994,0.28947368421052627,0.375,1,0,2,0,3,0.017446979313468745,0.014967325000722741
0.22807017543859642,1,6,0.03985587349870698,0.2222222222222222,0.5208333333333334,0.4761904761904761,0.3859649122807018,0.75,0,1,2,0,1,0.026201793334689073,0.032043868716123
0.2807017543859649,1,1,0.04447476551387989,0.1111111111111111,0.3125,0.49999999999999994,0.18421052631578946,0.625,0,1,2,0,0,0.044205101266630804,0.044965813168861196
0.38596491228070173,1,4,0.038590805247652474,0.1111111111111111,0.6875,0.46428571428571425,0.2368421052631579,0.875,0,1,3,0,3,0.038319480454288256,0.03284447610286713
0.3508771929824561,0,3,0.07528311903436745,0.4444444444444445,0.5375,0.5714285714285714,0.3157894736842105,0.8,1,1,4,1,3,0.02967020088502693,0.08954333673140057
0.0,0,5,0.23065238836706226,0.7777777777777777,0.4609375,0.5089285714285714,0.2039473684210526,0.59375,0,1,4,0,1,0.05718549300498284,0.17080245096854393
0.05263157894736842,1,1,0.23967698972633392,0.5555555555555556,0.5625,0.5357142857142856,0.3596491228070175,0.5833333333333334,0,1,4,1,1,0.07944451723818315,0.22978796913588148
0.49122807017543857,1,6,0.07128421517659092,0.2222222222222222,0.41666666666666663,0.42857142857142855,0.42105263157894735,0.75,0,1,2,0,6,0.04715993416810953,0.055226222652549284
0.26315789473684215,0,5,0.06602696059400318,0.2222222222222222,0.41666666666666663,0.5476190476190474,0.1929824561403509,0.8333333333333333,0,1,0,0,0,0.04365410865977372,0.06545284103538208
0.17543859649122806,0,2,0.04291570670253036,0.0,0.4375,0.21428571428571425,0.05263157894736842,0.75,1,0,1,0,2,0.08585563637966236,0.04363028270307954
0.0,0,2,0.0007871360162738001,0.0,0.3125,0.35714285714285715,0.21052631578947367,0.25,0,1,4,1,1,0.001574716316871342,0.0009426911460206832
0.07017543859649122,0,3,0.0066224930043879285,0.1111111111111111,0.40625,0.49999999999999994,0.2631578947368421,0.875,1,1,3,0,1,0.006342146250592149,0.00552491607911383
0.0,0,3,0.3502421371849258,0.7777777777777777,0.453125,0.47321428571428564,0.30921052631578944,0.875,0,1,0,1,2,0.08709136773637888,0.3671193157610131
0.26315789473684215,0,0,0.009183253523194334,0.1111111111111111,0.625,0.7142857142857142,0.07894736842105263,0.5,1,0,2,2,0,0.008903629456286108,0.008915068698303288
0.15789473684210525,1,1,0.03600929942721235,0.6666666666666665,0.4017857142857143,0.49999999999999994,0.24060150375939848,0.6071428571428571,1,1,3,0,1,0.009807476418569513,0.03958416567023203
0.08771929824561403,1,1,0.08935001413644125,0.1111111111111111,0.40625,0.6785714285714286,0.34210526315789475,0.5,0,1,0,1,3,0.08909301439003754,0.08365164739910419
0.2807017543859649,1,9,0.035214853161791425,0.3333333333333333,0.703125,0.42857142857142855,0.43421052631578944,0.75,1,0,2,0,6,0.017189072085366696,0.029439963450635372
0.36842105263157887,0,1,0.00563146030919983,0.1111111111111111,0.6875,0.39285714285714285,0.4473684210526316,0.875,0,1,2,1,4,0.005350833870393021,0.005134683366010703
0.7368421052631579,0,3,0.1254974180002438,0.8888888888888888,0.6111111111111112,0.5396825396825395,0.22807017543859648,0.8888888888888888,1,1,3,1,4,0.027394468786978092,0.14847786019394102
0.0,0,0,0.03965948464324107,0.3333333333333333,0.53125,0.6785714285714286,0.13157894736842105,0.6875,0,1,0,0,7,0.0194120149985405,0.03123610500928189
0.5263157894736842,1,4,0.029706876790887557,0.0,0.375,0.7142857142857142,0.3157894736842105,0.0,0,1,4,0,2,0.059430521077344686,0.0321052424547031
0.49122807017543857,1,7,0.0986318572359711,0.3333333333333333,0.5,0.6607142857142856,0.2631578947368421,0.625,0,1,2,0,2,0.04890652276036228,0.07957619419314388
0.12280701754385964,1,7,0.017496784972182527,0.0,0.3125,0.7142857142857142,0.15789473684210525,0.75,0,1,0,1,6,0.03500344568009345,0.017246257505249944
0.33333333333333337,1,5,0.07476093015610148,0.5555555555555556,0.48958333333333337,0.46428571428571425,0.2807017543859649,0.6666666666666666,1,1,2,0,4,0.024456983412974954,0.08328842860954597
0.19298245614035092,0,5,0.05201222510746561,0.1111111111111111,0.65625,0.5714285714285714,0.15789473684210525,0.75,1,0,2,0,2,0.051744688049843876,0.04888231076154146
0.33333333333333337,0,0,0.19300519798229224,0.4444444444444445,0.5375,0.5285714285714285,0.28421052631578947,0.35,1,1,3,0,5,0.07677232167296218,0.14326270377147549
0.6140350877192983,0,7,0.08314756409656089,0.2222222222222222,0.5416666666666666,0.42857142857142855,0.3333333333333333,0.5833333333333334,0,0,3,0,4,0.05507106546383742,0.07880013630183179
0.42105263157894735,0,1,0.26850564874806054,0.5555555555555556,0.47916666666666663,0.3214285714285714,0.16666666666666669,0.7083333333333334,0,1,2,1,3,0.08905678221239867,0.2621433510440408
0.4035087719298246,0,3,0.07515212727262309,0.1111111111111111,0.5625,0.2857142857142857,0.34210526315789475,0.75,0,1,2,0,5,0.07489112065927807,0.08135773875450647
0.19298245614035092,0,9,0.18569613428097873,0.7777777777777777,0.625,0.40178571428571425,0.2631578947368421,0.625,0,1,2,1,6,0.045943257642996706,0.13659524090495698
0.0,1,9,0.025944864520338003,0.0,0.625,0.42857142857142855,0.3684210526315789,0.5,1,0,0,0,0,0.05190437313820131,0.01947367398364852
0.24561403508771928,0,6,0.2128388917899382,0.3333333333333333,0.71875,0.5357142857142856,0.3684210526315789,0.875,0,0,3,1,2,0.10602615554790067,0.23887279901688277
0.543859649122807,0,7,0.039314519913217466,0.1111111111111111,0.40625,0.5714285714285714,0.15789473684210525,0.625,0,0,4,1,1,0.03904339936351262,0.04391136968649157
0.0,0,7,0.03434236504736746,0.2222222222222222,0.4375,0.5714285714285714,0.42105263157894735,0.8333333333333333,1,1,4,0,0,0.022525083701271095,0.03446080919497086
0.07017543859649122,1,4,0.05498473047012608,0.1111111111111111,0.5,0.46428571428571425,0.3947368421052631,1.0,0,0,2,0,3,0.05471803230026171,0.057652452129668734
0.3157894736842105,1,2,0.0013806492172995267,0.0,0.3125,0.7142857142857142,0.10526315789473684,1.0,0,0,3,0,1,0.0027620777164399945,0.001656237870392882
0.08771929824561403,1,7,0.07211600298495255,0.1111111111111111,0.5625,0.35714285714285715,0.13157894736842105,0.875,0,1,0,0,2,0.07185413952958908,0.07068117266968181
0.12280701754385964,0,6,0.002144669040324322,0.0,0.5625,0.5714285714285714,0.3684210526315789,1.0,0,1,4,1,4,0.0042905485993068315,0.0024087889089360634
0.19298245614035092,1,3,0.1435598581969725,0.3333333333333333,0.46875,0.48214285714285715,0.3026315789473684,0.5,1,1,2,2,5,0.0713768629350554,0.16655050679542358
0.0,0,6,0.06062053741395393,0.0,0.25,0.42857142857142855,0.10526315789473684,0.75,0,0,0,0,2,0.12127529096579635,0.053320082292941835
0.08771929824561403,0,5,0.03948739742683182,0.2222222222222222,0.5833333333333334,0.4761904761904761,0.17543859649122803,0.5833333333333334,0,1,3,1,5,0.025956073293611003,0.03937805417286921
0.4385964912280701,1,0,0.05392118800637059,0.0,0.375,0.5714285714285714,0.42105263157894735,0.5,0,0,2,2,5,0.1078728108271233,0.04794521197162306
0.017543859649122806,0,7,0.2482841165870146,0.4444444444444445,0.4375,0.4142857142857142,0.21052631578947367,0.8999999999999999,0,1,3,1,3,0.09889012934689785,0.20486288538087027
0.0,0,7,0.18050190590049725,0.4444444444444445,0.5375,0.42857142857142855,0.3368421052631579,0.65,1,1,2,0,3,0.07176959338998597,0.1394126035592977
0.15789473684210525,1,9,0.46648794095373464,0.7777777777777777,0.5234375,0.48214285714285715,0.2631578947368421,0.65625,1,1,3,1,4,0.11616102027704177,0.5327884577561477
0.4385964912280701,0,1,0.039630243646652595,0.2222222222222222,0.45833333333333337,0.5714285714285714,0.3333333333333333,0.5833333333333334,0,0,0,0,0,0.026051330982457894,0.029110630547629104
0.24561403508771928,1,6,0.022161119076648358,0.3333333333333333,0.671875,0.33928571428571425,0.25,0.6875,1,0,0,0,0,0.010660363058277745,0.016249585904987766
0.19298245614035092,1,8,0.02800516933401852,0.1111111111111111,0.28125,0.39285714285714285,0.34210526315789475,0.625,1,0,2,1,0,0.027730857107735457,0.029054280450971394
0.29824561403508765,0,5,0.12319449194459937,0.4444444444444445,0.5125,0.49999999999999994,0.46315789473684216,0.7,0,1,2,1,1,0.04884015858626521,0.13071355146365704
0.0,0,5,0.028363964265131276,0.3333333333333333,0.484375,0.48214285714285715,0.35526315789473684,0.75,1,1,4,1,0,0.013762660922746604,0.02713657623637278
0.38596491228070173,2,6,0.06270040208346052,0.1111111111111111,0.59375,0.5357142857142856,0.3947368421052631,0.25,0,0,3,0,2,0.06243588139745795,0.0673841469974498
0.36842105263157887,0,6,0.024708049394365616,0.2222222222222222,0.6041666666666666,0.5952380952380953,0.1929824561403509,0.75,0,1,2,0,1,0.016100393962348965,0.023611638356548722
0.21052631578947367,0,6,0.054073517792652494,0.6666666666666665,0.5714285714285714,0.5408163265306123,0.23308270676691728,0.7142857142857143,1,1,2,1,1,0.014970138239121248,0.05177796640131411
0.5087719298245613,0,6,0.028964392566701577,0.1111111111111111,0.65625,0.49999999999999994,0.21052631578947367,0.75,1,0,0,1,0,0.028690351048299007,0.03423090648774919
0.05263157894736842,0,0,0.07307068200870631,0.4444444444444445,0.5125,0.5285714285714285,0.2526315789473684,0.8,1,1,3,1,0,0.028784976320954378,0.06947796303642188
0.5263157894736842,0,6,0.0008175624586699258,0.0,0.5625,0.49999999999999994,0.3157894736842105,1.0,0,1,4,1,1,0.0016355863753046217,0.0006911299071147566
0.3157894736842105,1,0,0.03220105477016478,0.2222222222222222,0.6666666666666667,0.3809523809523809,0.12280701754385964,0.6666666666666666,0,1,3,1,4,0.02109714064218043,0.03656149719694999
0.21052631578947367,0,1,0.010474204007715671,0.0,0.6875,0.42857142857142855,0.3157894736842105,0.75,1,0,2,1,2,0.020954319985596718,0.011316701287142367
0.2807017543859649,1,1,0.032575062922475605,0.2222222222222222,0.6875,0.3809523809523809,0.17543859649122803,0.75,1,1,0,0,3,0.021346549777709,0.030860611472007655
0.26315789473684215,0,4,0.00649387213425885,0.0,0.5,0.35714285714285715,0.3684210526315789,1.0,0,0,2,0,3,0.012991409614188572,0.004900704873833129
0.543859649122807,1,6,0.006402790381371747,0.0,0.5,0.49999999999999994,0.5789473684210527,1.0,0,0,3,0,0,0.01280919469900843,0.007474847430573033
0.07017543859649122,0,1,0.15050558275824394,0.2222222222222222,0.7291666666666667,0.4047619047619047,0.2631578947368421,0.6666666666666666,0,1,0,1,2,0.0999890842330277,0.15558318558612866
0.12280701754385964,1,1,0.011380082179054871,0.1111111111111111,0.59375,0.42857142857142855,0.42105263157894735,0.625,0,1,2,0,0,0.011101078091739477,0.009087531273355789
0.5087719298245613,1,6,0.10777697891901963,0.4444444444444445,0.5,0.42857142857142855,0.3263157894736842,0.7,1,1,2,1,2,0.04267141295018397,0.1053680931440084
0.15789473684210525,0,7,0.31637098684609577,0.2222222222222222,0.45833333333333337,0.5952380952380953,0.22807017543859648,0.8333333333333333,1,0,1,0,5,0.21059722684182483,0.3622890840526383
0.4736842105263158,1,1,0.025892112181897967,0.0,0.5,0.5714285714285714,0.42105263157894735,1.0,0,1,3,1,5,0.05179883868624231,0.026448669042944087
0.6491228070175438,0,2,0.00321038482139382,0.0,0.375,0.42857142857142855,0.2631578947368421,0.75,1,1,3,1,0,0.006422581684950411,0.0033700106586515882
0.21052631578947367,1,5,0.008110425067278989,0.1111111111111111,0.5,0.7857142857142856,0.2368421052631579,0.5,1,1,2,1,3,0.007830498231309779,0.008252564071576471
0.4385964912280701,1,3,0.02051413970123209,0.2222222222222222,0.6458333333333333,0.6666666666666667,0.2631578947368421,0.41666666666666663,1,0,2,1,0,0.013303665108748901,0.01865415685042296
0.05263157894736842,1,6,0.1554767497525876,0.2222222222222222,0.625,0.6428571428571428,0.3333333333333333,0.8333333333333333,1,1,2,0,0,0.10330413085692328,0.17498036751258164
0.45614035087719296,0,3,0.004692192080945401,0.0,0.5,0.6428571428571428,0.2631578947368421,0.0,1,1,2,1,0,0.009387032582675077,0.004455638635218669
0.33333333333333337,1,6,0.05412014532775304,0.2222222222222222,0.625,0.5714285714285714,0.4035087719298245,0.9166666666666667,1,1,4,1,0,0.03571399162193474,0.06319670449089893
0.38596491228070173,0,3,0.008841252407689829,0.0,0.4375,0.7142857142857142,0.47368421052631576,0.75,1,1,3,0,6,0.01768749509630414,0.010195102138697067
0.15789473684210525,1,2,0.06320974863214372,0.2222222222222222,0.5208333333333334,0.5714285714285714,0.17543859649122803,0.8333333333333333,1,0,3,1,5,0.04177543731085567,0.055128545992152694
0.0,1,6,0.03016801521006001,0.0,0.8125,0.42857142857142855,0.3157894736842105,0.5,1,0,3,2,2,0.06035305819671661,0.028125191052419812
0.4035087719298246,1,5,0.01566408575356913,0.1111111111111111,0.34375,0.39285714285714285,0.6052631578947367,0.875,1,0,0,0,1,0.015386290679430405,0.01169494360961942
0.0,1,8,0.11788013838894358,0.4444444444444445,0.6499999999999999,0.45714285714285713,0.29473684210526313,0.75,1,1,2,0,6,0.04671381724634526,0.11362496996478239
0.22807017543859642,0,5,0.04453838443888997,0.1111111111111111,0.53125,0.39285714285714285,0.3684210526315789,1.0,1,0,2,0,1,0.044268738145901966,0.03813498715416846
0.49122807017543857,0,1,0.03078681792164875,0.2222222222222222,0.625,0.5238095238095237,0.22807017543859648,0.9166666666666667,1,0,1,0,1,0.02015404999658429,0.022678141423102975
0.33333333333333337,0,3,0.44900360316253235,0.2222222222222222,0.4375,0.5476190476190474,0.24561403508771928,0.6666666666666666,1,1,0,1,0,0.2990439250594718,0.49485834988528565
0.7017543859649124,1,8,0.008968095109107444,0.1111111111111111,0.75,0.49999999999999994,0.21052631578947367,0.625,1,1,1,1,4,0.008688410321111298,0.009288666521644551
0.5087719298245613,1,1,0.1619192525685153,0.1111111111111111,0.59375,0.49999999999999994,0.4473684210526316,0.375,0,1,3,1,2,0.161682733002382,0.13886943412465172
0.15789473684210525,1,5,0.04716730809163575,0.7777777777777777,0.5625,0.6071428571428572,0.381578947368421,0.75,1,1,2,1,1,0.011301277342365816,0.05019106426801982
0.29824561403508765,0,6,0.04093660492667326,0.2222222222222222,0.7291666666666667,0.42857142857142855,0.24561403508771928,0.6666666666666666,0,1,3,1,3,0.026922484286269244,0.03881550106325855
0.2807017543859649,1,6,0.21736354086340365,0.1111111111111111,0.6875,0.49999999999999994,0.3947368421052631,0.5,1,1,0,1,2,0.2171426685473143,0.24872164900572175
0.0,0,0,0.05429282526706613,0.1111111111111111,0.625,0.75,0.3684210526315789,0.875,1,1,3,0,6,0.054025931830672926,0.05561650275850074
0.08771929824561403,1,0,0.022143930112437562,0.3333333333333333,0.65625,0.5357142857142856,0.40789473684210525,0.875,0,1,2,1,7,0.010651766150674345,0.017150429165938005
0.17543859649122806,1,5,0.030168805507265105,0.2222222222222222,0.6041666666666666,0.42857142857142855,0.2807017543859649,0.5,0,0,1,0,1,0.019741925445113946,0.02497119699643085
0.0,1,8,0.09995224629138218,0.4444444444444445,0.5125,0.5571428571428572,0.3263157894736842,0.55,0,1,2,1,0,0.039540636594090975,0.1005294255086319
0.29824561403508765,1,6,0.01940950178281171,0.2222222222222222,0.33333333333333337,0.5476190476190474,0.42105263157894735,0.8333333333333333,1,1,3,0,3,0.012567031999007633,0.022197151405458613
0.24561403508771928,0,6,0.07325007947426268,0.5555555555555556,0.39583333333333337,0.5952380952380953,0.2807017543859649,0.9166666666666667,1,1,0,1,1,0.023953224390421607,0.06140923582349577
0.0,1,9,0.02765605554366817,0.5555555555555556,0.625,0.6071428571428572,0.34210526315789475,0.6666666666666666,1,1,2,0,1,0.008750927296709978,0.030938951850287888
0.36842105263157887,0,6,0.006348457448521522,0.0,0.6875,0.35714285714285715,0.05263157894736842,0.75,1,0,4,1,7,0.01270049816609186,0.005279942446124995
0.4385964912280701,1,2,0.042183298767709335,0.7777777777777777,0.5078125,0.5625,0.3026315789473684,0.875,1,1,2,1,0,0.010054923369932444,0.03411574186632089
0.33333333333333337,0,3,0.02993053089992921,0.1111111111111111,0.46875,0.35714285714285715,0.10526315789473684,0.625,0,0,3,1,2,0.029656762040957248,0.031038287260375833
0.22807017543859642,1,6,0.0033824720378030767,0.1111111111111111,0.5625,0.5357142857142856,0.2631578947368421,0.375,0,0,2,1,1,0.003101210899139697,0.003649960213703832
0.42105263157894735,0,1,0.0686533157808324,0.0,0.5,0.5714285714285714,0.2631578947368421,0.25,1,0,2,1,2,0.13734538165230192,0.05299079678278388
0.4385964912280701,0,3,0.008599223888629739,0.2222222222222222,0.75,0.5476190476190474,0.7719298245614035,0.6666666666666666,0,1,2,1,1,0.005358146182607408,0.006199885024949966
0.3508771929824561,0,9,0.05460617810888597,0.1111111111111111,0.3125,0.6428571428571428,0.28947368421052627,0.25,0,1,2,1,5,0.05433937310559235,0.04822591981224849
0.12280701754385964,1,0,0.0703732000734186,0.1111111111111111,0.4375,0.42857142857142855,0.13157894736842105,0.875,1,1,2,0,2,0.07011084477166711,0.059503332428129926
0.3508771929824561,0,2,0.0028869556902090276,0.0,0.5,0.2857142857142857,0.5263157894736843,0.75,0,0,2,0,4,0.005775540869007041,0.0030568387169239387
0.543859649122807,1,7,0.02754343819194225,0.2222222222222222,0.5,0.4761904761904761,0.1929824561403509,1.0,1,1,4,1,1,0.01799118662160438,0.027602163578311707
0.15789473684210525,1,1,0.10563863225633607,0.8888888888888888,0.5763888888888888,0.5634920634920635,0.2573099415204678,0.6111111111111112,0,1,2,1,0,0.022980159852415142,0.07904193461398289
0.7368421052631579,1,6,0.011324563800397007,0.2222222222222222,0.47916666666666663,0.4761904761904761,0.4035087719298245,0.8333333333333333,1,1,3,1,1,0.007175552212972476,0.010710309792831642
0.17543859649122806,1,7,0.17018161227347367,0.2222222222222222,0.7083333333333333,0.6904761904761905,0.3508771929824561,1.0,0,1,4,0,0,0.11311013916647676,0.18580678978380805
0.29824561403508765,2,6,0.10831418344418238,0.4444444444444445,0.55,0.5714285714285714,0.45263157894736833,0.8,0,1,0,1,6,0.04288635540327499,0.09681576930678008
0.14035087719298245,1,6,0.13906583314020446,0.6666666666666665,0.4107142857142857,0.38775510204081637,0.37593984962406013,0.8214285714285714,0,1,3,1,6,0.03926051010068884,0.1567514192973252
0.33333333333333337,0,7,0.09082964807867884,0.0,0.3125,0.5714285714285714,0.5789473684210527,1.0,0,0,4,0,2,0.18171056326740986,0.07493809309187625
0.0,0,7,0.05135924204175654,0.1111111111111111,0.71875,0.39285714285714285,0.49999999999999994,0.875,0,1,2,0,3,0.05109152070204521,0.05029736642681146
0.17543859649122806,0,6,0.010128844129089518,0.1111111111111111,0.46875,0.5714285714285714,0.10526315789473684,1.0,1,0,2,0,1,0.009849486922720125,0.010376190212144608
0.05263157894736842,0,3,0.16252758384213659,0.1111111111111111,0.59375,0.46428571428571425,0.3157894736842105,0.625,0,0,0,0,2,0.16229123595665498,0.16820148405965243
0.3157894736842105,1,3,0.19327310873481915,0.2222222222222222,0.4375,0.5952380952380953,0.17543859649122803,0.5833333333333334,0,1,0,0,0,0.128508814662991,0.20301442211767362
0.49122807017543857,0,6,0.058130706069304726,0.2222222222222222,0.5416666666666666,0.4523809523809524,0.21052631578947367,0.9166666666666667,0,1,2,0,2,0.03838845334517532,0.0496388427993439
0.42105263157894735,1,8,0.2391387973296648,0.6666666666666665,0.4642857142857143,0.5510204081632653,0.2857142857142857,0.8214285714285714,1,1,3,0,0,0.0678608547731598,0.205131508045173
0.0,0,6,0.35744806710097454,0.3333333333333333,0.484375,0.48214285714285715,0.2368421052631579,0.875,1,1,4,0,2,0.17835114869507834,0.3476128933191724
0.719298245614035,0,9,0.19065011231111156,1.0,0.58125,0.5142857142857142,0.2684210526315789,0.575,0,1,2,1,4,0.037632795048339315,0.19420650864943179
0.3508771929824561,0,6,0.31472795895670497,0.4444444444444445,0.42500000000000004,0.4428571428571428,0.3157894736842105,0.8999999999999999,0,1,3,0,3,0.12547516689364477,0.3619487560088208
0.12280701754385964,1,9,0.056608000929389515,0.4444444444444445,0.6125,0.5142857142857142,0.29473684210526313,0.75,1,1,2,1,0,0.022198045478234108,0.05335373121525215
0.3157894736842105,1,6,0.005377774906364599,0.1111111111111111,0.65625,0.5357142857142856,0.10526315789473684,0.625,0,0,2,0,1,0.005097076873547789,0.0059150066136719835
0.33333333333333337,1,0,0.0032165096247332996,0.0,0.6875,0.49999999999999994,0.15789473684210525,0.75,1,0,3,1,1,0.006434834748661007,0.002700160140434488
0.14035087719298245,1,1,0.25182306747142635,0.4444444444444445,0.48750000000000004,0.5285714285714285,0.2526315789473684,0.8,0,1,1,1,1,0.10030610919969904,0.2084203821474932
0.33333333333333337,1,0,0.06105144696503152,0.3333333333333333,0.546875,0.49999999999999994,0.28947368421052627,0.6875,0,1,0,1,3,0.030111014733518588,0.07128528930727296
0.15789473684210525,0,7,0.16200124590354384,0.5555555555555556,0.5,0.4404761904761904,0.2631578947368421,0.8333333333333333,1,0,0,0,2,0.053545295525121835,0.19286472232767132
0.21052631578947367,1,6,0.2012373288191557,0.3333333333333333,0.34375,0.49999999999999994,0.3026315789473684,0.8125,0,1,2,1,2,0.10022373699075426,0.1701528845894097
0.14035087719298245,0,0,0.40034520181918515,0.8888888888888888,0.5694444444444444,0.5396825396825395,0.27485380116959063,0.75,1,1,2,1,0,0.08848899105045449,0.433931383686339
0.0,0,6,0.07624866464469127,0.1111111111111111,0.53125,0.42857142857142855,0.21052631578947367,0.5,1,1,3,0,2,0.07598796749143619,0.07620461957049758
0.3157894736842105,0,8,0.07035107175167597,0.7777777777777777,0.5546875,0.49107142857142855,0.24342105263157893,0.6875,0,1,3,1,5,0.017098853963045946,0.07474956434124179
0.42105263157894735,1,6,0.18984756549933846,0.1111111111111111,0.3125,0.42857142857142855,0.21052631578947367,1.0,1,0,2,0,2,0.18961892774229988,0.21554608646446036
0.4035087719298246,1,7,0.06986543411914559,0.6666666666666665,0.4732142857142857,0.49999999999999994,0.22556390977443608,0.8214285714285714,0,1,2,1,4,0.01948338768301143,0.06896204448956245
0.45614035087719296,1,0,0.0062601417358522475,0.0,0.5,0.6428571428571428,0.10526315789473684,1.0,0,1,2,1,4,0.01252381689258747,0.004894780767792579
0.3508771929824561,1,1,0.033967566597851544,0.2222222222222222,0.6041666666666666,0.42857142857142855,0.1929824561403509,0.5,0,0,0,0,1,0.0222751475522496,0.029968441102300784
0.17543859649122806,0,6,0.04642996079928288,0.3333333333333333,0.484375,0.5357142857142856,0.13157894736842105,0.6875,1,1,2,1,7,0.02279820844398146,0.047286925308397114
0.4736842105263158,1,0,0.09290990789678798,0.4444444444444445,0.5,0.5142857142857142,0.21052631578947367,0.75,1,1,3,0,3,0.0367229062527977,0.08031125727065536
0.0,0,5,0.2653492017109145,1.0,0.55625,0.6000000000000001,0.3631578947368421,0.675,1,1,2,1,0,0.05257682917984118,0.24109286960379106
0.10526315789473684,0,8,0.0007958292855298362,0.0,0.6875,0.5714285714285714,0.15789473684210525,1.0,1,0,4,2,1,0.0015921077621379935,0.000928378505826714
0.08771929824561403,0,1,0.07748034283883054,0.2222222222222222,0.5625,0.3809523809523809,0.15789473684210525,0.75,1,1,3,1,2,0.05129185170604477,0.06817096306533153
0.5087719298245613,1,7,0.07150075661078673,0.4444444444444445,0.525,0.6285714285714286,0.17894736842105263,0.7,1,1,3,0,0,0.028156828938732507,0.06512843698860156
0.49122807017543857,1,1,0.1038385327974328,0.4444444444444445,0.4625,0.49999999999999994,0.3789473684210526,0.8,1,1,3,0,0,0.041095589904977484,0.08019050029312477
0.38596491228070173,0,1,0.06521690595878164,0.2222222222222222,0.6875,0.42857142857142855,0.24561403508771928,0.8333333333333333,0,1,3,1,6,0.04311391982952167,0.06796954345995282
0.5087719298245613,0,0,0.004580562600725848,0.0,0.5,0.49999999999999994,0.631578947368421,0.75,1,0,3,2,0,0.009163710615046484,0.005454679877897066
0.10526315789473684,1,1,0.023856109007274095,0.2222222222222222,0.5416666666666666,0.5238095238095237,0.47368421052631576,0.8333333333333333,1,1,2,1,0,0.015532273416971693,0.020752427817137542
0.36842105263157887,1,7,0.10116515492690047,0.3333333333333333,0.515625,0.5714285714285714,0.2631578947368421,0.5,1,0,1,0,0,0.050173529074049796,0.11921969570947805
0.26315789473684215,1,7,0.06311017118430184,0.2222222222222222,0.5,0.5714285714285714,0.42105263157894735,1.0,0,1,0,0,7,0.04170903361074664,0.06530672888399795
0.4736842105263158,0,0,0.08846488126673578,0.2222222222222222,0.45833333333333337,0.3809523809523809,0.2631578947368421,1.0,0,1,2,0,0,0.058616943997635805,0.08102537270920745
0.26315789473684215,1,8,0.3506238507349863,0.4444444444444445,0.575,0.5571428571428572,0.39999999999999997,0.8500000000000001,1,1,2,1,0,0.13983757575901304,0.25333534279010234
0.21052631578947367,0,2,0.004706417430637096,0.1111111111111111,0.625,0.46428571428571425,0.2631578947368421,0.625,1,0,2,1,1,0.004425529930183228,0.005066342878726915
0.4035087719298246,1,7,0.22517009665532395,0.4444444444444445,0.55,0.42857142857142855,0.3052631578947368,0.7,1,1,4,2,3,0.08964191211826025,0.16761457102600302
0.4736842105263158,0,0,0.02026144216990323,0.7777777777777777,0.4609375,0.43749999999999994,0.3355263157894737,0.75,0,1,2,0,1,0.004572912547315107,0.017734546021536263
0.14035087719298245,0,2,0.003794019307355869,0.2222222222222222,0.47916666666666663,0.5238095238095237,0.47368421052631576,0.9166666666666667,1,1,2,1,0,0.0021537723922268933,0.004670612595218157
0.2807017543859649,0,6,0.07337751489858411,0.1111111111111111,0.59375,0.39285714285714285,0.34210526315789475,0.875,1,0,4,0,3,0.07311600746172053,0.05603668775174489
0.07017543859649122,1,6,0.039586382151769864,0.0,0.75,0.6428571428571428,0.15789473684210525,0.75,1,0,2,1,6,0.07919510810265458,0.04674489330211092
0.0,1,6,0.15972400450706498,0.4444444444444445,0.55,0.39999999999999997,0.4105263157894737,0.8500000000000001,0,1,2,0,1,0.06345608729240691,0.16110838602233246
0.33333333333333337,1,7,0.02491629270790793,0.2222222222222222,0.5208333333333334,0.6428571428571428,0.21052631578947367,0.5833333333333334,1,0,2,1,0,0.016239262017735713,0.02122664065747151
0.42105263157894735,0,5,0.012001650930861443,0.0,0.5625,0.2857142857142857,0.3684210526315789,1.0,1,1,3,0,6,0.024010075970971306,0.010675713013554827
0.3508771929824561,0,1,0.0466964885317009,0.3333333333333333,0.625,0.48214285714285715,0.21052631578947367,0.9375,1,1,3,0,0,0.022931509919349148,0.04564585314946804
0.0,0,1,0.029263322484528446,0.1111111111111111,0.4375,0.49999999999999994,0.28947368421052627,0.875,0,1,2,1,0,0.028989365328849496,0.021720853279798374
0.21052631578947367,1,9,0.26844894492359506,0.5555555555555556,0.5729166666666666,0.46428571428571425,0.3508771929824561,0.875,1,1,4,1,6,0.08903787560333987,0.20885085138882375
0.0,0,5,0.0007112674845847593,0.0,0.5,0.2857142857142857,0.3684210526315789,0.75,1,1,4,1,7,0.0014229364309078394,0.0009123123302447415
0.5789473684210525,1,2,0.31027305361158913,0.2222222222222222,0.5625,0.42857142857142855,0.17543859649122803,0.6666666666666666,1,0,2,1,2,0.20653079073038602,0.2906231827804721
0.05263157894736842,0,1,0.04250455458158011,0.1111111111111111,0.625,0.42857142857142855,0.47368421052631576,0.5,0,0,2,1,2,0.04223433430982345,0.04381577831142125
0.5614035087719298,1,6,0.19992484273579555,0.5555555555555556,0.44791666666666663,0.5952380952380953,0.3596491228070175,0.7083333333333334,1,1,2,0,6,0.06619006201433647,0.22388173019914948
0.49122807017543857,0,6,0.15492156596600895,0.2222222222222222,0.375,0.7142857142857142,0.22807017543859648,0.9166666666666667,1,0,0,1,2,0.10293390387814078,0.15332444243498766
0.10526315789473684,1,6,0.16637237974491975,0.4444444444444445,0.4125,0.45714285714285713,0.3263157894736842,0.6,1,1,2,1,2,0.06611618789796518,0.14720787403739202
0.05263157894736842,1,1,0.1140272419398082,0.1111111111111111,0.59375,0.5357142857142856,0.49999999999999994,0.75,1,0,4,1,5,0.11377720649515144,0.12136588084584861
0.36842105263157887,0,3,0.01584466866493315,0.1111111111111111,0.71875,0.6071428571428572,0.21052631578947367,0.625,0,0,2,0,1,0.01556692455413176,0.011449164298209073
0.10526315789473684,1,6,0.10696909760111212,0.4444444444444445,0.48750000000000004,0.47142857142857136,0.3263157894736842,0.8999999999999999,1,1,4,1,4,0.04234816922429608,0.10934217304740282
0.3157894736842105,0,6,0.006791419031976807,0.1111111111111111,0.6875,0.42857142857142855,0.28947368421052627,0.75,1,1,2,0,0,0.0065111199517624545,0.005068759913991459
0.19298245614035092,0,6,0.3812241585162328,0.5555555555555556,0.48958333333333337,0.5952380952380953,0.28947368421052627,0.625,1,1,2,1,2,0.12664022244712522,0.3696972023527706
0.0,0,2,0.016388985864941762,0.1111111111111111,0.5625,0.39285714285714285,0.3947368421052631,0.5,1,1,2,0,0,0.016111395369013858,0.01632095953456432
0.0,1,3,0.31990657896738584,0.6666666666666665,0.5535714285714286,0.42857142857142855,0.4060150375939849,0.75,1,1,4,0,2,0.09094387636624836,0.37671944808184565
0.33333333333333337,0,3,0.08371835625294015,0.2222222222222222,0.6041666666666666,0.6666666666666667,0.3157894736842105,0.41666666666666663,1,1,2,0,6,0.05545170095910526,0.086624316417404
0.17543859649122806,0,1,0.017624417970805238,0.2222222222222222,0.6041666666666666,0.5238095238095237,0.3157894736842105,0.9166666666666667,0,1,0,0,0,0.01137664027185464,0.019045574384734195
0.17543859649122806,1,1,0.05286495579176222,0.5555555555555556,0.48958333333333337,0.42857142857142855,0.3333333333333333,0.75,1,1,3,1,7,0.017156265495431876,0.05547167021402137
0.4385964912280701,0,6,0.07101294566094235,0.3333333333333333,0.453125,0.5892857142857142,0.2763157894736842,0.625,1,0,2,1,2,0.03509316972726458,0.054473813792551076
0.543859649122807,1,6,0.06312380381108973,0.5555555555555556,0.46875,0.5119047619047619,0.3070175438596491,0.875,1,1,2,1,0,0.020576846571286445,0.06873806588838133
0.22807017543859642,1,9,0.14848123646739522,0.7777777777777777,0.59375,0.48214285714285715,0.29605263157894735,0.59375,1,1,2,0,6,0.0366369075322547,0.17810966989459356
0.21052631578947367,1,4,0.054671377628306234,0.2222222222222222,0.5833333333333334,0.5476190476190474,0.21052631578947367,0.75,0,1,0,1,0,0.0360815835332526,0.05209526152084598
0.4035087719298246,1,2,0.21691959140844203,0.8888888888888888,0.47916666666666663,0.5158730158730158,0.30994152046783624,0.7222222222222222,0,1,2,1,3,0.04771624082768698,0.16972791291848477
0.0,1,8,0.0020531921388346713,0.0,0.625,0.42857142857142855,0.15789473684210525,0.5,1,1,2,1,4,0.004107543163887296,0.002031115300638903
0.33333333333333337,0,2,0.001265265825355777,0.0,0.125,0.42857142857142855,0.2631578947368421,0.75,0,1,3,1,4,0.002531245806537167,0.0009250610064440057
0.4035087719298246,0,6,0.16912399703875639,0.3333333333333333,0.6875,0.46428571428571425,0.17105263157894735,0.75,1,1,2,0,4,0.08416253965694187,0.16951943177870574
0.4385964912280701,1,4,0.013019553731022742,0.1111111111111111,0.5,0.5714285714285714,0.4473684210526316,1.0,1,1,3,1,1,0.012741012328360762,0.010397090458255667
0.0,0,6,0.01924729328146613,0.2222222222222222,0.6041666666666666,0.7380952380952381,0.3157894736842105,0.9166666666666667,0,1,2,1,1,0.012458862479583992,0.017854212963555376
0.12280701754385964,0,2,0.004486912381922188,0.0,0.375,0.7857142857142856,0.7894736842105263,0.75,1,0,4,1,1,0.008976357318310287,0.004076353670078478
0.10526315789473684,0,1,0.01840977581836757,0.3333333333333333,0.578125,0.33928571428571425,0.2763157894736842,0.75,1,1,3,2,1,0.008784162085107803,0.015758453817801988
0.3157894736842105,0,1,0.001845343973894903,0.0,0.375,0.49999999999999994,0.2631578947368421,0.25,0,1,0,1,3,0.00369172951796645,0.0021831989509119095
0.38596491228070173,0,2,0.11060327929873769,0.4444444444444445,0.5,0.4428571428571428,0.3263157894736842,0.8500000000000001,0,1,3,1,3,0.043802252152636015,0.13061246251818107
0.5964912280701754,1,7,0.1432941207617596,0.3333333333333333,0.546875,0.625,0.3157894736842105,0.625,0,1,2,0,0,0.0712439567198074,0.11904187774256492
0.19298245614035092,1,1,0.012182233842225462,0.0,0.5,0.35714285714285715,0.21052631578947367,1.0,1,1,0,0,0,0.024371343720374018,0.011788923627846712
0.19298245614035092,1,1,0.11083582425133663,0.4444444444444445,0.5125,0.5285714285714285,0.2736842105263158,0.7,1,0,0,1,3,0.04389529638481259,0.1277251006268652
0.5263157894736842,0,1,0.06468345534534307,0.3333333333333333,0.578125,0.41071428571428564,0.22368421052631576,0.75,0,1,1,1,0,0.031927531428614334,0.05251729483517478
0.3508771929824561,1,8,0.08425694379821184,0.6666666666666665,0.5625,0.5714285714285714,0.2706766917293233,0.75,1,0,2,1,3,0.023596408022843098,0.06958331733824703
0.5614035087719298,0,5,0.15551705491004741,0.2222222222222222,0.6041666666666666,0.49999999999999994,0.2631578947368421,0.75,1,1,2,0,0,0.10333100854506265,0.1838693701443065
0.3508771929824561,1,7,0.04141769835027435,0.5555555555555556,0.6041666666666666,0.42857142857142855,0.3333333333333333,0.6666666666666666,0,1,2,1,4,0.01333943614958145,0.04915154953287239
0.05263157894736842,0,6,0.03262998857822964,0.1111111111111111,0.5,0.49999999999999994,0.34210526315789475,1.0,1,1,2,0,1,0.03235698154866472,0.030515259786267734
0.017543859649122806,1,5,0.004249428071791388,0.0,0.3125,0.2857142857142857,0.0,0.5,1,1,4,1,0,0.008501254654434947,0.003977918724108695
0.0,1,6,0.14113443607453846,0.8888888888888888,0.5138888888888888,0.4126984126984126,0.3216374269005848,0.7222222222222222,1,0,2,1,3,0.030870342361799103,0.154040927515956
0.42105263157894735,1,6,0.035519117585752685,0.3333333333333333,0.4375,0.5535714285714286,0.2368421052631579,0.5625,1,1,1,2,0,0.017341247231449898,0.04262740263968687
0.543859649122807,1,1,0.09411570385746042,0.2222222222222222,0.6666666666666667,0.6428571428571428,0.14035087719298245,0.41666666666666663,0,0,4,0,0,0.06238522222545017,0.09140530695636968
0.6842105263157895,1,9,0.08600152487845722,0.1111111111111111,0.5625,0.5714285714285714,0.42105263157894735,0.75,1,0,1,0,5,0.08574358013572836,0.07701475291975492
0.4736842105263158,0,6,0.018011268452698834,0.1111111111111111,0.53125,0.46428571428571425,0.28947368421052627,0.5,1,0,2,0,1,0.01773413579042834,0.014952538432045527
0.5263157894736842,1,6,0.11147853345337946,0.2222222222222222,0.7916666666666667,0.5476190476190474,0.4035087719298245,0.5,1,1,0,1,2,0.07396370866509655,0.11485808448533501
0.17543859649122806,1,7,0.281134202936863,0.2222222222222222,0.625,0.3095238095238095,0.3333333333333333,0.9166666666666667,1,1,2,1,1,0.18709940798598038,0.3065631038145082
0.05263157894736842,0,1,0.0010625545922491207,0.0,0.8125,0.49999999999999994,0.10526315789473684,0.75,0,0,3,2,3,0.002125708923728433,0.0013835868139825966
0.4736842105263158,1,3,0.34021306807797946,0.5555555555555556,0.71875,0.4880952380952381,0.2982456140350877,0.7916666666666667,0,1,2,1,1,0.11296600097616075,0.33600145590830055
0.38596491228070173,0,7,0.05805207149739785,0.2222222222222222,0.625,0.3809523809523809,0.2631578947368421,0.75,1,1,2,1,6,0.0383360155026289,0.05881651527021269
0.3157894736842105,2,7,0.08954956418072754,0.1111111111111111,0.59375,0.42857142857142855,0.34210526315789475,1.0,1,0,2,0,6,0.08929262075048434,0.09747358204152277
0.36842105263157887,1,6,0.0012808741951563871,0.1111111111111111,0.9375,0.49999999999999994,0.28947368421052627,0.875,0,1,2,1,1,0.000999019952533212,0.0013730656016545792
0.3508771929824561,1,6,0.010238695440597608,0.0,0.5,0.42857142857142855,0.15789473684210525,0.75,1,0,2,0,5,0.020483169922918345,0.007823090080060739
0.5614035087719298,1,5,0.012138965070246555,0.1111111111111111,0.4375,0.42857142857142855,0.15789473684210525,0.75,1,1,2,1,4,0.01186017515161684,0.014120225229772378
0.5614035087719298,0,9,0.08542974485057159,0.1111111111111111,0.53125,0.6428571428571428,0.42105263157894735,0.625,1,0,1,0,2,0.08517163874252735,0.08654910396711316
0.4035087719298246,0,6,0.05656433700880807,0.1111111111111111,0.46875,0.6428571428571428,0.18421052631578946,0.875,0,0,2,0,4,0.05629808462874896,0.040886710713579896
0.4736842105263158,0,6,0.11374885974931377,0.3333333333333333,0.578125,0.49999999999999994,0.25,0.75,1,1,4,0,0,0.05646715714494919,0.11746886171382968
0.4035087719298246,0,6,0.34082357266891466,0.1111111111111111,0.34375,0.49999999999999994,0.10526315789473684,0.875,0,1,3,0,2,0.340637542715267,0.3607600959799965
0.19298245614035092,1,3,0.055801305057289634,0.1111111111111111,0.6875,0.46428571428571425,0.13157894736842105,0.875,1,0,0,0,5,0.05553483733761478,0.054700256821845074
0.45614035087719296,0,0,0.28066595184284465,1.0,0.54375,0.4928571428571428,0.2421052631578947,0.7,1,1,2,1,7,0.05564104373177726,0.21846486981421528
0.0,0,1,0.0865333948974856,0.4444444444444445,0.675,0.5142857142857142,0.2736842105263158,0.7,0,1,3,1,5,0.034171581232179934,0.07469487299427542
0.5087719298245613,0,2,0.004755218283051661,0.1111111111111111,0.5,0.5357142857142856,0.2368421052631579,0.875,1,0,3,1,4,0.004474344554965761,0.005336908649810928
0.03508771929824561,0,0,0.013748207754119572,0.0,0.5,0.49999999999999994,0.3684210526315789,1.0,1,0,2,1,3,0.027504175429089443,0.012645312397068658
0.3508771929824561,0,8,0.024130342137441772,0.1111111111111111,0.4375,0.46428571428571425,0.3684210526315789,1.0,1,1,4,1,4,0.023854936373990377,0.0274046301864956
0.10526315789473684,1,6,0.015216975109787098,0.1111111111111111,0.21875,0.7142857142857142,0.28947368421052627,0.875,1,1,1,1,3,0.014939053853993675,0.011137271963386182
0.4035087719298246,1,6,0.253813430982456,0.2222222222222222,0.47916666666666663,0.5714285714285714,0.21052631578947367,0.8333333333333333,0,1,3,1,5,0.1688804197820575,0.29657752545825333
0.2807017543859649,0,6,0.06327949236049328,0.1111111111111111,0.5,0.5714285714285714,0.28947368421052627,0.625,1,0,3,0,3,0.06301513510287336,0.05086091478623692
0.0,1,9,0.029188441824345775,0.0,0.5625,0.7857142857142856,0.10526315789473684,1.0,1,1,3,1,6,0.05839335852326075,0.03262566332215336
0.38596491228070173,0,5,0.04113753799106846,0.1111111111111111,0.5625,0.5714285714285714,0.28947368421052627,0.75,0,1,2,1,6,0.040866931925732985,0.04336559364518776
0.17543859649122806,1,3,0.4093097405908697,0.8888888888888888,0.48611111111111116,0.48412698412698413,0.25146198830409355,0.8611111111111112,1,1,2,1,3,0.09048167298500948,0.4771178797577088
0.4736842105263158,0,6,0.003058845332317011,0.0,0.3125,0.5714285714285714,0.21052631578947367,1.0,0,1,0,0,0,0.0061194171731431025,0.0034342753609794773
0.29824561403508765,0,1,0.383136875326862,0.7777777777777777,0.46875,0.42857142857142855,0.25,0.78125,1,1,2,1,2,0.0953173731249601,0.2932206426185876
0.36842105263157887,1,1,0.09103789139222115,0.5555555555555556,0.6666666666666667,0.5595238095238095,0.4912280701754386,0.9166666666666667,1,1,2,0,7,0.029884168363156036,0.07460662751069538
0.08771929824561403,0,3,0.03400767418101007,0.3333333333333333,0.515625,0.625,0.2368421052631579,0.75,1,1,2,1,0,0.01658531225253011,0.027912065413504977
0.15789473684210525,0,1,0.01609440258174291,0.0,0.8125,0.42857142857142855,0.2631578947368421,0.75,1,0,2,1,5,0.03219788935048683,0.018910504767009652
0.19298245614035092,0,6,0.02504115966631281,0.2222222222222222,0.39583333333333337,0.49999999999999994,0.3508771929824561,0.5833333333333334,1,1,0,1,0,0.016322530149618472,0.027986140435436017
0.4736842105263158,1,0,0.00435098126264599,0.1111111111111111,0.53125,0.6071428571428572,0.34210526315789475,0.75,1,0,4,0,0,0.0040699934525161175,0.004814734246972664
0.6491228070175438,1,1,0.0892158611858765,0.4444444444444445,0.6375,0.38571428571428573,0.1368421052631579,0.8,1,1,2,0,2,0.035244870561204136,0.08730568339776393
0.12280701754385964,1,7,0.08207829197806846,0.6666666666666665,0.5357142857142857,0.4693877551020407,0.19548872180451127,0.5,0,1,3,0,0,0.02297376040285815,0.06957222741173913
0.5087719298245613,1,6,0.004933035154197851,0.1111111111111111,0.53125,0.49999999999999994,0.3684210526315789,0.875,0,0,1,1,1,0.00465221160882924,0.003553278803122051
0.0,0,5,0.20090125493268943,0.6666666666666665,0.4732142857142857,0.49999999999999994,0.45864661654135336,0.7142857142857143,0,1,2,1,0,0.05693275944951896,0.16120042293377843
0.03508771929824561,0,3,0.11450616204609528,0.4444444444444445,0.525,0.5142857142857142,0.3578947368421052,1.0,1,1,0,0,5,0.04536384583353343,0.08662455338164561
0.08771929824561403,0,9,0.46164954388984675,0.4444444444444445,0.44999999999999996,0.47142857142857136,0.2421052631578947,0.8500000000000001,1,1,3,1,0,0.18426038629957275,0.3359199402091826
0.0,0,7,0.19874927564321798,0.1111111111111111,0.71875,0.5357142857142856,0.2368421052631579,0.625,0,1,2,1,2,0.19852315008876553,0.2130550235708331
0.0,0,8,0.05704187409498622,0.6666666666666665,0.5357142857142857,0.5510204081632653,0.3308270676691729,0.6428571428571429,0,1,2,1,6,0.01581847938745297,0.05584991253649842
0.36842105263157887,1,9,0.25515199687358425,0.2222222222222222,0.6041666666666666,0.42857142857142855,0.4035087719298245,0.6666666666666666,1,0,0,0,2,0.1697730488857057,0.27374166063592675
0.24561403508771928,0,3,0.021102713544725978,0.1111111111111111,0.40625,0.42857142857142855,0.6842105263157894,0.5,0,0,3,1,3,0.02082645333687486,0.0189958592868419
0.36842105263157887,1,8,0.055961340241321204,0.2222222222222222,0.5833333333333334,0.4523809523809524,0.2982456140350877,0.5,1,1,2,0,0,0.03694180130708568,0.06485180493293202
0.4385964912280701,0,1,0.03385494924612562,0.4444444444444445,0.75,0.4428571428571428,0.21052631578947367,0.7,1,1,0,1,1,0.013094256297333634,0.03363645799121621
0.3508771929824561,1,1,0.04134597887891205,0.2222222222222222,0.7291666666666667,0.42857142857142855,0.1929824561403509,0.75,0,1,2,0,4,0.027195477275606384,0.0439207534704598
0.42105263157894735,1,6,0.08911569101513084,0.4444444444444445,0.5125,0.4142857142857142,0.2210526315789474,0.6,1,1,3,0,5,0.03520479118506691,0.07984818174967762
0.2807017543859649,0,3,0.09592291599120951,0.5555555555555556,0.7083333333333333,0.5238095238095237,0.18421052631578946,0.875,1,1,2,0,1,0.03151296943973919,0.10822630843360477
0.03508771929824561,0,0,0.013868135354992615,0.0,0.375,0.7142857142857142,0.5263157894736843,0.5,1,0,3,2,7,0.027744098321745295,0.012097071927651975
0.5087719298245613,0,0,0.02942829702609186,0.2222222222222222,0.5,0.3809523809523809,0.3333333333333333,0.75,1,1,2,0,3,0.019248113802239633,0.03423673580809308
0.15789473684210525,0,6,0.2748888792736062,1.0,0.59375,0.4785714285714285,0.34210526315789475,0.75,1,1,2,1,0,0.05448530314178433,0.27773308632180793
0.08771929824561403,1,7,0.0021583016671121967,0.0,0.625,0.5714285714285714,0.3684210526315789,1.0,0,1,4,1,1,0.004317821547565898,0.0021208773553653207
0.24561403508771928,0,6,0.016271034007081457,0.1111111111111111,0.3125,0.6428571428571428,0.3947368421052631,0.625,1,0,2,0,3,0.015993410223284415,0.01661522172981053
0.10526315789473684,1,2,0.0383703123274312,0.0,0.5,0.5714285714285714,0.10526315789473684,0.25,0,0,1,0,3,0.07676228206592187,0.037525230767626705
0.19298245614035092,0,6,0.12272703114778616,0.2222222222222222,0.45833333333333337,0.6190476190476191,0.12280701754385964,0.9166666666666667,1,1,4,1,5,0.08146482346332581,0.13168083949795809
0.36842105263157887,0,9,0.5232538037498418,0.6666666666666665,0.4375,0.3673469387755102,0.18796992481203006,0.5714285714285714,1,1,4,1,6,0.14905947995682514,0.5523841209313832
0.36842105263157887,1,6,0.16188586251160011,0.2222222222222222,0.6458333333333333,0.4761904761904761,0.22807017543859648,0.75,1,1,2,0,2,0.10757807853120285,0.12370059473285365
0.10526315789473684,0,1,0.03482642208548764,0.1111111111111111,0.53125,0.46428571428571425,0.4473684210526316,0.875,1,1,2,0,1,0.03455403492399839,0.02961550656082896
0.19298245614035092,0,9,0.051507422767711704,0.1111111111111111,0.65625,0.46428571428571425,0.47368421052631576,0.5,1,0,3,0,2,0.05123974324693144,0.047701517945538986
0.5087719298245613,1,7,0.10908353777334158,0.3333333333333333,0.578125,0.48214285714285715,0.2763157894736842,0.6875,1,0,3,0,6,0.05413383784335011,0.10402038271620738
0.38596491228070173,0,6,0.539728339287235,0.4444444444444445,0.4375,0.5857142857142856,0.431578947368421,0.75,0,0,4,1,2,0.2155007184840826,0.536909929417831
0.719298245614035,0,7,0.0537165010302512,0.5555555555555556,0.47916666666666663,0.39285714285714285,0.4298245614035087,0.5833333333333334,1,1,3,1,0,0.017440194014747286,0.055719771774999614
0.543859649122807,0,6,0.16131546550382336,0.2222222222222222,0.625,0.5714285714285714,0.2807017543859649,0.75,1,1,0,0,5,0.10719770654268147,0.17243229102242014
0.5263157894736842,1,4,0.0030288140385234326,0.0,0.75,0.49999999999999994,0.3684210526315789,1.0,1,1,3,2,4,0.006059337634949216,0.0024922003219870112
0.0,1,3,0.005336284303097155,0.0,0.25,0.2857142857142857,0.3684210526315789,1.0,1,0,2,1,7,0.010675580572886064,0.004056211709540607
0.45614035087719296,0,1,0.006556108039160017,0.1111111111111111,0.625,0.6785714285714286,0.2368421052631579,0.625,0,1,2,1,4,0.0062757425504831165,0.004850136704670992
0.2807017543859649,1,3,0.038035028738169996,0.3333333333333333,0.46875,0.3214285714285714,0.3947368421052631,0.875,1,1,2,0,6,0.018599557822504095,0.04343104316872375
0.17543859649122806,0,6,0.0029359541169248667,0.1111111111111111,0.625,0.35714285714285715,0.2631578947368421,0.875,0,0,1,1,1,0.0026545669638825134,0.003557022838139679
0.33333333333333337,1,5,0.018772127086903255,0.2222222222222222,0.6666666666666667,0.42857142857142855,0.2982456140350877,0.6666666666666666,1,0,2,2,0,0.012141995616960532,0.020196035777809058
0.49122807017543857,0,8,0.05611189185889165,0.0,0.8125,0.42857142857142855,0.21052631578947367,0.75,1,0,4,1,5,0.11225545503431944,0.061608664929244855
0.4035087719298246,0,9,0.1627216018059872,0.5555555555555556,0.5729166666666666,0.46428571428571425,0.25438596491228066,0.7916666666666667,1,1,2,0,0,0.053785481924524155,0.12104593172681057
0.10526315789473684,1,1,0.020366551698180753,0.2222222222222222,0.625,0.5714285714285714,0.3684210526315789,0.9166666666666667,0,0,1,0,4,0.013205245338944443,0.023997368749061034
0.4385964912280701,1,1,0.11656113235364139,0.5555555555555556,0.5104166666666666,0.5833333333333333,0.2807017543859649,0.7916666666666667,1,1,2,1,1,0.03839431637028415,0.13224941149930594
0.15789473684210525,0,6,0.12854045738845896,0.4444444444444445,0.5,0.35714285714285715,0.2210526315789474,0.7,1,1,2,0,3,0.050979148250015455,0.11862581592712498
0.33333333333333337,0,2,0.10504966326423962,1.0,0.44999999999999996,0.42857142857142855,0.2631578947368421,0.575,0,1,2,1,0,0.020507873680399386,0.11068234801232026
0.22807017543859642,1,3,0.006185458649970848,0.0,0.3125,0.5714285714285714,1.0,1.0,1,1,2,0,3,0.012374408567342147,0.0054663859114331935
0.24561403508771928,0,7,0.0025386321970637693,0.0,0.4375,0.5714285714285714,0.3157894736842105,0.75,1,0,2,0,1,0.005078697277981896,0.002237700726484972
0.45614035087719296,1,9,0.04941491334292359,0.1111111111111111,0.40625,0.35714285714285715,0.3157894736842105,0.75,0,0,2,0,0,0.04914664328307797,0.05241871771066003
0.07017543859649122,1,6,0.02558014236018704,0.0,0.375,0.2857142857142857,0.2631578947368421,0.25,1,1,4,0,5,0.05117472295724135,0.025153896426721417
0.7017543859649124,0,6,0.1474305363332225,0.1111111111111111,0.5,0.5357142857142856,0.15789473684210525,0.5,1,1,1,0,2,0.14718992782352583,0.14691323269935921
0.0,1,6,0.07577982082776914,0.4444444444444445,0.44999999999999996,0.4428571428571428,0.2736842105263158,0.7,0,1,2,0,0,0.029868937673210392,0.08766951829435035
0.15789473684210525,0,6,0.09429846008613844,0.3333333333333333,0.5,0.46428571428571425,0.17105263157894735,0.625,1,1,3,1,5,0.04673921270903578,0.09159862238468493
0.36842105263157887,1,6,0.29236156018103343,0.6666666666666665,0.6428571428571428,0.5306122448979591,0.2857142857142857,0.7857142857142858,1,1,2,1,6,0.08307164995944491,0.34685512906731353
0.42105263157894735,1,7,0.07491503811109484,0.4444444444444445,0.575,0.3714285714285714,0.3789473684210526,0.65,0,0,2,0,0,0.029522926964427973,0.08679014399369107
0.26315789473684215,1,1,0.01579843627843514,0.1111111111111111,0.40625,0.46428571428571425,0.3157894736842105,0.75,0,1,0,0,0,0.015520679120127258,0.012069726254168795
0.2807017543859649,0,6,0.12182253599655589,0.1111111111111111,0.5625,0.39285714285714285,0.15789473684210525,0.75,0,1,0,0,5,0.12157470050646656,0.08991276398408929
0.36842105263157887,0,0,0.1566161607480321,0.4444444444444445,0.675,0.49999999999999994,0.3263157894736842,0.7,1,1,0,1,0,0.062212598955841324,0.16664164324275138
0.24561403508771928,0,6,0.019563609737805073,0.1111111111111111,0.5,0.35714285714285715,0.13157894736842105,0.875,1,1,2,1,6,0.01928691517065652,0.02065735776339879
0.5789473684210525,1,2,0.0492730549946092,0.2222222222222222,0.47916666666666663,0.6190476190476191,0.3508771929824561,0.75,1,1,2,1,0,0.032481686116429,0.04119334244223878
0.4736842105263158,1,1,0.025223520746388294,0.1111111111111111,0.40625,0.5357142857142856,0.3947368421052631,1.0,1,1,2,1,4,0.024948423495131086,0.01825581996025636
0.4736842105263158,0,7,0.0055800909908687085,0.1111111111111111,0.46875,0.35714285714285715,0.28947368421052627,0.75,0,0,2,0,1,0.005299450054832459,0.004806772248454164
0.08771929824561403,1,8,0.04714932883021986,0.3333333333333333,0.6875,0.49999999999999994,0.3157894736842105,0.5625,0,1,2,1,0,0.023157993967935313,0.04278038675407803
0.2807017543859649,0,6,0.02665949076804441,0.1111111111111111,0.8125,0.5357142857142856,0.10526315789473684,0.625,1,0,0,0,6,0.026384798770108606,0.023807418212976827
0.22807017543859642,1,7,0.012756187187425107,0.1111111111111111,0.59375,0.42857142857142855,0.5789473684210527,0.75,1,0,2,0,0,0.012477571458582963,0.012096455820623757
0.07017543859649122,0,9,0.01930755344335456,0.0,0.4375,0.2857142857142857,0.21052631578947367,0.75,0,1,4,1,6,0.03862600467711299,0.01793715044812308
0.36842105263157887,1,3,0.05740224962050916,0.5555555555555556,0.5208333333333334,0.4523809523809524,0.4385964912280702,0.625,0,1,2,1,4,0.018669123603570696,0.05657492833016512
0.17543859649122806,0,1,0.04283015703007891,0.3333333333333333,0.4375,0.625,0.17105263157894735,0.875,0,1,2,1,0,0.020997798598763346,0.04741474382032802
0.42105263157894735,1,1,0.1376257140582216,0.0,0.625,0.9285714285714286,0.10526315789473684,1.0,1,0,1,0,2,0.27532910839791386,0.14500865630374646
0.07017543859649122,1,2,0.0009827345745346088,0.0,0.6875,0.21428571428571425,0.5789473684210527,1.0,0,0,3,1,4,0.0019660238353709975,0.0008845875139749662
0.6491228070175438,1,9,0.011170060696801093,0.4444444444444445,0.5875,0.5142857142857142,0.29473684210526313,0.7,0,0,4,1,4,0.004017740064692223,0.011240683158430026
0.10526315789473684,1,6,0.30041152751212263,0.3333333333333333,0.5625,0.5535714285714286,0.21052631578947367,0.625,1,1,0,0,0,0.14982483059645343,0.3260979619653436
0.33333333333333337,1,6,0.1637155981156944,0.2222222222222222,0.22916666666666663,0.6190476190476191,0.3859649122807018,0.6666666666666666,0,1,0,0,1,0.10879824652070631,0.16545393107089354
0.45614035087719296,0,1,0.06718573387097251,0.2222222222222222,0.47916666666666663,0.3095238095238095,0.4385964912280702,0.9166666666666667,1,1,2,1,1,0.04442684219378061,0.05237900250376418
0.17543859649122806,0,6,0.008742465257053057,0.0,0.3125,0.6428571428571428,0.21052631578947367,0.75,1,1,2,1,5,0.017489865036455828,0.010501496903114327
0.4736842105263158,0,1,0.12313284876260204,0.4444444444444445,0.5625,0.7,0.3789473684210526,0.8,1,0,3,1,5,0.04881549435479615,0.14766545198796413
0.03508771929824561,0,6,0.054010689164847504,0.2222222222222222,0.75,0.3095238095238095,0.17543859649122803,0.9166666666666667,1,1,4,0,0,0.03564100025316409,0.05476196231036345
0.5964912280701754,0,6,0.25268646716799176,1.0,0.64375,0.42857142857142855,0.2421052631578947,0.8,0,1,3,0,1,0.050043567546693556,0.2871499978910183
0.29824561403508765,1,6,0.1845685777436106,0.1111111111111111,0.5625,0.46428571428571425,0.18421052631578946,0.625,1,0,3,0,2,0.18433845017321285,0.19371926277580861
0.15789473684210525,1,8,0.04759960066282227,0.2222222222222222,0.6875,0.4523809523809524,0.3684210526315789,0.9166666666666667,0,1,2,1,2,0.03136573504515221,0.043022042887684166
0.22807017543859642,1,6,0.0758017515752105,0.2222222222222222,0.5208333333333334,0.5238095238095237,0.4385964912280702,0.75,0,1,2,0,6,0.05017247504706395,0.07121453178472463
0.45614035087719296,0,6,0.002616674046066819,0.0,0.5,0.35714285714285715,0.15789473684210525,0.75,0,0,1,0,3,0.005234825025262062,0.0029295415263245945
0.15789473684210525,1,6,0.13055512253854526,0.1111111111111111,0.75,0.49999999999999994,0.21052631578947367,0.625,1,0,4,1,2,0.13030975152170204,0.15273065743833125
0.14035087719298245,1,8,0.052304832647651726,0.6666666666666665,0.6160714285714286,0.510204081632653,0.2932330827067669,0.6785714285714286,1,1,2,1,1,0.014464657011760654,0.046813849896422934
0.24561403508771928,0,0,0.00590075408183567,0.1111111111111111,0.3125,0.5714285714285714,0.28947368421052627,0.625,1,0,2,1,0,0.005620203641966269,0.006227988984006337
0.03508771929824561,1,5,0.03481061614138575,0.1111111111111111,0.4375,0.6428571428571428,0.6052631578947367,0.375,0,1,2,1,4,0.03453822451921053,0.029291386871138376
0.6666666666666666,0,6,0.007160685401057062,0.0,0.625,0.5714285714285714,0.7894736842105263,0.75,0,0,2,1,7,0.014325412518164672,0.007233902189691772
0.17543859649122806,0,5,0.00681157161070671,0.1111111111111111,0.46875,0.42857142857142855,0.5526315789473684,0.5,0,0,2,0,4,0.006531278217866983,0.007725223848270848
0.45614035087719296,1,7,0.18859296868625144,0.2222222222222222,0.6041666666666666,0.5714285714285714,0.2807017543859649,0.9166666666666667,1,0,2,0,0,0.1253878407578665,0.2125356927388943
0.33333333333333337,1,1,0.022922372859455323,0.1111111111111111,0.53125,0.5714285714285714,0.28947368421052627,1.0,1,1,3,0,0,0.022646626188077806,0.01990092051129301
0.08771929824561403,0,3,0.16877310507969456,0.1111111111111111,0.4375,0.46428571428571425,0.28947368421052627,0.75,0,1,0,0,2,0.1685385197785199,0.1380774048434543
0.2807017543859649,0,5,0.06345157957690253,0.1111111111111111,0.4375,0.6071428571428572,0.21052631578947367,0.75,1,1,0,0,2,0.06318727088500124,0.050397507515320926
0.45614035087719296,1,0,0.0035142540967525305,0.1111111111111111,0.46875,0.42857142857142855,0.28947368421052627,0.125,1,0,2,0,0,0.00323303014905852,0.003282902603431337
0.24561403508771928,0,9,0.04564559082322692,0.1111111111111111,0.59375,0.49999999999999994,0.21052631578947367,0.5,1,0,2,0,1,0.0453762570012919,0.035466295865021376
0.543859649122807,0,8,0.17784808788579098,0.6666666666666665,0.4642857142857143,0.4693877551020407,0.3458646616541353,0.75,0,1,2,0,4,0.05034428144575873,0.1392710411213527
0.5087719298245613,1,6,0.040738240328194626,0.5555555555555556,0.6041666666666666,0.42857142857142855,0.3070175438596491,0.75,0,1,3,1,0,0.013112886224308666,0.04841089409925864
0.49122807017543857,1,7,0.08732784116290652,0.3333333333333333,0.4375,0.5714285714285714,0.28947368421052627,0.6875,1,1,3,0,6,0.043252919638281644,0.06777864506690212
0.19298245614035092,0,6,0.09762165983355946,0.1111111111111111,0.5625,0.5357142857142856,0.2368421052631579,0.75,1,0,2,1,1,0.09736699447564694,0.10159339495351473
0.07017543859649122,1,9,0.02004588860721379,0.1111111111111111,0.46875,0.46428571428571425,0.4473684210526316,1.0,0,0,2,0,6,0.019769330146746245,0.023054535424495377
0.15789473684210525,0,6,0.08859607060278142,0.5555555555555556,0.46875,0.5238095238095237,0.2807017543859649,0.875,1,1,2,1,7,0.029069998393267613,0.08054499879859131
0.33333333333333337,1,9,0.11505047924610388,0.2222222222222222,0.5833333333333334,0.5952380952380953,0.4912280701754386,0.6666666666666666,1,1,2,1,5,0.07634567789976164,0.09029550862715714
0.4035087719298246,0,1,0.02655082490234396,0.1111111111111111,0.625,0.5714285714285714,0.21052631578947367,0.5,0,1,2,0,2,0.026276102237192036,0.02567976747172898
0.0,0,1,0.1717876937685263,0.5555555555555556,0.5,0.49999999999999994,0.2982456140350877,0.75,1,1,2,1,6,0.05680836544327729,0.16155942375983579
0.2807017543859649,0,6,0.07738372900550777,0.2222222222222222,0.5,0.5714285714285714,0.3859649122807018,0.6666666666666666,0,1,2,1,3,0.05122742430653422,0.0625755738207593
0.3157894736842105,1,1,0.034247134234153605,0.1111111111111111,0.78125,0.49999999999999994,0.15789473684210525,0.625,1,1,2,1,1,0.033974583588523136,0.039713642931854296
0.22807017543859642,1,9,0.07639289388462095,0.2222222222222222,0.5625,0.2857142857142857,0.2631578947368421,0.75,0,0,2,1,6,0.0505666811397747,0.07889350021303086
0.5614035087719298,0,6,0.09738970760386433,0.3333333333333333,0.59375,0.5357142857142856,0.2763157894736842,0.75,1,1,3,1,4,0.048285272667229116,0.11647157400653928
0.38596491228070173,1,7,0.0637214660724422,0.4444444444444445,0.44999999999999996,0.4857142857142857,0.21052631578947367,0.75,0,1,2,1,4,0.025044234548145545,0.06624975177995691
0.5614035087719298,1,6,0.0031951716001957565,0.0,0.5,0.49999999999999994,0.42105263157894735,1.0,1,0,3,1,0,0.006392146655733771,0.0025859433759726786
0.24561403508771928,0,1,0.09724626866113972,0.2222222222222222,0.47916666666666663,0.6190476190476191,0.3333333333333333,0.9166666666666667,0,0,2,1,6,0.06447285442431451,0.10049146383712407
0.49122807017543857,1,6,0.02361131444799617,0.1111111111111111,0.53125,0.5714285714285714,0.18421052631578946,1.0,1,1,0,0,6,0.023335762206768865,0.028192109754253868
0.631578947368421,1,1,0.008593691808194078,0.1111111111111111,0.375,0.49999999999999994,0.2368421052631579,0.625,0,0,2,1,0,0.008313901357698748,0.007938539058578982
0.5614035087719298,1,9,0.021170283955761534,0.1111111111111111,0.46875,0.46428571428571425,0.18421052631578946,0.625,1,1,1,0,3,0.020894042817342983,0.019329125796259092
0.05263157894736842,0,7,0.001833884664421037,0.0,0.5625,0.42857142857142855,0.42105263157894735,1.0,1,0,3,0,1,0.0036688044310240454,0.002311823141264337
0.22807017543859642,0,1,0.08567058792382404,0.3333333333333333,0.484375,0.5535714285714286,0.3289473684210526,0.8125,0,1,0,1,0,0.042424059167277824,0.08836344437951625
0.21052631578947367,1,3,0.22801753748527828,0.2222222222222222,0.625,0.5476190476190474,0.3333333333333333,0.8333333333333333,1,0,4,0,2,0.15167830411274083,0.16466408186071907
0.38596491228070173,1,6,0.021417646980956013,0.1111111111111111,0.40625,0.42857142857142855,0.47368421052631576,0.75,0,0,2,1,1,0.021141475652273072,0.02197217755446268
0.4385964912280701,1,1,0.3614937960681529,0.5555555555555556,0.46875,0.4880952380952381,0.3157894736842105,0.875,1,1,4,1,2,0.12006157889158127,0.3457361839183744
0.10526315789473684,0,3,0.08146067471228735,0.1111111111111111,0.75,0.5357142857142856,0.2368421052631579,1.0,1,1,2,0,0,0.08120144847023462,0.07074847051430246
0.29824561403508765,1,6,0.06477315407812127,0.2222222222222222,0.5416666666666666,0.2619047619047619,0.5263157894736843,0.8333333333333333,1,0,3,0,2,0.04281800175324213,0.07334706778077776
0.0,0,2,0.02862002055958179,0.2222222222222222,0.20833333333333337,0.5952380952380953,0.47368421052631576,0.9166666666666667,1,1,3,1,1,0.018709110752346672,0.02343761181750152
0.5964912280701754,1,7,0.1076823408287096,0.3333333333333333,0.578125,0.44642857142857145,0.3026315789473684,0.625,1,1,3,1,3,0.05343304165112799,0.12108872746884751
0.17543859649122806,2,0,0.22465837921502546,0.2222222222222222,0.41666666666666663,0.5238095238095237,0.3684210526315789,0.8333333333333333,1,1,0,1,1,0.14943823326104685,0.25150725845168515
0.29824561403508765,1,8,0.0142296963263232,0.0,0.5625,0.6428571428571428,0.15789473684210525,1.0,1,1,1,1,3,0.02846742434079011,0.01695782463034763
0.22807017543859642,0,6,0.08506284937310662,0.6666666666666665,0.5357142857142857,0.489795918367347,0.3157894736842105,0.6785714285714286,1,1,0,0,3,0.02382673174116346,0.0847922984725759
0.5263157894736842,1,1,0.1997245023943042,0.3333333333333333,0.59375,0.26785714285714285,0.2368421052631579,0.875,1,1,2,1,1,0.09946711030662501,0.22727520031772164
0.0,1,1,0.06368076576637985,0.3333333333333333,0.46875,0.49999999999999994,0.17105263157894735,0.8125,0,1,4,0,6,0.03142604515174925,0.04581969011712195
0.2807017543859649,0,6,0.10209414929148868,0.2222222222222222,0.5833333333333334,0.5476190476190474,0.1929824561403509,0.5833333333333334,0,1,2,1,1,0.06770568694331318,0.10497534860994408
0.26315789473684215,0,5,0.008411330728118597,0.2222222222222222,0.6458333333333333,0.5714285714285714,0.10526315789473684,0.75,0,1,4,0,1,0.005232848724663579,0.00902393007090444
0.19298245614035092,1,0,0.06283060354799978,0.2222222222222222,0.39583333333333337,0.4761904761904761,0.4561403508771929,0.9166666666666667,0,1,4,1,0,0.04152260258762307,0.05631232455759961
0.6491228070175438,0,7,0.017603079946267693,0.1111111111111111,0.4375,0.6428571428571428,0.13157894736842105,0.875,0,1,2,0,5,0.01732583208678173,0.019167184433534615
0.10526315789473684,0,3,0.36275333223877176,0.3333333333333333,0.546875,0.5714285714285714,0.35526315789473684,0.8125,0,1,2,1,2,0.18100452987860177,0.271653294774512
0.45614035087719296,0,6,0.06887578444406642,0.2222222222222222,0.6458333333333333,0.49999999999999994,0.1929824561403509,0.75,0,1,0,1,4,0.04555386054840892,0.0605145536328277
0.36842105263157887,1,3,0.023585629788830612,0.2222222222222222,0.39583333333333337,0.5238095238095237,0.3157894736842105,0.5833333333333334,1,1,0,1,0,0.015351903049016801,0.02160995401471927
0.5614035087719298,0,5,0.09651267528051105,0.2222222222222222,0.6041666666666666,0.5238095238095237,0.10526315789473684,0.75,1,1,2,0,0,0.06398365414950331,0.0938491665730658
0.14035087719298245,0,3,0.07516872351393007,0.4444444444444445,0.4625,0.5571428571428572,0.2736842105263158,0.55,1,1,3,0,0,0.029624429763166066,0.08212389154051876
0.14035087719298245,1,1,0.03533655893137593,0.0,0.625,0.42857142857142855,0.05263157894736842,0.75,0,0,2,1,6,0.07069306292798024,0.03508848007817924
0.5263157894736842,0,2,0.04348531341310198,0.2222222222222222,0.6875,0.49999999999999994,0.3508771929824561,0.5,1,0,2,1,1,0.02862210280096472,0.03611083860223325
0.38596491228070173,1,1,0.019341141074571064,0.0,0.625,0.5714285714285714,0.15789473684210525,1.0,0,0,2,1,7,0.038693198897461416,0.021658105148616866
0.0,1,3,0.02259933887687308,0.2222222222222222,0.6458333333333333,0.4047619047619047,0.3333333333333333,0.41666666666666663,1,0,2,1,0,0.01469419020984162,0.024179783822261654
0.17543859649122806,0,7,0.05726612092693169,0.3333333333333333,0.546875,0.5535714285714286,0.2368421052631579,0.75,1,1,2,0,0,0.02821781757520169,0.04527419843290808
0.36842105263157887,0,1,0.00339827798190496,0.1111111111111111,0.5625,0.49999999999999994,0.5789473684210527,0.75,0,1,1,0,1,0.0031170213039275613,0.0029702045901869316
0.4736842105263158,1,0,0.02767008331905859,0.3333333333333333,0.703125,0.5357142857142856,0.2631578947368421,0.8125,0,1,3,0,4,0.013415622537652973,0.03008317918809416
0.14035087719298245,1,9,0.0344555751219972,0.2222222222222222,0.3125,0.3333333333333333,0.5438596491228069,0.8333333333333333,0,1,0,1,2,0.022600578384133152,0.03883649609506626
0.0,0,6,0.007298197114743449,0.0,0.25,0.35714285714285715,0.3157894736842105,0.75,0,0,2,1,0,0.014600513561473521,0.008827865857386388
0.4035087719298246,1,8,0.01016124631449838,0.0,0.625,0.42857142857142855,0.21052631578947367,0.75,1,0,3,0,3,0.02032822795599727,0.008844311175754956
0.03508771929824561,0,7,0.016338406843815736,0.2222222222222222,0.75,0.2857142857142857,0.3157894736842105,0.6666666666666666,0,1,2,0,0,0.010519057565486201,0.015478077727114821
0.0,0,0,0.09537879636550219,0.6666666666666665,0.5357142857142857,0.38775510204081637,0.37593984962406013,0.6785714285714286,0,1,2,1,1,0.026774976973980565,0.09937882193701207
0.0,1,9,0.0330269153494882,0.3333333333333333,0.5625,0.44642857142857145,0.21052631578947367,0.8125,0,0,1,1,4,0.0160947944439866,0.03586027261314213
0.45614035087719296,0,7,0.032149685451833665,0.3333333333333333,0.4375,0.49999999999999994,0.28947368421052627,0.875,0,1,4,1,0,0.01565605571112335,0.03447663840631121
0.3157894736842105,0,5,0.0944802284433101,0.2222222222222222,0.39583333333333337,0.4523809523809524,0.12280701754385964,0.75,0,0,0,0,3,0.0626283071990636,0.07364606926085641
0.24561403508771928,1,6,0.6032506504639935,0.5555555555555556,0.5104166666666666,0.5833333333333333,0.49999999999999994,0.9166666666666667,1,0,0,1,7,0.20066993955221116,0.5510954145997461
0.5789473684210525,0,6,0.011431056348783447,0.0,0.375,0.42857142857142855,0.631578947368421,1.0,1,0,0,1,0,0.02286856474528746,0.013813119572630251
0.42105263157894735,0,2,0.027797518743380028,0.1111111111111111,0.75,0.49999999999999994,0.34210526315789475,0.375,1,1,0,0,4,0.027523147914834883,0.03165477343137966
0.631578947368421,0,9,0.01057121298964098,0.1111111111111111,0.34375,0.5357142857142856,0.42105263157894735,1.0,1,1,2,1,0,0.01029198062672049,0.012205317193224907
0.0,0,9,0.06918301248254678,0.6666666666666665,0.5,0.510204081632653,0.3533834586466165,0.8571428571428572,0,1,2,0,0,0.019288355046806843,0.0505718658043064
0.2807017543859649,1,2,0.1283968208714331,0.4444444444444445,0.5875,0.39999999999999997,0.23157894736842105,0.55,0,1,0,0,6,0.05092167742861157,0.1061269000385304
0.0,1,3,0.04181245180421889,0.0,0.5625,0.42857142857142855,0.15789473684210525,0.75,0,1,2,2,6,0.08364850387127643,0.045681492571407994
0.24561403508771928,1,1,0.04560864442888877,0.0,0.5,0.5714285714285714,0.3684210526315789,1.0,0,1,2,1,2,0.09124303181112732,0.04293085904750801
0.24561403508771928,1,4,0.06243762826276671,0.2222222222222222,0.5625,0.7142857142857142,0.3157894736842105,0.5,1,1,2,1,0,0.0412605451282642,0.061145921158205385
0.42105263157894735,1,1,0.17656978215655117,0.3333333333333333,0.5625,0.5178571428571428,0.3026315789473684,0.9375,0,1,1,0,2,0.08788648287466361,0.18685502480304716
0.29824561403508765,0,0,0.2679893870988328,0.3333333333333333,0.359375,0.42857142857142855,0.28947368421052627,0.9375,1,1,2,1,0,0.13360918537086958,0.3112378869803789
0.42105263157894735,0,3,0.006760795015279408,0.2222222222222222,0.7708333333333333,0.6190476190476191,0.3684210526315789,0.75,1,0,1,1,4,0.004132181044681719,0.007665935395017022
0.4385964912280701,0,3,0.1869404572303995,0.4444444444444445,0.44999999999999996,0.5142857142857142,0.2736842105263158,0.8500000000000001,1,1,3,0,5,0.07434574074612067,0.1744697569647345
0.7368421052631579,0,1,0.032455728044506374,0.2222222222222222,0.4375,0.5714285714285714,0.2807017543859649,0.75,0,1,3,1,1,0.021266970740276746,0.028465661274782315
0.22807017543859642,0,4,0.10205423928263142,0.6666666666666665,0.6339285714285714,0.39795918367346933,0.18045112781954886,0.5714285714285714,0,1,4,0,6,0.028682784640293384,0.0789842575175721
0.08771929824561403,0,3,0.13354165567659618,0.5555555555555556,0.5520833333333334,0.5714285714285714,0.2631578947368421,0.875,0,1,2,1,2,0.04405608820150519,0.14324848591697814
0.33333333333333337,0,8,0.010362574527496119,0.1111111111111111,0.53125,0.42857142857142855,0.4473684210526316,0.5,0,1,3,0,1,0.010083283283520676,0.00827483871028894
0.12280701754385964,1,6,0.0408399910933505,0.1111111111111111,0.34375,0.6071428571428572,0.2631578947368421,0.875,0,1,2,0,1,0.04056930105560143,0.03386820901952254
0.5964912280701754,0,3,0.12451211495979264,0.2222222222222222,0.5416666666666666,0.4761904761904761,0.2982456140350877,0.41666666666666663,0,1,2,1,2,0.08265521519047882,0.13455815410542918
0.22807017543859642,0,0,0.1222666830258188,0.2222222222222222,0.41666666666666663,0.5476190476190474,0.2807017543859649,0.75,1,0,4,0,3,0.08115783810369478,0.14378606299552185
0.17543859649122806,1,0,0.014604297201537837,0.1111111111111111,0.6875,0.6428571428571428,0.21052631578947367,0.375,0,1,2,0,1,0.014326203038404064,0.012357353450649589
0.19298245614035092,0,9,0.010526561197553162,0.0,0.5625,0.5714285714285714,0.3684210526315789,0.75,1,0,3,1,2,0.021059063917316326,0.011824183907000066
0.4385964912280701,0,6,0.07390227224276665,0.3333333333333333,0.515625,0.5892857142857142,0.3026315789473684,0.8125,1,1,4,1,5,0.03653824072487543,0.07581528732151262
0.26315789473684215,1,6,0.1334914718040727,0.4444444444444445,0.6125,0.5714285714285714,0.2210526315789474,0.75,1,1,2,0,5,0.05296011291791099,0.15329685979726287
0.15789473684210525,0,7,0.10801248748613769,0.7777777777777777,0.6171875,0.5625,0.3157894736842105,0.75,1,1,0,1,3,0.026516865057602243,0.07911771577845361
0.631578947368421,1,6,0.0163498661532896,0.1111111111111111,0.59375,0.49999999999999994,0.3157894736842105,1.0,1,0,1,1,1,0.016072264617163892,0.01493737272058172
0.10526315789473684,1,4,0.12252728352919862,0.4444444444444445,0.44999999999999996,0.47142857142857136,0.4105263157894737,0.8500000000000001,1,1,3,1,1,0.04857319990142212,0.12353604676347131
0.29824561403508765,0,6,0.035704639854648536,0.1111111111111111,0.78125,0.5714285714285714,0.3684210526315789,0.625,0,1,3,0,6,0.03543250054002413,0.03313162937086468
0.42105263157894735,0,7,0.07595072259837077,0.4444444444444445,0.4625,0.5285714285714285,0.34736842105263155,0.55,1,1,2,0,7,0.02993731767391791,0.07070297337991104
0.0,0,6,0.4474376292506382,0.4444444444444445,0.6499999999999999,0.5142857142857142,0.23157894736842105,0.7,0,0,2,0,1,0.17857401611356927,0.4571777179680032
0.38596491228070173,0,3,0.08514128637071221,0.2222222222222222,0.6458333333333333,0.42857142857142855,0.14035087719298245,0.5833333333333334,0,0,2,0,1,0.05640058875312361,0.08681772663141588
0.07017543859649122,1,1,0.09123783658510996,0.1111111111111111,0.40625,0.49999999999999994,0.34210526315789475,0.875,0,1,0,1,0,0.09098136961188814,0.06740988131408995
0.45614035087719296,0,6,0.02449466914899019,0.4444444444444445,0.525,0.5142857142857142,0.2210526315789474,0.75,0,1,2,1,0,0.009349087611184201,0.02583227765763691
0.08771929824561403,0,1,0.006669910836693578,0.1111111111111111,0.53125,0.7142857142857142,0.18421052631578946,1.0,1,0,1,1,0,0.006389577464955743,0.0070126249808651385
0.4385964912280701,0,1,0.04101721524159287,0.3333333333333333,0.46875,0.41071428571428564,0.3157894736842105,0.625,0,1,4,1,1,0.020091071884179298,0.03267845895518675
0.5263157894736842,1,4,0.10681182845729835,0.4444444444444445,0.48750000000000004,0.7,0.3263157894736842,0.35,1,1,2,1,2,0.04228524381324038,0.08029760813033793
0.4736842105263158,0,6,0.002093497296294474,0.0,0.6875,0.35714285714285715,0.42105263157894735,1.0,1,0,0,0,1,0.004188176228305406,0.0016741523670595062
0.3508771929824561,0,3,0.03786491726477347,0.3333333333333333,0.578125,0.41071428571428564,0.3157894736842105,0.875,1,1,4,1,3,0.018514478081739397,0.027457520605225636
0.24561403508771928,0,4,0.009438717094741027,0.3333333333333333,0.5625,0.46428571428571425,0.3289473684210526,0.6875,0,1,4,0,1,0.004297366836371599,0.007460961326013983
0.17543859649122806,0,5,0.07906152997192271,0.6666666666666665,0.5089285714285714,0.38775510204081637,0.3684210526315789,0.6071428571428571,1,1,2,1,6,0.022111585150337044,0.08954618030230004
0.5964912280701754,1,4,0.03746700262200856,0.1111111111111111,0.65625,0.42857142857142855,0.21052631578947367,0.625,1,1,0,1,1,0.03719536067387107,0.03430052658193773
0.14035087719298245,0,4,0.006137448094761377,0.0,0.5625,0.49999999999999994,0.15789473684210525,1.0,1,1,3,1,5,0.012278360358255866,0.005664061481794275
0.07017543859649122,0,7,0.14307876477337142,0.4444444444444445,0.5125,0.5285714285714285,0.1894736842105263,0.8500000000000001,1,1,0,0,1,0.05679611237956671,0.11116286410148137
0.42105263157894735,1,2,0.0012917407817264318,0.0,0.6875,0.21428571428571425,0.42105263157894735,0.5,0,1,3,2,1,0.0025842106625765145,0.00159021963267699
0.12280701754385964,0,6,0.037749336298528446,0.2222222222222222,0.5,0.3809523809523809,0.3859649122807018,0.8333333333333333,1,1,2,0,3,0.024797038869287278,0.03471398179071982
0.08771929824561403,0,7,0.10229389691007623,0.7777777777777777,0.53125,0.49999999999999994,0.3223684210526316,0.71875,1,1,2,0,6,0.025086813944539866,0.1030790659627881
0.0,1,5,0.023153732366246644,0.1111111111111111,0.53125,0.5357142857142856,0.34210526315789475,0.75,1,1,2,1,1,0.02287805098816018,0.01868202384523771
0.19298245614035092,0,7,0.2888652853456968,0.7777777777777777,0.453125,0.5714285714285714,0.23026315789473684,0.65625,1,1,2,0,2,0.0717428243983795,0.2667470923302732
0.2807017543859649,1,0,0.0805299021789877,0.2222222222222222,0.5625,0.35714285714285715,0.21052631578947367,0.75,1,0,2,1,2,0.0533254650218839,0.06288211076372154
0.33333333333333337,1,0,0.049515281087970556,0.3333333333333333,0.71875,0.5714285714285714,0.3026315789473684,0.875,1,1,3,1,0,0.024341303951277073,0.052054456278438674
0.49122807017543857,0,1,0.036048221564563235,0.0,0.5,0.35714285714285715,0.2631578947368421,0.25,1,0,2,0,6,0.07211678987912748,0.03164373089772007
0.4035087719298246,1,9,0.009653677934526643,0.0,0.3125,0.42857142857142855,0.21052631578947367,0.5,0,0,3,0,3,0.019312804708496646,0.011474187722124355
0.24561403508771928,1,7,0.06631522149956129,0.6666666666666665,0.5357142857142857,0.5918367346938775,0.3082706766917293,0.6071428571428571,1,0,2,1,4,0.018468754955750205,0.07617248721933365
0.24561403508771928,1,6,0.13084654463292375,0.3333333333333333,0.578125,0.6428571428571428,0.35526315789473684,0.875,1,1,2,2,6,0.06501841220452577,0.1190624462387377
0.4035087719298246,1,9,0.1541863919909701,0.3333333333333333,0.515625,0.35714285714285715,0.19736842105263158,0.4375,1,1,3,1,2,0.0766916293195261,0.1339669757154306
0.5614035087719298,0,7,0.006243743068846543,0.0,0.625,0.5714285714285714,0.631578947368421,0.75,0,0,2,0,1,0.01249101030265265,0.0068977447165267875
0.3157894736842105,0,0,0.22235229197056067,0.5555555555555556,0.5625,0.4523809523809524,0.3596491228070175,0.625,1,1,2,1,1,0.07366798821887688,0.1825837443478104
0.19298245614035092,0,3,0.006111565861294543,0.1111111111111111,0.65625,0.46428571428571425,0.3157894736842105,1.0,1,1,3,1,1,0.005831074915824417,0.006147421141854853
0.08771929824561403,0,1,0.6383900302426982,0.6666666666666665,0.4910714285714286,0.6326530612244898,0.2781954887218045,0.6785714285714286,1,1,2,1,2,0.18196482845583756,0.7636787845440547
0.0,1,5,0.005496121912827452,0.1111111111111111,0.59375,0.35714285714285715,0.21052631578947367,0.5,1,1,0,0,0,0.005215457279396927,0.0050452056683742315
0.42105263157894735,0,3,0.47815509859254,0.1111111111111111,0.65625,0.6071428571428572,0.28947368421052627,0.375,0,1,2,0,2,0.47800782575510986,0.5039632743339765
0.4035087719298246,0,1,0.24249973376862904,0.6666666666666665,0.5714285714285714,0.5204081632653061,0.2781954887218045,0.6428571428571429,1,1,0,0,0,0.06882139332975397,0.2258569219387656
0.4035087719298246,0,6,0.07233491531076364,0.1111111111111111,0.53125,0.5714285714285714,0.2368421052631579,0.875,0,1,2,0,5,0.072073113635901,0.05246525748771459
0.26315789473684215,0,9,0.20673918038672012,0.4444444444444445,0.5625,0.4857142857142857,0.39999999999999997,0.8999999999999999,1,1,3,1,5,0.08226746501305643,0.2109244306815613
0.5789473684210525,0,6,0.023094460075864576,0.2222222222222222,0.35416666666666663,0.5476190476190474,0.1929824561403509,1.0,1,1,1,0,3,0.01502436416316153,0.021623840119278325
0.19298245614035092,0,9,0.02651269306219817,0.2222222222222222,0.5208333333333334,0.5714285714285714,0.21052631578947367,0.9166666666666667,1,1,0,1,0,0.017303829273451952,0.02742799486071953
0.49122807017543857,1,1,0.043685258605990804,0.3333333333333333,0.703125,0.5178571428571428,0.40789473684210525,0.3125,0,1,1,1,5,0.02142547004827509,0.03600989183530227
0.2807017543859649,0,2,0.24391910754897822,0.6666666666666665,0.5535714285714286,0.42857142857142855,0.21804511278195488,0.75,0,1,2,1,3,0.06922704314402549,0.2799243894497833
0.15789473684210525,1,8,0.015706761802644215,0.1111111111111111,0.59375,0.49999999999999994,0.3947368421052631,0.75,0,1,2,1,1,0.015428978772357639,0.013254737033672146
0.42105263157894735,1,6,0.2682626323574941,0.6666666666666665,0.5446428571428571,0.4693877551020407,0.3082706766917293,0.75,0,1,2,1,2,0.07618429883946264,0.24619982815353197
0.36842105263157887,1,3,0.03071134453856226,0.1111111111111111,0.53125,0.42857142857142855,0.4473684210526316,0.625,1,1,4,1,2,0.03043779603747777,0.02354258697654007
0.36842105263157887,1,0,0.02838964892429684,0.1111111111111111,0.71875,0.5357142857142856,0.47368421052631576,0.875,0,1,0,1,3,0.02811544520420027,0.026205117195404984
0.29824561403508765,1,0,0.08853442742078406,0.4444444444444445,0.4375,0.38571428571428573,0.29473684210526313,0.95,1,1,2,1,3,0.034972220130637416,0.10426388717089814
0.2807017543859649,1,3,0.025865637225527312,0.4444444444444445,0.55,0.6285714285714286,0.3789473684210526,0.75,1,1,3,1,0,0.009897629605299172,0.023551212474935107
0.7894736842105262,0,2,0.19880933823080515,1.0,0.525,0.5499999999999998,0.29473684210526313,0.725,1,1,2,1,4,0.03926510076465046,0.17416615837836838
0.543859649122807,0,0,0.02450988237018825,0.2222222222222222,0.5,0.6666666666666667,0.21052631578947367,0.8333333333333333,1,1,2,0,1,0.015968245328997065,0.023199083611884802
0.4385964912280701,2,5,0.1485701449029683,0.2222222222222222,0.41666666666666663,0.5476190476190474,0.2982456140350877,0.5833333333333334,0,1,4,0,2,0.098698428188845,0.1202675515859306
0.3157894736842105,1,0,0.016843999480774734,0.1111111111111111,0.5625,0.6071428571428572,0.18421052631578946,0.5,0,0,2,0,0,0.01656653739684452,0.013882265738335554
0.5087719298245613,0,1,0.09261255857337129,0.7777777777777777,0.5234375,0.5982142857142856,0.28289473684210525,0.78125,1,1,2,1,3,0.022665796303883094,0.09557947946538972
0.4035087719298246,0,4,0.07317085217945199,0.3333333333333333,0.515625,0.49999999999999994,0.15789473684210525,0.5,0,1,3,0,1,0.03617242748409621,0.06115118176436939
0.29824561403508765,1,7,0.11566552804596844,0.2222222222222222,0.5208333333333334,0.3809523809523809,0.24561403508771928,0.6666666666666666,0,1,2,1,1,0.07675582615063349,0.12417409668046274
0.22807017543859642,0,6,0.1623630044491757,0.7777777777777777,0.5078125,0.3214285714285714,0.256578947368421,0.625,1,1,0,1,0,0.040108328941005245,0.19447361474258812
0.2807017543859649,0,1,0.16638107301417576,0.6666666666666665,0.5357142857142857,0.4387755102040816,0.2706766917293233,0.4285714285714286,1,1,1,1,4,0.04706706686189127,0.13092250653191934
0.0,1,6,0.20170320902155872,0.1111111111111111,0.75,0.6785714285714286,0.3947368421052631,0.75,1,0,2,1,2,0.20147791711355761,0.15138071954665897
0.33333333333333337,0,6,0.0527254683350631,0.1111111111111111,0.40625,0.5357142857142856,0.2631578947368421,1.0,1,1,2,0,3,0.05245813256589628,0.05279326339096778
0.19298245614035092,0,1,0.20642246878177858,0.2222222222222222,0.6458333333333333,0.42857142857142855,0.10526315789473684,0.8333333333333333,0,0,3,0,2,0.13727752866508733,0.18316416456123938
0.631578947368421,1,6,0.03907130594834973,0.0,0.375,0.42857142857142855,0.5789473684210527,0.75,0,1,3,1,5,0.07816466497060548,0.04450060496970886
0.29824561403508765,1,2,0.03531304758952438,0.2222222222222222,0.47916666666666663,0.4761904761904761,0.22807017543859648,0.5833333333333334,1,1,4,0,5,0.023172388023960933,0.035603166410982254
0.03508771929824561,1,6,0.06603031935712485,0.1111111111111111,0.4375,0.46428571428571425,0.15789473684210525,0.875,1,1,2,1,2,0.0657667384261414,0.056260334602987745
0.2807017543859649,1,6,0.18420760949518383,0.8888888888888888,0.4930555555555556,0.5238095238095237,0.28654970760233917,0.7777777777777777,1,1,3,1,2,0.04044485999458361,0.21141295616208924
0.07017543859649122,0,6,0.037289580899464915,0.0,0.625,0.49999999999999994,0.7894736842105263,0.75,1,0,2,1,6,0.07460020921118135,0.04277038686308159
0.38596491228070173,0,6,0.07516457445360332,0.3333333333333333,0.65625,0.42857142857142855,0.15789473684210525,0.5,1,1,0,1,3,0.037169569951060855,0.06926758618270987
0.3508771929824561,1,1,0.016096575899056918,0.0,0.375,0.6428571428571428,0.21052631578947367,1.0,0,1,4,0,5,0.032202237211803486,0.015572531673825359
0.49122807017543857,0,3,0.04185532542759524,0.3333333333333333,0.484375,0.46428571428571425,0.25,0.6875,0,0,3,1,3,0.020510245241117563,0.03837735418049945
0.12280701754385964,1,4,0.15602956264755097,0.4444444444444445,0.375,0.47142857142857136,0.2421052631578947,0.8500000000000001,1,1,0,1,6,0.061977893496765475,0.15139588525812278
0.29824561403508765,1,9,0.04547864053865078,0.1111111111111111,0.625,0.42857142857142855,0.28947368421052627,0.375,0,1,0,0,5,0.04520925960072008,0.04103632993574004
0.0,1,9,0.01472738599123126,0.2222222222222222,0.6666666666666667,0.6666666666666667,0.3157894736842105,0.5833333333333334,1,1,1,0,1,0.009444740560150783,0.016376266988558895
0.4385964912280701,0,6,0.022959319253793478,0.2222222222222222,0.5416666666666666,0.7142857142857142,0.1929824561403509,0.6666666666666666,1,1,2,1,1,0.014934244855870705,0.02126972075659839
0.4035087719298246,1,1,0.029793611909146644,0.4444444444444445,0.4375,0.5142857142857142,0.23157894736842105,0.7,1,1,2,0,4,0.011469262893236881,0.02428480637414853
0.38596491228070173,1,6,0.008601397205943747,0.1111111111111111,0.375,0.6785714285714286,0.2368421052631579,1.0,1,1,3,0,1,0.008321608930032831,0.007362810737134145
0.29824561403508765,1,0,0.06002228242969764,0.3333333333333333,0.578125,0.5178571428571428,0.25,0.6875,0,1,2,1,0,0.029596287242643664,0.05776496275159086
0.36842105263157887,0,6,0.00036096824842676525,0.0,0.75,0.7857142857142856,0.15789473684210525,0.75,1,1,2,1,1,0.0007221402386857283,0.0003034090149728226
0.631578947368421,2,3,0.0020620829823919805,0.0,0.6875,0.42857142857142855,0.05263157894736842,1.0,1,0,3,2,1,0.004125329869273645,0.0022038148399330243
0.22807017543859642,1,6,0.09917854532759499,0.5555555555555556,0.47916666666666663,0.4404761904761904,0.22807017543859648,0.8333333333333333,0,1,4,1,1,0.032598485481799354,0.10334133798541534
0.3157894736842105,1,6,0.057194994178473214,0.1111111111111111,0.75,0.35714285714285715,0.3947368421052631,0.5,0,1,1,1,6,0.056928919779784766,0.06455801666616905
0.05263157894736842,0,4,0.10125603910548629,0.3333333333333333,0.515625,0.5357142857142856,0.22368421052631576,0.75,0,1,4,0,1,0.05021898398781491,0.07862137047795216
0.10526315789473684,0,0,0.05397571851352209,0.4444444444444445,0.5625,0.5142857142857142,0.3789473684210526,0.6,1,1,3,1,3,0.021144835363290492,0.04920951098637314
0.3157894736842105,1,5,0.12115572272975768,0.2222222222222222,0.6041666666666666,0.6428571428571428,0.24561403508771928,0.8333333333333333,0,0,2,1,0,0.08041698888601008,0.13058999830807533
0.5263157894736842,0,3,0.055206211261853724,0.2222222222222222,0.4375,0.6666666666666667,0.4385964912280702,0.5,0,1,2,0,0,0.036438239914592184,0.043838432092920314
0.22807017543859642,0,9,0.0318790086590889,0.6666666666666665,0.6071428571428571,0.5204081632653061,0.2706766917293233,0.6785714285714286,0,1,3,1,4,0.008627060303961242,0.024884705048238816
0.24561403508771928,1,2,0.09491765794632974,0.3333333333333333,0.515625,0.5357142857142856,0.381578947368421,0.5,1,1,3,1,2,0.047048899012818085,0.10119956038393896
0.21052631578947367,0,8,0.04587457943840296,0.3333333333333333,0.484375,0.6428571428571428,0.2631578947368421,0.75,1,1,3,2,4,0.02252043939486466,0.04995220431246484
0.17543859649122806,0,1,0.3578959680419616,0.5555555555555556,0.40625,0.5595238095238095,0.3070175438596491,0.7083333333333334,1,1,3,0,0,0.118861964428302,0.41423704860089205
0.3508771929824561,0,3,0.24226837426183773,0.1111111111111111,0.375,0.46428571428571425,0.28947368421052627,0.75,0,1,0,0,2,0.24205453048137346,0.23001649745050173
0.0,1,2,0.020731076284030443,0.1111111111111111,0.625,0.49999999999999994,0.2631578947368421,0.75,1,0,2,0,0,0.020454711194300187,0.02074911031775483
0.5614035087719298,1,1,0.0572451780509967,0.2222222222222222,0.6666666666666667,0.5238095238095237,0.1929824561403509,0.6666666666666666,0,0,2,1,1,0.03779793472634857,0.041759829158260355
0.15789473684210525,1,9,0.061880863881777874,0.4444444444444445,0.375,0.5571428571428572,0.3578947368421052,0.8,1,1,4,0,0,0.024307785893126804,0.06444782829381482
0.4385964912280701,1,4,0.1533386006642053,0.5555555555555556,0.53125,0.49999999999999994,0.24561403508771928,0.9166666666666667,0,1,3,0,2,0.050656932200438765,0.16682704406539645
0.017543859649122806,0,7,0.32809010652613607,0.5555555555555556,0.625,0.4880952380952381,0.2982456140350877,0.75,1,1,3,0,0,0.10892387336208326,0.3317235404542984
0.4385964912280701,0,1,0.07680345328266737,0.2222222222222222,0.6666666666666667,0.5714285714285714,0.3333333333333333,0.6666666666666666,0,1,0,0,6,0.050840464649351234,0.09123284438131718
0.4385964912280701,0,7,0.12229849248832385,0.2222222222222222,0.625,0.5714285714285714,0.17543859649122803,0.6666666666666666,0,1,2,0,2,0.08117905039678516,0.11625541522533168
0.36842105263157887,2,9,0.03821146258920727,0.5555555555555556,0.46875,0.4880952380952381,0.22807017543859648,0.6666666666666666,1,1,2,1,0,0.012270389279175316,0.02760984121974026
0.08771929824561403,1,2,0.21840120109369232,0.4444444444444445,0.5125,0.47142857142857136,0.4105263157894737,0.8999999999999999,0,1,2,1,6,0.08693358977809898,0.22333524326512083
0.33333333333333337,0,6,0.39737763581405655,0.5555555555555556,0.53125,0.49999999999999994,0.3070175438596491,0.75,1,1,2,0,2,0.13202623446817124,0.37362493205050373
0.03508771929824561,0,3,0.26507338798633656,0.7777777777777777,0.6015625,0.48214285714285715,0.22368421052631576,0.90625,0,1,2,0,4,0.06579317144664609,0.24599821897676
0.22807017543859642,1,6,0.013258816209865004,0.2222222222222222,0.5416666666666666,0.4761904761904761,0.3157894736842105,0.75,0,1,0,1,1,0.008465417736915786,0.015803950952193415
0.5087719298245613,0,0,0.053040204196991854,0.1111111111111111,0.65625,0.2857142857142857,0.2368421052631579,0.75,0,0,2,0,1,0.05277295725123463,0.04404994637499212
0.45614035087719296,1,1,0.03909600273600893,0.2222222222222222,0.6666666666666667,0.5476190476190474,0.2631578947368421,0.8333333333333333,1,1,2,1,0,0.025695069861238005,0.031079898181204667
0.29824561403508765,0,7,0.012963245055159781,0.2222222222222222,0.4375,0.5952380952380953,0.5789473684210527,0.6666666666666666,1,1,2,0,0,0.008268314690560405,0.01510026194027269
0.08771929824561403,0,5,0.014820245912829823,0.4444444444444445,0.5,0.47142857142857136,0.48421052631578937,0.8500000000000001,1,1,4,1,0,0.0054782262069712415,0.012484413677007313
0.42105263157894735,1,6,0.004280842385693881,0.0,0.3125,0.6428571428571428,0.3684210526315789,1.0,1,0,2,1,1,0.00856410101346671,0.004751938722942831
0.29824561403508765,0,6,0.07046033034028025,0.4444444444444445,0.5125,0.49999999999999994,0.2421052631578947,0.5,1,1,0,0,6,0.027740540980668024,0.06353053971449601
0.0,0,1,0.06251369436875702,0.2222222222222222,0.5625,0.5238095238095237,0.3684210526315789,0.6666666666666666,1,0,1,1,0,0.0413112701769586,0.05420301105722544
0.45614035087719296,1,6,0.06630040342696576,0.4444444444444445,0.5125,0.5142857142857142,0.431578947368421,1.0,0,1,4,1,1,0.026076100616625547,0.05860661234498392
0.2807017543859649,1,1,0.028473618002338098,0.8888888888888888,0.6041666666666666,0.44444444444444436,0.22807017543859648,0.6388888888888888,1,1,2,1,1,0.005827539533642685,0.02519986748959609
0.543859649122807,1,4,0.2483469452148196,0.2222222222222222,0.5833333333333334,0.6190476190476191,0.22807017543859648,0.8333333333333333,0,1,2,0,2,0.16523506745146882,0.26691751701284777
0.05263157894736842,0,5,0.12431888729314712,0.2222222222222222,0.47916666666666663,0.4047619047619047,0.3859649122807018,0.8333333333333333,0,1,0,0,2,0.0825263603914577,0.13877763417744735
0.0,0,9,0.009241340367768755,0.0,0.625,0.6428571428571428,0.15789473684210525,0.75,0,1,3,1,3,0.0184878968386898,0.007162386381570249
0.3508771929824561,0,8,0.03535829210451602,0.0,0.5,0.7857142857142856,0.42105263157894735,0.5,0,0,2,1,3,0.07073654154114688,0.040703205604867815
0.3508771929824561,0,1,0.07981092929665326,0.3333333333333333,0.546875,0.5357142857142856,0.25,0.5,1,0,0,1,1,0.03949340300978722,0.08282942887352414
0.0,0,1,0.05143135666172139,0.4444444444444445,0.475,0.47142857142857136,0.29473684210526313,0.8,1,1,0,1,0,0.020126803398999873,0.058611399022664684
0.08771929824561403,1,6,0.02207003732376125,0.0,0.9375,0.42857142857142855,0.5263157894736843,0.75,1,1,2,1,3,0.044152531670711155,0.026532459598781626
0.8771929824561403,0,5,0.07518690034964724,0.2222222222222222,0.5416666666666666,0.6428571428571428,0.2982456140350877,0.33333333333333337,1,1,2,1,2,0.04976245854956531,0.08106527748749659
0.22807017543859642,1,2,0.05666509990245758,0.0,0.5,0.42857142857142855,0.7894736842105263,0.75,1,0,4,0,6,0.11336218336946999,0.04813677386455029
0.4385964912280701,1,6,0.22416227014452758,0.6666666666666665,0.625,0.4387755102040816,0.24060150375939848,0.6428571428571429,1,1,4,1,2,0.06358063940269645,0.1862976849067522
0.15789473684210525,0,1,0.02446029122056859,0.1111111111111111,0.5,0.6428571428571428,0.28947368421052627,0.75,1,1,3,1,0,0.024184978573937057,0.024945083537004104
0.0,1,7,0.04017120208353955,0.3333333333333333,0.546875,0.42857142857142855,0.2631578947368421,0.6875,1,1,1,0,1,0.019667945926044064,0.031327904956486255
0.24561403508771928,0,3,0.011751917014051682,0.0,0.75,0.42857142857142855,0.2631578947368421,0.75,1,0,2,1,7,0.023510467179674775,0.012837537789872433
0.22807017543859642,0,9,0.05737893585295888,0.1111111111111111,0.40625,0.42857142857142855,0.2631578947368421,0.875,1,0,0,0,6,0.05711291336550354,0.06643183510321926
0.21052631578947367,1,1,0.09346963589229593,0.3333333333333333,0.5625,0.48214285714285715,0.47368421052631576,0.625,1,0,3,1,0,0.046324683658503944,0.09688268800861413
0.26315789473684215,1,9,0.04799988619720247,0.5555555555555556,0.4375,0.5952380952380953,0.3684210526315789,0.625,1,1,3,1,1,0.015534117964196941,0.04333815318600792
0.3508771929824561,0,7,0.4669109475327613,1.0,0.45625000000000004,0.5285714285714285,0.3052631578947368,0.825,1,1,2,1,0,0.0929005551230751,0.35555238023471786
0.26315789473684215,0,0,0.0956848389581749,0.2222222222222222,0.5625,0.42857142857142855,0.15789473684210525,0.8333333333333333,0,0,0,0,0,0.06343160751566036,0.07943946582572797
0.017543859649122806,1,8,0.0006551563830230725,0.0,0.6875,0.35714285714285715,0.3157894736842105,0.75,0,0,4,2,1,0.0013106825569139985,0.0007112718676526276
0.38596491228070173,1,9,0.10181221076357133,0.7777777777777777,0.5078125,0.5267857142857142,0.22368421052631576,0.78125,0,1,2,1,1,0.024966358423062322,0.11653749745855853
0.0,0,6,0.5132213758797737,1.0,0.5375,0.4785714285714285,0.3263157894736842,0.8,1,1,2,0,6,0.10216525469870408,0.4238715881296081
0.0,0,6,0.08462996407901628,1.0,0.50625,0.46428571428571425,0.2736842105263158,0.7,1,1,2,1,4,0.016422781291310855,0.06642913371086477
0.4385964912280701,1,7,0.45678052280926157,0.5555555555555556,0.5833333333333334,0.5595238095238095,0.24561403508771928,0.5833333333333334,1,0,3,1,2,0.1518327849428556,0.4301364013567625
0.4035087719298246,1,7,0.020040554101079407,0.0,0.625,0.49999999999999994,0.15789473684210525,0.75,1,1,0,2,3,0.040092419721187454,0.022749325481286223
0.2807017543859649,0,2,0.018189678046748845,0.2222222222222222,0.625,0.5476190476190474,0.4385964912280702,0.5833333333333334,0,1,2,1,5,0.011753586672671984,0.021213275874244028
0.0,0,8,0.055277733158914745,0.3333333333333333,0.546875,0.46428571428571425,0.2368421052631579,0.75,0,1,3,0,3,0.027223343114044993,0.06404029719107328
0.14035087719298245,2,6,0.0016762203720047492,0.0,0.5625,0.7142857142857142,0.2631578947368421,0.5,1,1,2,0,3,0.003353386855506141,0.0018821121855069828
0.22807017543859642,0,7,0.04907330737602164,0.2222222222222222,0.6875,0.4523809523809524,0.22807017543859648,0.9166666666666667,0,1,2,1,5,0.03234848345609124,0.035385870201414864
0.0,0,6,0.03933605551205629,0.2222222222222222,0.47916666666666663,0.5476190476190474,0.1929824561403509,0.6666666666666666,0,1,0,1,0,0.025855150209715135,0.03522971076618596
0.14035087719298245,1,9,0.042897529866813194,0.1111111111111111,0.4375,0.5714285714285714,0.34210526315789475,0.875,0,0,0,1,4,0.04262742049886175,0.047245172209023314
0.42105263157894735,0,4,0.00927947220791455,0.0,0.5625,0.6428571428571428,0.15789473684210525,1.0,0,0,4,1,3,0.018564182041791246,0.009314874766767945
0.5964912280701754,1,7,0.006740642436549507,0.1111111111111111,0.53125,0.7857142857142856,0.3157894736842105,0.75,0,1,0,0,0,0.006460329026381438,0.005653161126679662
0.19298245614035092,0,6,0.03331458353214248,0.2222222222222222,0.5208333333333334,0.5238095238095237,0.2631578947368421,0.8333333333333333,1,1,0,0,0,0.021839702653717156,0.03210576377603467
0.45614035087719296,1,5,0.027809768350058984,0.2222222222222222,0.5833333333333334,0.5476190476190474,0.14035087719298245,0.5833333333333334,0,1,2,0,4,0.01816879016872139,0.03326233884654338
0.0,1,2,0.02640244660208753,0.4444444444444445,0.525,0.5571428571428572,0.3368421052631579,0.75,0,1,2,0,1,0.010112413954342316,0.021370288380742772
0.42105263157894735,0,1,0.03530237857725561,0.1111111111111111,0.375,0.49999999999999994,0.2368421052631579,1.0,1,1,0,0,2,0.035030125738172976,0.04048353975288421
0.12280701754385964,0,9,0.019402191533664587,0.0,0.4375,0.35714285714285715,0.3157894736842105,1.0,1,0,2,1,3,0.03881533427444767,0.021827534581376602
0.3508771929824561,1,4,0.010768194568010704,0.2222222222222222,0.5833333333333334,0.42857142857142855,0.22807017543859648,0.5833333333333334,0,1,2,1,0,0.0068045347139505784,0.011126561179664866
0.24561403508771928,0,3,0.03970374128672635,0.1111111111111111,0.65625,0.5357142857142856,0.5526315789473684,0.625,1,0,0,1,5,0.03943273058141379,0.030963738309961554
0.5614035087719298,1,3,0.3226483175461588,0.5555555555555556,0.42708333333333337,0.5595238095238095,0.41228070175438597,0.6666666666666666,1,1,2,0,0,0.10710943178261588,0.2518818041319929
0.10526315789473684,1,1,0.025753810171006485,0.3333333333333333,0.359375,0.5178571428571428,0.2368421052631579,0.6875,0,1,2,0,3,0.012457215562418588,0.02203814839933025
0.42105263157894735,0,3,0.1128105793925657,0.2222222222222222,0.39583333333333337,0.5238095238095237,0.4912280701754386,0.75,0,1,2,1,2,0.07485198990742808,0.09885517835587575
0.22807017543859642,1,7,0.006803668638655768,0.1111111111111111,0.5,0.35714285714285715,0.21052631578947367,0.5,1,0,2,0,1,0.006523373015473049,0.00678215355946357
0.26315789473684215,0,1,0.1659157855346766,0.2222222222222222,0.6666666666666667,0.49999999999999994,0.5263157894736843,0.75,1,1,3,0,1,0.11026545208502019,0.13990662661023126
0.24561403508771928,1,6,0.05682177632336749,0.1111111111111111,0.5,0.42857142857142855,0.2368421052631579,0.75,0,1,0,1,1,0.05655559659673131,0.054926036351262524
0.10526315789473684,0,1,0.02196670596419519,0.1111111111111111,0.625,0.5357142857142856,0.28947368421052627,0.875,0,1,2,0,6,0.021690689588591525,0.01903386835119807
0.2807017543859649,0,6,0.09686435753677797,0.6666666666666665,0.4732142857142857,0.489795918367347,0.23308270676691728,0.7857142857142858,0,1,3,1,0,0.02719954280826612,0.09323035815249409
0.2807017543859649,1,3,0.010207281126695113,0.2222222222222222,0.29166666666666663,0.6666666666666667,0.3859649122807018,0.6666666666666666,0,1,3,1,0,0.006430486887344343,0.011503144752450565
0.33333333333333337,1,3,0.031195204002381165,0.1111111111111111,0.6875,0.49999999999999994,0.15789473684210525,1.0,1,1,2,1,3,0.03092179205404629,0.02656606112824363
0.3157894736842105,0,3,0.10250451111523383,0.2222222222222222,0.41666666666666663,0.6428571428571428,0.3508771929824561,0.5,1,1,1,1,6,0.06797933869951647,0.1123810498748118
0.45614035087719296,0,1,0.03849853804895773,0.5555555555555556,0.5208333333333334,0.4880952380952381,0.22807017543859648,0.625,1,1,2,0,4,0.012366108104828516,0.04538495551944221
0.49122807017543857,1,7,0.013006711401439962,0.1111111111111111,0.4375,0.17857142857142855,0.15789473684210525,0.875,1,1,2,0,1,0.012728166374470622,0.012374936197377943
0.07017543859649122,0,5,0.06325163438401371,0.3333333333333333,0.40625,0.42857142857142855,0.3026315789473684,0.75,1,0,3,0,0,0.031211418906753986,0.04728019552393505
0.4736842105263158,1,7,0.010259045593628781,0.1111111111111111,0.71875,0.49999999999999994,0.07894736842105263,0.875,1,0,2,0,0,0.009979725132160161,0.009856290666025915
0.03508771929824561,1,4,0.02964562875749276,0.4444444444444445,0.5125,0.39999999999999997,0.4105263157894737,0.75,1,1,2,1,4,0.011410052927306328,0.03483270087577244
0.42105263157894735,0,7,0.13927644734536204,1.0,0.59375,0.45714285714285713,0.29473684210526313,0.75,1,1,2,1,4,0.027355162363963813,0.15964461050898496
0.42105263157894735,1,2,0.015049234528005861,0.1111111111111111,0.40625,0.5714285714285714,0.3684210526315789,0.375,1,1,2,0,0,0.014771265933182462,0.01815582105029187
0.0,0,6,0.01926626041438839,0.3333333333333333,0.546875,0.49999999999999994,0.6052631578947367,0.9375,0,1,0,1,0,0.009212525239829017,0.018426718571314154
0.3157894736842105,0,2,0.21563140696413852,0.8888888888888888,0.5138888888888888,0.4523809523809524,0.3508771929824561,0.7222222222222222,1,1,2,0,1,0.047429896829862324,0.18887850985510582
0.19298245614035092,0,9,0.025252564168675506,0.4444444444444445,0.5375,0.3714285714285714,0.2210526315789474,0.5,1,1,2,1,1,0.00965233117501545,0.019229506029081203
0.12280701754385964,0,8,0.06978423108132219,0.4444444444444445,0.36250000000000004,0.5285714285714285,0.19999999999999996,0.65,0,1,2,1,1,0.02747002495474766,0.06502839068578874
0.5789473684210525,0,4,0.13257531976906728,0.4444444444444445,0.5,0.4857142857142857,0.2736842105263158,0.65,0,0,4,0,3,0.05259354868290434,0.13457767995893885
0.15789473684210525,0,1,0.09914969947960903,0.2222222222222222,0.5208333333333334,0.4761904761904761,0.3684210526315789,0.5,0,1,1,0,1,0.06574216642203358,0.11620280916369159
0.12280701754385964,0,3,0.061655629178326024,0.1111111111111111,0.4375,0.21428571428571425,0.3157894736842105,1.0,0,0,4,1,1,0.061390813640980084,0.06367252868807592
0.29824561403508765,0,7,0.007967578847458216,0.1111111111111111,0.6875,0.49999999999999994,0.3684210526315789,0.75,0,0,0,0,1,0.00768761169803945,0.006321021145267137
0.4385964912280701,0,3,0.03986950612549486,0.4444444444444445,0.5625,0.47142857142857136,0.3263157894736842,0.8999999999999999,1,1,4,0,0,0.015500758010094547,0.0297651257829891
0.26315789473684215,1,6,0.0074037017916235215,0.0,0.5,0.42857142857142855,0.21052631578947367,0.75,1,0,1,0,6,0.014811582465391517,0.006411825842656692
0.5263157894736842,0,9,0.11349556949508108,0.3333333333333333,0.765625,0.44642857142857145,0.3684210526315789,0.6875,1,1,2,1,0,0.05634047627658642,0.10045335998707125
0.4035087719298246,0,9,0.0313137485831453,0.3333333333333333,0.578125,0.39285714285714285,0.25,0.8125,1,1,0,1,0,0.015237969319514249,0.027841402676653294
0.0,0,7,0.12310202717160336,0.6666666666666665,0.4196428571428571,0.6122448979591837,0.2857142857142857,0.8571428571428572,0,1,3,1,1,0.034698135470493496,0.13932118275487992
0.17543859649122806,0,1,0.013578689003626873,0.1111111111111111,0.46875,0.6428571428571428,0.13157894736842105,0.375,1,1,3,0,1,0.013300305397731483,0.011937547600192035
0.17543859649122806,0,6,0.04758577046173312,0.1111111111111111,0.4375,0.42857142857142855,0.18421052631578946,0.875,1,1,2,1,5,0.04731698418900232,0.043780991960751144
0.38596491228070173,2,2,0.026257822213555295,0.3333333333333333,0.578125,0.48214285714285715,0.14473684210526316,0.8125,0,1,4,1,0,0.012709292703755109,0.024224759635321516
0.0,1,1,0.01060519576946003,0.0,0.5625,0.7142857142857142,0.2631578947368421,1.0,0,0,3,2,0,0.021216377444955577,0.008838671426804352
0.8245614035087719,0,9,0.30393131368931087,0.8888888888888888,0.4027777777777778,0.4682539682539682,0.30409356725146197,0.6944444444444444,1,1,2,1,2,0.06705763601817502,0.21955234611186702
0.4035087719298246,1,2,0.2605692866402036,0.1111111111111111,0.5,0.5357142857142856,0.18421052631578946,1.0,1,1,2,0,2,0.2603606076650028,0.30912956872981956
0.3157894736842105,0,2,0.021804497462849612,0.1111111111111111,0.75,0.49999999999999994,0.13157894736842105,0.875,1,1,2,0,0,0.021528435309456063,0.019655615128365903
0.543859649122807,0,3,0.11282539746516122,0.6666666666666665,0.4196428571428571,0.42857142857142855,0.21804511278195488,0.8214285714285714,1,1,2,1,4,0.031761126918222055,0.08360373322944821
0.7894736842105262,1,6,0.029216892523729172,0.3333333333333333,0.4375,0.46428571428571425,0.34210526315789475,0.625,1,1,2,1,7,0.014189245406929188,0.02308064888392212
0.4736842105263158,1,8,0.0801639945730291,0.1111111111111111,0.53125,0.5357142857142856,0.3684210526315789,0.25,0,1,2,1,2,0.07990440238745017,0.05943712461902074
0.49122807017543857,0,2,0.06611962294130047,0.4444444444444445,0.5,0.45714285714285713,0.23157894736842105,0.7,0,1,2,1,0,0.026003768014721065,0.061701981447595595
0.3157894736842105,1,4,0.11387767819374411,0.2222222222222222,0.6666666666666667,0.4523809523809524,0.2807017543859649,0.75,1,1,0,0,2,0.07556358987625525,0.10285347600476394
0.26315789473684215,1,3,0.05138216066070428,0.7777777777777777,0.5234375,0.5535714285714286,0.25,0.8125,1,1,4,1,0,0.012355287859051822,0.04812478347392422
0.19298245614035092,0,0,0.06526906557431787,0.4444444444444445,0.48750000000000004,0.4428571428571428,0.431578947368421,0.8999999999999999,0,1,2,0,0,0.025663449051662277,0.058999972986076454
0.12280701754385964,1,6,0.08885904199777649,0.3333333333333333,0.4375,0.46428571428571425,0.2368421052631579,0.8125,1,1,3,1,3,0.04401873612019385,0.08272924039216635
0.14035087719298245,0,2,0.037024633761457086,0.3333333333333333,0.59375,0.39285714285714285,0.22368421052631576,0.9375,0,0,1,1,0,0.01809421775947196,0.04008292800599803
0.0,0,0,0.24573916201231008,0.1111111111111111,0.53125,0.75,0.42105263157894735,1.0,1,0,2,0,2,0.24552629774272872,0.2433913279618279
0.2807017543859649,1,0,0.11035650899644703,0.0,0.4375,0.21428571428571425,0.21052631578947367,1.0,1,1,3,0,2,0.22077530667738612,0.09712898864135605
0.0,1,0,0.19481893006798334,0.2222222222222222,0.5,0.6190476190476191,0.24561403508771928,0.5,1,1,2,1,0,0.1295396530551598,0.1910278229194658
0.33333333333333337,0,6,0.10986711745219245,0.2222222222222222,0.39583333333333337,0.49999999999999994,0.4035087719298245,0.8333333333333333,0,1,3,1,5,0.07288912815301467,0.08763724376464144
0.2807017543859649,0,4,0.0014164101658300384,0.0,0.6875,0.5714285714285714,0.3157894736842105,0.75,0,1,4,1,3,0.0028336197981050832,0.0016513090141671443
0.3157894736842105,0,4,0.080270091972813,0.2222222222222222,0.4375,0.42857142857142855,0.3859649122807018,0.5833333333333334,1,1,2,1,0,0.053152209336083556,0.06321163323812111
0.17543859649122806,0,6,0.1706131145474551,0.3333333333333333,0.546875,0.48214285714285715,0.19736842105263158,0.875,1,1,4,1,4,0.08490730853748024,0.20230021189342487
0.9298245614035087,0,8,0.1317407659204878,0.4444444444444445,0.44999999999999996,0.3,0.2736842105263158,0.8999999999999999,1,1,2,1,5,0.052259632933784626,0.1001654484335005
0.5789473684210525,1,1,0.10338707551902275,0.2222222222222222,0.5,0.6666666666666667,0.21052631578947367,0.75,1,0,0,1,0,0.06856788101774475,0.08639033792522641
0.03508771929824561,1,2,0.22866538361915423,0.7777777777777777,0.703125,0.46428571428571425,0.2631578947368421,0.65625,1,1,2,1,7,0.05668860162700922,0.2241132442632142
0.33333333333333337,1,1,0.018787735456703866,0.2222222222222222,0.6875,0.4047619047619047,0.24561403508771928,0.41666666666666663,0,1,0,2,0,0.012152404133445876,0.01764369393129838
0.15789473684210525,1,4,0.08423224701055265,0.4444444444444445,0.55,0.6142857142857143,0.431578947368421,0.8,1,1,2,0,6,0.03325086230935863,0.1001300933686505
0.07017543859649122,0,6,0.07051881233345722,0.2222222222222222,0.5208333333333334,0.6666666666666667,0.5438596491228069,0.8333333333333333,1,0,0,1,1,0.04664952160020795,0.07850705892779368
0.0,0,7,0.16527900356167197,0.5555555555555556,0.5729166666666666,0.4047619047619047,0.3947368421052631,0.875,1,1,2,1,0,0.054638189756083,0.15191412605455012
0.38596491228070173,1,7,0.08952723828468363,0.0,0.25,0.49999999999999994,0.42105263157894735,1.0,1,0,2,0,6,0.17910500855836975,0.06507251342757876
0.14035087719298245,0,1,0.03374411006311116,0.2222222222222222,0.6458333333333333,0.4523809523809524,0.24561403508771928,0.6666666666666666,1,0,2,1,1,0.02212613448712397,0.027568135513214787
0.49122807017543857,1,2,0.2243138096336044,0.4444444444444445,0.675,0.5428571428571427,0.28421052631578947,0.8,1,1,3,1,0,0.08929930064650721,0.1802458551399677
0.49122807017543857,1,6,0.026365302633448107,0.2222222222222222,0.5833333333333334,0.6428571428571428,0.2631578947368421,0.8333333333333333,1,0,2,1,6,0.017205541257020722,0.022272079498659496
0.5789473684210525,0,0,0.03615293594423821,0.1111111111111111,0.75,0.6071428571428572,0.21052631578947367,0.375,0,0,0,0,3,0.03588092314581995,0.03479279609748329
0.10526315789473684,1,4,0.003930345575234614,0.0,0.5,0.49999999999999994,1.0,1.0,1,0,4,0,4,0.007862909561124903,0.004603077786355884
0.38596491228070173,1,5,0.0438122988817097,0.1111111111111111,0.5625,0.46428571428571425,0.15789473684210525,0.625,0,1,2,0,0,0.04354244767595942,0.04894216792897518
0.42105263157894735,1,9,0.12783491955861112,0.1111111111111111,0.8125,0.39285714285714285,0.13157894736842105,0.875,1,1,2,0,5,0.1275887808577105,0.0997737465420993
0.19298245614035092,1,1,0.0015402892527285506,0.0,0.6875,0.6428571428571428,0.631578947368421,0.5,1,1,1,1,1,0.003081447893154865,0.001883818328046661
0.12280701754385964,0,1,0.07350791393742466,0.3333333333333333,0.609375,0.44642857142857145,0.21052631578947367,0.75,0,1,2,1,7,0.036341005925146816,0.08353032170739373
0.631578947368421,0,7,0.010813834231604895,0.0,0.4375,0.42857142857142855,0.15789473684210525,0.75,1,1,2,2,5,0.021633772131355214,0.008053656287158956
0.33333333333333337,1,6,0.012098659912786752,0.0,0.625,0.49999999999999994,0.47368421052631576,1.0,0,0,1,1,7,0.024204148689742345,0.012528583811645655
0.42105263157894735,1,8,0.0013460737145766567,0.0,0.4375,0.35714285714285715,0.47368421052631576,0.5,0,0,3,1,1,0.0026929071954930857,0.001151124892951404
0.12280701754385964,0,6,0.029750343137167738,0.1111111111111111,0.15625,0.42857142857142855,0.42105263157894735,0.875,0,1,2,0,1,0.029476523426375585,0.02385083006204198
0.03508771929824561,0,9,0.025242685453611823,0.1111111111111111,0.53125,0.42857142857142855,0.3947368421052631,0.625,0,1,3,1,3,0.024967593610936367,0.02744382407205988
0.17543859649122806,1,6,0.10493348957509077,0.2222222222222222,0.7291666666666667,0.4047619047619047,0.24561403508771928,0.9166666666666667,1,1,0,1,0,0.06959911467003323,0.09567909923256762
0.26315789473684215,1,5,0.12013426359217344,0.5555555555555556,0.6041666666666666,0.4880952380952381,0.24561403508771928,0.7083333333333334,0,1,2,0,5,0.039585696247736384,0.13834759147175174
0.07017543859649122,0,6,0.06270198267787071,0.2222222222222222,0.6666666666666667,0.49999999999999994,0.2631578947368421,0.75,1,1,3,1,1,0.041436831141648894,0.06537194144329234
0.2807017543859649,0,6,0.05696620313759845,0.1111111111111111,0.59375,0.6428571428571428,0.3157894736842105,0.75,0,1,2,0,1,0.05670006417048042,0.06446318357667193
0.0,1,0,0.34133529010921315,0.6666666666666665,0.5803571428571429,0.510204081632653,0.19548872180451127,0.6428571428571429,1,1,2,1,0,0.0970680931265592,0.2830185263383385
0.05263157894736842,0,1,0.02817903471913924,0.1111111111111111,0.3125,0.49999999999999994,0.2368421052631579,0.875,1,1,0,0,1,0.02790477156040197,0.025083897189746275
0.4385964912280701,1,0,0.04369197613223411,0.0,0.5,0.7142857142857142,0.0,0.75,0,0,2,1,6,0.08740861338995037,0.03853920075752729
0.42105263157894735,0,3,0.14898129702391857,0.4444444444444445,0.6125,0.5428571428571427,0.3684210526315789,0.8999999999999999,0,0,2,1,4,0.05915779159475403,0.11556414313967195
0.21052631578947367,0,6,0.0003842820159770434,0.0,0.625,0.14285714285714285,0.15789473684210525,0.75,0,0,0,1,7,0.0007687809328099297,0.000542221577679485
0.07017543859649122,0,8,0.351600855654784,0.4444444444444445,0.475,0.47142857142857136,0.2526315789473684,0.44999999999999996,1,1,0,1,2,0.14022848801739302,0.2817552699662516
0.07017543859649122,1,7,0.04192684732465627,0.1111111111111111,0.5,0.46428571428571425,0.2631578947368421,0.875,0,0,2,1,3,0.04165646401482699,0.046046180539264264
0.21052631578947367,1,0,0.04054343206713892,0.2222222222222222,0.47916666666666663,0.49999999999999994,0.22807017543859648,0.5,1,1,2,1,3,0.02666029507353716,0.03244879321220669
0.42105263157894735,1,7,0.167425648345009,0.2222222222222222,0.6666666666666667,0.4047619047619047,0.5087719298245614,0.75,0,1,4,1,2,0.11127231136326071,0.140976425375458
0.49122807017543857,0,3,0.0013857861491326391,0.0,0.6875,0.42857142857142855,0.2631578947368421,0.75,0,0,2,1,1,0.0027723544795521067,0.0014150082724216752
0.19298245614035092,1,1,0.04813601489077995,0.1111111111111111,0.34375,0.5357142857142856,0.47368421052631576,0.875,1,1,2,1,0,0.047867383905679864,0.04858956513744163
0.05263157894736842,1,6,0.07277372783389217,0.0,0.5625,0.6428571428571428,0.10526315789473684,0.5,1,0,2,1,2,0.14558853144857495,0.05343766394963467
0.3508771929824561,1,3,0.030344844209699833,0.0,0.625,0.7142857142857142,0.3684210526315789,0.5,1,0,0,2,3,0.06070681600384509,0.033328025334321
0.12280701754385964,0,7,0.011741643150385459,0.0,1.0,0.42857142857142855,0.10526315789473684,1.0,1,1,3,1,7,0.023489913653450552,0.008869287206821916
0.17543859649122806,1,1,0.00923600586163437,0.1111111111111111,0.59375,0.49999999999999994,0.21052631578947367,0.5,0,1,2,1,3,0.008956396682265607,0.00823910450265234
0.5614035087719298,1,2,0.0007602659113005981,0.0,0.875,0.35714285714285715,0.2631578947368421,0.75,1,1,0,1,1,0.0015209609405926017,0.0009767666039659283
0.45614035087719296,1,2,0.004840570381201832,0.0,0.5,0.21428571428571425,0.15789473684210525,0.75,0,1,2,2,0,0.009683872932567238,0.0036142733989155567
0.3157894736842105,0,6,0.04127149336733192,0.3333333333333333,0.359375,0.49999999999999994,0.2631578947368421,0.4375,0,1,2,1,3,0.020218246827691685,0.034315313150614944
0.017543859649122806,0,1,0.09458830158610673,0.1111111111111111,0.625,0.39285714285714285,0.3157894736842105,1.0,1,0,2,1,5,0.09433278016679582,0.10378180711774233
0.33333333333333337,0,7,0.0016819500267416818,0.1111111111111111,0.6875,0.5714285714285714,0.13157894736842105,0.875,0,1,2,0,1,0.0014002089740252836,0.001888036291547533
0.5087719298245613,0,6,0.048536695573762695,0.1111111111111111,0.34375,0.42857142857142855,0.4473684210526316,0.875,1,1,1,0,4,0.04826817766705224,0.04305346434612324
0.21052631578947367,0,6,0.08385547281802398,0.6666666666666665,0.6071428571428571,0.5612244897959184,0.3533834586466165,0.6428571428571429,1,0,2,0,3,0.023481669656668303,0.08017912600952692
0.5789473684210525,1,6,0.0001795950398576517,0.0,0.5,0.5714285714285714,0.42105263157894735,0.75,1,0,4,1,4,0.00035929144880422954,0.00012118351316549631
0.5614035087719298,0,4,0.002319324722650135,0.0,0.4375,0.5714285714285714,0.47368421052631576,0.5,1,0,3,0,4,0.004639958545118646,0.0019439598525703278
0.631578947368421,1,0,0.14936755478290833,0.2222222222222222,0.5416666666666666,0.4047619047619047,0.22807017543859648,0.5833333333333334,0,1,2,0,0,0.09923018480321019,0.1519061640560316
0.3508771929824561,1,6,0.0013514082207110424,0.0,0.8125,0.42857142857142855,0.2631578947368421,0.5,1,0,4,2,1,0.0027035792187248948,0.0015800775631355677
0.42105263157894735,0,6,0.010539798675738489,0.2222222222222222,0.5833333333333334,0.5476190476190474,0.21052631578947367,0.9166666666666667,0,0,1,1,0,0.006652227814494149,0.011889728216232714
0.5789473684210525,1,0,0.011373957375715393,0.1111111111111111,0.96875,0.42857142857142855,0.28947368421052627,0.75,1,1,2,0,4,0.011094951559884181,0.011538168067362298
0.38596491228070173,1,7,0.22867605263142302,1.0,0.54375,0.45714285714285713,0.28421052631578947,0.625,0,1,2,0,5,0.045240129416068385,0.18906841299834173
0.17543859649122806,1,5,0.1335564737491917,0.2222222222222222,0.4375,0.3095238095238095,0.3333333333333333,0.8333333333333333,1,1,2,1,2,0.08868648935692958,0.12171947888719699
0.19298245614035092,0,8,0.01455253273460417,0.0,0.625,0.42857142857142855,0.15789473684210525,0.5,1,0,0,0,3,0.029113279376374392,0.01659616980478412
0.33333333333333337,1,3,0.02474618123451141,0.2222222222222222,0.5,0.5952380952380953,0.22807017543859648,0.6666666666666666,1,1,2,1,0,0.016125822363382784,0.02689401963864849
0.017543859649122806,0,6,0.015560556819701792,0.2222222222222222,0.5625,0.6190476190476191,0.3157894736842105,0.8333333333333333,0,1,0,1,1,0.010000344535071003,0.01866373020578449
0.26315789473684215,0,5,0.08156301820034706,0.3333333333333333,0.609375,0.5178571428571428,0.2631578947368421,0.9375,0,1,4,1,1,0.04036969469515464,0.07578500329143333
0.5263157894736842,0,8,0.014097914267373744,0.2222222222222222,0.625,0.4523809523809524,0.22807017543859648,0.75,1,1,0,0,0,0.009024974313032971,0.010524956363034904
0.0,1,3,0.15323507173033796,0.3333333333333333,0.59375,0.5535714285714286,0.3157894736842105,0.75,0,1,4,1,3,0.07621583495044129,0.17128704284266097
0.6140350877192983,0,2,0.018260804795207322,0.1111111111111111,0.59375,0.49999999999999994,0.2368421052631579,1.0,0,1,1,1,4,0.017983742556016757,0.01983485488072879
0.5263157894736842,1,1,0.005190276894456006,0.0,0.375,0.2857142857142857,0.3684210526315789,1.0,1,0,4,0,7,0.010383483344430261,0.004888856661752029
0.19298245614035092,1,1,0.06527301706034334,0.2222222222222222,0.5625,0.5476190476190474,0.3859649122807018,0.8333333333333333,1,1,2,1,1,0.04315133778751962,0.07543235310705146
0.4035087719298246,1,0,0.06715510985427511,0.2222222222222222,0.33333333333333337,0.6190476190476191,0.3684210526315789,0.9166666666666667,1,1,3,1,1,0.04440642042092962,0.07876549212970665
0.29824561403508765,0,8,0.01407420535122092,0.1111111111111111,0.46875,0.6071428571428572,0.3157894736842105,0.875,0,0,3,0,3,0.013795961587831047,0.011999347874407056
0.543859649122807,1,2,0.440581603422145,1.0,0.59375,0.5214285714285714,0.34210526315789475,0.75,1,1,2,1,4,0.08763320018996201,0.4963938781709963
0.49122807017543857,1,5,0.027557663541633942,0.1111111111111111,0.71875,0.8214285714285714,0.28947368421052627,0.5,1,1,2,0,6,0.02728322502217903,0.020716314466714344
0.0,1,6,0.3919433546575277,0.1111111111111111,0.375,0.2857142857142857,0.15789473684210525,0.875,0,0,2,0,0,0.3917717515102395,0.4532032115289739
0.42105263157894735,1,6,0.07320246406765576,0.2222222222222222,0.6458333333333333,0.4523809523809524,0.3157894736842105,0.8333333333333333,1,1,2,1,0,0.048439127668821025,0.05315719307325086
0.24561403508771928,0,3,0.03885219604823738,0.2222222222222222,0.6041666666666666,0.3809523809523809,0.2631578947368421,0.33333333333333337,0,1,2,1,5,0.02553248619866946,0.04394757782261141
0.29824561403508765,0,6,0.23533075024691852,0.7777777777777777,0.5390625,0.5803571428571428,0.3026315789473684,0.6875,1,1,2,0,7,0.05835541355176988,0.27763104951936546
0.14035087719298245,0,2,0.11254187834283369,0.2222222222222222,0.45833333333333337,0.7380952380952381,0.3157894736842105,0.5,0,1,2,1,2,0.0746728053198323,0.08951471145101263
0.6491228070175438,1,1,0.03019251442341793,0.2222222222222222,0.5,0.6428571428571428,0.4035087719298245,0.9166666666666667,0,0,2,0,0,0.01975773584990181,0.025304984827179612
0.5087719298245613,1,5,0.005080030434345368,0.1111111111111111,0.6875,0.42857142857142855,0.15789473684210525,0.625,1,1,1,0,1,0.004799248373356385,0.005812306311353005
0.14035087719298245,0,5,0.011096760631028608,0.0,0.6875,0.49999999999999994,0.3157894736842105,0.25,1,1,4,0,5,0.022199784622760774,0.008217256399574793
0.0,1,7,0.26369945629528035,0.4444444444444445,0.5375,0.5857142857142856,0.3157894736842105,0.65,1,1,2,0,2,0.10505800541071576,0.1954523718461837
0.21052631578947367,0,6,0.0869105642386168,0.4444444444444445,0.525,0.4857142857142857,0.2736842105263158,0.75,0,1,3,1,0,0.03432249154588011,0.09184160551804414
0.38596491228070173,1,2,0.017084842554027188,0.1111111111111111,0.75,0.42857142857142855,0.2631578947368421,1.0,1,0,3,1,0,0.01680744843979961,0.013269097066714438
0.33333333333333337,0,4,0.08835522752952896,0.1111111111111111,0.625,0.39285714285714285,0.2631578947368421,1.0,0,0,1,0,3,0.08809794703870129,0.09625876116042338
0.5614035087719298,1,2,0.019234253377582076,0.1111111111111111,0.40625,0.5357142857142856,0.4473684210526316,0.75,1,1,2,1,1,0.018957465860889387,0.018512357448236347
0.45614035087719296,1,6,0.014043976483126068,0.2222222222222222,0.4375,0.4047619047619047,0.22807017543859648,0.6666666666666666,1,1,0,1,3,0.008989005642140578,0.01141015998403809
0.49122807017543857,0,6,0.050516192498222326,0.1111111111111111,0.75,0.49999999999999994,0.3947368421052631,0.75,1,1,2,1,2,0.05024823323667246,0.05754373293561255
0.3508771929824561,0,1,0.024087863662667963,0.1111111111111111,0.46875,0.6071428571428572,0.21052631578947367,0.875,1,1,3,0,0,0.023812445911122995,0.02160023848081277
0.0,1,6,0.02805792167245856,0.3333333333333333,0.53125,0.5357142857142856,0.2631578947368421,0.3125,1,0,2,0,7,0.01360959644139409,0.03090203282144318
0.24561403508771928,0,5,0.004048890155998741,0.0,0.25,0.2857142857142857,0.3684210526315789,0.75,0,1,3,1,7,0.008100065632942875,0.0038920428829448774
0.5087719298245613,0,5,0.019481813977077826,0.1111111111111111,0.40625,0.42857142857142855,0.15789473684210525,0.5,1,0,3,0,3,0.019205096325879318,0.017792839224975276
0.2807017543859649,1,1,0.041667629841385376,0.4444444444444445,0.475,0.5857142857142856,0.2526315789473684,0.65,1,1,3,0,1,0.016220210479966336,0.035532788031220515
0.4035087719298246,1,1,0.17670689872163498,0.1111111111111111,0.5625,0.49999999999999994,0.5263157894736843,0.875,1,1,3,0,2,0.17647455246178867,0.1976783191462842
0.22807017543859642,1,6,0.06571933740692028,0.4444444444444445,0.6,0.6428571428571428,0.2421052631578947,0.75,0,1,2,0,4,0.025843608614219995,0.07525055414087904
0.07017543859649122,1,9,0.0770923069111293,0.5555555555555556,0.46875,0.5238095238095237,0.2719298245614035,0.7916666666666667,1,1,2,1,1,0.025234328315044973,0.05974247674077487
0.26315789473684215,0,7,0.03336101349294176,0.3333333333333333,0.546875,0.6071428571428572,0.17105263157894735,0.875,0,1,2,0,1,0.016261890659588347,0.03274954822767335
0.3508771929824561,1,2,0.032433599722763745,0.2222222222222222,0.625,0.42857142857142855,0.2807017543859649,0.8333333333333333,0,0,2,1,3,0.021252214362474736,0.023893862768320537
0.15789473684210525,1,7,0.08102719669529321,0.5555555555555556,0.6458333333333333,0.6904761904761905,0.25438596491228066,0.625,1,1,2,0,6,0.026546328405691294,0.06960895686919054
0.24561403508771928,1,2,0.02955632517331712,0.0,0.375,0.49999999999999994,0.3684210526315789,0.75,0,1,3,1,2,0.059129332866135864,0.024267034056026877
0.08771929824561403,0,1,0.024158397688222616,0.2222222222222222,0.5833333333333334,0.4047619047619047,0.3508771929824561,0.5833333333333334,1,1,3,1,1,0.01573385607801697,0.02660899904882554
0.5263157894736842,1,1,0.010994812291571461,0.1111111111111111,0.625,0.46428571428571425,0.34210526315789475,0.75,1,1,2,1,3,0.01071569947503527,0.01013420232860021
0.22807017543859642,1,2,0.005430527244804635,0.1111111111111111,0.4375,0.42857142857142855,0.18421052631578946,0.625,0,1,3,0,4,0.005149844099527288,0.003923037805749037
0.5964912280701754,1,3,0.008178785775519636,0.0,0.5625,0.2857142857142857,0.3157894736842105,1.0,1,1,3,1,6,0.016362187914961364,0.008522418949935617
0.6140350877192983,0,1,0.48342183674158884,0.5555555555555556,0.5104166666666666,0.6071428571428572,0.3771929824561403,0.7916666666666667,0,1,2,1,0,0.16071572911954424,0.49038479675340035
0.2807017543859649,1,6,0.0020632684281996216,0.0,0.4375,0.42857142857142855,0.5263157894736843,0.75,1,0,2,1,1,0.004127701429991823,0.0023633865602412864
0.07017543859649122,0,1,0.1084202808439663,0.3333333333333333,0.625,0.5714285714285714,0.28947368421052627,0.6875,1,0,2,0,3,0.05380211578789472,0.10602547934311618
0.0,1,7,0.4245279011464644,0.4444444444444445,0.3125,0.6285714285714286,0.21052631578947367,0.4,0,1,2,1,2,0.1694075386776849,0.3635783590984554
0.0,1,2,0.5209427771478451,0.2222222222222222,0.6041666666666666,0.5714285714285714,0.1929824561403509,0.6666666666666666,1,0,0,0,0,0.3470169092937973,0.49931687948425213
0.0,0,8,0.14567212505188798,0.3333333333333333,0.625,0.48214285714285715,0.14473684210526316,0.875,1,0,2,1,1,0.07243329441997455,0.11402088981968443
0.5789473684210525,1,6,0.17641093241832725,0.0,0.8125,0.6428571428571428,0.47368421052631576,0.75,1,0,2,1,2,0.35292143671519866,0.20402460067970823
0.3157894736842105,0,6,0.018849773787303757,0.0,0.5625,0.6428571428571428,0.15789473684210525,0.5,1,1,2,1,3,0.03771018697977592,0.02221260147401237
0.36842105263157887,0,6,0.07218910547642375,0.5555555555555556,0.6145833333333334,0.5476190476190474,0.28947368421052627,0.6666666666666666,1,1,2,1,7,0.023599466583293132,0.07035217151661381
0.0,0,7,0.007868989271122718,0.2222222222222222,0.4375,0.49999999999999994,0.24561403508771928,0.75,1,1,1,0,4,0.00487118571514117,0.007453899791613646
0.03508771929824561,0,7,0.04543655721247951,0.1111111111111111,0.5,0.6071428571428572,0.21052631578947367,0.875,0,1,2,1,1,0.04516716439797239,0.0365288909173028
0.4736842105263158,1,0,0.030821195850070347,0.1111111111111111,0.71875,0.3214285714285714,0.2631578947368421,0.75,1,1,1,1,5,0.03054767835075343,0.02758846704514596
0.3508771929824561,1,6,0.07333167766068865,0.2222222222222222,0.6666666666666667,0.42857142857142855,0.42105263157894735,0.5,1,0,0,1,0,0.04852529437491488,0.05928087039809519
0.26315789473684215,0,3,0.027103242648704794,0.2222222222222222,0.6458333333333333,0.5476190476190474,0.14035087719298245,0.9166666666666667,0,1,0,1,0,0.01769764010604302,0.03227514581594608
0.4035087719298246,0,9,0.058973755612838935,0.6666666666666665,0.5267857142857143,0.346938775510204,0.24812030075187969,0.4642857142857143,1,1,3,0,0,0.016370601308937766,0.07054174290991141
0.631578947368421,0,8,0.029443510247289924,0.2222222222222222,0.35416666666666663,0.49999999999999994,0.24561403508771928,0.75,1,1,2,1,0,0.019258258811978513,0.03421939002560635
0.24561403508771928,1,8,0.0315131010531303,0.0,0.5625,0.42857142857142855,0.3157894736842105,0.0,0,1,3,1,2,0.06304398909161121,0.03565733643661704
0.29824561403508765,1,0,0.0007916802252030918,0.0,0.5625,0.42857142857142855,0.47368421052631576,0.75,0,1,3,0,1,0.0015838072996243644,0.0009389471110030556
0.33333333333333337,0,9,0.11062619791768541,0.3333333333333333,0.578125,0.39285714285714285,0.3289473684210526,0.875,0,1,2,0,2,0.05490538559699791,0.0897167945562679
0.7894736842105262,1,6,0.24063265662159408,0.2222222222222222,0.5416666666666666,0.5476190476190474,0.3508771929824561,0.6666666666666666,0,1,0,1,5,0.16009075699361727,0.1827206148937713
0.0,1,6,0.018350701102286784,0.2222222222222222,0.7083333333333333,0.3809523809523809,0.3684210526315789,0.8333333333333333,1,0,3,1,0,0.011860965671856231,0.019990208637536182
0.4385964912280701,1,6,0.16115720848850326,0.1111111111111111,0.375,0.35714285714285715,0.13157894736842105,1.0,1,0,2,1,0,0.1609204738615471,0.15701757753351503
0.26315789473684215,0,0,0.31928599808708563,0.8888888888888888,0.5694444444444444,0.4682539682539682,0.24561403508771928,0.75,1,1,2,1,5,0.07047075106954644,0.23953554060785118
0.4035087719298246,1,8,0.06147326809825055,0.2222222222222222,0.5208333333333334,0.42857142857142855,0.6140350877192982,0.75,0,1,0,1,6,0.040617456913517806,0.051839150568500914
0.15789473684210525,0,6,0.019794969244596394,0.4444444444444445,0.5875,0.45714285714285713,0.19999999999999996,0.35,1,1,2,1,0,0.007468677117739492,0.021679194966121224
0.2807017543859649,1,2,0.059028878842894254,0.3333333333333333,0.546875,0.39285714285714285,0.2763157894736842,0.5,0,0,0,1,6,0.02909944527218501,0.0479952114266053
0.4385964912280701,0,0,0.30478088318478713,0.3333333333333333,0.59375,0.6607142857142856,0.28947368421052627,0.75,1,1,3,1,1,0.15201012498322614,0.3048102793192302
0.9473684210526315,0,8,0.009258726906280828,0.0,0.1875,0.42857142857142855,0.5789473684210527,0.5,0,0,2,0,7,0.0185226797292231,0.00834147305503305
0.45614035087719296,1,2,0.002430559054267141,0.0,0.5,0.5714285714285714,0.2631578947368421,0.0,0,0,4,1,0,0.004862489992507844,0.0028379311505135254
0.10526315789473684,0,4,0.14359957063152848,0.3333333333333333,0.5625,0.5178571428571428,0.3026315789473684,0.6875,1,1,2,0,5,0.07139672475607016,0.13077900098719303
