Age,Gender,City,Total_Spending,Visit_Frequency,Avg_Session_Duration,Avg_Pages_Viewed,Avg_Delivery_Time,Avg_Rating,Is_Returning_Customer,Promotion_Response,Most_Used_Payment,Most_Used_Device,Favourite_Category,Monthly_Sales,Annual_Income
0.38596491228070173,1,1,0.04317689992881399,0.2222222222222222,0.5208333333333334,0.49999999999999994,0.4385964912280702,0.5833333333333334,1,1,2,1,1,0.028416435785349248,0.045462990011763474
0.26315789473684215,1,6,0.015719406557925725,0.1111111111111111,0.5625,0.5714285714285714,0.21052631578947367,0.75,1,1,2,0,0,0.015441627096187936,0.012457685562949024
0.42105263157894735,1,9,0.05959888070206843,0.1111111111111111,0.28125,0.46428571428571425,0.2631578947368421,0.625,0,0,2,0,5,0.05933348471795917,0.04484428862012736
0.6140350877192983,1,7,0.00728930627118614,0.0,0.625,0.9285714285714286,0.15789473684210525,1.0,0,1,2,0,3,0.014582726856087174,0.004792442601913058
0.24561403508771928,1,1,0.047584782590226755,0.2222222222222222,0.41666666666666663,0.5238095238095237,0.24561403508771928,0.6666666666666666,0,0,2,1,3,0.03135585354215979,0.041675877291311635
0.24561403508771928,0,6,0.024332263073343335,0.2222222222222222,0.625,0.5238095238095237,0.3508771929824561,0.8333333333333333,1,1,2,1,0,0.015849799046461308,0.022179837380869392
0.6140350877192983,0,1,0.026025869983860157,0.0,0.6875,0.49999999999999994,0.3157894736842105,0.75,1,1,1,1,3,0.05206642978727692,0.02038896968689799
0.45614035087719296,0,9,0.11040471712595777,0.2222222222222222,0.6875,0.49999999999999994,0.2631578947368421,0.9166666666666667,0,1,3,0,6,0.07324762908157952,0.10613875285616463
0.19298245614035092,1,1,0.00902084744754748,0.0,0.3125,0.6428571428571428,0.05263157894736842,0.5,0,0,3,0,3,0.018046786545108367,0.007177711316116825
0.4035087719298246,1,8,0.027796333297572386,0.2222222222222222,0.5208333333333334,0.49999999999999994,0.1929824561403509,0.75,1,0,2,1,0,0.018159830939341603,0.028632544067721918
0.19298245614035092,1,8,0.12475177258723745,0.6666666666666665,0.4375,0.5204081632653061,0.24060150375939848,0.8928571428571428,1,1,2,1,0,0.035169624327560184,0.1129131128462215
0.19298245614035092,2,6,0.015413166390951728,0.0,0.125,0.35714285714285715,0.42105263157894735,0.75,0,0,3,0,7,0.030835032457772877,0.011889413974333584
0.33333333333333337,0,6,0.012915234499950311,0.1111111111111111,0.40625,0.3214285714285714,0.42105263157894735,1.0,1,1,4,1,4,0.012636663656760855,0.013946497027428761
0.0,0,9,0.010595514628697629,0.2222222222222222,0.5625,0.2857142857142857,0.2982456140350877,0.5,1,0,2,0,0,0.006689382265745631,0.007478591721185725
0.0,1,1,0.3436455264140047,0.3333333333333333,0.484375,0.5357142857142856,0.22368421052631576,0.5625,0,1,1,1,2,0.1714479307045768,0.24023743466117878
0.17543859649122806,0,6,0.1533413667044231,1.0,0.525,0.4785714285714285,0.2631578947368421,0.65,1,1,2,1,4,0.03016894010406013,0.1528706316162987
0.07017543859649122,1,1,0.017568899592147372,0.0,0.4375,0.49999999999999994,0.2631578947368421,1.0,1,0,3,1,5,0.035147715623782716,0.014093692825537444
0.3508771929824561,0,3,0.061856167094118675,0.3333333333333333,0.484375,0.5178571428571428,0.2763157894736842,0.875,1,0,2,1,0,0.030513488350399673,0.048709876733535364
0.10526315789473684,0,5,0.013016590116503638,0.0,0.6875,0.49999999999999994,0.15789473684210525,0.75,1,1,4,1,3,0.026040527205852853,0.014175434397445728
0.0,0,6,0.0506359225247941,0.1111111111111111,0.21875,0.5357142857142856,0.5526315789473684,0.875,1,0,2,1,0,0.05036799705294054,0.033698387622453405
0.5964912280701754,0,6,0.10246400838347275,0.2222222222222222,0.6041666666666666,0.4047619047619047,0.3157894736842105,0.8333333333333333,0,1,4,1,1,0.06795232925800387,0.07040967290654913
0.24561403508771928,1,8,0.01816261036747437,0.3333333333333333,0.640625,0.41071428571428564,0.18421052631578946,0.75,0,0,1,0,0,0.008660544482672684,0.013187132195588203
0.29824561403508765,0,0,0.001803260647723638,0.0,0.5625,0.35714285714285715,0.47368421052631576,1.0,1,0,1,1,3,0.0036075391124710692,0.001485588834580317
0.0,0,3,0.006316647986016481,0.1111111111111111,0.46875,0.39285714285714285,0.3157894736842105,0.875,0,1,2,0,1,0.006036214917946963,0.006719052693134387
0.17543859649122806,1,0,0.020693537166788473,0.1111111111111111,0.34375,0.49999999999999994,0.18421052631578946,1.0,1,1,2,0,5,0.020417161482929012,0.01856905477477911
0.3157894736842105,1,7,0.015338285730769056,0.1111111111111111,0.53125,0.35714285714285715,0.4473684210526316,1.0,0,0,3,1,0,0.01506039871074054,0.015002082515699872
0.05263157894736842,1,0,0.0506448133683514,0.3333333333333333,0.453125,0.48214285714285715,0.35526315789473684,0.8125,0,1,2,1,6,0.024906229477353468,0.04060644320428356
0.36842105263157887,1,1,0.016816339078596438,0.1111111111111111,0.5625,0.46428571428571425,0.10526315789473684,0.75,1,1,0,0,1,0.016538869188465755,0.01462368479683409
0.15789473684210525,1,6,0.30193778898946083,0.7777777777777777,0.6015625,0.5714285714285714,0.22368421052631576,0.5625,1,1,0,0,6,0.07501187262584538,0.2862587670775433
0.22807017543859642,0,0,0.38168667995551425,0.6666666666666665,0.5,0.5714285714285714,0.2857142857142857,0.7857142857142858,1,1,2,0,0,0.10860031531029063,0.41560041166048534
0.15789473684210525,1,7,0.009884642292715417,0.2222222222222222,0.45833333333333337,0.4761904761904761,0.2807017543859649,0.8333333333333333,0,0,0,1,4,0.006215333628856149,0.00952221811699819
0.6842105263157895,1,4,0.0006140609283581753,0.0,0.75,0.49999999999999994,0.21052631578947367,0.5,1,0,3,2,1,0.0012284684520171012,0.0006819781652017637
0.2807017543859649,0,1,0.007924705224081858,0.1111111111111111,0.5,0.6785714285714286,0.3157894736842105,0.625,0,1,2,1,5,0.007644725975052367,0.006642232164180625
0.07017543859649122,0,8,0.12423511578940713,0.1111111111111111,0.59375,0.5714285714285714,0.42105263157894735,1.0,1,1,0,0,2,0.12398796116727427,0.0926798310227077
0.45614035087719296,0,8,0.004098678879919674,0.1111111111111111,0.4375,0.6428571428571428,0.3157894736842105,0.75,1,1,1,1,1,0.003817619866089824,0.004367665141927234
0.03508771929824561,1,6,0.007099832516264811,0.2222222222222222,0.47916666666666663,0.49999999999999994,0.3508771929824561,0.9166666666666667,1,1,1,1,1,0.004358269833148187,0.007611764724326657
0.33333333333333337,0,5,0.07083275789818087,0.0,0.6875,0.14285714285714285,0.736842105263158,1.0,0,0,2,2,5,0.14170549603267535,0.06977359544288776
0.0,0,7,0.02205541682546701,0.2222222222222222,0.5,0.5476190476190474,0.15789473684210525,0.6666666666666666,0,0,4,1,4,0.014331473173333352,0.01826381946444072
0.017543859649122806,1,8,0.06456767680479678,0.2222222222222222,0.5,0.5952380952380953,0.2807017543859649,1.0,0,0,2,1,0,0.04268097824508063,0.06732243701195664
0.33333333333333337,1,7,0.05652758818877119,0.2222222222222222,0.5208333333333334,0.2857142857142857,0.3333333333333333,0.9166666666666667,0,0,3,1,7,0.03731940647476919,0.03777253214921717
0.4385964912280701,0,0,0.11204991833266256,0.3333333333333333,0.578125,0.46428571428571425,0.21052631578947367,0.625,0,1,2,0,0,0.05561744670263137,0.07736872442908498
0.33333333333333337,0,7,0.07095742728228448,0.1111111111111111,0.34375,0.49999999999999994,0.2631578947368421,0.75,1,1,3,1,4,0.07069523685863857,0.052500342731044716
0.26315789473684215,0,6,0.025003422974769568,0.1111111111111111,0.59375,0.5357142857142856,0.49999999999999994,1.0,1,1,2,1,3,0.02472826360846007,0.020231757606669485
0.22807017543859642,0,6,0.0074623813591017645,0.1111111111111111,0.46875,0.39285714285714285,0.18421052631578946,1.0,0,0,2,1,0,0.007182271635007318,0.006134929249338011
0.0,0,7,0.14892439562515178,0.2222222222222222,0.5833333333333334,0.49999999999999994,0.1929824561403509,0.75,1,1,0,0,1,0.09893466198705035,0.14942272246728724
0.14035087719298245,0,0,0.0370058642028361,0.1111111111111111,0.53125,0.6071428571428572,0.18421052631578946,0.25,1,0,4,0,2,0.03673409211418511,0.026747087831297242
0.19298245614035092,1,3,0.05848061015686017,0.1111111111111111,0.59375,0.49999999999999994,0.18421052631578946,1.0,1,1,2,1,2,0.05821489857921773,0.03865801503766209
0.5087719298245613,1,2,0.08736755359746251,0.3333333333333333,0.4375,0.6785714285714286,0.381578947368421,0.625,1,1,2,0,5,0.0432727814592964,0.08364531874683942
0.36842105263157887,1,1,0.013594494947728755,0.2222222222222222,0.5416666666666666,0.4761904761904761,0.3684210526315789,0.6666666666666666,1,1,2,0,0,0.008689266718037306,0.01140088070120246
0.0,0,7,0.004605852111288862,0.0,0.1875,0.14285714285714285,0.42105263157894735,0.75,1,0,0,1,0,0.009214303910367653,0.004565595586425446
0.3508771929824561,0,6,0.00640022191545519,0.1111111111111111,0.53125,0.42857142857142855,0.3947368421052631,0.625,0,1,2,0,1,0.006119812433262798,0.005766678459750137
0.21052631578947367,0,5,0.13412272169664166,0.3333333333333333,0.609375,0.42857142857142855,0.3157894736842105,0.8125,1,1,2,1,1,0.06665696303072811,0.14549028655799262
0.14035087719298245,1,4,0.0038440056055780757,0.0,0.3125,0.21428571428571425,0.10526315789473684,0.0,1,1,2,1,1,0.0076901808888174775,0.003966273523238559
0.42105263157894735,0,7,0.01017863285301045,0.0,0.625,0.2857142857142857,0.0,0.5,1,0,3,1,5,0.020363010846530576,0.007462173728319758
0.5087719298245613,1,6,0.015016437193994451,0.2222222222222222,0.6458333333333333,0.4047619047619047,0.3508771929824561,0.6666666666666666,1,1,2,0,0,0.009637495745189502,0.010442409600440928
0.49122807017543857,1,6,0.11512555748058782,0.4444444444444445,0.375,0.5142857142857142,0.2421052631578947,0.8500000000000001,1,1,2,0,0,0.0456116739285832,0.09424263232771603
0.10526315789473684,0,2,0.02965807593847299,0.3333333333333333,0.515625,0.49999999999999994,0.21052631578947367,0.75,0,1,2,1,0,0.014409899368749824,0.022711701961431914
0.22807017543859642,0,3,0.09779888398180182,0.5555555555555556,0.42708333333333337,0.5714285714285714,0.2982456140350877,0.7083333333333334,1,1,2,1,0,0.0321384685791591,0.09924850883688667
0.3508771929824561,2,5,0.07658829486858049,0.3333333333333333,0.625,0.46428571428571425,0.34210526315789475,0.5625,0,1,2,0,3,0.03788163105669433,0.07221761182917692
0.49122807017543857,1,1,0.02288937795114264,0.0,0.75,0.21428571428571425,0.5789473684210527,1.0,1,0,4,2,7,0.04579167538709305,0.020454685207414558
0.19298245614035092,0,0,0.02427239806005745,0.2222222222222222,0.45833333333333337,0.3809523809523809,0.1929824561403509,0.41666666666666663,1,1,1,1,0,0.015809877774371952,0.02463112645895859
0.24561403508771928,1,2,0.11112704877141386,0.3333333333333333,0.578125,0.44642857142857145,0.2368421052631579,0.9375,1,1,2,1,0,0.05515588169785565,0.10624157216957723
0.05263157894736842,1,1,0.058202623114968294,0.2222222222222222,0.5625,0.4761904761904761,0.14035087719298245,0.9166666666666667,1,1,4,1,3,0.03843641157303184,0.05673470422267293
0.03508771929824561,0,3,0.014182080919716277,0.0,0.5625,0.5714285714285714,0.42105263157894735,1.0,1,1,2,1,6,0.028372166651943226,0.01028241038083995
0.45614035087719296,0,6,0.05842153544077938,0.1111111111111111,0.375,0.49999999999999994,0.18421052631578946,0.875,1,0,2,0,2,0.058155807191323086,0.05184632305767306
0.5789473684210525,0,7,0.06991166650564361,0.0,0.5625,0.7142857142857142,0.2631578947368421,0.5,1,0,2,2,5,0.1398627933546497,0.06814351085146585
0.2807017543859649,1,9,0.029124230176431877,0.4444444444444445,0.48750000000000004,0.5857142857142856,0.34736842105263155,0.8500000000000001,1,1,0,1,3,0.011201434636130452,0.023865359916371887
0.5087719298245613,0,7,0.0021415078515039454,0.0,0.4375,0.6428571428571428,0.3684210526315789,0.75,1,0,2,1,1,0.004284224437391687,0.0014113812487882476
0.36842105263157887,1,5,0.05031190067070549,0.1111111111111111,0.34375,0.6071428571428572,0.47368421052631576,0.5,1,0,3,1,2,0.05004388375478931,0.043433342861866064
0.15789473684210525,0,3,0.024933679246420003,0.2222222222222222,0.5416666666666666,0.42857142857142855,0.2982456140350877,0.9166666666666667,1,1,2,0,1,0.01625085631458015,0.018764502923273713
0.36842105263157887,1,6,0.040265840173849585,0.3333333333333333,0.578125,0.23214285714285715,0.43421052631578944,0.8125,1,1,2,1,1,0.019715278325377734,0.038487346300150875
0.6140350877192983,1,3,0.10581723942468735,0.6666666666666665,0.5357142857142857,0.4081632653061224,0.3157894736842105,0.7142857142857143,1,1,2,1,6,0.029758230960256513,0.08753002489438047
0.2807017543859649,0,7,0.004158346318904284,0.0,0.625,0.5714285714285714,0.631578947368421,1.0,1,0,3,1,0,0.008319039739254804,0.004633488559576759
0.6140350877192983,0,1,0.18994990898739816,0.6666666666666665,0.5,0.4387755102040816,0.3533834586466165,0.5714285714285714,0,1,3,0,5,0.05380292042456696,0.15815487367029502
0.0,1,6,0.18845150548653955,0.2222222222222222,0.47916666666666663,0.42857142857142855,0.22807017543859648,0.5833333333333334,0,1,2,1,2,0.1252935053426322,0.2050771053397584
0.45614035087719296,1,7,0.4157245830046191,0.4444444444444445,0.525,0.5142857142857142,0.2526315789473684,0.65,1,1,2,1,1,0.16588521764702044,0.2956896628310403
0.3157894736842105,0,6,0.025062497690850352,0.3333333333333333,0.4375,0.5178571428571428,0.2368421052631579,0.75,1,1,2,1,1,0.012111461772713968,0.020289329454332112
0.22807017543859642,1,6,0.005631065160597283,0.2222222222222222,0.5833333333333334,0.6666666666666667,0.5263157894736843,0.6666666666666666,0,1,1,2,1,0.0033788152565399575,0.004371584556669772
0.3157894736842105,1,7,0.05195828732321793,0.2222222222222222,0.5208333333333334,0.4761904761904761,0.3508771929824561,1.0,1,1,3,0,3,0.03427234621202793,0.03834280699425658
0.0,1,1,0.013623143221413418,0.4444444444444445,0.3375,0.49999999999999994,0.3789473684210526,0.7,1,1,2,0,1,0.004999249993922875,0.013139881473414263
0.24561403508771928,1,8,0.03894051176090665,0.0,0.375,0.5714285714285714,0.10526315789473684,0.25,0,1,2,1,2,0.07790300277136633,0.032575693043979496
0.36842105263157887,0,1,0.07090368707233807,0.4444444444444445,0.475,0.4857142857142857,0.2736842105263158,0.7,0,1,2,1,5,0.02791793372238787,0.06321009996597948
0.5964912280701754,0,0,0.009801858660481801,0.0,0.625,0.5714285714285714,0.21052631578947367,1.0,1,1,4,0,0,0.019609249798269113,0.008055616669392838
0.17543859649122806,0,3,0.05313563258450697,0.5555555555555556,0.5104166666666666,0.4523809523809524,0.32456140350877194,0.8333333333333333,0,1,2,1,6,0.01724651655609594,0.05541982767465653
0.12280701754385964,2,0,0.018152138929506876,0.1111111111111111,0.46875,0.6785714285714286,0.10526315789473684,0.625,0,1,2,1,3,0.017875046023100187,0.01727268657415803
0.17543859649122806,1,1,0.04394091975183878,0.1111111111111111,0.46875,0.5714285714285714,0.5789473684210527,1.0,0,0,3,1,1,0.04367110484492068,0.048498228337438276
0.4736842105263158,1,8,0.02508185997237516,0.4444444444444445,0.5625,0.49999999999999994,0.3789473684210526,0.8,0,1,2,0,1,0.009584030226331874,0.025061565295794747
0.3508771929824561,1,3,0.030601098078451617,0.4444444444444445,0.6,0.5285714285714285,0.1894736842105263,0.8999999999999999,1,1,2,1,1,0.011792348515076899,0.027404373683621013
0.17543859649122806,1,5,0.2958084414410517,0.8888888888888888,0.5625,0.5079365079365079,0.3801169590643274,0.6388888888888888,1,1,4,0,2,0.06525204387360978,0.2733556618036311
0.4035087719298246,1,1,0.0743389114485812,0.3333333333333333,0.546875,0.37499999999999994,0.49999999999999994,0.5625,1,0,2,0,5,0.03675662194100782,0.07632842465830979
0.3157894736842105,0,6,0.011220046995023302,0.3333333333333333,0.53125,0.44642857142857145,0.25,0.9375,0,1,2,0,0,0.005188283146167785,0.0087240075301538
0.49122807017543857,0,2,0.16979021758265078,1.0,0.5875,0.5214285714285714,0.2578947368421053,0.675,1,1,0,1,0,0.033459638704582385,0.13735236217900645
0.14035087719298245,1,6,0.1297970299445587,0.1111111111111111,0.71875,0.6428571428571428,0.28947368421052627,0.125,1,0,2,1,1,0.12955144498206408,0.10602443659284057
0.22807017543859642,0,7,0.008148952056027331,0.0,0.375,0.6428571428571428,0.2631578947368421,0.75,0,1,2,1,4,0.016302503636887174,0.006669450322114924
0.21052631578947367,0,6,0.011437773875026747,0.2222222222222222,0.625,0.5238095238095237,0.5087719298245614,0.8333333333333333,0,1,4,1,7,0.007251046895834532,0.012681440595695299
0.0,0,2,0.008958216394043768,0.2222222222222222,0.5625,0.4761904761904761,0.3157894736842105,0.6666666666666666,1,1,2,0,1,0.005597542061770329,0.007675041497892314
0.3508771929824561,0,4,0.009237784030345832,0.0,0.3125,0.7857142857142856,0.10526315789473684,0.75,1,1,3,1,3,0.018480782156535258,0.00773823117335258
0.3508771929824561,0,7,0.04839147846232664,0.1111111111111111,0.53125,0.3214285714285714,0.2368421052631579,0.5,1,0,2,1,2,0.04812291957306373,0.04310180392369998
0.29824561403508765,0,5,0.363405722581577,0.3333333333333333,0.59375,0.5357142857142856,0.17105263157894735,0.75,1,1,2,0,2,0.18133081710741134,0.29702256868687243
0.24561403508771928,0,7,0.007728711517218502,0.0,0.6875,0.35714285714285715,0.2631578947368421,1.0,0,1,3,0,6,0.015461785362292459,0.007095926195155848
0.0,0,7,0.27890813328441394,0.4444444444444445,0.5125,0.42857142857142855,0.2210526315789474,0.75,1,1,3,1,2,0.11114319305749314,0.2668833144940132
0.19298245614035092,1,8,0.06492172995267899,0.2222222222222222,0.375,0.5714285714285714,0.3684210526315789,0.33333333333333337,1,0,0,1,6,0.04291708028991276,0.05671162322474464
0.21052631578947367,1,9,0.07789050708827441,0.4444444444444445,0.6499999999999999,0.657142857142857,0.23157894736842105,0.8999999999999999,1,1,2,1,7,0.03071345044495419,0.059474157382444125
0.12280701754385964,0,5,0.057144810305949735,0.5555555555555556,0.7083333333333333,0.49999999999999994,0.18421052631578946,0.5,1,1,2,1,3,0.018583286280909918,0.057280635147255905
0.26315789473684215,1,1,0.026985093216543216,0.1111111111111111,0.5625,0.5714285714285714,0.3684210526315789,0.875,0,1,2,0,4,0.026710493108738628,0.02516812982773911
0.36842105263157887,1,3,0.19656054753370963,0.2222222222222222,0.47916666666666663,0.3809523809523809,0.3157894736842105,0.6666666666666666,1,1,2,1,2,0.13070105904020168,0.2139981723333565
0.6842105263157895,0,6,0.06063219429772907,0.2222222222222222,0.4375,0.4047619047619047,0.42105263157894735,0.8333333333333333,1,1,2,1,4,0.0400565828036683,0.04251019004284008
0.33333333333333337,1,7,0.1797307734026266,0.1111111111111111,0.5625,0.49999999999999994,0.07894736842105263,0.875,1,1,0,0,2,0.1794992805277671,0.1834233840644958
0.3508771929824561,0,7,0.057445518392488064,0.5555555555555556,0.6875,0.49999999999999994,0.3070175438596491,0.75,1,1,2,0,7,0.018683550597939625,0.04433772603918056
0.2807017543859649,0,5,0.010837345573456445,0.1111111111111111,0.125,0.49999999999999994,0.15789473684210525,0.75,0,0,2,0,3,0.010558188317336167,0.011330810275416405
0.0,0,9,0.10552344643869359,0.4444444444444445,0.5375,0.47142857142857136,0.34736842105263155,0.8500000000000001,1,0,2,1,0,0.04176974556513204,0.09629239913995848
0.2807017543859649,0,7,0.10518598953211836,0.4444444444444445,0.5,0.45714285714285713,0.3894736842105263,0.95,1,1,3,1,6,0.04163472470824367,0.09786634900245669
0.29824561403508765,1,6,0.1322592008870296,0.2222222222222222,0.5,0.4761904761904761,0.2807017543859649,0.8333333333333333,0,0,1,0,0,0.0878213967082869,0.10506152348870416
0.8070175438596491,0,9,0.004188970335601684,0.1111111111111111,0.84375,0.46428571428571425,0.28947368421052627,0.5,0,1,1,0,0,0.003907936803440502,0.0035396234539868546
0.24561403508771928,0,6,0.10559141199833168,0.4444444444444445,0.5,0.5714285714285714,0.3052631578947368,0.8,0,0,2,1,0,0.041796939461367165,0.09096055797136667
0.3508771929824561,2,2,0.007553463111988868,0.1111111111111111,0.75,0.6071428571428572,0.631578947368421,0.625,1,0,2,0,1,0.00727337909259739,0.008346001752762275
0.2807017543859649,1,6,0.03918649176599221,0.1111111111111111,0.53125,0.49999999999999994,0.18421052631578946,0.25,1,0,2,0,3,0.03891533508473092,0.04034876345948798
0.03508771929824561,1,1,0.024578045504127625,0.1111111111111111,0.34375,0.5357142857142856,0.2631578947368421,0.875,0,0,0,0,0,0.024302766089606652,0.020670340116359584
0.5263157894736842,0,4,0.015975858000978782,0.1111111111111111,0.8125,0.39285714285714285,0.5526315789473684,0.625,0,0,0,1,4,0.01569815091387104,0.015811354561928757
0.45614035087719296,1,6,0.020430170623190837,0.1111111111111111,0.6875,0.49999999999999994,0.21052631578947367,0.875,1,1,2,0,1,0.02015372061315121,0.015955501926348797
0.45614035087719296,0,7,0.024916490282209203,0.1111111111111111,0.5625,0.5357142857142856,0.28947368421052627,0.75,1,0,0,0,0,0.024641306382126808,0.02025144177848757
0.10526315789473684,1,1,0.11661862647531199,0.1111111111111111,0.375,0.5714285714285714,0.18421052631578946,0.75,0,1,1,0,2,0.11636932236012187,0.09186446210910153
0.5789473684210525,1,9,0.00207097382594929,0.0,0.5,0.6428571428571428,0.631578947368421,1.0,1,0,2,0,7,0.004143116574659992,0.0014518383187417877
0.0,1,9,0.026082771382626938,0.2222222222222222,0.5,0.5238095238095237,0.24561403508771928,0.75,1,0,0,0,3,0.017017133933298668,0.02451162785836385
0.42105263157894735,1,6,0.10803422065927777,0.5555555555555556,0.53125,0.5119047619047619,0.34210526315789475,0.625,1,1,2,0,4,0.035551210329306346,0.11767650822998707
0.7543859649122807,0,6,0.11423548525335052,0.2222222222222222,0.6458333333333333,0.4523809523809524,0.1929824561403509,0.8333333333333333,0,1,2,0,2,0.07580219523517878,0.08316153232045204
0.08771929824561403,0,2,0.13431990084931267,0.1111111111111111,0.28125,0.6428571428571428,0.10526315789473684,1.0,1,1,0,0,2,0.1340755923121116,0.09179121260246875
0.17543859649122806,1,1,0.037145549233836506,0.2222222222222222,0.5208333333333334,0.5952380952380953,0.2982456140350877,0.9166666666666667,1,1,2,1,0,0.024394400560689655,0.025453593868154028
0.3157894736842105,0,2,0.08714666552863869,0.3333333333333333,0.71875,0.37499999999999994,0.21052631578947367,0.8125,0,1,2,0,0,0.04316230625584119,0.07635359601076741
0.17543859649122806,1,6,0.02768134505423118,0.4444444444444445,0.6375,0.39999999999999997,0.2631578947368421,0.75,0,1,3,1,1,0.010624117705301563,0.022707390605215122
0.0,0,6,0.028367125453951657,0.3333333333333333,0.625,0.625,0.2368421052631579,0.75,0,1,1,1,1,0.013764241963225395,0.030655354016346226
0.29824561403508765,1,2,0.007655213877144743,0.0,0.625,0.6428571428571428,0.42105263157894735,0.75,1,0,2,1,7,0.015314748597765316,0.007180846847910856
0.07017543859649122,0,6,0.06261801359982946,0.3333333333333333,0.53125,0.5892857142857142,0.2763157894736842,0.5625,1,0,0,1,0,0.030894519105787218,0.05042697233224165
0.38596491228070173,0,9,0.0062471018319681946,0.1111111111111111,0.5625,0.46428571428571425,0.18421052631578946,0.5,1,1,2,1,1,0.005966649136880359,0.005642476561464349
0.08771929824561403,0,6,0.023531099281679114,0.3333333333333333,0.6875,0.48214285714285715,0.2631578947368421,0.6875,1,0,3,1,0,0.011345546475771838,0.023866187348373088
0.6140350877192983,0,6,0.5478840088695056,0.6666666666666665,0.3839285714285714,0.510204081632653,0.2706766917293233,0.6785714285714286,1,1,2,0,2,0.1560986674285023,0.5084081027019052
0.12280701754385964,0,4,0.15476528469370154,0.4444444444444445,0.6625000000000001,0.4857142857142857,0.15789473684210525,0.75,1,1,2,1,1,0.06147203959557773,0.1514930879814544
0.22807017543859642,0,7,0.09926172410843115,0.1111111111111111,0.59375,0.75,0.3947368421052631,0.75,1,0,2,0,2,0.09900752160244776,0.0923678891582543
0.45614035087719296,0,0,0.047432452803944855,0.2222222222222222,0.41666666666666663,0.4761904761904761,0.10526315789473684,0.9166666666666667,1,1,0,0,4,0.03125427169139776,0.03851421606566362
0.03508771929824561,0,6,0.08126744704564183,0.4444444444444445,0.5125,0.5285714285714285,0.3368421052631579,0.7,1,1,3,1,0,0.032064607638125124,0.08537164674471702
0.33333333333333337,0,3,0.0134052187671087,0.2222222222222222,0.75,0.42857142857142855,0.14035087719298245,0.6666666666666666,0,1,3,0,1,0.008563046986480851,0.011698538476371942
0.5614035087719298,1,0,0.08801105309671044,0.5555555555555556,0.5625,0.4880952380952381,0.28947368421052627,0.8333333333333333,0,0,0,1,0,0.028874937524197324,0.08975925735277851
0.0,0,1,0.12430960130098725,0.3333333333333333,0.640625,0.5535714285714286,0.513157894736842,0.75,1,1,2,0,2,0.06174901812445514,0.09899688241041567
0.33333333333333337,1,5,0.11428645942307909,0.1111111111111111,0.53125,0.5357142857142856,0.2631578947368421,0.875,1,0,0,1,2,0.11403649713367242,0.08591370180361015
0.3508771929824561,0,3,0.08346961020763675,0.5555555555555556,0.47916666666666663,0.5476190476190474,0.4385964912280702,0.7083333333333334,1,1,2,0,6,0.02736069600563957,0.0721939211445109
0.45614035087719296,0,1,0.0969378551768517,0.2222222222222222,0.625,0.42857142857142855,0.22807017543859648,0.8333333333333333,1,0,1,1,2,0.06426718740869902,0.08799238518684198
0.03508771929824561,0,3,0.0513513390697056,0.2222222222222222,0.5416666666666666,0.4047619047619047,0.22807017543859648,1.0,0,1,2,1,3,0.03386759984945859,0.048781122983744186
0.017543859649122806,1,3,0.09236420767667043,0.2222222222222222,0.5,0.5476190476190474,0.2807017543859649,0.5833333333333334,1,0,0,1,6,0.06121722857174665,0.0983838859446826
0.4035087719298246,1,6,0.09807627830078988,0.1111111111111111,0.53125,0.3214285714285714,0.42105263157894735,0.75,1,1,2,0,5,0.0978217412433579,0.06820173593491889
0.3508771929824561,0,7,0.04372971282377736,0.1111111111111111,0.59375,0.6071428571428572,0.3157894736842105,0.875,1,1,1,0,2,0.04345983831094283,0.039244098188829735
0.3508771929824561,0,1,0.24465270092960686,0.2222222222222222,0.6666666666666667,0.4761904761904761,0.2982456140350877,0.8333333333333333,0,1,2,0,2,0.162771542878773,0.22888471921225687
0.36842105263157887,1,7,0.07787786233299292,0.6666666666666665,0.4196428571428571,0.49999999999999994,0.2631578947368421,0.6785714285714286,0,1,3,0,1,0.02177329895360812,0.0851618709578858
0.14035087719298245,1,0,0.08258032827760453,0.4444444444444445,0.675,0.4142857142857142,0.21052631578947367,0.5,0,1,2,0,3,0.032589908337201934,0.07560712169852454
0.33333333333333337,0,7,0.8219002024543866,1.0,0.5375,0.4857142857142857,0.3684210526315789,0.7,1,1,0,1,2,0.16391844281742202,0.7493632257514955
0.3508771929824561,0,8,0.203482365604527,0.4444444444444445,0.4375,0.4857142857142857,0.19999999999999996,0.65,0,1,2,1,0,0.08096437145044061,0.14834200917561122
0.14035087719298245,1,1,0.03306504718963399,0.1111111111111111,0.78125,0.42857142857142855,0.3947368421052631,0.625,1,1,1,0,5,0.032792162940450696,0.022467522422971745
0.6842105263157895,1,7,0.05537138337771841,0.2222222222222222,0.5,0.4523809523809524,0.3157894736842105,0.75,0,1,1,1,1,0.036548385734614317,0.05950904017365272
0.38596491228070173,1,5,0.16599659342389747,0.7777777777777777,0.4453125,0.5178571428571428,0.3157894736842105,0.75,0,1,3,0,1,0.041016982548672816,0.14616255328444344
0.03508771929824561,0,3,0.04799870075139483,0.0,0.375,0.5714285714285714,0.3157894736842105,0.5,0,0,3,1,2,0.09602449347909735,0.045735999023107654
0.42105263157894735,1,3,0.22065493114831963,0.0,0.4375,0.6428571428571428,0.10526315789473684,1.0,1,0,2,1,2,0.44143440687958135,0.1517257270209504
0.08771929824561403,1,6,0.01540131193287532,0.3333333333333333,0.546875,0.6428571428571428,0.21052631578947367,0.75,1,1,2,0,1,0.007279505624452688,0.016721181370830115
0.45614035087719296,1,1,0.004412229296040788,0.0,0.625,0.6428571428571428,0.3157894736842105,1.0,0,0,2,1,3,0.008826948993064963,0.004581534539711772
0.5263157894736842,1,1,0.1052618580638074,0.1111111111111111,0.34375,0.39285714285714285,0.21052631578947367,0.5,1,0,2,0,4,0.10500934888998112,0.07860473364267095
0.12280701754385964,0,4,0.007514145826035432,0.1111111111111111,0.4375,0.5357142857142856,0.28947368421052627,0.875,0,1,0,0,1,0.007234050710687575,0.0052294573457061415
0.49122807017543857,1,1,0.1205900675052115,0.1111111111111111,0.28125,0.5714285714285714,0.3157894736842105,0.875,0,1,2,1,2,0.12034188419313277,0.08794561350424768
0.36842105263157887,1,9,0.030332792177322144,0.2222222222222222,0.625,0.5714285714285714,0.2807017543859649,0.6666666666666666,1,1,2,1,6,0.019851280744896678,0.020480204952293756
0.45614035087719296,1,2,0.22901192894358802,0.8888888888888888,0.5833333333333334,0.3968253968253968,0.3216374269005848,0.6111111111111112,1,1,3,0,3,0.05040418531278833,0.18475393827148234
0.6842105263157895,1,1,0.15910204060665586,0.6666666666666665,0.4196428571428571,0.6224489795918366,0.22556390977443608,0.9285714285714286,0,1,0,1,3,0.04498675638619657,0.14924591331334605
0.24561403508771928,1,3,0.003958203551714184,0.1111111111111111,0.59375,0.42857142857142855,0.42105263157894735,1.0,1,1,0,1,3,0.0036771048935376745,0.004434382290655784
0.12280701754385964,0,5,0.03719909186948163,0.1111111111111111,0.5,0.39285714285714285,0.3157894736842105,0.875,1,1,3,1,4,0.036927374312716754,0.032446831397055356
0.10526315789473684,0,9,0.011284851365841024,0.1111111111111111,0.40625,0.39285714285714285,0.3157894736842105,0.5,1,1,0,0,4,0.011005820402892592,0.008489278136128417
0.12280701754385964,0,6,0.03046259849325886,0.4444444444444445,0.575,0.5428571428571427,0.3368421052631579,0.65,1,1,1,1,4,0.011736933046295433,0.03037006417214209
0.2807017543859649,0,1,0.012995252091966095,0.2222222222222222,0.4375,0.6904761904761905,0.24561403508771928,0.9166666666666667,1,1,4,1,0,0.008289658737024022,0.010054431089982272
0.36842105263157887,0,1,0.4093733595158798,0.3333333333333333,0.640625,0.5892857142857142,0.22368421052631576,0.625,1,1,4,0,2,0.20432112196956534,0.43781892060014777
0.3508771929824561,1,6,0.1260622829275849,0.3333333333333333,0.65625,0.5714285714285714,0.3157894736842105,0.6875,0,1,4,1,6,0.06262560625491234,0.10132022437168732
0.45614035087719296,0,3,0.02358385162011915,0.0,0.875,0.5714285714285714,0.21052631578947367,1.0,0,0,2,0,3,0.04718101470782668,0.02196770994519265
0.29824561403508765,0,9,0.02646428735838615,0.1111111111111111,0.4375,0.42857142857142855,0.21052631578947367,0.75,1,0,2,0,1,0.026189540270978477,0.027829673732239175
0.5964912280701754,0,1,0.3579030807168075,0.5555555555555556,0.44791666666666663,0.5833333333333333,0.2807017543859649,0.7083333333333334,1,1,4,1,2,0.11886433598902019,0.31945538251484634
0.22807017543859642,0,0,0.0015801992615858066,0.0,0.5625,0.35714285714285715,0.3684210526315789,0.75,0,0,2,0,1,0.003161290437333583,0.0010197446179032246
0.8596491228070174,1,2,0.021079399777175704,0.3333333333333333,0.359375,0.39285714285714285,0.21052631578947367,0.75,1,1,2,0,4,0.010119350769442993,0.017626871019725456
0.42105263157894735,0,1,0.06893821792326886,0.6666666666666665,0.4375,0.5816326530612244,0.5488721804511278,0.7857142857142858,1,1,2,0,0,0.019218394005620542,0.0743936273451818
0.10526315789473684,0,6,0.09765801350499378,0.3333333333333333,0.59375,0.42857142857142855,0.35526315789473684,0.6875,1,1,1,0,5,0.04841946347786612,0.10485762682398675
0.07017543859649122,2,0,0.10249245908285613,0.6666666666666665,0.5446428571428571,0.4795918367346938,0.3383458646616541,0.6071428571428571,1,1,3,1,1,0.028808025632505823,0.09703547662609113
0.38596491228070173,1,9,0.004149850623949522,0.1111111111111111,0.65625,0.6071428571428572,0.2631578947368421,0.625,0,1,2,0,1,0.003868806051590536,0.002834782036120281
0.24561403508771928,1,2,0.06715708559728786,0.0,0.375,0.5714285714285714,0.47368421052631576,1.0,0,0,2,1,5,0.1343520767658394,0.072376740067724
0.4385964912280701,1,6,0.016887070678452368,0.2222222222222222,0.5208333333333334,0.3809523809523809,0.2631578947368421,0.5,0,1,0,1,0,0.010884936682952042,0.018045159670859744
0.38596491228070173,0,6,0.051061892718339864,0.1111111111111111,0.5625,0.6785714285714286,0.2368421052631579,0.625,0,0,0,1,5,0.0507940874619735,0.043355346508489545
0.2807017543859649,1,6,0.0013199939068085488,0.0,0.75,0.35714285714285715,0.42105263157894735,0.75,1,0,3,0,1,0.0026407328596931316,0.0013152684894906556
0.10526315789473684,1,3,0.28294833017115667,0.8888888888888888,0.45833333333333337,0.49206349206349204,0.2807017543859649,0.5833333333333334,1,1,2,1,1,0.06239343485238164,0.24510469453562164
0.0,2,0,0.25777973508052243,0.2222222222222222,0.6458333333333333,0.49999999999999994,0.2631578947368421,0.75,0,0,2,1,0,0.1715253687496941,0.27481555669712143
0.19298245614035092,1,6,0.06316331867134443,0.1111111111111111,0.53125,0.5357142857142856,0.4473684210526316,0.75,0,1,2,1,2,0.06289892862768257,0.06096479790713705
0.4736842105263158,0,5,0.0015142094449604427,0.0,0.3125,0.2857142857142857,0.21052631578947367,1.0,1,0,3,2,4,0.0030292735573549112,0.0011240445991074536
0.33333333333333337,1,3,0.05839130657268453,0.3333333333333333,0.6875,0.49999999999999994,0.3684210526315789,0.8125,1,1,2,0,3,0.02878056917061976,0.04433210821138292
0.03508771929824561,0,2,0.019181698613443314,0.1111111111111111,0.59375,0.49999999999999994,0.15789473684210525,0.75,0,0,2,1,1,0.018904896264969738,0.014462248458494184
0.33333333333333337,0,4,0.07909294428582521,0.2222222222222222,0.5625,0.5238095238095237,0.3508771929824561,0.75,1,1,1,1,4,0.052367222738366054,0.0638253174334
0.36842105263157887,0,6,0.1999133834263217,0.2222222222222222,0.5208333333333334,0.35714285714285715,0.22807017543859648,0.8333333333333333,1,1,1,1,0,0.13293691378395225,0.19145422132290524
0.10526315789473684,0,9,0.9347230314536313,1.0,0.49375,0.5142857142857142,0.19999999999999996,0.675,1,1,3,1,6,0.18648937669257795,0.831818348888184
0.3157894736842105,1,6,0.09105725367374595,0.3333333333333333,0.671875,0.44642857142857145,0.4473684210526316,0.625,1,1,2,1,6,0.04511815214313,0.08355486736439216
0.29824561403508765,1,1,0.13285706072268333,0.3333333333333333,0.609375,0.6071428571428572,0.18421052631578946,0.5,1,0,0,1,0,0.06602395394903397,0.11681332245652194
0.05263157894736842,1,9,0.1168306237005785,0.5555555555555556,0.5104166666666666,0.5833333333333333,0.2192982456140351,0.875,1,1,2,1,1,0.038484172170828515,0.11954646100365236
0.36842105263157887,0,9,0.0017639433617702026,0.0,0.8125,0.35714285714285715,0.15789473684210525,0.75,1,0,2,2,0,0.003528882348651441,0.001172122753282597
0.4035087719298246,0,7,0.0023242640801819734,0.0,0.625,0.9285714285714286,0.15789473684210525,1.0,1,0,0,0,4,0.004649840048111061,0.002361795774801229
0.5087719298245613,1,3,0.018709496033399543,0.3333333333333333,0.453125,0.5535714285714286,0.3684210526315789,0.875,1,1,4,1,7,0.008934064485502748,0.018978502968216335
0.5087719298245613,0,0,0.04564025631709253,0.2222222222222222,0.6041666666666666,0.4523809523809524,0.15789473684210525,0.75,0,0,1,0,0,0.030059136842808407,0.03655132961354745
0.0,1,5,0.08031098985317661,0.6666666666666665,0.5892857142857143,0.45918367346938777,0.23308270676691728,0.6428571428571429,0,1,4,0,5,0.022468674435617248,0.08613601971761749
0.08771929824561403,0,6,0.06571973255552281,0.1111111111111111,0.75,0.7142857142857142,0.5789473684210527,0.375,0,0,2,1,2,0.06545606397205984,0.05003298405251111
0.4035087719298246,0,5,0.013257828338358636,0.1111111111111111,0.4375,0.6071428571428572,0.2631578947368421,0.625,1,1,1,0,1,0.012979354180537825,0.009829717978076712
0.4035087719298246,1,7,0.04349637757397331,0.0,0.875,0.35714285714285715,0.6842105263157894,0.75,1,0,1,1,5,0.08701730587145073,0.04435640858278666
0.4035087719298246,0,7,0.01929648928248324,0.2222222222222222,0.41666666666666663,0.4047619047619047,0.3859649122807018,0.16666666666666669,1,1,0,0,0,0.01249166906951881,0.014985316130412344
0.9999999999999999,1,7,0.23328052172260294,0.5555555555555556,0.625,0.46428571428571425,0.21052631578947367,0.7083333333333334,1,1,3,1,0,0.0773117595089868,0.2541537086460373
0.4035087719298246,0,7,0.015407634310516071,0.3333333333333333,0.515625,0.23214285714285715,0.43421052631578944,0.75,0,1,2,0,1,0.007282667705410261,0.010269519861242266
0.5263157894736842,0,8,0.29180874728607004,0.5555555555555556,0.46875,0.4761904761904761,0.3596491228070175,0.75,1,1,2,1,2,0.09682667389202164,0.23666449618188035
0.49122807017543857,1,3,0.015056742351454254,0.1111111111111111,0.375,0.39285714285714285,0.42105263157894735,0.75,1,1,2,1,4,0.014778775875456696,0.013525464785974698
0.42105263157894735,1,8,0.04232772558194029,0.2222222222222222,0.5625,0.4047619047619047,0.3859649122807018,0.5833333333333334,1,1,2,0,0,0.02785015978719722,0.034528606763028526
0.22807017543859642,1,6,0.06636856656090515,0.2222222222222222,0.33333333333333337,0.42857142857142855,0.3333333333333333,0.6666666666666666,1,1,3,1,6,0.043881910242092204,0.05448265206066279
0.45614035087719296,0,0,0.15428004220977373,0.4444444444444445,0.5375,0.5142857142857142,0.3684210526315789,0.7,1,0,2,1,5,0.06127788782478276,0.1252775163382981
0.12280701754385964,0,5,0.0014292524954128188,0.0,0.4375,0.7142857142857142,0.05263157894736842,1.0,1,0,3,1,1,0.002859311705885364,0.001547602685617821
0.24561403508771928,1,2,0.11323990834923313,0.2222222222222222,0.39583333333333337,0.4047619047619047,0.15789473684210525,0.5833333333333334,1,1,3,2,1,0.07513828998746168,0.07595133341102485
0.19298245614035092,0,3,0.017383179748950237,0.1111111111111111,0.53125,0.39285714285714285,0.5263157894736843,0.875,0,0,2,0,3,0.01710586983017056,0.01674883501929136
0.29824561403508765,0,3,0.05817634573289891,0.2222222222222222,0.5208333333333334,0.6190476190476191,0.42105263157894735,0.8333333333333333,1,1,2,1,3,0.03841888837439196,0.04463333700887338
0.7719298245614034,1,9,0.031233138268225682,0.2222222222222222,0.5625,0.35714285714285715,0.2631578947368421,0.8333333333333333,1,1,2,1,1,0.020451680866715845,0.02302638741620509
0.0,1,5,0.023499882542077893,0.3333333333333333,0.671875,0.41071428571428564,0.13157894736842105,0.8125,1,1,4,0,1,0.011329933701043822,0.02116013631201886
0.4385964912280701,0,6,0.07638202729805091,0.1111111111111111,0.46875,0.49999999999999994,0.4473684210526316,0.75,1,1,2,0,0,0.0761213677818338,0.07913816598913051
0.0,0,5,0.061112299849823776,0.2222222222222222,0.625,0.5476190476190474,0.2631578947368421,0.6666666666666666,0,1,1,0,6,0.04037674350062256,0.059494886731526885
0.19298245614035092,1,7,0.13916600331095016,0.2222222222222222,0.5416666666666666,0.3333333333333333,0.24561403508771928,0.9166666666666667,0,1,2,1,2,0.0924272311297384,0.12885302421170552
0.5263157894736842,1,1,0.003037112159176921,0.0,0.375,0.2857142857142857,0.3157894736842105,1.0,0,0,2,1,0,0.006075938559976474,0.0029825439719139966
0.29824561403508765,1,9,0.0003204655166656887,0.0,0.5625,0.5714285714285714,0.21052631578947367,0.75,1,0,2,1,4,0.000641111914147921,0.0001842560419520218
0.07017543859649122,0,7,0.010284335104191794,0.2222222222222222,0.35416666666666663,0.6428571428571428,0.14035087719298245,0.9166666666666667,1,0,2,1,7,0.006481870702904903,0.007078245279761727
0.14035087719298245,1,5,0.10563882983063733,0.4444444444444445,0.5,0.5428571428571427,0.45263157894736833,0.8999999999999999,1,1,2,0,5,0.04181591194711261,0.11543904500062972
0.4385964912280701,1,1,0.004317788780032034,0.1111111111111111,0.4375,0.42857142857142855,0.3157894736842105,1.0,1,1,1,1,1,0.004036791602461601,0.0043109642753185054
0.14035087719298245,0,6,0.10872533556513263,0.3333333333333333,0.484375,0.44642857142857145,0.3026315789473684,0.625,0,1,3,0,0,0.0539546861940976,0.10926426836807589
0.33333333333333337,0,7,0.008139270915264927,0.0,0.25,0.42857142857142855,0.10526315789473684,1.0,1,0,4,1,0,0.01628313589102204,0.005373691808231573
0.29824561403508765,1,6,0.008299306099296497,0.0,0.6875,0.35714285714285715,0.15789473684210525,0.0,1,0,2,0,4,0.016603296587976303,0.007372114287346753
0.15789473684210525,1,0,0.1085672761241138,0.3333333333333333,0.46875,0.33928571428571425,0.40789473684210525,0.875,0,1,0,1,1,0.05387563417015829,0.10835291734233023
0.7368421052631579,0,1,0.005402471694023793,0.0,0.5,0.5714285714285714,0.2631578947368421,0.75,1,1,2,1,6,0.010807992712984434,0.005301835871285026
0.42105263157894735,1,7,0.13601232231402186,0.1111111111111111,0.5625,0.3214285714285714,0.34210526315789475,0.625,0,0,2,1,2,0.13576849140477223,0.09552105831862681
0.0,1,6,0.006757633826459032,0.2222222222222222,0.47916666666666663,0.4761904761904761,0.17543859649122803,0.75,1,1,4,0,0,0.004130072990710004,0.005156730427705698
0.33333333333333337,0,1,0.25493664088519613,0.7777777777777777,0.4609375,0.49107142857142855,0.3157894736842105,0.75,0,1,2,1,6,0.06325826948400175,0.18617071960280476
0.15789473684210525,1,5,0.032301422515211745,0.2222222222222222,0.5,0.4761904761904761,0.3684210526315789,0.8333333333333333,0,0,2,0,1,0.021164071355782393,0.026000787715265147
0.4736842105263158,0,6,0.05488495544798294,0.1111111111111111,0.96875,0.5714285714285714,0.18421052631578946,0.875,0,0,3,0,6,0.054618229120038324,0.03856830398911065
0.12280701754385964,0,2,0.29809358580958145,1.0,0.53125,0.4785714285714285,0.2684210526315789,0.6,0,1,2,1,1,0.059127554195597225,0.3086478576566116
0.26315789473684215,1,8,0.44759746686036855,0.7777777777777777,0.515625,0.5357142857142856,0.381578947368421,0.625,1,1,2,1,2,0.1114370689564876,0.38508437106371
0.4035087719298246,1,2,0.01731639963511978,0.1111111111111111,0.71875,0.39285714285714285,0.3684210526315789,0.625,0,1,0,0,4,0.01703907086994183,0.017508243400184614
0.4736842105263158,0,5,0.026872475864817294,0.2222222222222222,0.6458333333333333,0.6428571428571428,0.3157894736842105,0.75,0,1,0,1,5,0.017543752166107804,0.025372244237719995
0.03508771929824561,0,6,0.2927778492338168,0.5555555555555556,0.5625,0.5476190476190474,0.34210526315789475,0.6666666666666666,0,1,2,1,5,0.09714979903987364,0.27861225020916613
0.21052631578947367,0,1,0.02419909799428497,0.1111111111111111,0.4375,0.5357142857142856,0.13157894736842105,0.625,0,0,2,1,0,0.023923711634817595,0.01715688964304235
0.19298245614035092,0,9,0.10668340516147057,0.6666666666666665,0.6071428571428571,0.4489795918367347,0.2932330827067669,0.5714285714285714,1,1,3,1,0,0.030005776726649367,0.11431922465963366
0.15789473684210525,1,0,0.04325197816329793,0.2222222222222222,0.5833333333333334,0.6428571428571428,0.21052631578947367,0.6666666666666666,0,0,2,1,1,0.02846650206717748,0.039199329762659406
0.6666666666666666,0,2,0.10276096255828689,0.3333333333333333,0.515625,0.5535714285714286,0.19736842105263158,0.75,1,1,4,1,7,0.0509716580707472,0.07521452698848022
0.36842105263157887,1,2,0.25099681174350036,0.0,0.625,0.2857142857142857,0.2631578947368421,0.5,1,0,1,0,2,0.502135293981631,0.22404245649406085
0.017543859649122806,1,7,0.04861671316577848,0.1111111111111111,0.34375,0.5714285714285714,0.2368421052631579,0.875,0,1,2,1,3,0.0483482178412908,0.03333118201013021
0.49122807017543857,1,6,0.37049073702524626,0.8888888888888888,0.5416666666666666,0.49206349206349204,0.30994152046783624,0.7777777777777777,1,1,2,1,1,0.08185279322970358,0.29714999321505764
0.7368421052631579,1,5,0.1203259106644088,0.2222222222222222,0.6458333333333333,0.4523809523809524,0.3157894736842105,0.5833333333333334,0,0,2,1,1,0.0798636247184348,0.11678109615752771
0.5087719298245613,0,2,0.011832724903272564,0.3333333333333333,0.6875,0.625,0.3289473684210526,0.8125,0,1,3,0,4,0.005494708553962592,0.009654694335296003
0.0,1,7,0.004080502044202508,0.1111111111111111,0.625,0.6428571428571428,0.2631578947368421,0.875,1,1,2,1,4,0.003799437900583779,0.00456777303906019
0.19298245614035092,1,9,0.26410329816708344,0.5555555555555556,0.5625,0.42857142857142855,0.3596491228070175,0.8333333333333333,0,1,2,1,6,0.08758891788121867,0.21915120109158315
0.5614035087719298,1,1,0.018959427524510575,0.1111111111111111,0.78125,0.46428571428571425,0.18421052631578946,0.75,0,1,3,0,0,0.018682562447640386,0.0174446182341974
0.14035087719298245,0,1,0.07417709809583815,0.5555555555555556,0.59375,0.5952380952380953,0.2631578947368421,0.875,0,1,2,1,0,0.024262317804024366,0.0813821180273394
0.38596491228070173,0,9,0.08577945136382577,0.1111111111111111,0.3125,0.6071428571428572,0.3157894736842105,0.875,0,1,0,1,6,0.08552144394845887,0.07444836850441926
0.45614035087719296,1,5,0.008167326466045769,0.1111111111111111,0.46875,0.6071428571428572,0.02631578947368421,0.5,1,1,4,0,1,0.007887415688546092,0.005840058613541003
0.08771929824561403,1,7,0.0831854983624054,0.5555555555555556,0.6770833333333333,0.42857142857142855,0.3070175438596491,0.7916666666666667,0,1,2,0,0,0.02726596533028561,0.09130842780429335
0.2807017543859649,1,6,0.0007235170912637189,0.0,0.5625,0.49999999999999994,0.3684210526315789,0.5,0,1,3,1,4,0.0014474425583290299,0.0006736167470843473
0.0,0,6,0.12368724225197561,0.2222222222222222,0.35416666666666663,0.5952380952380953,0.21052631578947367,0.8333333333333333,1,1,4,1,1,0.08210514485723436,0.1209451694781064
0.07017543859649122,0,2,0.01798044686170016,0.2222222222222222,0.33333333333333337,0.7142857142857142,0.17543859649122803,0.5833333333333334,1,1,2,0,1,0.011614059850419075,0.014738567197843173
0.22807017543859642,0,1,0.09586068008630835,0.6666666666666665,0.5089285714285714,0.489795918367347,0.22556390977443608,0.6428571428571429,0,1,2,1,7,0.026912696892829137,0.09604804540528752
0.03508771929824561,0,5,0.25080891858298926,0.2222222222222222,0.5625,0.35714285714285715,0.24561403508771928,0.41666666666666663,1,0,2,0,1,0.16687684623531535,0.16723088819338147
0.631578947368421,1,8,0.0986018259421775,0.0,0.4375,0.35714285714285715,0.3157894736842105,0.75,0,1,4,1,5,0.19725930585603557,0.09183397777221511
0.0,0,5,0.018434867754629315,0.2222222222222222,0.6666666666666667,0.6428571428571428,0.4561403508771929,0.9166666666666667,1,1,2,1,0,0.011917092608853154,0.013863013493412684
0.19298245614035092,0,1,0.05504854696943744,0.0,0.5625,0.6428571428571428,0.2631578947368421,1.0,1,1,3,1,5,0.11012816507011222,0.04788105116264648
0.3157894736842105,1,5,0.0033941289215782154,0.0,0.25,0.5714285714285714,0.42105263157894735,1.0,0,1,2,0,0,0.006790173596268269,0.0027504710701030007
0.5964912280701754,1,1,0.004048099858793647,0.1111111111111111,0.65625,0.46428571428571425,0.28947368421052627,0.625,1,1,2,0,1,0.0037670265707686556,0.0038358441104174032
0.0,0,6,0.11702997617056352,0.2222222222222222,0.6041666666666666,0.4761904761904761,0.2982456140350877,1.0,0,1,2,0,1,0.07766571494617512,0.07834491999429333
0.5263157894736842,0,6,0.12317769812899113,0.0,0.5,0.7142857142857142,0.2631578947368421,0.25,1,1,4,1,2,0.246424921624859,0.10120346936141238
0.29824561403508765,1,1,0.003402624616532978,0.1111111111111111,0.59375,0.49999999999999994,0.3157894736842105,0.5,1,1,1,0,1,0.003121369165244224,0.0037654688412624834
0.08771929824561403,0,9,0.03904048435735106,0.0,0.4375,0.5714285714285714,0.21052631578947367,1.0,0,1,2,0,6,0.07810300439193281,0.031124116019553873
0.38596491228070173,0,6,0.02108927849223938,0.2222222222222222,0.5625,0.4523809523809524,0.3157894736842105,0.6666666666666666,0,1,2,1,3,0.01368719917822786,0.017694676894771378
0.33333333333333337,1,6,0.007120775392199806,0.1111111111111111,0.65625,0.35714285714285715,0.28947368421052627,0.75,1,1,3,1,1,0.006840569261529589,0.006717876868711625
0.15789473684210525,1,4,0.006745779368382619,0.0,0.375,0.35714285714285715,0.05263157894736842,0.0,1,0,0,2,1,0.013495366266801765,0.005616564875110898
0.29824561403508765,1,6,0.17749601048092153,0.8888888888888888,0.47916666666666663,0.5317460317460316,0.27485380116959063,0.7222222222222222,0,1,2,0,1,0.03895297263168425,0.13198154460825276
0.21052631578947367,0,5,0.0069018630663887194,0.0,0.1875,0.2857142857142857,0.05263157894736842,1.0,0,0,0,0,3,0.013807621761362097,0.006583179648726374
0.3157894736842105,1,1,0.21746272316264298,0.3333333333333333,0.359375,0.625,0.15789473684210525,0.6875,0,1,2,1,0,0.10833872369321569,0.1531000044768426
0.42105263157894735,1,6,0.01668356914814062,0.0,0.375,0.49999999999999994,0.10526315789473684,0.0,1,0,4,1,4,0.03337655502742216,0.012844401150879528
0.631578947368421,0,8,0.0018042485192300056,0.0,0.625,0.21428571428571425,0.10526315789473684,0.75,1,1,4,0,0,0.003609515413069552,0.0017984887781930037
0.03508771929824561,0,6,0.06312123534517317,0.1111111111111111,0.46875,0.42857142857142855,0.3947368421052631,0.875,0,1,2,0,2,0.06285683342493487,0.057289693350216435
0.7368421052631579,1,3,0.004253181983515586,0.0,0.875,0.49999999999999994,0.15789473684210525,1.0,1,0,4,1,1,0.008508764596709182,0.004468045708388923
0.0,1,1,0.13575764903968024,0.6666666666666665,0.5357142857142857,0.5204081632653061,0.24812030075187969,0.75,0,1,2,1,3,0.03831504789437452,0.11307237173192666
0.26315789473684215,0,6,0.08957959547452111,0.2222222222222222,0.47916666666666663,0.5476190476190474,0.3508771929824561,1.0,0,1,0,0,1,0.05936029652941192,0.08461489485603815
0.42105263157894735,0,6,0.13221119033182013,0.4444444444444445,0.5875,0.5428571428571427,0.2210526315789474,0.7,1,1,2,1,0,0.05244785580278417,0.14122652945579536
0.3508771929824561,0,6,0.22148158202484813,0.7777777777777777,0.546875,0.38392857142857145,0.3684210526315789,0.78125,0,1,4,0,5,0.054892144382988076,0.15026818377630557
0.15789473684210525,1,6,0.07991623639923207,0.1111111111111111,0.625,0.5357142857142856,0.3947368421052631,0.75,0,1,1,0,6,0.07965657429240038,0.057350008788198834
0.24561403508771928,0,0,0.029423160094258747,0.2222222222222222,0.6875,0.5714285714285714,0.24561403508771928,0.9166666666666667,1,1,2,1,0,0.019244688214535597,0.023769072960863512
0.19298245614035092,0,7,0.06042849519311604,0.5555555555555556,0.48958333333333337,0.49999999999999994,0.34210526315789475,0.75,0,1,2,0,0,0.01967815681246956,0.062180077771640266
0.15789473684210525,0,1,0.10126394207753725,0.2222222222222222,0.5625,0.5238095238095237,0.2631578947368421,0.8333333333333333,0,1,1,0,0,0.06715205926899144,0.08840344469522891
0.4736842105263158,0,7,0.08344076435965082,0.2222222222222222,0.41666666666666663,0.5476190476190474,0.2982456140350877,0.5833333333333334,0,1,2,1,0,0.05526658746971401,0.08302200115561766
0.36842105263157887,1,8,0.01443477845104514,0.2222222222222222,0.625,0.5952380952380953,0.4035087719298245,0.75,1,1,4,1,0,0.009249613814393884,0.013033186294311815
0.14035087719298245,1,8,0.07534219375044825,0.1111111111111111,0.53125,0.5714285714285714,0.18421052631578946,0.25,1,0,3,0,2,0.07508124077685215,0.07083519070043078
0.4736842105263158,0,0,0.1179486966714855,0.1111111111111111,0.65625,0.6071428571428572,0.18421052631578946,0.625,1,0,2,1,0,0.11769976792302071,0.08553917995043421
0.3508771929824561,0,9,0.0587163162982795,0.0,0.3125,0.8571428571428572,0.3157894736842105,0.75,0,1,1,1,5,0.1174657739321603,0.041127638266935836
0.45614035087719296,0,1,0.04639696589097021,0.2222222222222222,0.5625,0.4523809523809524,0.3859649122807018,0.8333333333333333,1,1,2,0,0,0.030563752262287764,0.040890034635432594
0.42105263157894735,1,1,0.02531934428250596,0.1111111111111111,0.40625,0.5714285714285714,0.4473684210526316,0.625,1,1,2,0,6,0.025044274074157515,0.021643356600721208
0.12280701754385964,0,3,0.017238752934719277,0.2222222222222222,0.6041666666666666,0.5952380952380953,0.2807017543859649,0.5833333333333334,0,1,1,0,1,0.01111945768730537,0.01680279229558031
0.17543859649122806,0,2,0.14976685244578217,0.4444444444444445,0.5,0.4857142857142857,0.29473684210526313,0.7,1,1,2,0,7,0.059472102441936764,0.14698144967131788
0.4385964912280701,1,7,0.014511437279939273,0.1111111111111111,0.71875,0.5714285714285714,0.3947368421052631,0.375,1,1,2,0,0,0.014233316910275358,0.01588521375529927
0.42105263157894735,1,7,0.10421175065253853,0.1111111111111111,0.625,0.42857142857142855,0.15789473684210525,0.75,1,1,2,0,5,0.10395894512188734,0.10937749590508257
0.2807017543859649,0,4,0.07841052264922638,0.1111111111111111,0.4375,0.42857142857142855,0.15789473684210525,0.625,1,1,3,1,0,0.0781504356062964,0.06492885042868816
0.3157894736842105,0,5,0.13660662581225266,0.5555555555555556,0.5104166666666666,0.5238095238095237,0.2807017543859649,0.625,1,1,3,1,2,0.0450780332409808,0.12226679612929052
0.5614035087719298,0,7,0.08012625788148584,0.1111111111111111,0.53125,0.35714285714285715,0.5789473684210527,0.375,1,0,2,1,0,0.07986665504601914,0.05744255052517545
0.15789473684210525,0,0,0.0621928337034888,0.2222222222222222,0.33333333333333337,0.4523809523809524,0.21052631578947367,0.9166666666666667,1,0,2,1,7,0.04109730269882951,0.06632686211829908
0.4035087719298246,1,1,0.06004342287993391,0.4444444444444445,0.475,0.39999999999999997,0.15789473684210525,0.7,1,1,0,1,6,0.023572602070491083,0.05052700450628178
0.24561403508771928,1,6,0.07983187217258826,0.0,0.75,0.6428571428571428,0.5789473684210527,1.0,1,0,2,1,2,0.1597088039646171,0.08380993416602606
0.24561403508771928,0,1,0.03861965109563841,0.1111111111111111,0.75,0.46428571428571425,0.3947368421052631,0.5,0,1,4,1,6,0.038348334443026114,0.036929945077676704
0.5263157894736842,0,7,0.0014059387278625404,0.0,0.375,0.7857142857142856,0.21052631578947367,0.0,0,0,2,0,4,0.002812671011761162,0.0010659501628124885
0.45614035087719296,0,6,0.009478429529297009,0.1111111111111111,0.375,0.2857142857142857,0.3684210526315789,0.75,1,1,1,0,7,0.009198888765699484,0.008220014343315997
0.45614035087719296,0,5,0.050437557926315456,0.2222222222222222,0.5208333333333334,0.5714285714285714,0.3333333333333333,0.75,0,1,2,1,1,0.03325824049825963,0.053775328346792606
0.5614035087719298,1,1,0.0076392103587415855,0.1111111111111111,0.40625,0.6071428571428572,0.07894736842105263,0.875,1,0,4,0,1,0.007359150538571557,0.007572091537321625
0.29824561403508765,0,3,0.025303735912705353,0.0,0.4375,0.2857142857142857,0.05263157894736842,1.0,1,0,2,0,3,0.05062175404978577,0.01681981997518401
0.4385964912280701,1,6,0.03369471648779278,0.2222222222222222,0.6041666666666666,0.6428571428571428,0.12280701754385964,0.75,1,1,3,0,4,0.02209319614381592,0.029317788411875795
0.22807017543859642,1,6,0.152165404463243,0.2222222222222222,0.4375,0.5952380952380953,0.3157894736842105,0.8333333333333333,0,0,3,0,2,0.10109594432155147,0.14710761127697491
0.3508771929824561,1,9,0.036579498860687794,0.2222222222222222,0.45833333333333337,0.5238095238095237,0.3333333333333333,0.75,1,1,2,0,3,0.024016927146379378,0.027007075675885655
0.26315789473684215,1,3,0.00857314408086163,0.0,0.375,0.49999999999999994,0.21052631578947367,0.75,1,0,3,1,4,0.01715112711387582,0.009092998653637488
0.3157894736842105,1,8,0.19642520913733724,1.0,0.575,0.5571428571428572,0.28947368421052627,0.7,0,1,2,1,1,0.038788140378212536,0.16378228225952693
0.42105263157894735,1,4,0.04982902907839295,0.0,0.0625,0.42857142857142855,0.21052631578947367,0.75,0,0,0,1,2,0.09968618322796687,0.045255609422830474
0.12280701754385964,1,1,0.04074693359745067,0.2222222222222222,0.5416666666666666,0.42857142857142855,0.5087719298245614,0.8333333333333333,1,1,0,0,4,0.026796001047966336,0.03024155091763951
0.7368421052631579,1,1,0.046911449371486516,0.2222222222222222,0.47916666666666663,0.6190476190476191,0.10526315789473684,0.8333333333333333,1,0,2,0,0,0.030906838046184434,0.03330609775577796
0.07017543859649122,0,9,0.04276495751065865,0.0,0.75,0.6428571428571428,0.42105263157894735,0.75,1,1,2,1,5,0.08555405290833384,0.033435961030914084
0.03508771929824561,1,4,0.043683875585881896,0.1111111111111111,0.65625,0.5714285714285714,0.2368421052631579,0.875,1,0,0,1,0,0.04341398813705802,0.04025609107535328
0.5263157894736842,1,2,0.029422764945656203,0.1111111111111111,0.4375,0.46428571428571425,0.15789473684210525,0.625,1,0,2,0,3,0.029148852787147086,0.026802482226325124
0.45614035087719296,0,5,0.06665900078377725,0.1111111111111111,0.40625,0.46428571428571425,0.28947368421052627,0.375,0,0,0,1,0,0.06639559727657872,0.06579177490783714
0.42105263157894735,0,5,0.17111949748161917,0.6666666666666665,0.5357142857142857,0.489795918367347,0.3007518796992481,0.5357142857142857,1,1,2,0,1,0.04842128449770329,0.16990649844190198
0.42105263157894735,0,1,0.016960568318526128,0.0,0.4375,0.6428571428571428,0.2631578947368421,0.75,1,0,3,1,6,0.03393070971523682,0.012522530102411694
0.2807017543859649,1,3,0.03193788580086842,0.2222222222222222,0.5625,0.4523809523809524,0.3333333333333333,0.5,0,1,3,1,7,0.020921645149035134,0.028051120665192622
0.10526315789473684,0,5,0.017560403897192607,0.2222222222222222,0.5416666666666666,0.6190476190476191,0.5087719298245614,0.75,0,1,2,1,1,0.011333952178927405,0.01438917314807218
0.29824561403508765,1,2,0.010952728965400196,0.0,0.5625,0.49999999999999994,0.10526315789473684,0.75,0,0,2,0,0,0.021911639995501938,0.011339563635008074
0.14035087719298245,1,6,0.09822050754071958,0.1111111111111111,0.59375,0.49999999999999994,0.28947368421052627,1.0,1,0,2,1,0,0.09796601118704718,0.07143886766888714
0.49122807017543857,1,1,0.05586670215101118,0.1111111111111111,0.53125,0.42857142857142855,0.18421052631578946,1.0,0,1,3,1,6,0.05560025288742457,0.053969644219917144
0.26315789473684215,0,6,0.16040840188667654,0.5555555555555556,0.7083333333333333,0.5238095238095237,0.32456140350877194,0.875,0,1,4,1,1,0.05301419767762281,0.1099832196790156
0.12280701754385964,1,6,0.07245780652615577,0.0,0.125,0.6428571428571428,0.05263157894736842,0.5,0,0,2,1,5,0.14495651051718006,0.07333172724426994
0.22807017543859642,1,9,0.05213373330274884,0.3333333333333333,0.546875,0.5535714285714286,0.3289473684210526,0.6875,0,1,2,0,3,0.02565089954286191,0.047298364837589035
0.36842105263157887,1,6,0.1730497984050617,0.4444444444444445,0.5875,0.42857142857142855,0.2526315789473684,0.65,0,0,2,1,3,0.06878790915104252,0.18165267958192213
0.17543859649122806,0,6,0.005591747874643848,0.1111111111111111,0.5,0.49999999999999994,0.15789473684210525,0.875,0,1,2,1,0,0.0053111102283635095,0.005100465051623918
0.12280701754385964,0,1,0.11140997517083756,0.4444444444444445,0.55,0.5428571428571427,0.3157894736842105,0.75,0,1,3,0,1,0.044125021566380276,0.09332122147079783
0.33333333333333337,1,3,0.19197445285254816,0.5555555555555556,0.5208333333333334,0.4166666666666666,0.4561403508771929,0.6666666666666666,1,1,2,0,7,0.06353918414490446,0.179551916828974
0.33333333333333337,0,3,0.0023542953739755525,0.1111111111111111,0.65625,0.5714285714285714,0.07894736842105263,0.75,1,1,4,0,4,0.0020727440676890857,0.002176712300848005
0.17543859649122806,0,6,0.034609880651291836,0.1111111111111111,0.65625,0.35714285714285715,0.2631578947368421,1.0,1,1,2,1,1,0.03433743237840464,0.02753920155076435
0.19298245614035092,0,6,0.1418528162339691,0.2222222222222222,0.4375,0.6190476190476191,0.24561403508771928,0.6666666666666666,1,1,0,1,0,0.09421894525232319,0.13351934875701424
0.33333333333333337,1,6,0.13443074003232713,0.4444444444444445,0.55,0.5571428571428572,0.2526315789473684,0.65,0,1,2,1,5,0.05333592623971854,0.14412894317075078
0.0,0,7,0.10520475909073937,0.3333333333333333,0.578125,0.5178571428571428,0.2631578947368421,0.75,0,1,2,1,3,0.05219390117587909,0.10413114152693083
0.0,1,1,0.05656591760321825,0.3333333333333333,0.390625,0.37499999999999994,0.2368421052631579,0.8125,1,0,2,0,1,0.027867617109150488,0.05522934411816914
0.14035087719298245,0,8,0.05195453341149373,0.3333333333333333,0.515625,0.5178571428571428,0.6842105263157894,0.6875,1,1,3,0,3,0.025561274310720698,0.05287111936568889
0.24561403508771928,1,7,0.06593824973273137,0.0,0.6875,0.21428571428571425,0.47368421052631576,1.0,1,1,2,1,6,0.13191371708743094,0.0548811694418736
0.3508771929824561,1,6,0.26043533126394014,0.5555555555555556,0.5520833333333334,0.46428571428571425,0.3333333333333333,0.7916666666666667,1,1,2,0,2,0.0863659171941907,0.2863513088145199
0.5964912280701754,1,0,0.014405142305854105,0.2222222222222222,0.5833333333333334,0.4523809523809524,0.3859649122807018,0.75,1,1,0,1,1,0.009229850808409051,0.014496565112017747
0.4736842105263158,0,1,0.01965607451080109,0.2222222222222222,0.5,0.49999999999999994,0.24561403508771928,0.6666666666666666,0,0,4,1,1,0.012731460208801428,0.02131917745246055
0.26315789473684215,1,2,0.08586974281950778,0.2222222222222222,0.75,0.5952380952380953,0.3157894736842105,0.6666666666666666,1,1,3,1,1,0.05688636344023077,0.09142474732404135
0.2807017543859649,0,1,0.08255800238156064,0.7777777777777777,0.6015625,0.48214285714285715,0.2368421052631579,0.75,1,1,2,1,2,0.02015144786746296,0.07656267501275552
0.07017543859649122,1,3,0.07646263761297052,0.1111111111111111,0.34375,0.39285714285714285,0.3947368421052631,0.75,1,0,1,1,6,0.07620200084625192,0.05066684051448503
0.2807017543859649,0,0,0.04389113102791784,0.2222222222222222,0.5833333333333334,0.49999999999999994,0.15789473684210525,0.6666666666666666,1,1,4,1,1,0.02889272422958367,0.03364482228763871
0.22807017543859642,0,8,0.039342377889697036,0.0,0.3125,0.6428571428571428,0.5789473684210527,1.0,0,0,3,0,6,0.07870696185482925,0.028300351893765396
0.3508771929824561,0,1,0.07352510290163546,0.1111111111111111,0.5625,0.35714285714285715,0.18421052631578946,0.5,1,0,2,1,2,0.07326363711642722,0.05308416133147222
0.12280701754385964,0,1,0.01864469166258182,0.0,0.3125,0.5714285714285714,0.6842105263157894,0.25,1,1,3,1,3,0.037299906975530824,0.014943247745509092
0.4035087719298246,0,7,0.33220577679596525,0.4444444444444445,0.4375,0.5285714285714285,0.2736842105263158,0.8,1,1,4,0,2,0.1324682670353653,0.25816418445776124
0.6140350877192983,1,8,0.026737730191348733,0.0,0.4375,0.42857142857142855,0.10526315789473684,1.0,1,0,3,1,6,0.05349055199854385,0.028773642998453315
0.26315789473684215,0,9,0.1011671306699132,0.2222222222222222,0.7083333333333333,0.5476190476190474,0.12280701754385964,0.6666666666666666,1,0,1,1,6,0.06708750011610766,0.10222891890521861
0.36842105263157887,1,6,0.04252688047762403,0.2222222222222222,0.5625,0.2857142857142857,0.10526315789473684,0.6666666666666666,0,0,3,1,1,0.027982967187415286,0.044831049708108126
0.4385964912280701,0,6,0.15893923938240645,0.4444444444444445,0.6499999999999999,0.3714285714285714,0.3684210526315789,0.75,1,1,2,1,2,0.06314209265331991,0.11302333549859223
0.21052631578947367,0,7,0.018731426780840905,0.1111111111111111,0.625,0.6071428571428572,0.10526315789473684,0.75,1,0,2,1,3,0.018454497358575433,0.02000025084254352
0.33333333333333337,1,6,0.008377743096902094,0.0,0.125,0.6428571428571428,0.15789473684210525,0.75,0,1,4,1,0,0.016760214855495864,0.008378968385652295
0.29824561403508765,1,1,0.4404709618134318,0.4444444444444445,0.5625,0.5571428571428572,0.39999999999999997,0.7,0,1,4,1,5,0.17578656269744478,0.4566215289445295
0.3157894736842105,1,6,1.0471437967497841e-05,0.0,0.3125,0.49999999999999994,0.47368421052631576,1.0,0,0,2,1,1,2.0948786343920984e-05,6.427840177763747e-05
0.12280701754385964,0,2,0.043487289156114724,0.1111111111111111,0.53125,0.49999999999999994,0.10526315789473684,1.0,1,0,1,1,2,0.04321734622750895,0.04342850891701693
0.29824561403508765,0,8,0.01087607013650606,0.0,0.625,0.42857142857142855,0.9473684210526316,1.0,0,0,2,1,4,0.02175827906905965,0.008499599261617103
0.38596491228070173,0,4,0.035132464678160356,0.1111111111111111,0.59375,0.6428571428571428,0.3157894736842105,0.625,0,1,2,0,3,0.034860163886703426,0.02577154550187932
0.5964912280701754,0,1,0.22550360207587367,0.4444444444444445,0.5875,0.4142857142857142,0.21052631578947367,0.8999999999999999,0,1,2,0,5,0.08977535193466982,0.24447053323027884
0.49122807017543857,0,3,0.044770139094283845,0.1111111111111111,0.40625,0.39285714285714285,0.3684210526315789,0.75,1,0,2,0,1,0.04450055820610403,0.041928200502625745
0.7368421052631579,1,9,0.11063350816683253,0.3333333333333333,0.609375,0.33928571428571425,0.25,0.875,0,0,2,1,7,0.054909041753105105,0.10572873852504236
0.12280701754385964,1,6,0.0020452891667837297,0.1111111111111111,0.40625,0.39285714285714285,0.3947368421052631,0.625,1,1,1,1,0,0.0017636506540863275,0.002027905187789612
0.4736842105263158,0,2,0.003162966989088169,0.0,0.9375,0.49999999999999994,0.10526315789473684,0.5,1,1,3,2,4,0.006327719256223222,0.0021218404944524606
0.33333333333333337,0,7,0.24123308492316434,0.2222222222222222,0.5625,0.5952380952380953,0.24561403508771928,0.6666666666666666,1,1,0,0,1,0.16049115549486992,0.17835279366302056
0.7543859649122807,0,6,0.020544368569326944,0.3333333333333333,0.53125,0.44642857142857145,0.3684210526315789,0.5,1,1,2,0,3,0.009851759668408379,0.020445801200664804
0.12280701754385964,1,7,0.10869016733950596,0.3333333333333333,0.515625,0.46428571428571425,0.15789473684210525,0.625,0,1,4,1,0,0.053937097118771114,0.1101039376530858
0.10526315789473684,1,6,0.020513546978328273,0.0,0.625,0.21428571428571425,0.631578947368421,1.0,0,0,3,1,5,0.04103867244774117,0.0219536436011722
0.15789473684210525,1,2,0.0029175797069064266,0.0,0.875,0.5714285714285714,0.894736842105263,1.0,1,0,2,1,4,0.005836806187560016,0.0031354446959257075
0.0,1,1,0.058830711818716894,0.1111111111111111,0.40625,0.5714285714285714,0.3157894736842105,0.625,0,1,0,0,2,0.058565099045268944,0.06446300621201106
0.17543859649122806,1,1,0.0133544421716814,0.0,0.8125,0.14285714285714285,0.3157894736842105,0.75,1,0,2,0,5,0.026716422010534077,0.010851030361876951
0.12280701754385964,0,6,0.26317311835668766,0.4444444444444445,0.6125,0.47142857142857136,0.39999999999999997,0.55,1,0,2,0,2,0.10484741081894142,0.20264828757285974
0.3157894736842105,1,9,0.0019727793982163384,0.0,0.5625,0.9285714285714286,0.15789473684210525,1.0,1,0,3,2,4,0.00394667229517077,0.002147621533647827
0.36842105263157887,0,7,0.005610715007566108,0.0,0.625,0.49999999999999994,0.15789473684210525,0.5,1,1,2,1,7,0.011224596879144672,0.0037672108033702783
0.6842105263157895,1,3,0.038475224281407455,0.5555555555555556,0.46875,0.5119047619047619,0.20175438596491224,0.7916666666666667,1,1,2,1,0,0.012358334655807816,0.03771796518619049
0.49122807017543857,0,3,0.1327841558055134,0.3333333333333333,0.46875,0.44642857142857145,0.28947368421052627,0.8125,1,1,2,1,6,0.06598749120299195,0.13780313842345113
0.17543859649122806,1,7,0.1364068781936651,0.5555555555555556,0.6145833333333334,0.42857142857142855,0.1929824561403509,0.5416666666666666,1,1,2,1,2,0.045011431910811917,0.102695721201055
0.10526315789473684,1,6,0.015082427010619816,0.1111111111111111,0.34375,0.5357142857142856,0.15789473684210525,0.375,1,0,3,0,4,0.014804467783236977,0.015152805787076836
0.38596491228070173,1,0,0.07605761029535976,0.2222222222222222,0.39583333333333337,0.4047619047619047,0.3508771929824561,0.6666666666666666,1,0,4,0,1,0.050343095665399656,0.06388040698505902
0.017543859649122806,0,6,0.027370363104026626,0.2222222222222222,0.6041666666666666,0.4761904761904761,0.5263157894736843,0.9166666666666667,1,1,2,0,0,0.017875770666652965,0.018632810587924407
0.6666666666666666,0,6,0.07357647221996658,0.6666666666666665,0.5803571428571429,0.4693877551020407,0.15037593984962405,0.8214285714285714,1,1,2,1,7,0.020543983515620243,0.05235070818598512
0.543859649122807,1,0,0.15389279657927757,0.1111111111111111,0.40625,0.42857142857142855,0.2631578947368421,1.0,0,0,2,1,5,0.15365401182104438,0.14089612279299932
0.19298245614035092,1,6,0.026299905539726564,0.2222222222222222,0.4375,0.49999999999999994,0.2631578947368421,0.33333333333333337,0,0,2,1,0,0.017161930890480865,0.019571771713078636
0.0,0,1,0.21310127046202948,0.4444444444444445,0.5875,0.47142857142857136,0.431578947368421,0.6,1,1,3,1,2,0.08481301923592661,0.1873560812681066
0.5789473684210525,1,7,0.09407539870000062,0.5555555555555556,0.5833333333333334,0.5714285714285714,0.2719298245614035,0.875,0,1,0,1,4,0.030896956543192012,0.06941854001626643
0.26315789473684215,1,7,0.004282620554405343,0.2222222222222222,0.6458333333333333,0.5714285714285714,0.3333333333333333,0.75,1,0,2,0,0,0.0024795984842301416,0.003555997897800128
0.543859649122807,0,0,0.21571379544776956,0.7777777777777777,0.4921875,0.5267857142857142,0.21710526315789475,0.75,1,1,2,1,3,0.05344979079870014,0.15215708038789316
0.0,0,2,0.21298430647567557,0.3333333333333333,0.625,0.48214285714285715,0.19736842105263158,0.8125,1,1,2,0,6,0.10609888340992485,0.1514180529636611
0.15789473684210525,1,2,0.0254908387760114,0.3333333333333333,0.59375,0.5892857142857142,0.3947368421052631,0.5625,1,1,0,1,0,0.012325692757589537,0.021161355685494314
0.29824561403508765,1,0,0.015918561453609457,0.1111111111111111,0.59375,0.35714285714285715,0.2368421052631579,1.0,0,0,3,0,0,0.01564083819651503,0.013069419106153954
0.29824561403508765,0,1,0.05428531744361773,0.2222222222222222,0.6458333333333333,0.5952380952380953,0.12280701754385964,0.8333333333333333,0,1,0,1,1,0.035824137441956866,0.04821080458965209
0.19298245614035092,1,1,0.042411299511379,0.0,0.5,0.42857142857142855,0.2631578947368421,0.75,0,0,4,1,5,0.08484653729407689,0.04416936540146217
0.42105263157894735,1,7,0.11993688686520118,0.8888888888888888,0.5902777777777778,0.5396825396825395,0.19883040935672514,0.9444444444444444,0,1,2,0,0,0.02615844647489568,0.10880974690509947
0.07017543859649122,0,1,0.09078756475250756,0.2222222222222222,0.5208333333333334,0.5714285714285714,0.3333333333333333,0.9166666666666667,1,1,3,0,0,0.06016583665335363,0.09854218675122847
0.26315789473684215,0,4,0.5700352492310903,0.8888888888888888,0.4722222222222222,0.48412698412698413,0.26900584795321636,0.6944444444444444,1,1,3,1,1,0.12620853251972988,0.5590459830963481
0.3157894736842105,1,5,0.155110842146629,0.1111111111111111,0.5,0.8214285714285714,0.3947368421052631,1.0,1,0,2,0,2,0.15487240114000925,0.11606610781038323
0.4035087719298246,2,6,0.005293608254022069,0.0,0.25,0.6428571428571428,0.42105263157894735,1.0,1,0,3,1,0,0.010590204387031593,0.00457321667064705
0.4385964912280701,0,6,0.02856074826919973,0.1111111111111111,0.4375,0.6428571428571428,0.21052631578947367,0.5,1,1,1,0,6,0.02828659283602891,0.01990304935692856
0.05263157894736842,1,6,0.044542731073518,0.1111111111111111,0.5,0.17857142857142855,0.2631578947368421,0.625,0,1,2,1,1,0.04427308600721863,0.04005141052768736
0.0,2,6,0.007109513657027214,0.0,0.6875,0.5714285714285714,0.15789473684210525,0.5,1,1,3,2,3,0.014223040147163246,0.0068710824360922
0.5614035087719298,1,6,0.0428825142199164,0.1111111111111111,0.59375,0.39285714285714285,0.47368421052631576,1.0,0,1,2,1,5,0.04261240061431327,0.03250893234619825
0.3508771929824561,1,3,0.03293405542788963,0.1111111111111111,0.65625,0.5714285714285714,0.2368421052631579,0.375,0,1,3,0,0,0.03266113421077126,0.03247513828130703
0.14035087719298245,0,9,0.1708375589537018,0.3333333333333333,0.484375,0.5178571428571428,0.2763157894736842,0.625,1,1,2,0,2,0.08501956241147407,0.14215808724199147
0.6140350877192983,1,0,0.12321187848311145,0.5555555555555556,0.5729166666666666,0.5238095238095237,0.28947368421052627,0.625,1,1,2,1,2,0.04061185739515544,0.13408457191194104
0.3157894736842105,1,6,0.11843986638445154,0.6666666666666665,0.5089285714285714,0.4795918367346938,0.22556390977443608,0.75,1,1,2,1,0,0.03336571360699619,0.12344301249352643
0.543859649122807,1,1,0.09370672505382417,0.4444444444444445,0.6625000000000001,0.5571428571428572,0.34736842105263155,0.65,0,1,0,1,0,0.037041723065344985,0.06877758505870325
0.29824561403508765,1,7,0.04612984543564838,0.0,0.5625,0.6428571428571428,0.10526315789473684,0.75,0,1,3,0,5,0.09228572800688702,0.04082649656755077
0.719298245614035,0,5,0.1456478234128313,0.2222222222222222,0.6458333333333333,0.5714285714285714,0.17543859649122803,0.9166666666666667,0,1,4,1,2,0.09674966404536742,0.13551772768707673
0.6666666666666666,0,5,0.24629889000781807,0.2222222222222222,0.5833333333333334,0.35714285714285715,0.21052631578947367,0.5833333333333334,1,1,2,0,2,0.16386931198454374,0.2659837652615478
0.24561403508771928,2,9,0.11824229208317798,0.2222222222222222,0.41666666666666663,0.4047619047619047,0.42105263157894735,0.8333333333333333,1,0,4,1,1,0.07847415364432794,0.09172506159142522
0.49122807017543857,1,7,0.025323493342832706,0.1111111111111111,0.625,0.6428571428571428,0.13157894736842105,0.75,1,1,2,1,3,0.02504842430541433,0.027290013871244266
0.42105263157894735,1,2,0.1970965666130648,1.0,0.48750000000000004,0.6214285714285714,0.3684210526315789,0.75,1,1,2,0,6,0.038922449766885456,0.19472475518029045
0.5789473684210525,1,6,0.06689707781681188,0.4444444444444445,0.7250000000000001,0.5285714285714285,0.3684210526315789,0.75,1,1,3,1,0,0.02631483772892231,0.05540258224978936
0.08771929824561403,1,3,0.564221427841815,0.2222222222222222,0.5208333333333334,0.3095238095238095,0.1929824561403509,0.6666666666666666,0,1,3,0,6,0.3758774857003123,0.4675649268471723
0.4385964912280701,1,6,0.005563692323863004,0.0,0.75,0.6428571428571428,0.0,1.0,0,0,1,0,7,0.011130524970656875,0.0040973561718501365
0.5087719298245613,0,7,0.0533640284767792,0.4444444444444445,0.5,0.42857142857142855,0.21052631578947367,0.6,0,1,1,1,0,0.020900090297174344,0.03967405798608626
0.0,0,2,0.07523194729033761,0.4444444444444445,0.4625,0.49999999999999994,0.3578947368421052,0.65,1,1,4,1,0,0.029649726410826648,0.057160613958028815
0.03508771929824561,0,1,0.2449630901569076,0.5555555555555556,0.6041666666666666,0.6190476190476191,0.4473684210526316,0.6666666666666666,1,1,2,0,2,0.081207047988597,0.1811871402086139
0.0,1,6,0.07190400575968603,0.6666666666666665,0.5178571428571429,0.4693877551020407,0.21052631578947367,0.6428571428571429,1,1,2,1,7,0.020066001099444255,0.06016480180913217
0.22807017543859642,0,6,0.05492130911941727,0.2222222222222222,0.5833333333333334,0.5238095238095237,0.1929824561403509,0.75,0,0,2,1,1,0.036248251550391346,0.0590196794685204
0.4385964912280701,1,6,0.05213649934296667,0.1111111111111111,0.53125,0.42857142857142855,0.3947368421052631,0.375,1,0,3,0,0,0.05186899735748846,0.051236679868997485
0.6140350877192983,1,6,0.2798260634881308,0.2222222222222222,0.5833333333333334,0.3333333333333333,0.3333333333333333,0.8333333333333333,1,1,0,1,1,0.18622706890180993,0.1872457715176305
0.29824561403508765,0,6,0.08627042350249052,0.3333333333333333,0.4375,0.5535714285714286,0.3026315789473684,0.75,0,1,0,0,1,0.04272406159812757,0.06954574679918818
0.631578947368421,0,6,0.22508494213147506,0.4444444444444445,0.6375,0.4142857142857142,0.2526315789473684,0.8,1,1,2,0,0,0.0896078406959424,0.18531768075861751
0.0,1,6,0.1448847914613129,0.3333333333333333,0.484375,0.41071428571428564,0.2763157894736842,0.5625,1,1,2,0,2,0.07203951652572678,0.14905760720949343
0.0,1,4,0.010268331585788638,0.0,0.4375,0.6428571428571428,0.5263157894736843,0.75,1,0,2,2,7,0.02054245894087284,0.008052394039493418
0.2807017543859649,1,1,0.028933966124305453,0.3333333333333333,0.578125,0.49999999999999994,0.2631578947368421,0.875,1,1,2,0,1,0.014047742284077794,0.021165797688869194
0.36842105263157887,0,6,0.11526405706578058,0.3333333333333333,0.53125,0.5357142857142856,0.22368421052631576,0.875,1,0,0,0,3,0.057224969609437536,0.09473443177979927
0.2807017543859649,1,3,0.048787614936380085,0.1111111111111111,0.34375,0.6428571428571428,0.5789473684210527,0.875,0,0,2,0,2,0.04851916784305958,0.04402338897682895
0.0,2,9,0.17841927519077283,0.4444444444444445,0.48750000000000004,0.5571428571428572,0.45263157894736833,0.8500000000000001,1,1,2,1,0,0.07093630600564155,0.17367518991306388
0.26315789473684215,1,2,0.0784194134927837,0.7777777777777777,0.34375,0.41071428571428564,0.1907894736842105,0.84375,1,1,1,1,1,0.019116508651552313,0.08001241322198015
0.017543859649122806,1,1,0.01729861794800516,0.2222222222222222,0.6458333333333333,0.3809523809523809,0.3333333333333333,0.5833333333333334,0,1,4,0,7,0.011159378959394728,0.017569952407853254
0.4385964912280701,0,3,0.01719390356833018,0.1111111111111111,0.53125,0.6071428571428572,0.18421052631578946,0.75,1,1,2,0,4,0.016916540232835876,0.01383305174515861
0.36842105263157887,0,0,0.12606425867059762,0.3333333333333333,0.5,0.35714285714285715,0.43421052631578944,0.625,1,1,0,1,0,0.06262659440521158,0.10696979942874094
0.08771929824561403,1,0,0.04762884165941075,0.1111111111111111,0.40625,0.3214285714285714,0.3157894736842105,0.875,0,0,2,0,4,0.047360067542049245,0.03429579352732172
0.17543859649122806,0,2,0.015399533764163857,0.1111111111111111,0.5625,0.5357142857142856,0.3684210526315789,1.0,0,0,2,1,0,0.015121664029293519,0.010218523920536567
0.07017543859649122,0,9,0.024167090957478654,0.1111111111111111,0.46875,0.46428571428571425,0.10526315789473684,1.0,1,1,2,0,2,0.023891695565122165,0.021163576687181756
0.2807017543859649,0,9,0.0002272104464645759,0.0,0.75,0.42857142857142855,0.42105263157894735,0.5,0,1,3,0,1,0.0004545491376511154,0.00017990113668253418
0.49122807017543857,0,3,0.009333409992162228,0.2222222222222222,0.5,0.4523809523809524,0.2807017543859649,0.6666666666666666,1,1,2,1,0,0.005847741717538291,0.006857625778809484
0.08771929824561403,0,7,0.08282591313408755,0.2222222222222222,0.6041666666666666,0.5714285714285714,0.2631578947368421,0.5833333333333334,0,0,0,0,2,0.054856570972215385,0.07555320797128828
0.4035087719298246,0,2,0.00516992674142483,0.1111111111111111,0.75,0.5357142857142856,0.42105263157894735,0.875,0,0,2,0,0,0.004889170050587366,0.004754250082699652
0.17543859649122806,0,5,0.3252823781307377,0.1111111111111111,0.53125,0.5714285714285714,0.15789473684210525,0.875,1,1,2,1,0,0.32509196220759884,0.29187128189075356
0.12280701754385964,1,6,0.07804303444885759,0.1111111111111111,0.46875,0.46428571428571425,0.10526315789473684,0.625,0,1,3,0,3,0.07778284369497855,0.08251683214435708
0.26315789473684215,1,4,0.09999808352927764,0.5555555555555556,0.46875,0.4404761904761904,0.2807017543859649,0.625,1,1,2,1,1,0.03287174197788295,0.1071111596537885
0.07017543859649122,1,6,0.018327387334736506,0.1111111111111111,0.53125,0.6071428571428572,0.2368421052631579,0.875,0,1,0,0,1,0.01805034388618564,0.01338358197229479
0.17543859649122806,1,7,0.003074453702117621,0.0,0.4375,0.8571428571428572,0.10526315789473684,1.0,0,0,3,0,0,0.006150642722599135,0.0031534304546886912
0.03508771929824561,1,9,0.0229867820816705,0.0,0.5625,0.2857142857142857,0.05263157894736842,1.0,0,1,4,1,5,0.04598653862610348,0.019879489319420632
0.7017543859649124,0,6,0.046114632214450314,0.2222222222222222,0.47916666666666663,0.5952380952380953,0.3157894736842105,0.75,1,0,0,0,1,0.030375476691938942,0.04695349988929831
0.29824561403508765,1,7,0.06967161372959625,0.2222222222222222,0.45833333333333337,0.49999999999999994,0.15789473684210525,0.9166666666666667,1,1,2,1,3,0.04608456313578825,0.048974132385287875
0.14035087719298245,1,6,0.025569670922219543,0.2222222222222222,0.6041666666666666,0.3333333333333333,0.42105263157894735,0.5833333333333334,0,1,4,0,1,0.016674970423014628,0.018086226427551016
0.33333333333333337,0,1,0.04508112104448841,0.1111111111111111,0.5,0.42857142857142855,0.21052631578947367,1.0,0,1,3,0,1,0.04481162792030528,0.03150817511526999
0.26315789473684215,1,6,0.010318120309709572,0.0,0.6875,0.42857142857142855,0.05263157894736842,1.0,1,0,3,0,6,0.020642064491036387,0.010055519816299645
0.24561403508771928,1,1,0.07995614640808932,0.4444444444444445,0.44999999999999996,0.6428571428571428,0.2526315789473684,0.8500000000000001,0,1,4,1,4,0.031539939355239834,0.08175677052767341
0.42105263157894735,1,1,0.022083867524850403,0.3333333333333333,0.625,0.5178571428571428,0.19736842105263158,0.5,1,1,2,1,7,0.0106217263815774,0.02122628732306238
0.45614035087719296,1,4,0.003913551759626364,0.0,0.375,0.35714285714285715,0.2631578947368421,1.0,1,0,0,1,6,0.00782931245095069,0.002858777564155158
0.17543859649122806,1,4,0.31153496067382325,1.0,0.43125,0.47142857142857136,0.2526315789473684,0.7749999999999999,0,1,3,1,0,0.06181658784191729,0.28723121742421986
0.17543859649122806,0,6,0.011783528902255447,0.2222222222222222,0.6458333333333333,0.4047619047619047,0.4035087719298245,0.75,0,1,2,0,5,0.007481615298990893,0.012504762088912186
0.22807017543859642,0,0,0.05245775515683745,0.2222222222222222,0.3125,0.5476190476190474,0.2631578947368421,1.0,0,0,0,0,1,0.03460541873955895,0.03780654395937187
0.0,1,6,0.518065897747001,0.6666666666666665,0.5,0.510204081632653,0.2631578947368421,0.8214285714285714,1,1,2,0,2,0.14757680278211174,0.39264744794712386
0.0,1,6,0.1840240629693007,0.2222222222222222,0.625,0.4047619047619047,0.2631578947368421,0.75,1,1,0,1,0,0.12234104400187167,0.1766957522079805
0.5789473684210525,1,6,0.15387837365528462,0.4444444444444445,0.55,0.4428571428571428,0.3789473684210526,0.7,1,1,2,1,6,0.06111717506011411,0.11784325755275576
0.631578947368421,0,4,0.10368205395082415,0.4444444444444445,0.42500000000000004,0.5285714285714285,0.3157894736842105,0.75,1,1,3,0,0,0.04103298070201754,0.0896616203766366
0.24561403508771928,1,8,0.2733238932332185,0.4444444444444445,0.5,0.5571428571428572,0.4421052631578947,0.75,1,0,3,1,5,0.10890886665287208,0.2960620072315815
0.4035087719298246,1,6,0.08605447479119854,0.2222222222222222,0.45833333333333337,0.4047619047619047,0.5789473684210527,0.6666666666666666,1,1,2,1,0,0.05700955284420287,0.09167511082798421
0.3508771929824561,0,6,0.18264776038662922,0.8888888888888888,0.5694444444444444,0.4761904761904761,0.21637426900584794,0.7777777777777777,1,1,2,1,4,0.04009812903402752,0.13766099431545506
0.9298245614035087,1,6,0.006445268856145559,0.0,0.5625,0.35714285714285715,0.42105263157894735,0.5,0,0,3,1,7,0.012894175624743204,0.0065307901383344375
0.5263157894736842,1,7,0.0008914552473462314,0.1111111111111111,0.46875,0.6071428571428572,0.21052631578947367,0.125,0,1,0,0,4,0.0006094911045721912,0.0009969249142911096
0.26315789473684215,1,3,0.003737315482890362,0.1111111111111111,0.78125,0.6428571428571428,0.3157894736842105,0.75,0,0,1,1,3,0.0034561544866272627,0.0038770415142667563
0.08771929824561403,0,6,0.06139226263472839,0.2222222222222222,0.6875,0.49999999999999994,0.17543859649122803,0.75,1,1,0,1,2,0.040563438030492595,0.04425794417464355
0.0,0,0,0.08516835404998668,0.4444444444444445,0.475,0.6000000000000001,0.1894736842105263,0.8999999999999999,0,1,4,1,3,0.03362541079878314,0.08605549751918468
0.33333333333333337,0,1,0.009979477957326717,0.1111111111111111,0.75,0.49999999999999994,0.18421052631578946,0.875,1,1,3,0,1,0.009700078597474801,0.00679391351471688
0.12280701754385964,0,8,0.11373700529123736,0.5555555555555556,0.5208333333333334,0.46428571428571425,0.2982456140350877,0.8333333333333333,1,1,2,0,4,0.037452675011793564,0.10280563901005686
0.0,0,2,0.16323292409768314,0.6666666666666665,0.4821428571428571,0.5510204081632653,0.2857142857142857,0.6785714285714286,0,1,2,1,2,0.046167341897999,0.15125992635332602
0.15789473684210525,0,7,0.05368943335097672,0.2222222222222222,0.29166666666666663,0.4047619047619047,0.3157894736842105,0.33333333333333337,0,1,2,0,2,0.035426769268288534,0.05763616961345687
0.07017543859649122,0,5,0.11743618893398193,0.2222222222222222,0.5625,0.4523809523809524,0.12280701754385964,0.6666666666666666,0,1,2,0,6,0.07793659988154054,0.12486641328085848
0.6491228070175438,1,5,0.4402889958819589,1.0,0.58125,0.6499999999999999,0.2789473684210526,0.725,1,1,2,0,1,0.08757466216623495,0.31285121222272105
0.4736842105263158,0,1,0.1650091170661323,0.2222222222222222,0.5,0.4523809523809524,0.4561403508771929,0.75,0,1,0,0,2,0.10966083585525759,0.1598665256374144
0.2807017543859649,1,1,0.012084236988793783,0.0,0.625,0.2857142857142857,0.2631578947368421,1.0,0,0,3,2,5,0.02417529470100449,0.013040241240848386
0.5964912280701754,1,8,0.08584386058604095,0.1111111111111111,0.375,0.5357142857142856,0.4473684210526316,0.75,0,1,2,0,2,0.08558587134796941,0.09360054509478276
0.29824561403508765,0,6,0.05769663532940674,0.2222222222222222,0.5625,0.42857142857142855,0.2631578947368421,0.41666666666666663,0,0,2,1,2,0.03809899118418416,0.055968371542401196
0.10526315789473684,1,6,0.01828965064319326,0.1111111111111111,0.625,0.5714285714285714,0.18421052631578946,0.875,0,0,2,0,1,0.01801259654475461,0.019337521358632898
0.6140350877192983,0,7,0.025339496861235863,0.0,0.1875,0.2857142857142857,0.736842105263158,0.75,1,1,4,1,5,0.050693296131450856,0.026643920125463082
0.4035087719298246,1,5,0.07484193561962363,0.1111111111111111,0.71875,0.35714285714285715,0.18421052631578946,0.5,1,0,2,0,3,0.07458084146531622,0.07688733320059582
0.07017543859649122,0,0,0.06146516755189833,0.2222222222222222,0.5208333333333334,0.3809523809523809,0.22807017543859648,0.9166666666666667,1,1,0,1,2,0.04061205502521528,0.04305307253373441
0.24561403508771928,0,8,0.10406594081819864,0.2222222222222222,0.5833333333333334,0.5238095238095237,0.2631578947368421,0.33333333333333337,1,1,4,1,0,0.0690205856081706,0.08503766905960002
0.10526315789473684,0,3,0.04144476602954882,0.1111111111111111,0.59375,0.5357142857142856,0.2368421052631579,0.625,1,0,3,0,3,0.04117424666879711,0.03879179772754075
0.0,1,6,0.022088609308080966,0.1111111111111111,0.5,0.5357142857142856,0.7894736842105263,0.625,0,1,0,0,3,0.021812627335517934,0.018672962814509083
0.49122807017543857,1,3,0.06099988007239913,0.1111111111111111,0.6875,0.5357142857142856,0.28947368421052627,0.875,0,1,2,1,2,0.06073487947234354,0.04150917151759565
0.6842105263157895,0,0,0.018878619635289695,0.0,0.6875,0.6428571428571428,0.0,1.0,1,0,0,0,0,0.03776789495725162,0.018114838155171547
0.0,1,6,0.0999492826768631,0.4444444444444445,0.6125,0.47142857142857136,0.21052631578947367,0.6,0,1,3,1,0,0.039539450813731884,0.1064432913816599
0.4035087719298246,0,6,0.023250148625268134,0.2222222222222222,0.4375,0.4761904761904761,0.1929824561403509,0.5,1,1,3,1,0,0.01512818582126851,0.02289269182443182
0.15789473684210525,0,6,0.005710292455407974,0.0,0.875,0.42857142857142855,0.42105263157894735,0.25,1,0,2,0,4,0.01142380797947177,0.004205227175375345
0.19298245614035092,1,3,0.09279511722774804,0.3333333333333333,0.5625,0.44642857142857145,0.15789473684210525,0.875,1,1,4,2,1,0.045987329146342876,0.08272403853707931
0.15789473684210525,1,9,0.016665589886724726,0.4444444444444445,0.625,0.2571428571428571,0.5263157894736843,0.65,1,1,2,1,7,0.0062165721105645316,0.012554408008984344
0.10526315789473684,1,2,0.10200109179558883,0.4444444444444445,0.675,0.5142857142857142,0.2631578947368421,0.75,1,0,2,0,0,0.04036040608234176,0.10027291320342825
0.29824561403508765,0,4,0.046923896552466746,0.1111111111111111,0.5,0.3214285714285714,0.47368421052631576,0.5,1,0,3,0,6,0.04665492348851047,0.05081111852606315
0.12280701754385964,1,6,0.14423477201012294,0.4444444444444445,0.525,0.4428571428571428,0.28421052631578947,0.75,1,0,2,0,0,0.05725864577163569,0.14975251944334556
0.3508771929824561,1,9,0.02065323200932867,0.4444444444444445,0.6375,0.5857142857142856,0.3789473684210526,0.8,1,1,2,1,1,0.0078120791097319175,0.017145828183657855
0.2807017543859649,1,5,0.02085179418210858,0.1111111111111111,0.125,0.3214285714285714,0.5263157894736843,1.0,0,1,2,1,3,0.02057546316086751,0.014493603776434494
0.24561403508771928,0,1,0.22902813003629247,0.4444444444444445,0.6375,0.5571428571428572,0.3789473684210526,0.8,1,1,2,1,5,0.09118556098972344,0.17481308311092833
0.10526315789473684,1,4,0.0057632423681492845,0.0,0.4375,0.42857142857142855,0.10526315789473684,0.0,1,0,2,0,5,0.011529737691550464,0.003991096483274638
0.17543859649122806,1,1,0.012517715005787938,0.1111111111111111,0.625,0.5357142857142856,0.13157894736842105,0.75,1,1,2,1,0,0.01223903197634605,0.011732027697894299
0.45614035087719296,0,9,0.06380701574489364,0.2222222222222222,0.5416666666666666,0.5952380952380953,0.3684210526315789,0.5,0,1,0,1,0,0.04217372775813664,0.060505486048364185
0.4035087719298246,0,9,0.032341332524069,0.1111111111111111,0.59375,0.49999999999999994,0.21052631578947367,0.75,1,1,2,1,0,0.03206824403122633,0.03235651066176618
0.08771929824561403,0,0,0.01099421956866764,0.2222222222222222,0.5416666666666666,0.3095238095238095,0.3333333333333333,0.75,1,1,4,1,5,0.006955260572928225,0.00780629834271467
0.3157894736842105,1,3,0.01868776286025945,0.2222222222222222,0.47916666666666663,0.5238095238095237,0.24561403508771928,0.6666666666666666,1,0,2,1,0,0.01208573692659038,0.015348210386518749
0.45614035087719296,1,6,0.008461119452039529,0.0,0.375,0.49999999999999994,0.15789473684210525,1.0,1,0,2,1,7,0.016927014626007836,0.0066269899957374185
0.0,0,3,0.06022123975108009,0.3333333333333333,0.640625,0.37499999999999994,0.21052631578947367,0.8125,1,1,2,1,1,0.029695793977777288,0.06288152236339663
0.4035087719298246,1,1,0.02225299112674056,0.4444444444444445,0.5625,0.4857142857142857,0.5368421052631578,0.7,0,1,2,1,7,0.008452163347568627,0.01695469139138004
0.15789473684210525,0,5,0.019011389565745516,0.2222222222222222,0.5,0.49999999999999994,0.22807017543859648,0.41666666666666663,1,1,0,1,0,0.012301548951944736,0.01286068849658741
0.4035087719298246,0,0,0.10770348127894588,0.2222222222222222,0.6041666666666666,0.6904761904761905,0.17543859649122803,0.8333333333333333,0,1,4,0,1,0.07144629696274878,0.09470634264081107
0.12280701754385964,1,8,0.009242328239275125,0.1111111111111111,0.59375,0.6071428571428572,0.4473684210526316,0.625,0,1,2,1,3,0.008962720844180753,0.008682156890514025
0.0,0,6,0.04850883759728312,0.2222222222222222,0.6875,0.4523809523809524,0.4912280701754386,0.5833333333333334,0,1,3,0,1,0.03197206406876682,0.04909728910630899
0.0,0,5,0.0780653603449015,0.1111111111111111,0.59375,0.42857142857142855,0.2368421052631579,0.75,1,1,3,1,2,0.07780517589174141,0.05987977325924421
0.29824561403508765,1,8,0.03681125351608166,0.2222222222222222,0.5833333333333334,0.6904761904761905,0.24561403508771928,0.9166666666666667,0,1,2,1,0,0.024171473853180758,0.02662750213259711
0.3508771929824561,0,5,0.09132615229777924,0.0,0.3125,0.5714285714285714,0.3684210526315789,0.75,1,0,1,2,6,0.18270385194820746,0.09442527705471834
0.10526315789473684,1,6,0.012203374292461731,0.1111111111111111,0.59375,0.42857142857142855,0.2631578947368421,0.75,0,1,2,0,0,0.011924602551127391,0.01290489078507271
0.42105263157894735,1,6,0.00570673611798505,0.0,0.625,0.2857142857142857,0.3157894736842105,0.75,0,0,2,1,0,0.01141669329731723,0.005790282046310759
0.0,1,6,0.04499557137203696,0.2222222222222222,0.5625,0.5238095238095237,0.3508771929824561,0.6666666666666666,1,1,2,0,0,0.02962922558595172,0.03371885567722
0.2807017543859649,0,2,0.07142330748468749,0.3333333333333333,0.5625,0.5714285714285714,0.17105263157894735,0.6875,0,1,0,1,3,0.03529840854441705,0.06601792513848163
0.03508771929824561,0,2,0.012356494375948728,0.1111111111111111,0.3125,0.35714285714285715,0.34210526315789475,1.0,1,1,3,0,6,0.012077765847509832,0.01127567717470469
0.15789473684210525,0,4,0.007641383676055595,0.0,0.875,0.2857142857142857,0.21052631578947367,1.0,0,0,3,1,3,0.015287080389386552,0.008443072591219153
0.29824561403508765,1,1,0.3268313606527223,0.5555555555555556,0.71875,0.5119047619047619,0.3157894736842105,0.8333333333333333,0,1,2,0,1,0.10850417299165203,0.29552761680596273
0.10526315789473684,0,1,0.0036274641713822707,0.0,0.5,0.42857142857142855,0.2631578947368421,1.0,1,0,2,0,1,0.00725697579762998,0.0037281473031029744
0.21052631578947367,1,2,0.0028853750957988393,0.0,0.875,0.35714285714285715,0.15789473684210525,0.5,0,0,4,1,1,0.005772378788049468,0.0019457716744070753
0.5087719298245613,0,5,0.04410075736156907,0.3333333333333333,0.46875,0.625,0.28947368421052627,0.75,0,1,2,1,0,0.02163327805620559,0.03623668770782697
0.17543859649122806,1,8,0.04461642628789303,0.1111111111111111,0.5,0.5714285714285714,0.42105263157894735,0.875,1,1,3,0,6,0.04434680201954205,0.04331075227852999
0.4736842105263158,1,5,0.034302850187112745,0.2222222222222222,0.5833333333333334,0.5238095238095237,0.2982456140350877,0.75,1,0,2,1,0,0.022498733026624654,0.02741796098806181
0.05263157894736842,1,7,0.035683301830110994,0.0,0.5625,0.49999999999999994,0.47368421052631576,0.5,1,0,2,1,5,0.07138674443804781,0.037047571069005567
0.4035087719298246,0,2,0.22674456626217282,0.1111111111111111,0.65625,0.6785714285714286,0.42105263157894735,1.0,1,0,0,0,2,0.22652634141897196,0.17424855674084466
0.5964912280701754,1,9,0.004326284474986797,0.0,0.625,0.5714285714285714,0.5789473684210527,0.75,1,1,4,0,4,0.008655010840996933,0.0035916210229045373
0.0,0,7,0.09226186418861075,0.4444444444444445,0.6125,0.5285714285714285,0.2421052631578947,0.7,1,1,2,0,6,0.03646361561427671,0.08917395808455937
0.12280701754385964,1,6,0.0008598433591424644,0.0,0.5,0.35714285714285715,0.21052631578947367,0.75,1,0,4,1,1,0.001720172040919699,0.0008279110407822944
0.4035087719298246,1,6,0.0032030745722466986,0.0,0.5,0.49999999999999994,0.2631578947368421,1.0,1,0,1,0,4,0.006407957060521637,0.002927715714571147
0.24561403508771928,1,6,0.005464905173226232,0.0,0.75,0.5714285714285714,0.2631578947368421,0.75,1,0,2,0,5,0.010932894910808564,0.006064118489656142
0.36842105263157887,0,0,0.015317145280532787,0.0,0.5625,0.6428571428571428,0.21052631578947367,0.75,1,0,2,1,6,0.030642936039600315,0.01029991710002329
0.15789473684210525,0,6,0.061344844802422735,0.4444444444444445,0.525,0.5428571428571427,0.2421052631578947,0.8,0,1,2,1,7,0.024093317752179412,0.040691450955143954
0.3157894736842105,1,6,0.015616272772660936,0.1111111111111111,0.5,0.39285714285714285,0.28947368421052627,0.625,0,1,2,1,5,0.015338464204947114,0.012858336847741887
0.26315789473684215,1,1,0.1157097846894537,0.4444444444444445,0.5125,0.5428571428571427,0.29473684210526313,0.6,1,1,3,1,4,0.045845430763371796,0.11073992801864178
0.543859649122807,1,3,0.3470637594003383,0.4444444444444445,0.475,0.42857142857142855,0.3578947368421052,0.8999999999999999,0,1,2,0,1,0.13841313733965038,0.2857222427483424
0.3508771929824561,0,1,0.015985341567439915,0.1111111111111111,0.625,0.5714285714285714,0.42105263157894735,0.25,1,1,3,1,4,0.01570763715674376,0.01457286305233917
0.36842105263157887,1,2,0.009031516459816251,0.1111111111111111,0.625,0.5357142857142856,0.2631578947368421,0.5,1,0,1,0,4,0.008751849570322604,0.006202168986698901
0.21052631578947367,0,6,0.0060544668882264886,0.0,0.3125,0.49999999999999994,0.10526315789473684,1.0,0,0,3,2,0,0.012112351107983286,0.0043317807225066556
0.19298245614035092,0,6,0.00885686077749044,0.0,0.3125,0.42857142857142855,0.47368421052631576,0.25,0,0,3,1,0,0.01771872064576017,0.007353126900371787
0.19298245614035092,1,7,0.03969998737500215,0.1111111111111111,0.5625,0.49999999999999994,0.34210526315789475,0.875,0,1,2,1,4,0.03942897561027668,0.03809984682927186
0.36842105263157887,0,1,0.05471919060921444,0.3333333333333333,0.578125,0.48214285714285715,0.47368421052631576,0.25,0,1,0,0,3,0.026943993024449404,0.036668781408665536
0.19298245614035092,0,1,0.013046621410297218,0.1111111111111111,0.4375,0.39285714285714285,0.5263157894736843,0.625,0,0,2,0,1,0.012768087646559982,0.010389192658047787
0.3508771929824561,0,6,0.007942882059799023,0.0,0.625,0.5714285714285714,0.2631578947368421,1.0,0,1,2,0,7,0.015890247332043597,0.005316990941622844
0.719298245614035,1,9,0.02608415440273585,0.1111111111111111,0.3125,0.5357142857142856,0.21052631578947367,0.375,1,0,0,0,0,0.02580930003583033,0.02712792429711394
0.4736842105263158,1,2,0.14165543950699683,0.4444444444444445,0.5625,0.5142857142857142,0.39999999999999997,0.55,1,1,2,1,1,0.056226621599107816,0.1513959735939448
0.22807017543859642,1,6,0.06949853864168064,0.2222222222222222,0.47916666666666663,0.4761904761904761,0.3508771929824561,1.0,1,0,2,1,0,0.04596914718083684,0.05645032890857538
0.543859649122807,1,6,0.009058781713392002,0.1111111111111111,0.5,0.49999999999999994,0.21052631578947367,0.375,0,1,3,1,1,0.008779122518581673,0.009195643770839312
0.21052631578947367,1,4,0.022247854194907442,0.1111111111111111,0.59375,0.6428571428571428,0.15789473684210525,0.25,1,1,3,0,5,0.021971917163755673,0.01630415564222398
0.0,1,2,0.11733404302022352,0.3333333333333333,0.453125,0.49999999999999994,0.40789473684210525,0.75,0,0,2,1,7,0.05826025467795292,0.08870223474576847
0.07017543859649122,0,7,0.20577244933058864,0.1111111111111111,0.71875,0.3214285714285714,0.2368421052631579,0.875,0,0,1,1,3,0.20554830582619343,0.19689236572912525
0.0,1,0,0.16198820599965977,0.6666666666666665,0.5267857142857143,0.45918367346938777,0.18796992481203006,0.8214285714285714,0,1,2,1,0,0.04581160779027203,0.15610249391489087
0.21052631578947367,1,0,0.006869263306678585,0.1111111111111111,0.625,0.49999999999999994,0.2368421052631579,1.0,1,1,2,1,4,0.00658898619534269,0.005523152157080388
0.29824561403508765,1,0,0.004976501500478032,0.0,0.625,0.49999999999999994,0.42105263157894735,1.0,0,0,2,1,3,0.009955811894918516,0.0034604948252402643
0.6491228070175438,0,7,0.027747137296555275,0.2222222222222222,0.6041666666666666,0.4523809523809524,0.2631578947368421,0.5833333333333334,1,1,2,1,6,0.018127024349406783,0.027079062259990287
0.3508771929824561,0,7,0.018803343826504476,0.1111111111111111,0.5625,0.46428571428571425,0.42105263157894735,0.625,1,0,2,0,0,0.01852643470036022,0.01942688401476278
0.24561403508771928,0,6,0.11437497271004964,0.0,0.375,0.35714285714285715,0.47368421052631576,0.75,0,0,3,0,2,0.2288145022518957,0.1251498740648494
0.45614035087719296,1,8,0.26739330543189055,0.4444444444444445,0.5375,0.5285714285714285,0.17894736842105263,0.5,1,1,3,1,2,0.10653596205028537,0.18582267557366733
0.0,0,3,0.06013766582164139,0.3333333333333333,0.375,0.5714285714285714,0.34210526315789475,0.875,1,1,4,1,6,0.02965399522011937,0.04756741088513798
0.33333333333333337,1,6,0.10051414760420413,0.8888888888888888,0.45833333333333337,0.48412698412698413,0.28654970760233917,0.6388888888888888,0,1,4,0,4,0.021841064105240553,0.06803285270856817
0.45614035087719296,1,8,0.15826768433237767,0.5555555555555556,0.46875,0.42857142857142855,0.2631578947368421,0.7916666666666667,1,0,0,1,0,0.052300423778137324,0.16035322985033235
0.0,1,8,0.0024532800989135978,0.0,0.75,0.49999999999999994,0.21052631578947367,1.0,0,0,2,1,1,0.004907944906272955,0.002338366384451386
0.5263157894736842,1,4,0.07873256876030227,0.3333333333333333,0.53125,0.49999999999999994,0.18421052631578946,0.625,0,1,3,0,3,0.038954070576461185,0.05849360691196629
0.36842105263157887,1,9,0.025324481214339074,0.2222222222222222,0.5416666666666666,0.4761904761904761,0.2982456140350877,0.75,1,1,2,1,2,0.016511464486833455,0.02577781656546738
0.21052631578947367,0,4,0.08811892866520582,0.1111111111111111,0.375,0.46428571428571425,0.18421052631578946,0.875,1,0,2,0,2,0.08786158148712273,0.0911472963093223
0.42105263157894735,0,6,0.19807633757308024,0.3333333333333333,0.53125,0.39285714285714285,0.22368421052631576,0.8125,0,1,3,1,2,0.09864279532699768,0.1359240838977726
0.7719298245614034,1,5,0.015909275461449598,0.1111111111111111,0.6875,0.35714285714285715,0.3684210526315789,0.625,0,0,2,1,1,0.015631549583702158,0.011164104501700417
0.33333333333333337,0,5,0.3384404314469531,1.0,0.525,0.6000000000000001,0.2789473684210526,0.7,1,1,2,1,5,0.06719920062593392,0.28812484398551874
0.33333333333333337,1,6,0.040026182546404776,0.2222222222222222,0.5625,0.4761904761904761,0.3157894736842105,0.75,1,1,1,0,0,0.026315364742415238,0.030839305214929384
0.19298245614035092,1,6,0.029295724669937313,0.0,0.5625,0.42857142857142855,0.47368421052631576,1.0,0,0,2,0,5,0.058607984768256016,0.02975658866682937
0.10526315789473684,0,4,0.10649669744676706,0.2222222222222222,0.7291666666666667,0.42857142857142855,0.3684210526315789,0.5833333333333334,1,1,0,0,6,0.07064154735904644,0.10335069895358594
0.45614035087719296,0,1,0.019767901565321915,0.2222222222222222,0.5416666666666666,0.42857142857142855,0.12280701754385964,1.0,0,0,3,1,7,0.012806032618050855,0.019054888006643147
0.10526315789473684,1,9,9.779927913040442e-05,0.0,0.375,0.42857142857142855,0.42105263157894735,1.0,0,1,0,0,4,0.000195653759249828,2.4256822351046125e-05
0.29824561403508765,1,6,0.2710185962859588,0.6666666666666665,0.4196428571428571,0.49999999999999994,0.3609022556390977,0.7142857142857143,1,1,2,1,2,0.07697193932655523,0.23382871251754808
0.19298245614035092,0,6,0.014786460707312047,0.2222222222222222,0.6041666666666666,0.4761904761904761,0.21052631578947367,0.9166666666666667,1,1,2,1,3,0.009484134818747212,0.013608687025674608
0.38596491228070173,0,7,0.03872752666413377,1.0,0.53125,0.5714285714285714,0.2368421052631579,0.675,1,1,3,1,4,0.0072397029303992375,0.030489606321789525
0.36842105263157887,0,6,0.0075908046549295685,0.0,0.6875,0.14285714285714285,0.05263157894736842,0.75,1,0,2,0,7,0.015185893798744219,0.007522010126722518
0.5087719298245613,1,2,0.10289985729208218,0.4444444444444445,0.475,0.4428571428571428,0.1894736842105263,0.4,1,1,2,1,0,0.040720013739241744,0.09606228594551874
0.17543859649122806,1,3,0.05851103659925629,0.2222222222222222,0.5,0.49999999999999994,0.12280701754385964,0.5833333333333334,1,1,4,1,0,0.038642078588647315,0.056839570341562194
0.22807017543859642,1,6,0.09463552184411111,0.6666666666666665,0.6517857142857142,0.45918367346938777,0.3082706766917293,0.8571428571428572,0,1,2,1,4,0.026562552892509323,0.06498581258961306
0.08771929824561403,1,6,0.14590842391621112,0.8888888888888888,0.45833333333333337,0.5317460317460316,0.21052631578947367,0.8611111111111112,0,1,3,1,2,0.03193152794760238,0.13842654311277827
0.19298245614035092,0,1,0.003366666093701193,0.0,0.6875,0.49999999999999994,0.2631578947368421,0.75,0,0,2,1,1,0.006735232439630439,0.002802773482389547
0.36842105263157887,1,6,0.4578721208237979,0.3333333333333333,0.625,0.44642857142857145,0.15789473684210525,0.9375,1,1,2,1,2,0.22857734618007772,0.33054898110023373
0.45614035087719296,1,5,0.03932064471655695,0.2222222222222222,0.5416666666666666,0.49999999999999994,0.24561403508771928,0.75,1,1,2,0,0,0.025844873446603023,0.038604231957583925
0.08771929824561403,0,7,0.3254445866320833,0.5555555555555556,0.46875,0.49999999999999994,0.3508771929824561,0.5,1,1,2,1,1,0.1080417845282936,0.2935948227492587
0.4736842105263158,0,6,0.18948521423080278,0.5555555555555556,0.42708333333333337,0.4404761904761904,0.21052631578947367,0.7083333333333334,1,1,0,0,6,0.06270920377022818,0.15354524999159502
0.5789473684210525,1,7,0.010980784516181038,0.1111111111111111,0.59375,0.46428571428571425,0.3684210526315789,0.75,1,1,2,0,0,0.01070166774078604,0.007835171364651375
0.36842105263157887,0,6,0.19572026403039328,0.4444444444444445,0.5125,0.39999999999999997,0.42105263157894735,0.6,0,1,3,0,2,0.07785865458593637,0.14579682833991187
0.6842105263157895,0,6,0.13330812285249083,0.2222222222222222,0.625,0.6190476190476191,0.4912280701754386,0.9166666666666667,1,0,0,1,7,0.08852087536677666,0.13776533784571196
0.12280701754385964,0,6,0.0014407118048866843,0.0,0.4375,0.5714285714285714,0.3157894736842105,0.5,1,1,2,0,4,0.0028822367928277677,0.001660612477361025
0.03508771929824561,1,9,0.24459836799675663,0.8888888888888888,0.3402777777777778,0.42063492063492064,0.2631578947368421,0.8055555555555556,0,1,2,1,5,0.053868815933093527,0.1629004574915084
0.0,0,8,0.04335926100888946,0.3333333333333333,0.5,0.48214285714285715,0.3026315789473684,0.75,0,1,3,0,0,0.021262425248900232,0.04004278781525378
0.5964912280701754,0,5,0.014497804653151399,0.1111111111111111,0.3125,0.5714285714285714,0.28947368421052627,0.5,0,1,0,0,0,0.014219680436145824,0.012170479560426316
0.42105263157894735,1,1,0.01835326956820334,0.1111111111111111,0.6875,0.42857142857142855,0.28947368421052627,0.875,0,0,2,1,0,0.018076233424025766,0.019076096395305553
0.2807017543859649,1,1,0.1612808900011005,0.5555555555555556,0.53125,0.5119047619047619,0.22807017543859648,0.8333333333333333,0,1,3,1,5,0.05330510912571952,0.13269979913434934
0.3508771929824561,0,3,0.3102843153467617,0.8888888888888888,0.5486111111111112,0.5317460317460316,0.34502923976608185,0.75,0,1,2,0,5,0.06846981259026891,0.23824136383090913
0.05263157894736842,1,0,0.01308297508173155,0.0,0.75,0.5714285714285714,0.21052631578947367,0.75,1,0,3,1,6,0.02617333460607092,0.009511853442456808
0.8070175438596491,0,4,0.08781486181554582,0.2222222222222222,0.41666666666666663,0.49999999999999994,0.12280701754385964,1.0,1,1,3,1,1,0.05818347539970185,0.0955425715506581
0.3157894736842105,1,6,0.0016264316480838158,0.0,0.75,0.5714285714285714,0.21052631578947367,0.75,0,0,4,1,7,0.0032537813053425922,0.0017104761426966584
0.3157894736842105,1,6,0.035899250541402986,0.4444444444444445,0.38749999999999996,0.47142857142857136,0.2631578947368421,0.55,1,1,2,1,0,0.013912207589033823,0.03348403918508922
0.4385964912280701,1,2,0.019733918785502867,0.2222222222222222,0.5416666666666666,0.4761904761904761,0.1929824561403509,0.6666666666666666,1,0,0,1,3,0.012783371037854917,0.020389492275530326
0.38596491228070173,0,5,0.1860541389148864,0.2222222222222222,0.47916666666666663,0.2619047619047619,0.21052631578947367,0.8333333333333333,1,1,2,0,0,0.12369480991183263,0.12328479878508596
0.33333333333333337,1,5,0.011991377067195219,0.1111111111111111,0.5,0.35714285714285715,0.21052631578947367,0.375,0,0,2,0,2,0.011712545496910153,0.01125298811825066
0.12280701754385964,0,2,0.023798614885603496,0.2222222222222222,0.5416666666666666,0.5476190476190474,0.3508771929824561,0.9166666666666667,0,0,2,0,0,0.01549393318536112,0.0252659410000918
0.38596491228070173,0,8,0.10688769698898742,0.2222222222222222,0.5416666666666666,0.5714285714285714,0.21052631578947367,0.75,0,0,3,1,1,0.07090228728467299,0.10470442125660617
0.6842105263157895,0,7,0.11316996704658229,0.5555555555555556,0.6458333333333333,0.4761904761904761,0.18421052631578946,0.6666666666666666,0,1,2,0,6,0.037263608921205345,0.12331214759017833
0.5789473684210525,0,8,0.0012502501784589877,0.0,0.4375,0.35714285714285715,0.15789473684210525,0.75,1,0,2,0,7,0.0025012060374402243,0.0008280852369930737
0.631578947368421,0,4,0.28385045443077167,0.4444444444444445,0.525,0.38571428571428573,0.3052631578947368,0.75,1,1,2,1,5,0.11312067943633534,0.22368396069227664
0.17543859649122806,1,5,0.6079959900319815,0.8888888888888888,0.4652777777777778,0.5714285714285714,0.1929824561403509,0.75,1,1,2,0,5,0.13464663339059554,0.5683116101948681
0.08771929824561403,0,1,0.02061411229767651,0.1111111111111111,0.4375,0.49999999999999994,0.3684210526315789,0.75,1,0,2,0,4,0.02033771419886999,0.01830606204555475
0.26315789473684215,0,6,0.02527232159880286,0.2222222222222222,0.5,0.4761904761904761,0.3684210526315789,0.9166666666666667,1,1,0,1,1,0.016476681596300155,0.025330872637659863
0.29824561403508765,1,3,0.05060984271702599,0.4444444444444445,0.4625,0.49999999999999994,0.2526315789473684,0.75,0,1,3,1,0,0.019798105083460162,0.04590370642503562
0.5263157894736842,1,7,0.0017880474265255751,0.0,0.5625,0.14285714285714285,0.15789473684210525,1.0,0,1,0,0,1,0.003577104083254429,0.0020209808884111263
0.0,0,9,0.2738482554287985,0.2222222222222222,0.5208333333333334,0.6666666666666667,0.1929824561403509,1.0,1,0,2,1,2,0.18224073884129627,0.26844067216743467
0.6140350877192983,1,6,0.009278286762106909,0.2222222222222222,0.5416666666666666,0.4523809523809524,0.08771929824561403,0.9166666666666667,1,1,3,1,4,0.0058109825264065045,0.010074507203274612
0.26315789473684215,0,1,0.14972378124810454,0.6666666666666665,0.5803571428571429,0.5306122448979591,0.15789473684210525,0.75,1,1,4,1,3,0.04230649751453378,0.15786479343029444
0.19298245614035092,1,0,0.0022649917897999104,0.1111111111111111,0.375,0.46428571428571425,0.3157894736842105,0.75,0,1,3,1,0,0.001983415280637649,0.0023817412409354822
0.07017543859649122,1,6,0.2910441347401414,0.5555555555555556,0.48958333333333337,0.39285714285714285,0.2368421052631579,0.5833333333333334,1,1,2,0,1,0.09657173111481733,0.25430242866099034
0.0,0,1,0.14416996763930523,0.4444444444444445,0.48750000000000004,0.4428571428571428,0.1894736842105263,0.65,1,1,3,1,1,0.05723271670778359,0.13966773466363494
0.45614035087719296,1,1,0.03287122680008465,0.1111111111111111,0.34375,0.5714285714285714,0.47368421052631576,0.625,1,0,3,0,5,0.0325982878517395,0.033125325638041526
0.29824561403508765,1,2,0.3079434550252727,0.2222222222222222,0.5208333333333334,0.3809523809523809,0.5964912280701755,0.5833333333333334,0,1,1,1,1,0.20497728670660503,0.23113860043448017
0.017543859649122806,0,6,0.09787830885091378,0.1111111111111111,0.25,0.46428571428571425,0.2368421052631579,0.625,1,0,2,0,2,0.09762371592338988,0.09258737638383648
0.017543859649122806,1,9,0.11081685711841437,0.4444444444444445,0.4375,0.5428571428571427,0.45263157894736833,0.8,1,1,2,1,5,0.04388770739051442,0.12087705875969162
0.21052631578947367,0,7,0.22537675937445606,0.8888888888888888,0.6111111111111112,0.49999999999999994,0.30409356725146197,0.6666666666666666,1,1,3,1,3,0.04959614187475519,0.17508826957490725
0.6491228070175438,0,8,0.028453070275005647,0.1111111111111111,0.34375,0.6785714285714286,0.10526315789473684,0.625,1,0,2,1,4,0.028178884453411577,0.029627944765168703
0.22807017543859642,0,7,0.026838690659299516,0.3333333333333333,0.53125,0.49999999999999994,0.15789473684210525,0.5,1,1,2,2,5,0.012999808891732125,0.018928682851933398
0.0,1,1,0.20500842950756384,0.2222222222222222,0.5625,0.4047619047619047,0.5438596491228069,0.8333333333333333,1,1,0,1,0,0.1363345697728644,0.17089980878481945
0.24561403508771928,1,6,0.047455766571495125,0.3333333333333333,0.453125,0.33928571428571425,0.2763157894736842,0.625,0,1,2,0,1,0.023311256079347673,0.045130754288754266
0.22807017543859642,0,6,0.1430319396639696,0.7777777777777777,0.515625,0.46428571428571425,0.36184210526315785,0.75,1,1,3,1,5,0.03527419886208564,0.133905454658207
0.0,0,3,0.08725987560326844,0.2222222222222222,0.5833333333333334,0.4523809523809524,0.3684210526315789,0.75,1,0,0,1,4,0.05781338017429258,0.08546636593432837
0.2807017543859649,0,6,0.099468189253262,0.3333333333333333,0.546875,0.5178571428571428,0.35526315789473684,0.8125,0,0,2,0,1,0.04932480678203123,0.1051512345372556
0.24561403508771928,0,1,0.20498215212549445,0.4444444444444445,0.6625000000000001,0.5428571428571427,0.17894736842105263,0.75,1,0,2,1,5,0.08156445536416401,0.18511369699579472
0.4385964912280701,1,3,0.05838518176934505,0.3333333333333333,0.625,0.48214285714285715,0.28947368421052627,0.6875,1,1,3,0,4,0.02877750590469211,0.05683595577018852
0.6842105263157895,1,1,0.018443363449584076,0.2222222222222222,0.5833333333333334,0.35714285714285715,0.42105263157894735,0.5,0,1,0,1,4,0.01192275800390214,0.013331453756219023
0.5263157894736842,1,6,0.22282706301652097,0.2222222222222222,0.5208333333333334,0.5714285714285714,0.2807017543859649,0.5,0,1,4,1,2,0.1482170112445575,0.17206844761388645
0.22807017543859642,1,0,0.019293525667964138,0.2222222222222222,0.5416666666666666,0.35714285714285715,0.3859649122807018,0.75,0,1,1,1,7,0.012489692768920327,0.013526509963239376
0.05263157894736842,1,8,0.07282213353770418,0.3333333333333333,0.4375,0.44642857142857145,0.3026315789473684,0.75,1,1,2,0,1,0.03599801895628007,0.07374169802633951
0.8245614035087719,0,6,0.10982088506569446,0.1111111111111111,0.40625,0.25,0.3947368421052631,0.625,0,1,2,0,0,0.10956966252098091,0.09013613085479996
0.29824561403508765,1,6,0.03138270201428976,0.1111111111111111,0.375,0.49999999999999994,0.13157894736842105,0.625,1,1,2,0,6,0.031109342980842333,0.026041854471956415
0.29824561403508765,1,4,0.014924960292504803,0.3333333333333333,0.53125,0.46428571428571425,0.22368421052631576,0.6875,0,1,2,0,4,0.007041262587305549,0.015328743959964137
0.2807017543859649,1,6,0.049430719287025485,0.1111111111111111,0.40625,0.5357142857142856,0.34210526315789475,0.875,1,1,0,1,4,0.04916245368786585,0.054118102940553976
0.33333333333333337,0,4,0.0019050114128795132,0.0,0.3125,0.42857142857142855,0.3684210526315789,1.0,0,0,3,1,1,0.00381109807411483,0.0016696271312688644
0.26315789473684215,0,6,0.0021215528470753175,0.0,0.5625,0.35714285714285715,0.21052631578947367,0.25,1,1,3,1,0,0.004244303165302327,0.002056037875830502
0.17543859649122806,0,9,0.005408596497363272,0.2222222222222222,0.5625,0.5476190476190474,0.15789473684210525,0.5,1,1,0,0,1,0.0032304609582804915,0.005061358002303919
0.17543859649122806,0,1,0.024316654703542724,0.1111111111111111,0.46875,0.46428571428571425,0.28947368421052627,0.875,0,0,2,0,0,0.024041301520427338,0.025704175117360343
0.2807017543859649,1,8,0.017086423148437377,0.1111111111111111,0.5625,0.6071428571428572,0.21052631578947367,0.75,0,0,0,0,0,0.016809029480278397,0.014081803934151742
0.17543859649122806,0,1,0.006703103319307534,0.2222222222222222,0.75,0.49999999999999994,0.5087719298245614,0.5,0,0,2,1,1,0.004093709059697914,0.0046207722361898546
0.14035087719298245,1,2,0.4937454891317341,0.4444444444444445,0.5625,0.42857142857142855,0.3052631578947368,0.55,1,1,4,1,1,0.19710238758851603,0.45111505607463126
0.3157894736842105,1,6,0.046665864515003506,0.2222222222222222,0.5208333333333334,0.5714285714285714,0.2982456140350877,0.75,0,1,2,1,0,0.0307430686032568,0.04678566184021226
0.22807017543859642,0,6,0.10889050768099731,0.1111111111111111,0.53125,0.46428571428571425,0.2368421052631579,0.75,0,1,0,0,2,0.10863902256915518,0.08788577710584493
0.6140350877192983,0,0,0.03748419158621936,0.2222222222222222,0.5625,0.7857142857142856,0.5087719298245614,0.5833333333333334,0,1,2,1,0,0.024620225842409655,0.03459266741954269
0.0,1,3,0.3676911091762002,0.2222222222222222,0.5625,0.5476190476190474,0.2807017543859649,0.5,1,1,0,0,2,0.24482029729226398,0.39082836046700614
0.5263157894736842,1,8,0.006887637716697024,0.3333333333333333,0.5,0.48214285714285715,0.4473684210526316,0.9375,1,1,2,1,0,0.0030214671699909028,0.005024559052776749
0.543859649122807,0,7,0.036116977421406425,0.1111111111111111,0.4375,0.6071428571428572,0.28947368421052627,0.625,1,0,3,0,0,0.035844954474927554,0.02466561730869293
0.0,1,9,0.02908886437650391,0.1111111111111111,0.625,0.49999999999999994,0.21052631578947367,0.75,0,0,0,1,6,0.02881485798600344,0.024712868030866874
0.21052631578947367,1,7,0.022811138527838316,0.0,0.75,0.9285714285714286,0.15789473684210525,0.75,1,0,3,0,3,0.045635152379693185,0.02386022112815389
0.21052631578947367,1,4,0.15982358195490684,0.4444444444444445,0.48750000000000004,0.35714285714285715,0.21052631578947367,0.8,1,1,0,1,0,0.06349592951247233,0.16712062199195807
0.0,1,8,0.36291000865968165,0.3333333333333333,0.484375,0.41071428571428564,0.21052631578947367,0.875,1,1,3,0,2,0.18108289019733165,0.25317929859198945
0.12280701754385964,0,1,0.4012769622239912,0.8888888888888888,0.5902777777777778,0.5873015873015872,0.27485380116959063,0.6388888888888888,1,1,3,0,2,0.08869610735317551,0.27534746482673667
0.05263157894736842,1,9,0.041208467165225665,0.1111111111111111,0.5625,0.6071428571428572,0.763157894736842,1.0,1,0,2,0,3,0.04093788111721853,0.04365026069333924
0.6666666666666666,1,5,0.002527568036192451,0.0,0.5625,0.42857142857142855,0.6842105263157894,1.0,0,0,4,1,1,0.005056562711278885,0.0016416686394387537
0.49122807017543857,0,6,0.1783477532937118,0.7777777777777777,0.4296875,0.37499999999999994,0.2631578947368421,0.71875,0,1,2,0,5,0.044105643939012146,0.18556830555687653
0.5614035087719298,0,2,0.02633724708266726,0.2222222222222222,0.5416666666666666,0.4047619047619047,0.17543859649122803,0.75,1,1,0,0,3,0.01718683227802175,0.019502354523083
0.4385964912280701,1,6,0.07498912847407242,0.4444444444444445,0.5375,0.42857142857142855,0.1263157894736842,0.95,0,1,4,1,0,0.029552571473405214,0.07490850779519333
0.05263157894736842,1,5,0.0024056646923066743,0.1111111111111111,0.46875,0.49999999999999994,0.15789473684210525,0.5,0,1,2,1,1,0.002124127883249647,0.0020702348670090316
0.17543859649122806,1,6,0.2831599322478206,0.6666666666666665,0.6517857142857142,0.489795918367347,0.2706766917293233,0.75,1,1,3,1,0,0.0804418714516405,0.20612014870085335
0.38596491228070173,0,6,0.03842326224017251,0.5555555555555556,0.42708333333333337,0.6190476190476191,0.32456140350877194,0.8333333333333333,1,1,1,0,4,0.01234100908722778,0.04137821951614216
0.03508771929824561,0,7,0.012993276348953359,0.0,0.8125,0.6428571428571428,0.15789473684210525,1.0,1,1,2,1,7,0.02599388651172865,0.013101384110831992
0.4385964912280701,0,3,0.04897827413710907,0.3333333333333333,0.46875,0.5535714285714286,0.3157894736842105,0.75,1,1,0,1,3,0.02407272469994322,0.0450998344613409
0.24561403508771928,0,9,0.1701021874043617,1.0,0.50625,0.4857142857142857,0.3105263157894737,0.7,0,1,2,0,3,0.03352205027748248,0.12397330930819195
0.21052631578947367,0,4,0.07080173873288093,0.1111111111111111,0.40625,0.35714285714285715,0.42105263157894735,0.75,0,1,2,0,1,0.0705395043714781,0.05347797541499199
0.4385964912280701,0,7,0.009095728107730154,0.1111111111111111,0.59375,0.49999999999999994,0.2631578947368421,0.5,0,1,2,0,0,0.008816079339773306,0.007215642541014063
0.38596491228070173,0,6,0.02956501844257315,0.1111111111111111,0.65625,0.42857142857142855,0.47368421052631576,0.625,1,0,2,1,1,0.029291146430237867,0.02668010938825252
0.21052631578947367,1,0,0.020059126085399122,0.2222222222222222,0.45833333333333337,0.5238095238095237,0.2982456140350877,0.8333333333333333,0,1,3,0,1,0.01300023709019513,0.016212223591985094
0.5263157894736842,2,3,0.35766658427818304,0.8888888888888888,0.5972222222222222,0.5396825396825395,0.3684210526315789,0.6388888888888888,1,1,3,1,6,0.07900217724645155,0.26239906853802175
0.07017543859649122,1,7,0.012701261531671061,0.1111111111111111,0.84375,0.49999999999999994,0.3684210526315789,0.75,0,1,1,0,1,0.012422630301945133,0.009197342183894413
0.42105263157894735,1,1,0.03163480682271481,0.4444444444444445,0.5125,0.4428571428571428,0.2210526315789474,0.8999999999999999,1,1,2,1,3,0.012205948704327447,0.02089531452258132
0.42105263157894735,0,7,0.004083268084420337,0.0,0.5,0.35714285714285715,0.15789473684210525,0.75,1,0,2,2,0,0.008168840893770088,0.003487321041700308
0.22807017543859642,1,1,0.02016937254550976,0.3333333333333333,0.515625,0.41071428571428564,0.2368421052631579,0.75,0,1,3,1,0,0.009664208741612335,0.021798434777367662
0.3508771929824561,0,0,0.10978571684006776,0.3333333333333333,0.625,0.5535714285714286,0.21052631578947367,0.6875,0,1,2,0,4,0.054485026459700554,0.08423362289969451
0.017543859649122806,0,3,0.023652805051263617,0.2222222222222222,0.5208333333333334,0.4761904761904761,0.3157894736842105,0.6666666666666666,1,0,2,1,1,0.015396699195915749,0.02563885153831803
0.49122807017543857,1,9,0.017654054115996267,0.2222222222222222,0.6666666666666667,0.35714285714285715,0.2807017543859649,0.9166666666666667,0,0,2,1,0,0.011396403277839471,0.01878849845130859
0.24561403508771928,0,3,0.0490646141067656,0.1111111111111111,0.40625,0.42857142857142855,0.07894736842105263,0.5,0,1,2,0,3,0.04879624518696692,0.04584312969273705
0.17543859649122806,1,6,0.032081522317894295,0.2222222222222222,0.45833333333333337,0.4523809523809524,0.15789473684210525,0.6666666666666666,0,1,0,1,2,0.02101742985137495,0.02675392503257034
0.5087719298245613,1,9,0.02694814682220506,0.1111111111111111,0.40625,0.7857142857142856,0.2631578947368421,0.75,1,1,2,0,6,0.02667353628754699,0.02739827681624373
0.14035087719298245,0,3,0.20005781024055264,0.6666666666666665,0.3928571428571429,0.49999999999999994,0.3082706766917293,0.6071428571428571,1,1,2,1,1,0.056691707242235406,0.15883105981148835
0.0,0,6,0.2945530543307595,1.0,0.48124999999999996,0.5571428571428572,0.2210526315789474,0.75,1,1,4,0,0,0.058419248061100874,0.277108936910139
0.0,0,2,0.008618586170154544,0.1111111111111111,0.59375,0.42857142857142855,0.07894736842105263,0.75,1,0,2,1,1,0.008338802745239635,0.006921294493849393
0.42105263157894735,1,1,0.1049803146844926,0.1111111111111111,0.5625,0.49999999999999994,0.34210526315789475,1.0,1,0,2,0,2,0.10472772605469727,0.11570796040102059
0.017543859649122806,0,5,0.16655039419036718,0.2222222222222222,0.5,0.5714285714285714,0.22807017543859648,0.6666666666666666,1,0,0,1,2,0.11068864391984203,0.12727380491383122
0.6666666666666666,1,7,0.01626708252105599,0.3333333333333333,0.78125,0.46428571428571425,0.42105263157894735,0.4375,0,1,0,0,0,0.007712513085580337,0.01558481238981001
0.0,0,0,0.05208335185592408,0.2222222222222222,0.47916666666666663,0.5952380952380953,0.2807017543859649,0.5833333333333334,1,1,4,1,3,0.03435574609728392,0.03719437492564
0.6491228070175438,1,6,0.048987164980666374,0.2222222222222222,0.5833333333333334,0.5952380952380953,0.22807017543859648,0.6666666666666666,1,1,2,1,5,0.032291038985361994,0.05261613966216039
0.33333333333333337,0,1,0.050920429518628,0.3333333333333333,0.59375,0.75,0.3289473684210526,0.6875,1,1,2,1,0,0.025044076444097667,0.03441433404875718
0.26315789473684215,1,4,0.027189780192662605,0.2222222222222222,0.47916666666666663,0.4761904761904761,0.3333333333333333,1.0,1,1,0,1,3,0.017755348083518727,0.019009466344682393
0.17543859649122806,1,5,0.023220314905775828,0.0,0.75,0.5714285714285714,0.10526315789473684,0.75,1,0,2,1,0,0.04645373608758489,0.022161590327790238
0.36842105263157887,0,6,0.15130081932086997,0.0,0.8125,0.42857142857142855,0.42105263157894735,1.0,1,0,2,0,2,0.30268703758271553,0.14496896084818225
0.2807017543859649,0,1,0.08628188281196437,0.1111111111111111,0.65625,0.6071428571428572,0.2368421052631579,0.625,1,0,2,1,2,0.0860240171906531,0.07860921919509854
0.5263157894736842,0,1,0.4020141119420428,0.6666666666666665,0.5535714285714286,0.489795918367347,0.2631578947368421,0.8214285714285714,0,1,2,1,2,0.11440979208386019,0.2776416289227027
0.3157894736842105,0,2,0.08094065915133539,0.6666666666666665,0.5803571428571429,0.45918367346938777,0.37593984962406013,0.8214285714285714,1,1,2,0,1,0.022648630721541985,0.07685049070201595
0.3157894736842105,0,0,0.03613219064260449,0.2222222222222222,0.5,0.49999999999999994,0.15789473684210525,0.75,0,0,3,0,1,0.023718637509381663,0.034088282291230634
0.21052631578947367,0,0,0.048101241813755795,0.3333333333333333,0.546875,0.5714285714285714,0.35526315789473684,0.75,0,1,2,2,0,0.02363408478210989,0.03285401503975245
0.2807017543859649,1,7,0.5939593237980024,0.7777777777777777,0.546875,0.5089285714285714,0.2039473684210526,0.65625,0,1,2,1,2,0.14803785959530502,0.5475970242409706
0.3508771929824561,0,5,0.015173706337808193,0.1111111111111111,0.46875,0.6071428571428572,0.28947368421052627,0.5,0,0,2,0,1,0.014895772870886897,0.011088633993380196
0.0,1,7,0.01888059537830243,0.1111111111111111,0.3125,0.49999999999999994,0.10526315789473684,0.75,1,1,4,1,0,0.01860370805376091,0.01463949310296233
0.0,0,6,0.02289253913996302,0.3333333333333333,0.5,0.46428571428571425,0.13157894736842105,0.9375,0,1,0,1,4,0.011026176299056969,0.021242182727296006
0.4385964912280701,0,3,0.007937349979363365,0.2222222222222222,0.375,0.4761904761904761,0.7192982456140351,0.9166666666666667,1,1,3,1,1,0.004916772382279513,0.006478139333626331
0.33333333333333337,0,8,0.024646011063765724,0.1111111111111111,0.53125,0.42857142857142855,0.2631578947368421,0.625,1,0,2,0,4,0.024370750830194472,0.027042306859515808
0.24561403508771928,0,5,0.014449794097941927,0.2222222222222222,0.625,0.49999999999999994,0.24561403508771928,0.5,1,1,4,0,4,0.009259627070759531,0.013240741079455595
0.29824561403508765,0,3,0.017113688402013126,0.1111111111111111,0.59375,0.46428571428571425,0.18421052631578946,0.875,1,1,0,1,0,0.016836302428537463,0.015431084233797097
0.36842105263157887,0,2,0.10326339400642551,0.3333333333333333,0.5625,0.26785714285714285,0.2763157894736842,0.9375,1,1,2,1,5,0.05122294469184433,0.08449260911607094
0.17543859649122806,1,8,0.030274310184145174,0.1111111111111111,0.46875,0.5714285714285714,0.47368421052631576,0.875,0,1,4,0,0,0.030000638345093304,0.03250187739966168
0.12280701754385964,0,7,0.015063262303396285,0.1111111111111111,0.40625,0.39285714285714285,0.21052631578947367,0.75,1,1,2,1,1,0.014785297667431693,0.014264187366837886
0.33333333333333337,1,1,0.020724358757787144,0.3333333333333333,0.625,0.5714285714285714,0.43421052631578944,0.8125,1,1,2,0,0,0.009941780160669286,0.022191508526991616
0.08771929824561403,0,4,0.17672981734058274,0.2222222222222222,0.41666666666666663,0.5952380952380953,0.3333333333333333,0.5833333333333334,1,1,0,1,2,0.11747684121551182,0.1300329857944732
0.36842105263157887,1,9,0.012725760745028982,0.1111111111111111,0.625,0.17857142857142855,0.4473684210526316,0.75,1,1,0,0,3,0.012447136429366325,0.009765352478193684
0.0,1,1,0.02187918054873101,0.0,0.5,0.35714285714285715,0.10526315789473684,1.0,1,0,4,1,7,0.04377071039508423,0.01569037529354239
0.5087719298245613,1,7,0.03422500591241097,0.1111111111111111,0.4375,0.6428571428571428,0.15789473684210525,0.5,1,0,2,0,0,0.03395244902182013,0.03581177960068306
0.38596491228070173,1,7,0.004752057094231285,0.0,0.8125,0.7857142857142856,0.5263157894736843,0.75,1,1,2,1,7,0.009506796398943154,0.00453981454723008
0.3508771929824561,0,6,0.08631764376049489,0.3333333333333333,0.515625,0.48214285714285715,0.3684210526315789,0.9375,0,1,2,0,6,0.04274767839027944,0.07012477500381925
0.49122807017543857,1,8,0.19182014732325353,0.1111111111111111,0.5625,0.39285714285714285,0.18421052631578946,0.875,1,1,2,0,5,0.19159206625982542,0.1646638457332293
0.631578947368421,0,7,0.0020620829823919805,0.0,0.3125,0.42857142857142855,0.15789473684210525,1.0,1,0,4,0,1,0.004125329869273645,0.0019383247863962517
0.5087719298245613,1,9,0.26226249840211785,0.4444444444444445,0.55,0.5857142857142856,0.47368421052631576,0.8999999999999999,1,1,3,0,7,0.10448306004060506,0.250819114132138
0.0,0,6,0.07080470234740004,0.6666666666666665,0.4464285714285714,0.45918367346938777,0.3533834586466165,0.8571428571428572,1,1,2,1,3,0.019751825770016825,0.07794979943919271
0.017543859649122806,0,3,0.008475344801731226,0.2222222222222222,0.375,0.3809523809523809,0.2631578947368421,0.8333333333333333,1,1,2,1,4,0.005275536817590814,0.0076189938670740065
0.15789473684210525,0,6,0.06601174737280512,0.1111111111111111,0.6875,0.49999999999999994,0.2368421052631579,0.5,0,1,2,1,0,0.06574816120051565,0.04450073014341749
0.29824561403508765,0,0,0.022661772356075523,0.3333333333333333,0.609375,0.5178571428571428,0.22368421052631576,0.8125,1,1,0,0,1,0.010910760344105557,0.01502851679068566
0.4035087719298246,1,3,0.3270044357406379,0.3333333333333333,0.609375,0.5357142857142856,0.3026315789473684,0.875,1,1,0,0,2,0.16312503717915502,0.34512963943300534
0.14035087719298245,0,2,0.06144303923015569,0.1111111111111111,0.625,0.49999999999999994,0.2368421052631579,0.625,1,1,2,0,5,0.061178163696583306,0.04802659209675276
0.33333333333333337,1,6,0.033409024048151235,0.6666666666666665,0.5892857142857143,0.4183673469387755,0.37593984962406013,0.6785714285714286,0,1,0,1,0,0.009064330927808478,0.02511077572533996
0.12280701754385964,0,6,0.12119622546151876,0.6666666666666665,0.5625,0.4081632653061224,0.2706766917293233,0.75,1,1,3,1,3,0.03415346702555156,0.11420146802114672
0.15789473684210525,0,6,0.01796068943157281,0.2222222222222222,0.5,0.4761904761904761,0.17543859649122803,0.5833333333333334,1,1,0,0,3,0.011600884513095858,0.018706190741715274
0.0,1,1,0.06783358000484847,0.1111111111111111,0.5625,0.6071428571428572,0.28947368421052627,1.0,0,0,2,0,1,0.06757050798237693,0.06406788565691045
0.08771929824561403,0,2,0.002535273433942119,0.0,0.375,0.5714285714285714,0.3684210526315789,0.75,1,0,2,0,4,0.005071977855947053,0.0018367683955117997
0.0,0,3,0.13656059100005594,0.4444444444444445,0.575,0.49999999999999994,0.29473684210526313,0.8,0,1,2,1,2,0.05418810705778446,0.1355758221233717
0.08771929824561403,1,3,0.016521755795397587,0.1111111111111111,0.5625,0.49999999999999994,0.34210526315789475,0.5,1,1,1,0,0,0.016244202769231924,0.011667270256537018
0.5087719298245613,1,3,0.002626947909733044,0.0,0.5625,0.7857142857142856,0.42105263157894735,0.75,0,1,4,2,0,0.005255378551486287,0.002631538607193293
0.08771929824561403,1,1,0.47297410769024384,0.6666666666666665,0.5267857142857143,0.45918367346938777,0.2781954887218045,0.6428571428571429,1,1,2,1,0,0.13468979830525446,0.38023361628023855
0.8421052631578948,0,6,0.07620262983249453,0.3333333333333333,0.515625,0.42857142857142855,0.4605263157894736,0.6875,1,1,0,1,0,0.03768874411828237,0.06795764349456412
0.38596491228070173,0,6,0.02144767827474959,0.3333333333333333,0.5625,0.39285714285714285,0.19736842105263158,0.875,1,1,0,0,0,0.010303541985221617,0.014811294115843619
0.33333333333333337,1,5,0.5701379878677525,0.6666666666666665,0.5535714285714286,0.489795918367347,0.2706766917293233,0.9285714285714286,1,1,2,1,0,0.16245874154880927,0.6217036197798403
0.10526315789473684,1,3,0.42630468683781736,0.2222222222222222,0.5,0.4761904761904761,0.22807017543859648,0.75,1,1,1,0,4,0.28390704351556995,0.4215403718009084
0.4385964912280701,0,6,0.017499946161002904,0.1111111111111111,0.5,0.6785714285714286,0.49999999999999994,0.5,0,1,3,0,1,0.01722266919554091,0.01655012069184464
0.17543859649122806,0,6,0.006569147943044071,0.1111111111111111,0.40625,0.49999999999999994,0.3157894736842105,1.0,1,1,2,1,3,0.006288786134433105,0.0066614372964190665
0.3157894736842105,1,9,0.0864431034418036,0.6666666666666665,0.6339285714285714,0.489795918367347,0.2706766917293233,0.6428571428571429,1,1,2,0,2,0.024221201340620686,0.07254788784481486
0.8245614035087719,1,0,0.009756416571188885,0.1111111111111111,0.6875,0.39285714285714285,0.10526315789473684,0.75,1,0,0,1,0,0.009476954259906058,0.007865437956274313
0.26315789473684215,0,2,0.21514280571708902,0.5555555555555556,0.6666666666666667,0.5119047619047619,0.3508771929824561,0.5833333333333334,0,1,2,1,0,0.07126414792425524,0.23378808125138376
0.5263157894736842,1,7,0.16225749977229564,1.0,0.51875,0.45714285714285713,0.2789473684210526,0.7,1,1,4,1,7,0.031952669972227045,0.17840971227489275
0.14035087719298245,1,1,0.011933882945524615,0.0,0.3125,0.35714285714285715,0.5789473684210527,0.75,1,0,2,0,7,0.023874501749915362,0.011663437939899868
0.2807017543859649,0,4,0.006611033694914062,0.1111111111111111,0.3125,0.5714285714285714,0.2368421052631579,1.0,1,1,2,1,0,0.006330683707120945,0.006208091657865403
0.6666666666666666,0,5,0.0037663589051775727,0.1111111111111111,0.78125,0.5357142857142856,0.3947368421052631,0.75,0,1,2,1,0,0.0034852061054249646,0.0033952583443033397
0.15789473684210525,1,1,0.04325751024373359,0.5555555555555556,0.5416666666666666,0.5357142857142856,0.2807017543859649,0.5833333333333334,0,0,3,1,7,0.013952879855350606,0.041487614736511684
0.6666666666666666,1,5,0.0021258994817033353,0.0,0.4375,0.35714285714285715,0.15789473684210525,0.5,0,0,3,1,1,0.004252998887935653,0.001626078078573988
0.4385964912280701,1,0,0.17045209149191717,0.5555555555555556,0.5104166666666666,0.6428571428571428,0.20175438596491224,0.6666666666666666,1,1,2,1,7,0.05636303904175244,0.18206177938293777
0.17543859649122806,1,1,0.006706659656730458,0.0,0.25,0.35714285714285715,0.5789473684210527,1.0,0,1,0,0,2,0.013417104763101834,0.00645732288643818
0.42105263157894735,0,7,0.10686438322143714,0.1111111111111111,0.5,0.42857142857142855,0.2368421052631579,0.625,1,0,0,0,2,0.10661232630541077,0.08757283361317954
0.49122807017543857,1,6,0.04078486786329518,0.2222222222222222,0.5208333333333334,0.42857142857142855,0.3333333333333333,0.8333333333333333,1,1,2,1,0,0.026821297695626915,0.043839045836771534
0.42105263157894735,0,6,0.0968021216318768,0.3333333333333333,0.546875,0.6071428571428572,0.40789473684210525,0.625,0,1,4,0,6,0.047991396768234676,0.08823595503856443
0.0,0,0,0.007252755025450534,0.1111111111111111,0.53125,0.39285714285714285,0.18421052631578946,0.875,1,1,3,0,1,0.006972586141508261,0.005342423588396651
0.14035087719298245,1,1,0.016315883373470553,0.3333333333333333,0.5625,0.5535714285714286,0.3157894736842105,0.6875,0,1,2,1,4,0.007736920397971605,0.015779868596830362
0.24561403508771928,1,5,0.016244559050710802,0.1111111111111111,0.625,0.49999999999999994,0.15789473684210525,0.5,1,0,1,1,0,0.015966927795264742,0.016543588333940408
0.2807017543859649,0,4,0.23910975390737757,1.0,0.5,0.43571428571428567,0.3684210526315789,0.75,1,1,2,0,4,0.04732745858217427,0.2477672400683337
0.42105263157894735,0,6,0.1158881942835037,0.7777777777777777,0.5546875,0.43749999999999994,0.28289473684210525,0.6875,1,1,2,0,0,0.028486347419020588,0.12546917571920826
0.33333333333333337,0,7,0.006640077117201273,0.1111111111111111,0.625,0.6071428571428572,0.21052631578947367,0.875,1,0,2,0,4,0.006359735325918648,0.005265995000917143
0.0,1,5,0.24783799381473892,0.5555555555555556,0.65625,0.4880952380952381,0.2982456140350877,0.8333333333333333,0,1,2,1,6,0.08216561965554793,0.2657671958224962
0.36842105263157887,0,5,0.15496305656927636,0.7777777777777777,0.578125,0.5803571428571428,0.23026315789473684,0.59375,1,0,2,1,3,0.038257819875615585,0.11836841557920327
0.42105263157894735,0,0,0.0630874501396554,1.0,0.43125,0.5214285714285714,0.23157894736842105,0.65,1,1,2,0,0,0.012113062576198739,0.06446932082465183
0.4035087719298246,0,1,0.059075308803693535,0.3333333333333333,0.484375,0.41071428571428564,0.40789473684210525,0.6875,1,1,2,1,3,0.029122666804217184,0.05651791703835783
0.5087719298245613,1,7,0.05120790012698101,0.2222222222222222,0.5625,0.42857142857142855,0.05263157894736842,0.25,0,1,0,1,3,0.03377194690049201,0.04263095156596297
0.4736842105263158,0,3,0.002361012900218853,0.1111111111111111,0.53125,0.42857142857142855,0.3684210526315789,1.0,1,1,2,1,4,0.0020794634897239287,0.00254809862222991
0.38596491228070173,0,4,0.05636162577570141,0.1111111111111111,0.34375,0.49999999999999994,0.3947368421052631,0.875,0,0,2,0,2,0.05609531618734459,0.05406449405668659
0.2807017543859649,1,1,0.10666878466317631,0.3333333333333333,0.375,0.5357142857142856,0.13157894736842105,0.6875,1,1,4,1,6,0.05292612054761708,0.10711908558137899
0.0,0,8,0.2096257409283266,0.7777777777777777,0.5546875,0.49999999999999994,0.21052631578947367,0.6875,0,1,2,1,3,0.051927347632658674,0.16952252644429128
0.38596491228070173,1,1,0.1753215077211049,0.8888888888888888,0.5625,0.5317460317460316,0.22807017543859648,0.75,0,1,3,1,0,0.03846961342308636,0.1559724128944913
0.33333333333333337,1,4,0.27305321644047376,0.4444444444444445,0.6125,0.38571428571428573,0.3263157894736842,0.6,0,1,2,1,6,0.1088005653800752,0.27405131437137903
0.3508771929824561,1,2,0.04266794852873333,0.2222222222222222,0.625,0.5952380952380953,0.24561403508771928,0.5,1,0,2,1,1,0.02807703909590308,0.032774581567637
0.017543859649122806,0,7,0.09889028442203689,0.3333333333333333,0.640625,0.41071428571428564,0.3684210526315789,0.8125,1,1,0,0,0,0.049035772819503075,0.08652256110933722
0.07017543859649122,1,3,0.04789872815495042,0.3333333333333333,0.578125,0.5178571428571428,0.3947368421052631,0.6875,0,1,2,1,1,0.023532799376437638,0.04281390113633415
0.5087719298245613,1,1,0.01129631067531489,0.0,0.6875,0.49999999999999994,0.3684210526315789,1.0,1,1,2,2,2,0.02259899734365436,0.009945645556350472
0.2807017543859649,0,1,0.04615948158083941,0.2222222222222222,0.5,0.3333333333333333,0.24561403508771928,0.9166666666666667,0,1,3,1,5,0.03040538470766265,0.04689148603826081
0.4385964912280701,1,6,0.1330253940273684,0.7777777777777777,0.703125,0.5267857142857142,0.26973684210526316,0.8125,0,1,2,1,0,0.032771856451801286,0.1081830324877675
0.29824561403508765,0,6,0.14614333976042537,0.1111111111111111,0.40625,0.5714285714285714,0.47368421052631576,0.625,0,1,2,1,0,0.14590236798361408,0.11529433149852465
0.29824561403508765,0,1,0.007442228780371862,0.0,0.5,0.42857142857142855,0.631578947368421,1.0,0,1,2,0,7,0.014888658188732357,0.005067672614944676
0.49122807017543857,0,0,0.015755167506456235,0.2222222222222222,0.6666666666666667,0.5476190476190474,0.1929824561403509,1.0,1,1,1,0,0,0.010130121607704726,0.016188750652582556
0.17543859649122806,0,3,0.02891243052546664,0.0,0.5625,0.5714285714285714,0.10526315789473684,0.5,1,0,4,2,7,0.05784118013604458,0.023727919106066853
0.3157894736842105,0,6,0.18043631123247444,0.1111111111111111,0.71875,0.5357142857142856,0.18421052631578946,0.5,1,0,2,0,2,0.18020501747148543,0.19641389228716663
0.19298245614035092,1,9,0.04655206171746994,0.2222222222222222,0.45833333333333337,0.4523809523809524,0.2807017543859649,0.75,0,1,2,0,0,0.030667178660275043,0.04966603973450408
0.19298245614035092,0,3,0.36679866605734757,0.5555555555555556,0.6145833333333334,0.4880952380952381,0.3070175438596491,0.5833333333333334,0,1,4,0,0,0.12183036792722365,0.2760347124273145
0.22807017543859642,1,4,0.6776820266855705,0.5555555555555556,0.4375,0.5714285714285714,0.21052631578947367,0.7916666666666667,1,1,2,1,2,0.22548740019434937,0.4741276384411321
0.33333333333333337,0,2,0.09569333465312968,0.3333333333333333,0.546875,0.5178571428571428,0.40789473684210525,0.875,0,1,3,0,5,0.04743684682030032,0.10025139997139698
0.19298245614035092,1,6,0.05546898508254753,0.2222222222222222,0.6458333333333333,0.4761904761904761,0.24561403508771928,0.8333333333333333,1,0,3,1,1,0.03661347190099102,0.04781324528760056
0.5614035087719298,0,7,0.046741930620993806,0.2222222222222222,0.7083333333333333,0.4047619047619047,0.3508771929824561,0.5,0,0,3,0,2,0.03079379365195119,0.05123598308415437
0.10526315789473684,0,2,0.2814224638424211,1.0,0.46875,0.5499999999999998,0.2526315789473684,0.7,1,1,4,1,6,0.0557923888316091,0.24735195630183535
0.24561403508771928,0,6,0.03384151419363902,0.4444444444444445,0.375,0.4857142857142857,0.2421052631578947,0.8,0,1,3,0,4,0.013088880759705759,0.025837043277132415
0.19298245614035092,1,6,0.0017400368713161036,0.0,0.5625,0.6428571428571428,0.05263157894736842,1.0,1,0,2,1,1,0.00348105587416815,0.0018901159850630235
0.5964912280701754,1,6,0.04661528549387747,0.2222222222222222,0.625,0.3095238095238095,0.2631578947368421,0.6666666666666666,0,1,3,1,3,0.030709339739709348,0.05025460518167533
0.33333333333333337,0,1,0.11529863256850345,0.5555555555555556,0.46875,0.5119047619047619,0.21052631578947367,0.8333333333333333,1,1,2,0,0,0.03797336434280725,0.0899121580767902
0.5087719298245613,0,7,0.3397795900609853,0.6666666666666665,0.5,0.510204081632653,0.14285714285714285,0.4642857142857143,1,1,3,0,1,0.09662348195763189,0.30033220959357765
0.0,1,7,0.10757130407139387,0.2222222222222222,0.5625,0.5476190476190474,0.42105263157894735,0.75,0,1,1,0,5,0.07135815395605644,0.08397054307236476
0.3508771929824561,0,6,0.2535056102210718,0.5555555555555556,0.5416666666666666,0.42857142857142855,0.32456140350877194,0.75,1,1,2,0,2,0.08405535828781747,0.2792935315895248
0.4736842105263158,0,2,0.030890742004118635,0.1111111111111111,0.59375,0.3214285714285714,0.28947368421052627,0.875,0,0,1,0,1,0.030617244131820036,0.027668759982531606
0.29824561403508765,1,3,0.02271966162634867,0.1111111111111111,0.375,0.5357142857142856,0.18421052631578946,0.75,1,1,0,1,3,0.02244385774667344,0.020629578203037183
0.5087719298245613,0,1,0.3234125349434849,0.3333333333333333,0.640625,0.6785714285714286,0.3026315789473684,0.6875,0,1,3,0,0,0.16132857993513386,0.32619050480842515
0.17543859649122806,0,6,0.09751892119689722,0.4444444444444445,0.6125,0.5285714285714285,0.4421052631578947,0.44999999999999996,1,1,2,1,1,0.038567031867254256,0.07001590237208205
0.5789473684210525,1,6,0.1582935665658445,0.8888888888888888,0.5972222222222222,0.5317460317460316,0.23391812865497075,0.7777777777777777,1,1,4,1,0,0.03468455859908043,0.1655027311352907
0.7719298245614034,1,1,0.029822457757132582,0.1111111111111111,0.46875,0.49999999999999994,0.2631578947368421,0.875,1,1,0,0,6,0.02954865839822022,0.029370177922267728
0.21052631578947367,0,6,0.20144991876732607,0.3333333333333333,0.515625,0.5357142857142856,0.21052631578947367,0.5625,1,1,1,1,0,0.10033006196295266,0.20154005127988053
0.19298245614035092,0,1,0.2164043176307206,0.7777777777777777,0.4609375,0.49999999999999994,0.2763157894736842,0.71875,1,1,2,1,7,0.0536224700634926,0.1887423782625426
0.5964912280701754,1,2,0.03555013675105263,0.3333333333333333,0.59375,0.5178571428571428,0.5394736842105263,0.6875,0,0,2,1,0,0.01735676119114799,0.0359440380737174
0.6140350877192983,0,3,0.028861061207135517,0.1111111111111111,0.375,0.49999999999999994,0.21052631578947367,0.875,0,0,2,1,3,0.028586990526998344,0.021239134293607367
0.17543859649122806,0,6,0.1540800970168849,0.2222222222222222,0.5416666666666666,0.5238095238095237,0.24561403508771928,0.9166666666666667,0,1,2,1,6,0.1023727662615448,0.11662370988108844
0.19298245614035092,0,1,0.17559514812836877,0.2222222222222222,0.41666666666666663,0.49999999999999994,0.22807017543859648,0.75,0,0,2,1,1,0.11672018159303925,0.16426724451033706
0.22807017543859642,1,3,0.009974341025493605,0.0,0.5625,0.49999999999999994,0.15789473684210525,0.75,1,0,2,1,5,0.019954311882764267,0.006808197604000799
0.0,0,9,0.005650229867820817,0.2222222222222222,0.5833333333333334,0.5714285714285714,0.2807017543859649,0.5833333333333334,0,1,2,1,1,0.003391595333743481,0.0057736898572340115
0.08771929824561403,1,0,0.014625832800376656,0.1111111111111111,0.53125,0.5357142857142856,0.28947368421052627,0.625,1,1,1,0,0,0.01434774471492753,0.010736191509920563
0.07017543859649122,1,3,0.11603005263181812,0.3333333333333333,0.34375,0.5535714285714286,0.28947368421052627,0.6875,1,1,1,0,2,0.05760807548045349,0.11773477686249283
0.12280701754385964,1,1,0.07700734996158168,0.1111111111111111,0.65625,0.49999999999999994,0.21052631578947367,0.875,1,0,0,0,5,0.07674686692125371,0.06693145361686205
0.2807017543859649,0,1,0.034399464020435505,0.1111111111111111,0.53125,0.49999999999999994,0.21052631578947367,0.875,1,1,2,0,4,0.034126956364666186,0.03579579709834404
0.33333333333333337,0,9,0.14318387430164897,0.3333333333333333,0.53125,0.44642857142857145,0.34210526315789475,0.5625,1,0,0,0,0,0.07118881793310974,0.1381570615747024
0.6140350877192983,1,6,0.15659502029779587,0.1111111111111111,0.46875,0.46428571428571425,0.5263157894736843,0.75,1,0,2,1,0,0.15635699814958975,0.11326398756378413
0.08771929824561403,0,4,0.3318878797452161,0.5555555555555556,0.6145833333333334,0.46428571428571425,0.32456140350877194,0.875,0,1,2,1,2,0.11019015503221796,0.29772649557463243
0.49122807017543857,1,2,0.010858486023692715,0.0,0.75,0.2857142857142857,0.15789473684210525,0.5,1,0,3,0,5,0.021723100918406648,0.010995918060192806
0.24561403508771928,1,2,0.017418545548878204,0.2222222222222222,0.33333333333333337,0.5476190476190474,0.4385964912280702,0.8333333333333333,1,0,2,1,0,0.01123935325694668,0.017949221107772934
0.2807017543859649,2,6,0.09011581212817751,0.0,0.5,0.49999999999999994,0.631578947368421,0.75,0,0,2,0,2,0.180282488454946,0.061904630013345174
0.4385964912280701,0,3,0.2905946532047441,0.1111111111111111,0.53125,0.75,0.10526315789473684,0.625,1,0,2,1,2,0.2903944478601506,0.30053192554923636
0.05263157894736842,1,7,0.017198447777259474,0.1111111111111111,0.59375,0.35714285714285715,0.3157894736842105,0.75,1,0,2,1,3,0.016921085724212387,0.012167692421053844
0.36842105263157887,0,6,0.30360926757823503,1.0,0.525,0.47142857142857136,0.28421052631578947,0.8,0,1,3,0,6,0.06023100187175429,0.21879841021570196
0.3157894736842105,1,1,0.018909638800589643,0.2222222222222222,0.625,0.5476190476190474,0.2631578947368421,0.75,1,1,2,0,0,0.01223369596473015,0.02091774228471918
0.38596491228070173,1,9,0.001569530249317035,0.0,0.5,0.42857142857142855,0.5789473684210527,0.75,0,0,3,1,4,0.003139946390869965,0.0013688338243053534
0.3508771929824561,0,3,0.04888146272948503,0.3333333333333333,0.515625,0.37499999999999994,0.28947368421052627,0.5625,0,1,3,1,2,0.024024305335280383,0.05081795572733625
0.8070175438596491,0,7,0.17765446507054292,0.3333333333333333,0.71875,0.42857142857142855,0.381578947368421,0.4375,1,1,2,0,6,0.08842897738894721,0.1928597669986324
0.15789473684210525,1,6,0.037757436844880664,0.1111111111111111,0.4375,0.39285714285714285,0.07894736842105263,0.75,0,1,1,0,1,0.03748587686184808,0.038633888862469136
0.17543859649122806,0,0,0.04526842148209573,0.2222222222222222,0.22916666666666663,0.5952380952380953,0.2631578947368421,0.8333333333333333,0,0,1,2,1,0.0298111769943854,0.0338616530210065
0.15789473684210525,0,0,0.06002109698388999,0.1111111111111111,0.625,0.5357142857142856,0.2368421052631579,0.75,1,1,2,1,3,0.059755820155855004,0.06298281745996491
0.17543859649122806,1,3,0.15046428972927778,0.3333333333333333,0.484375,0.44642857142857145,0.4473684210526316,0.625,1,1,4,0,0,0.07483005297078493,0.15732892233688398
0.15789473684210525,0,7,0.40052045022441474,0.3333333333333333,0.59375,0.5178571428571428,0.4605263157894736,0.9375,1,1,3,1,1,0.19989341810872377,0.33829631402559956
0.543859649122807,0,7,0.009494235473398893,0.2222222222222222,0.6041666666666666,0.5238095238095237,0.24561403508771928,0.6666666666666666,1,1,2,1,0,0.005954988963349308,0.0079463085471287
0.5964912280701754,0,3,0.1279127638333129,0.7777777777777777,0.71875,0.5535714285714286,0.30921052631578944,0.84375,1,1,2,1,4,0.0314933381871276,0.12879083616445725
0.17543859649122806,0,6,0.023194432672308994,0.1111111111111111,0.71875,0.49999999999999994,0.3157894736842105,0.375,1,0,2,0,0,0.022918762780488933,0.02392454307898422
0.12280701754385964,0,8,0.09618944372362753,0.1111111111111111,0.40625,0.5357142857142856,0.10526315789473684,0.625,1,1,2,1,2,0.09593437417180653,0.0978687442003549
0.38596491228070173,1,3,0.06396961939484176,0.2222222222222222,0.5833333333333334,0.49999999999999994,0.17543859649122803,0.6666666666666666,1,1,0,1,0,0.042282160784306744,0.04710644416236272
0.17543859649122806,0,1,0.00041332543826425456,0.0,0.5,0.35714285714285715,0.3684210526315789,0.75,0,0,1,1,4,0.0008268841704053335,0.0004347501930529506
0.42105263157894735,0,7,0.022910715975680188,0.2222222222222222,0.5625,0.4761904761904761,0.17543859649122803,0.8333333333333333,0,1,2,0,0,0.014901833526055579,0.018241261055144772
0.33333333333333337,1,5,0.19862421111051182,0.1111111111111111,0.46875,0.6428571428571428,0.10526315789473684,0.75,1,0,2,1,2,0.19839805026088153,0.1988271630422532
0.0,0,6,0.0007689591805566341,0.0,0.6875,0.5714285714285714,0.21052631578947367,0.75,1,0,1,1,0,0.0015383523858592532,0.0005360452896212331
0.6140350877192983,0,1,0.020994442827628083,0.3333333333333333,0.421875,0.37499999999999994,0.35526315789473684,0.6875,1,0,3,0,0,0.010076860306575607,0.020959767120569732
0.6666666666666666,0,2,0.1678162527386268,0.7777777777777777,0.546875,0.5089285714285714,0.28947368421052627,0.78125,1,1,2,1,1,0.041472025761473554,0.17378445448627536
0.15789473684210525,1,1,0.051559384808946646,0.1111111111111111,0.5625,0.5357142857142856,0.34210526315789475,0.875,1,1,2,1,3,0.051291719952671545,0.047012813699068734
0.21052631578947367,1,5,0.11280583760933514,0.1111111111111111,0.375,0.5714285714285714,0.3157894736842105,0.75,1,0,0,0,0,0.11255545746516916,0.1106318392698531
0.3508771929824561,0,6,0.21309968986761932,1.0,0.48750000000000004,0.42857142857142855,0.2736842105263158,0.825,0,1,2,0,1,0.04212397768440416,0.1720761557962134
0.36842105263157887,1,0,0.18617051017833652,1.0,0.6,0.4928571428571428,0.18421052631578946,0.8,0,1,2,1,5,0.03673662177895117,0.190077809963431
0.42105263157894735,0,6,0.057820514416305265,0.3333333333333333,0.546875,0.49999999999999994,0.35526315789473684,0.5,0,1,2,1,0,0.028495092549168877,0.05345476376990562
0.719298245614035,1,6,0.005686188390652601,0.0,0.625,0.49999999999999994,0.3157894736842105,1.0,1,0,2,0,7,0.011375586244868782,0.005166398317403961
0.24561403508771928,1,9,0.0399311493074922,0.0,0.5,0.21428571428571425,0.736842105263158,0.75,0,0,2,1,6,0.07988483701152518,0.04135265622221026
0.12280701754385964,1,3,0.009784274547668455,0.2222222222222222,0.6041666666666666,0.4047619047619047,0.3859649122807018,0.6666666666666666,0,1,0,0,1,0.006148402915254187,0.010117490118284455
0.0,1,1,0.017700681651096825,0.1111111111111111,0.5625,0.5357142857142856,0.5263157894736843,0.5,1,0,2,0,0,0.017423461336346795,0.013802001270587163
0.14035087719298245,0,6,0.0973859536921401,0.6666666666666665,0.5535714285714286,0.39795918367346933,0.5488721804511278,0.7142857142857143,1,1,2,0,1,0.027348612339123127,0.09365672337275917
0.2807017543859649,1,3,0.28971366939536536,0.5555555555555556,0.41666666666666663,0.49999999999999994,0.42105263157894735,0.625,1,1,2,0,0,0.09612811750714449,0.2541843671791345
0.6666666666666666,1,7,0.21303863940852583,0.4444444444444445,0.525,0.5428571428571427,0.2210526315789474,0.75,1,1,2,1,0,0.08478795974433785,0.18124209911311484
0.17543859649122806,1,4,0.30204625728086,0.2222222222222222,0.4375,0.5238095238095237,0.2982456140350877,0.5833333333333334,1,1,3,1,1,0.20104471202237012,0.2459287732597668
0.33333333333333337,0,4,0.1421169730747718,0.4444444444444445,0.5,0.4428571428571428,0.19999999999999996,0.95,0,1,4,0,2,0.05641128712703007,0.10839520347249694
0.2807017543859649,1,2,0.0012502501784589877,0.0,0.625,0.49999999999999994,0.6842105263157894,1.0,0,1,3,2,1,0.0025012060374402243,0.0011586225469471855
0.543859649122807,0,7,0.11061256529089752,0.2222222222222222,0.6458333333333333,0.4761904761904761,0.3684210526315789,0.9166666666666667,1,1,2,1,2,0.07338623363021979,0.10061747330835011
0.8245614035087719,0,7,0.028439635222519046,0.2222222222222222,0.5416666666666666,0.6666666666666667,0.24561403508771928,0.75,0,0,2,0,1,0.018588819922585667,0.019188409402205637
0.17543859649122806,0,2,0.08656066015106136,0.2222222222222222,0.5208333333333334,0.5238095238095237,0.47368421052631576,1.0,1,1,4,1,0,0.057347104986423786,0.08394959597801852
0.19298245614035092,0,6,0.004657419003921257,0.0,0.5625,0.5714285714285714,0.5263157894736843,1.0,0,1,4,1,7,0.00931746680160847,0.005102947347627526
0.5087719298245613,0,1,0.03359355844554072,0.0,0.625,0.2857142857142857,0.15789473684210525,0.0,0,1,2,0,2,0.06720607815201664,0.035500011932440435
0.4385964912280701,0,6,0.09188627544188974,0.1111111111111111,0.625,0.5357142857142856,0.18421052631578946,0.625,1,0,3,0,2,0.09162999146831032,0.0874872597246341
0.6842105263157895,1,6,0.04972372197581414,0.2222222222222222,0.625,0.3809523809523809,0.2631578947368421,0.6666666666666666,1,0,3,1,3,0.03278221556077166,0.047063504796405566
0.42105263157894735,1,6,0.06171667963741955,0.2222222222222222,0.5,0.5714285714285714,0.2982456140350877,0.5,1,0,0,1,0,0.040779777069339884,0.04640286566702429
0.21052631578947367,1,7,0.002881028461170821,0.0,0.25,0.49999999999999994,0.15789473684210525,0.75,1,1,4,1,4,0.005763683065416142,0.0020819060131312584
0.42105263157894735,0,5,0.004885222173289654,0.0,0.5,0.21428571428571425,0.2631578947368421,0.75,0,0,3,1,7,0.009773201719618678,0.00508940359223942
0.5263157894736842,0,7,0.02440062378158398,0.1111111111111111,0.6875,0.46428571428571425,0.18421052631578946,0.625,1,1,2,1,3,0.024125294295862867,0.022792964493760556
0.45614035087719296,0,1,0.02121118183612516,0.1111111111111111,0.4375,0.49999999999999994,0.3684210526315789,0.5,0,1,2,1,0,0.02093495223973159,0.017098098421904268
0.4035087719298246,1,6,0.04547824539004823,0.1111111111111111,0.625,0.49999999999999994,0.2368421052631579,0.625,1,1,2,0,5,0.04520886434060038,0.033370811648082546
0.5087719298245613,0,3,0.03929772609760922,0.4444444444444445,0.625,0.35714285714285715,0.19999999999999996,0.8,1,1,2,1,1,0.015271981452814144,0.040122482581685395
0.543859649122807,1,1,0.027850468656121338,0.4444444444444445,0.38749999999999996,0.5142857142857142,0.3578947368421052,0.8500000000000001,0,1,4,0,0,0.010691786237793627,0.0256884103602848
0.5789473684210525,1,3,0.01551353413599869,0.0,0.4375,0.5714285714285714,0.47368421052631576,0.5,0,0,3,0,7,0.031035824598578763,0.011070604685564518
0.42105263157894735,1,4,0.02506388071095927,0.1111111111111111,0.59375,0.49999999999999994,0.13157894736842105,0.875,1,0,2,1,3,0.02478873840677365,0.016657077165263257
0.24561403508771928,1,6,0.12638353874145566,0.4444444444444445,0.44999999999999996,0.5142857142857142,0.23157894736842105,0.7,0,1,2,1,6,0.05011613730466986,0.11401111511181741
0.3157894736842105,0,6,0.024052300288438723,0.0,0.625,0.6428571428571428,0.15789473684210525,0.0,0,0,0,0,5,0.04811817645162737,0.023315248282730204
0.543859649122807,1,7,0.6014021453012781,0.4444444444444445,0.7,0.47142857142857136,0.28421052631578947,1.0,1,1,4,1,2,0.24017720301686238,0.6189367307168714
0.12280701754385964,1,4,0.15380981537274271,1.0,0.51875,0.5214285714285714,0.2684210526315789,0.725,0,1,3,1,6,0.0302626562784402,0.13671044914228397
0.36842105263157887,0,0,0.08435415035443843,0.3333333333333333,0.5625,0.5178571428571428,0.35526315789473684,0.875,1,1,2,1,0,0.04176565462289319,0.06463040877057018
0.21052631578947367,0,9,0.0032931684536274346,0.0,0.5625,0.14285714285714285,0.42105263157894735,0.75,1,0,3,1,4,0.006588195675103296,0.0027431112801975664
0.29824561403508765,0,1,0.15096217696848713,0.4444444444444445,0.5375,0.4142857142857142,0.21052631578947367,0.8999999999999999,1,1,2,1,7,0.059950367186769694,0.1654723338965097
0.5614035087719298,1,4,0.09021183323859645,0.2222222222222222,0.5625,0.5714285714285714,0.4035087719298245,0.75,0,1,3,1,2,0.05978190732375498,0.09877055798356041
0.33333333333333337,0,6,0.012783847589603402,0.1111111111111111,0.40625,0.42857142857142855,0.2631578947368421,0.625,1,0,2,0,1,0.012505239666961727,0.011970981350031088
0.29824561403508765,0,6,0.10766989364772936,0.5555555555555556,0.46875,0.3214285714285714,0.2807017543859649,0.5833333333333334,1,1,2,0,6,0.03542973371918626,0.08194581696542187
0.0,1,9,0.0035334188039760645,0.1111111111111111,0.5,0.35714285714285715,0.18421052631578946,0.875,1,0,0,1,1,0.003252200264863806,0.0035160634164789267
0.4385964912280701,0,8,0.1170009327482763,0.2222222222222222,0.39583333333333337,0.5714285714285714,0.2631578947368421,0.33333333333333337,1,0,0,0,2,0.07764634720030998,0.12401772934194072
0.42105263157894735,1,6,0.2835416457978811,0.8888888888888888,0.4652777777777778,0.5238095238095237,0.23976608187134502,0.75,1,1,2,0,4,0.06252531997898708,0.22152479865966468
0.7368421052631579,1,6,0.01997318126434513,0.2222222222222222,0.5,0.35714285714285715,0.22807017543859648,0.5833333333333334,0,1,4,1,1,0.01294292437283912,0.01454329324555935
0.22807017543859642,0,6,0.04561042259760023,0.2222222222222222,0.5833333333333334,0.49999999999999994,0.3859649122807018,0.25,0,1,2,1,3,0.030039242083450348,0.030664978356991796
0.33333333333333337,0,6,0.06216991508454106,0.1111111111111111,0.8125,0.6428571428571428,0.10526315789473684,0.75,1,0,2,1,5,0.06190524468676524,0.06595486611017945
0.33333333333333337,1,6,0.08586816222509759,0.6666666666666665,0.6071428571428571,0.510204081632653,0.3157894736842105,0.8571428571428572,0,1,4,1,0,0.024056886062289666,0.06539735113757965
0.6140350877192983,0,4,0.2801682621779366,0.5555555555555556,0.5833333333333334,0.4404761904761904,0.4035087719298245,0.75,0,1,2,0,2,0.09294541714666067,0.2173172633844965
0.26315789473684215,0,2,0.024212928195374114,0.1111111111111111,0.625,0.5357142857142856,0.15789473684210525,0.875,1,0,2,0,1,0.023937545739006975,0.02181716087002646
0.3508771929824561,0,0,0.3819599252141755,1.0,0.4625,0.5642857142857143,0.28421052631578947,0.575,0,1,2,1,0,0.07590555575647945,0.31584063694496084
0.42105263157894735,1,0,0.0021288630962224384,0.0,0.625,0.6428571428571428,0.3684210526315789,0.75,1,0,3,1,7,0.004258927789731103,0.0014122086807894503
0.33333333333333337,0,3,0.08165192663592015,0.4444444444444445,0.525,0.47142857142857136,0.16842105263157894,0.75,1,1,3,1,3,0.03221844287671105,0.0745763591702895
0.19298245614035092,1,5,0.009347635341853922,0.0,0.5,0.7857142857142856,0.3157894736842105,0.75,1,0,3,2,7,0.01870054678308658,0.006882579386003648
0.33333333333333337,0,3,0.31194393947745946,0.5555555555555556,0.5625,0.4880952380952381,0.2982456140350877,0.7083333333333334,0,1,2,1,2,0.10354029877844201,0.2115306830076648
0.5087719298245613,1,1,0.06098466685120107,0.3333333333333333,0.515625,0.48214285714285715,0.2763157894736842,0.6875,0,1,2,0,0,0.030077615253404223,0.06269282431806973
0.07017543859649122,1,3,0.4315911824169936,0.5555555555555556,0.5625,0.5952380952380953,0.1929824561403509,0.6666666666666666,0,1,3,0,5,0.14343396853610868,0.3965237055784421
0.3157894736842105,0,3,0.0032580002280007438,0.0,0.5625,0.49999999999999994,0.15789473684210525,0.25,1,1,4,1,3,0.006517839373797298,0.0023020900235565535
0.14035087719298245,1,5,0.001726404244528229,0.1111111111111111,0.375,0.49999999999999994,0.34210526315789475,0.875,1,1,1,0,4,0.0014446757374911535,0.0012282139331535977
0.543859649122807,1,4,0.05792147488425604,0.2222222222222222,0.5416666666666666,0.42857142857142855,0.24561403508771928,0.75,1,1,2,1,0,0.03824892652292241,0.05385646023196316
0.0,1,7,0.10581289279005933,0.4444444444444445,0.38749999999999996,0.5142857142857142,0.23157894736842105,0.7,1,1,2,1,6,0.041885556780203156,0.08899301177061215
0.17543859649122806,0,0,0.36124524759715076,1.0,0.55,0.4857142857142857,0.3263157894736842,0.8999999999999999,0,1,2,1,2,0.07176145103152021,0.37142725749143873
0.36842105263157887,1,6,0.017526816265976106,0.1111111111111111,0.65625,0.39285714285714285,0.49999999999999994,1.0,1,1,3,1,3,0.017249546883680283,0.019209617790868046
0.6140350877192983,0,0,0.0346817976969554,0.2222222222222222,0.5833333333333334,0.6666666666666667,0.42105263157894735,1.0,1,1,2,2,3,0.022751435996484028,0.024846128132113197
0.2807017543859649,1,1,0.1510840803123729,0.4444444444444445,0.6375,0.5428571428571427,0.23157894736842105,0.55,0,1,2,1,2,0.05999914228554024,0.10991258311554453
0.17543859649122806,1,6,0.07444520642266635,0.4444444444444445,0.5625,0.47142857142857136,0.431578947368421,0.5,1,1,2,2,3,0.029334941251500254,0.05076630655084013
0.6842105263157895,1,1,0.09009704256955652,0.7777777777777777,0.453125,0.5535714285714286,0.29605263157894735,0.65625,0,1,2,1,1,0.022036739823385918,0.0827071850536864
0.0,0,3,0.0763215695618612,0.6666666666666665,0.4642857142857143,0.4387755102040816,0.11278195488721804,0.6071428571428571,1,1,2,0,3,0.02132851838748665,0.06383742407004916
0.0,1,6,0.13820697765256837,0.5555555555555556,0.42708333333333337,0.5238095238095237,0.18421052631578946,0.6666666666666666,0,1,3,1,0,0.04561163440257123,0.11912534166409292
0.38596491228070173,1,8,0.1732898511811091,0.1111111111111111,0.75,0.6785714285714286,0.3684210526315789,1.0,0,0,0,0,2,0.1730565405767122,0.15679879971842922
0.17543859649122806,0,6,0.006505331443732716,0.1111111111111111,0.6875,0.6071428571428572,0.05263157894736842,0.75,0,1,2,1,1,0.0062249516251021,0.004878974569617777
0.07017543859649122,0,8,0.29959179173613876,0.8888888888888888,0.48611111111111116,0.42857142857142855,0.4561403508771929,0.6388888888888888,1,1,2,1,3,0.06609302565495095,0.208741932320243
0.4385964912280701,1,0,0.03393852317556433,0.2222222222222222,0.5,0.5952380952380953,0.1929824561403509,0.75,0,1,1,1,3,0.022255779806384466,0.02310634347695289
0.33333333333333337,1,1,0.005188103577141997,0.2222222222222222,0.45833333333333337,0.6904761904761905,0.3508771929824561,0.5833333333333334,1,1,2,0,1,0.0030834241937533484,0.004351900384851688
0.17543859649122806,0,1,0.18642241741246027,0.4444444444444445,0.55,0.49999999999999994,0.34736842105263155,0.65,0,1,4,1,2,0.07413846633935176,0.18373915824558637
0.017543859649122806,1,0,0.16318194992795454,0.4444444444444445,0.48750000000000004,0.4428571428571428,0.19999999999999996,0.8,1,1,2,0,7,0.06483965581539296,0.13070660254155755
0.4736842105263158,1,3,0.050773039089877944,0.3333333333333333,0.515625,0.41071428571428564,0.14473684210526316,0.875,0,1,2,0,0,0.024970360431774252,0.04481480591145293
0.42105263157894735,0,2,0.030068240187916873,0.0,0.4375,0.49999999999999994,0.3157894736842105,1.0,1,0,3,1,5,0.060153451836269814,0.02953113522102799
0.26315789473684215,0,1,0.010378973194501824,0.1111111111111111,0.65625,0.42857142857142855,0.10526315789473684,0.375,0,1,2,1,0,0.010099686578488086,0.008471858515050466
0.6842105263157895,0,7,0.010363167250399938,0.1111111111111111,0.28125,0.6785714285714286,0.10526315789473684,1.0,0,1,2,0,4,0.01008387617370022,0.007448629972931651
0.07017543859649122,1,4,0.043952774209915196,0.3333333333333333,0.515625,0.5535714285714286,0.3157894736842105,0.8125,0,1,2,0,0,0.0215592655987924,0.03250431614661259
0.0,1,6,0.027966247196667633,0.0,0.625,0.5714285714285714,0.3684210526315789,0.75,0,0,2,1,7,0.05594827942281745,0.02746595204413157
0.14035087719298245,0,7,0.012639025626769896,0.2222222222222222,0.6458333333333333,0.5238095238095237,0.42105263157894735,0.75,0,0,1,0,0,0.008052107405086353,0.013251192852102366
0.2807017543859649,1,1,0.007382363767085978,0.1111111111111111,0.5625,0.39285714285714285,0.49999999999999994,0.75,0,0,0,0,1,0.0071022314607687535,0.006824397851603293
0.33333333333333337,0,0,0.2380722912513902,0.6666666666666665,0.5446428571428571,0.4081632653061224,0.3383458646616541,0.6428571428571429,0,1,0,1,0,0.06755605275514232,0.2259963282922692
0.24561403508771928,0,0,0.05748029146951222,0.2222222222222222,0.375,0.5952380952380953,0.17543859649122803,0.8333333333333333,1,1,0,0,1,0.03795472124049489,0.040468566903451575
0.36842105263157887,1,1,0.008598433591424643,0.2222222222222222,0.47916666666666663,0.49999999999999994,0.4035087719298245,0.6666666666666666,1,0,1,0,4,0.00535761916911448,0.005679057765728045
0.017543859649122806,0,6,0.066270964856076,0.4444444444444445,0.475,0.39999999999999997,0.4105263157894737,0.5,0,1,2,2,0,0.02606432186505859,0.05026383758084664
0.5964912280701754,0,6,0.04774066871393158,0.0,0.25,0.5714285714285714,0.5789473684210527,1.0,1,0,2,0,5,0.09550828376277357,0.05171911627475132
0.2807017543859649,0,7,0.07513217226819446,0.1111111111111111,0.46875,0.8214285714285714,0.6842105263157894,0.875,1,1,2,0,3,0.07487116002323338,0.07711095758618401
0.5263157894736842,1,7,0.071960314435549,0.4444444444444445,0.42500000000000004,0.47142857142857136,0.1894736842105263,0.8500000000000001,0,1,0,0,4,0.02834070394641538,0.057746610011091076
0.36842105263157887,1,4,0.05620198574027239,0.2222222222222222,0.6458333333333333,0.4523809523809524,0.22807017543859648,0.8333333333333333,1,1,0,1,1,0.03710227691568251,0.04481132198723734
0.38596491228070173,0,7,0.041853942407486334,0.1111111111111111,0.4375,0.21428571428571425,0.28947368421052627,0.875,1,1,3,0,4,0.04158353852274296,0.029065421651508987
0.4035087719298246,1,1,0.009073402211686243,0.2222222222222222,0.6041666666666666,0.6190476190476191,0.3684210526315789,0.9166666666666667,0,1,3,1,1,0.005674354278364706,0.009306258364684296
0.38596491228070173,0,9,0.020796078229149438,0.0,0.8125,0.7857142857142856,0.631578947368421,0.25,0,0,3,1,6,0.041603894418907335,0.016181869902256764
0.42105263157894735,1,7,0.09371561589738149,0.1111111111111111,0.46875,0.39285714285714285,0.34210526315789475,0.625,1,1,2,0,1,0.09345984819244582,0.06827254669460077
0.5614035087719298,0,3,0.28029372185924534,0.1111111111111111,0.59375,0.5714285714285714,0.2368421052631579,0.75,1,1,2,1,2,0.28009060942983927,0.2886175144186559
0.33333333333333337,1,6,0.0770893432966102,0.3333333333333333,0.46875,0.5178571428571428,0.28947368421052627,0.6875,1,1,1,0,0,0.038132225972581986,0.05519794525117613
0.4385964912280701,0,1,0.00952150072697464,0.2222222222222222,0.7083333333333333,0.35714285714285715,0.3859649122807018,0.9166666666666667,0,1,2,1,0,0.005973170928855352,0.007879809143663622
0.26315789473684215,1,8,0.049269696231487546,0.2222222222222222,0.5833333333333334,0.4761904761904761,0.15789473684210525,0.8333333333333333,1,1,3,0,3,0.03247944630908406,0.04249590595355616
0.5964912280701754,1,3,0.704859359697253,0.8888888888888888,0.5486111111111112,0.49999999999999994,0.2807017543859649,0.7777777777777777,1,1,3,1,2,0.1561779013975761,0.6820548986326119
0.14035087719298245,1,1,0.09000596081666942,0.5555555555555556,0.40625,0.369047619047619,0.2982456140350877,0.8333333333333333,0,1,1,1,3,0.029540094428960127,0.06688402869847733
0.6666666666666666,0,2,0.43573905729793044,0.5555555555555556,0.5833333333333334,0.5357142857142856,0.25438596491228066,0.625,1,0,2,1,2,0.14481698369492718,0.30039082661850497
0.2807017543859649,1,8,0.5311609248611102,0.5555555555555556,0.5833333333333334,0.369047619047619,0.21052631578947367,0.7916666666666667,0,1,2,1,2,0.1766332493998469,0.4979453556938558
0.0,0,1,0.09133682131004803,0.6666666666666665,0.5535714285714286,0.5714285714285714,0.3609022556390977,0.7142857142857143,1,1,3,0,6,0.025619801041301495,0.07085060706508475
0.3157894736842105,0,7,0.03524369900977736,0.0,0.5625,0.35714285714285715,0.3157894736842105,0.5,1,1,1,0,5,0.07050729067172283,0.033923928166360175
0.14035087719298245,1,8,0.08202376147091696,0.3333333333333333,0.515625,0.48214285714285715,0.25,0.8125,1,1,4,1,6,0.040600131344937763,0.07295781507783172
0.4736842105263158,0,6,0.37212981342861157,0.7777777777777777,0.4609375,0.41071428571428564,0.28947368421052627,0.65625,0,1,2,1,0,0.09256483105890778,0.2726669770843143
0.15789473684210525,1,0,0.0008327756798679887,0.0,0.5625,0.5714285714285714,0.47368421052631576,0.5,1,0,3,1,3,0.0016660214045212617,0.0005735845730442164
0.19298245614035092,0,3,0.11075284304480175,0.4444444444444445,0.525,0.5428571428571427,0.4421052631578947,0.8500000000000001,1,1,4,2,7,0.04386209453475808,0.10561960459898899
0.0,0,2,0.05036307241473533,0.2222222222222222,0.5208333333333334,0.4047619047619047,0.2631578947368421,0.75,0,1,2,1,3,0.033208569476551084,0.04401777114903131
0.19298245614035092,1,1,0.0029651951135133514,0.0,0.25,0.7142857142857142,0.21052631578947367,0.75,1,1,0,1,0,0.005932063876406903,0.002984982718864909
0.0,1,1,0.06166511274478715,0.3333333333333333,0.453125,0.46428571428571425,0.2631578947368421,0.875,0,1,3,0,3,0.030417934216463015,0.049899549755054
0.0,1,2,0.08797509457387866,0.3333333333333333,0.640625,0.39285714285714285,0.2368421052631579,0.5625,0,1,4,0,0,0.04357663767631318,0.07025459472990268
0.45614035087719296,2,6,0.019520143391524893,0.0,0.125,0.42857142857142855,0.3157894736842105,1.0,1,1,3,0,2,0.03905130456590655,0.013306543698077555
0.45614035087719296,1,7,0.10514528922605602,0.3333333333333333,0.53125,0.625,0.3157894736842105,0.9375,1,1,3,2,1,0.052164157851871916,0.10609006501525176
0.38596491228070173,0,6,0.04930723534872951,0.2222222222222222,0.375,0.5952380952380953,0.07017543859649124,0.5833333333333334,1,0,3,0,5,0.03250447944999817,0.04622117901918127
0.08771929824561403,1,6,0.095335330019222,0.2222222222222222,0.41666666666666663,0.4761904761904761,0.5263157894736843,0.5833333333333334,1,1,2,1,1,0.06319853579841259,0.08523764630957488
0.2807017543859649,0,4,0.06749296190945288,0.7777777777777777,0.4765625,0.42857142857142855,0.40789473684210525,0.5,1,1,2,1,1,0.016384124851604526,0.05744542476265331
0.2807017543859649,1,7,0.03465058095735418,0.2222222222222222,0.625,0.4523809523809524,0.12280701754385964,0.9166666666666667,0,1,1,1,1,0.02273061896351334,0.03340665251845043
0.05263157894736842,0,4,0.012126122740663775,0.0,0.5625,0.42857142857142855,0.631578947368421,0.5,0,0,3,2,5,0.024259089846380175,0.013119456967700366
0.6140350877192983,0,6,0.008337042790839744,0.0,0.5625,0.5714285714285714,0.05263157894736842,0.25,1,1,2,1,1,0.01667879127083836,0.008017075757757872
0.4736842105263158,0,3,0.0014604692350140389,0.0,0.8125,0.49999999999999994,0.05263157894736842,1.0,0,0,1,2,4,0.00292176280479743,0.0012401463735919938
0.24561403508771928,1,6,0.1630598490097675,0.3333333333333333,0.671875,0.6964285714285714,0.3289473684210526,0.8125,0,0,0,1,7,0.08112960994347979,0.16624167146141736
0.29824561403508765,1,5,0.2734023302308241,0.5555555555555556,0.59375,0.6190476190476191,0.14035087719298245,0.33333333333333337,1,1,2,2,1,0.0906894700134922,0.27973520608195623
0.33333333333333337,1,5,0.019084887205819277,0.2222222222222222,0.5,0.5238095238095237,0.1929824561403509,0.5833333333333334,1,1,4,1,1,0.012350561206787116,0.02024795785427198
0.0,0,6,0.04707938752756903,0.1111111111111111,0.1875,0.39285714285714285,0.631578947368421,0.875,1,1,2,0,1,0.046810458345611095,0.05012809518359671
0.24561403508771928,1,8,0.12436116819361966,0.6666666666666665,0.4910714285714286,0.5714285714285714,0.3834586466165414,0.7142857142857143,1,1,2,1,0,0.03505799157661158,0.12685895663785984
0.14035087719298245,0,6,0.003732376125358523,0.0,0.5,0.7142857142857142,0.42105263157894735,0.25,1,0,2,1,1,0.007466858921188887,0.0034745611692607098
0.07017543859649122,1,3,0.06113581119167533,0.3333333333333333,0.40625,0.6071428571428572,0.15789473684210525,0.5625,0,0,2,0,1,0.030153208751296203,0.04736608361452957
0.22807017543859642,0,4,0.005553023311594233,0.1111111111111111,0.71875,0.6071428571428572,0.15789473684210525,0.625,0,0,0,0,1,0.00527237473663324,0.005515139131384531
0.6666666666666666,0,9,0.006658451527219713,0.0,0.75,0.5714285714285714,0.3684210526315789,1.0,1,1,3,0,0,0.01332066129389586,0.004881761708990249
0.42105263157894735,0,8,0.03185174340551315,0.1111111111111111,0.65625,0.6428571428571428,0.3947368421052631,0.875,1,1,2,1,5,0.03157851674292222,0.022202613535428812
0.17543859649122806,1,1,0.026884330322893706,0.3333333333333333,0.609375,0.5178571428571428,0.381578947368421,0.6875,1,0,2,0,1,0.013022635163644606,0.028269257870141257
0.4035087719298246,1,6,0.0060092223732348465,0.0,0.125,0.49999999999999994,0.2631578947368421,0.25,1,1,0,1,0,0.01202183654057276,0.00503849474963911
0.5789473684210525,1,6,0.0016872845328760675,0.1111111111111111,0.6875,0.35714285714285715,0.28947368421052627,0.625,0,0,2,1,1,0.001405544985641188,0.0011986876754264716
0.49122807017543857,1,7,0.17567832690920496,0.2222222222222222,0.45833333333333337,0.5238095238095237,0.2982456140350877,0.9166666666666667,1,1,0,1,0,0.11677564976317002,0.1312832790973431
0.29824561403508765,0,5,0.012422484192574091,0.1111111111111111,0.53125,0.42857142857142855,0.2368421052631579,1.0,1,1,0,1,3,0.012143774287499166,0.00877543896138645
0.15789473684210525,0,6,0.009774790981207326,0.1111111111111111,0.34375,0.6428571428571428,0.18421052631578946,0.625,1,1,2,0,1,0.00949533385547195,0.010595223226347247
0.4385964912280701,0,2,0.4905141614344053,0.4444444444444445,0.4625,0.47142857142857136,0.2736842105263158,0.55,1,1,2,1,7,0.1958094917369884,0.433515708056209
0.36842105263157887,1,1,0.3168325204138708,0.2222222222222222,0.75,0.3809523809523809,0.21052631578947367,0.41666666666666663,0,1,2,1,0,0.2109050027216953,0.2621963476977271
0.4736842105263158,0,1,0.20027454924904975,0.1111111111111111,0.40625,0.5357142857142856,0.21052631578947367,1.0,0,1,0,1,2,0.2000488541507945,0.20542628164426593
0.42105263157894735,0,2,0.04850567640846275,0.2222222222222222,0.75,0.42857142857142855,0.15789473684210525,0.5833333333333334,0,1,0,1,1,0.03196995601479511,0.05201633855939385
0.5087719298245613,0,7,0.1537531115482772,0.6666666666666665,0.5535714285714286,0.6224489795918366,0.2706766917293233,0.7142857142857143,0,1,2,1,0,0.043458059640404195,0.15904623568085374
0.17543859649122806,1,5,0.03113751230640929,0.1111111111111111,0.375,0.42857142857142855,0.3684210526315789,0.875,1,0,3,1,5,0.03086408407657058,0.02911537241495001
0.5614035087719298,1,6,0.14666948012471684,0.1111111111111111,0.375,0.5357142857142856,0.3947368421052631,0.5,0,0,1,1,2,0.14642865683299017,0.1470744704478741
0.33333333333333337,1,5,0.000989649675079183,0.0,0.3125,0.7857142857142856,0.15789473684210525,1.0,1,1,4,0,4,0.00197985793956038,0.001097087735489325
0.719298245614035,0,6,0.02030313034747195,0.2222222222222222,0.5,0.6428571428571428,0.3508771929824561,0.5,1,0,2,1,0,0.013162952506136907,0.019675723301861306
0.14035087719298245,0,6,0.04228366651275629,0.1111111111111111,0.40625,0.5714285714285714,0.15789473684210525,0.75,1,0,2,2,2,0.042013383902913044,0.03880917379956601
0.6491228070175438,1,2,0.09508460823090588,0.2222222222222222,0.6666666666666667,0.35714285714285715,0.2982456140350877,0.75,0,1,3,0,0,0.06303134076778093,0.08013382798089347
0.33333333333333337,1,9,0.0658252372324029,0.2222222222222222,0.5208333333333334,0.5238095238095237,0.3508771929824561,0.6666666666666666,1,1,0,1,0,0.04351958846570363,0.052360942213368414
0.15789473684210525,0,1,0.02397366571653185,0.5555555555555556,0.5208333333333334,0.4761904761904761,0.2982456140350877,0.7916666666666667,0,1,4,1,1,0.007523117611559039,0.01906364136623482
0.19298245614035092,0,1,0.007981804197149911,0.0,0.3125,0.5714285714285714,0.15789473684210525,0.75,1,0,2,0,3,0.015968113575623832,0.008681982694303245
0.22807017543859642,1,3,0.14361616687283546,0.7777777777777777,0.6171875,0.5446428571428572,0.1907894736842105,0.65625,1,1,3,0,7,0.0354202968838285,0.15317617177000595
0.38596491228070173,0,6,0.05338181016389381,0.7777777777777777,0.390625,0.5625,0.25,0.625,0,1,2,1,4,0.012855341317983009,0.040505844892558394
0.4035087719298246,2,5,0.24819560330004406,0.6666666666666665,0.5357142857142857,0.5204081632653061,0.15789473684210525,0.7857142857142858,1,1,3,1,4,0.07044924389985881,0.17192186150251548
0.17543859649122806,0,0,0.0014083096194778232,0.0,0.5,0.42857142857142855,0.15789473684210525,0.75,0,0,0,0,1,0.002817414133197522,0.001413732897633771
0.2807017543859649,1,6,0.004353549728562546,0.1111111111111111,0.75,0.5357142857142856,0.28947368421052627,0.75,1,1,1,0,1,0.0040725626432941454,0.004803242766981387
0.7368421052631579,0,7,0.06267847133601916,0.5555555555555556,0.59375,0.4880952380952381,0.41228070175438597,0.8333333333333333,1,0,3,1,1,0.020428360519653747,0.05777914115345415
0.6491228070175438,0,0,0.027799692060694034,0.2222222222222222,0.6041666666666666,0.5476190476190474,0.2982456140350877,0.6666666666666666,0,1,2,1,7,0.01816207074668655,0.02787640186578078
0.38596491228070173,1,1,0.2760259193774355,0.7777777777777777,0.484375,0.5803571428571428,0.3289473684210526,0.75,1,1,2,0,2,0.0685320770385689,0.19780515387360986
0.29824561403508765,0,2,0.03376584323625126,0.2222222222222222,0.6458333333333333,0.4761904761904761,0.14035087719298245,0.5,1,1,2,1,1,0.022140627358179517,0.022633313666581136
0.3157894736842105,0,6,0.014968031490182434,0.1111111111111111,0.71875,0.5357142857142856,0.18421052631578946,0.5,0,1,2,1,4,0.014690039978584805,0.016533659149925977
0.42105263157894735,0,3,0.0054929607240070755,0.0,0.5,0.14285714285714285,0.21052631578947367,1.0,1,0,2,1,4,0.010989021847805485,0.005707843689559359
0.07017543859649122,1,6,0.07492392895465216,0.3333333333333333,0.34375,0.5357142857142856,0.18421052631578946,0.75,0,1,2,1,2,0.037049213244613244,0.07920078952690573
0.22807017543859642,0,5,0.20360505924561786,0.8888888888888888,0.5555555555555556,0.49999999999999994,0.3333333333333333,0.6388888888888888,0,1,2,1,4,0.04475662088698083,0.18431674933147849
0.0,0,1,0.0014782509221286577,0.0,0.625,0.42857142857142855,0.42105263157894735,0.25,1,1,3,2,7,0.0029573362155701256,0.0016582608285155016
0.36842105263157887,1,1,0.19674804554561823,0.4444444444444445,0.55,0.5714285714285714,0.34736842105263155,0.8500000000000001,1,0,2,1,7,0.07826988321446872,0.14628727777136155
0.42105263157894735,0,5,0.08537225072890099,0.4444444444444445,0.7,0.49999999999999994,0.3578947368421052,0.8999999999999999,0,1,3,0,7,0.033706992487488534,0.08766642052742084
0.19298245614035092,0,6,0.14863573957099113,0.4444444444444445,0.4625,0.42857142857142855,0.2631578947368421,0.8,1,1,4,1,4,0.059019529604884144,0.11767319850198227
0.6140350877192983,0,1,0.07045598370565222,0.5555555555555556,0.5,0.5476190476190474,0.2719298245614035,0.5833333333333334,0,1,2,1,2,0.02302159628829667,0.07410367775233932
0.03508771929824561,1,1,0.23918206610164372,0.3333333333333333,0.4375,0.625,0.381578947368421,0.625,0,1,2,1,2,0.11920145993277811,0.2472248801660717
0.0,0,1,0.1487629774210113,0.5555555555555556,0.5104166666666666,0.46428571428571425,0.3157894736842105,0.75,1,1,2,1,4,0.04913129401509643,0.12820919501666447
0.33333333333333337,1,8,0.034772681875541236,0.1111111111111111,0.5,0.5714285714285714,0.13157894736842105,0.625,1,0,2,0,3,0.03450027954771965,0.03114410503474082
0.5087719298245613,1,0,0.012707386335010543,0.1111111111111111,0.5,0.42857142857142855,0.3157894736842105,0.875,1,1,0,1,1,0.012428756833800432,0.012558153227516104
0.6491228070175438,0,6,0.006319216451933038,0.2222222222222222,0.6666666666666667,0.3333333333333333,0.08771929824561403,0.9166666666666667,0,0,0,0,4,0.0038377122555077353,0.005006747490224545
0.19298245614035092,1,0,0.01226738836607436,0.2222222222222222,0.5625,0.6904761904761905,0.3684210526315789,0.8333333333333333,1,1,0,1,1,0.00780427931003657,0.010752914346155395
0.5087719298245613,0,3,0.11317688214712687,0.2222222222222222,0.41666666666666663,0.5238095238095237,0.4385964912280702,0.6666666666666666,1,1,2,1,0,0.07509626066140061,0.11330623014489816
0.2807017543859649,1,9,0.0003443720071197876,0.0,0.625,0.7142857142857142,0.894736842105263,1.0,1,0,4,1,1,0.0006889383886312123,0.0002524538584721982
0.24561403508771928,1,1,0.0673277897935882,0.4444444444444445,0.5625,0.4857142857142857,0.28421052631578947,0.55,1,1,2,1,3,0.026487171141110034,0.06783840618828554
0.4736842105263158,1,3,0.014639663001465804,0.3333333333333333,0.578125,0.49999999999999994,0.19736842105263158,0.6875,1,1,2,0,1,0.006898573684095069,0.014998990532958535
0.42105263157894735,2,7,0.2950215029990791,0.2222222222222222,0.5416666666666666,0.49999999999999994,0.17543859649122803,0.5833333333333334,1,0,2,0,1,0.19636022083709898,0.25925077687155107
0.0,0,7,0.06896469287963951,0.3333333333333333,0.546875,0.5714285714285714,0.2368421052631579,0.5625,0,1,0,1,1,0.03406875431204086,0.056477459968404295
0.5964912280701754,0,7,0.3925348921155407,0.7777777777777777,0.53125,0.5803571428571428,0.28289473684210525,0.90625,0,1,2,0,2,0.09766754038916126,0.37566218512075195
0.5789473684210525,1,6,0.14395145046209665,0.7777777777777777,0.5078125,0.5089285714285714,0.3223684210526316,0.75,1,1,2,1,2,0.03550414143671914,0.1193676921423399
0.15789473684210525,1,0,0.1173131001442885,0.4444444444444445,0.5875,0.5428571428571427,0.15789473684210525,0.8500000000000001,1,1,0,1,0,0.0464869379376394,0.10809336498826876
0.36842105263157887,0,7,0.3570679341453242,0.1111111111111111,0.53125,0.2857142857142857,0.15789473684210525,0.625,1,1,3,1,2,0.3568864886059353,0.3702442474749824
0.38596491228070173,1,8,0.04547212058670875,0.6666666666666665,0.5267857142857143,0.5204081632653061,0.23308270676691728,0.75,1,1,3,0,4,0.012511902623265186,0.042722361027569516
0.3508771929824561,1,1,0.16394577217667805,0.2222222222222222,0.5208333333333334,0.5476190476190474,0.14035087719298245,0.8333333333333333,1,1,2,1,7,0.10895173920052183,0.16473888075102255
0.17543859649122806,0,2,0.2669714842986715,0.2222222222222222,0.5625,0.5238095238095237,0.42105263157894735,0.75,1,1,2,1,0,0.17765493093257603,0.18844911894169533
0.14035087719298245,1,8,0.10866803901776331,0.4444444444444445,0.6375,0.42857142857142855,0.431578947368421,0.6,1,1,3,1,2,0.043027937578150335,0.0885498130613364
0.2807017543859649,0,2,0.1838015943060667,0.3333333333333333,0.328125,0.5178571428571428,0.3157894736842105,0.625,1,0,2,0,2,0.09150340941497748,0.17024169550049445
0.543859649122807,0,9,0.0692590785885371,0.2222222222222222,0.29166666666666663,0.4047619047619047,0.2631578947368421,0.5833333333333334,1,1,2,1,0,0.045809462092479394,0.07531273010230717
0.4035087719298246,1,5,0.003959981720425647,0.1111111111111111,0.625,0.35714285714285715,0.2368421052631579,0.5,1,1,2,1,0,0.0036788835640763095,0.002942304647223931
0.21052631578947367,1,1,0.06358948643919146,0.4444444444444445,0.6,0.4857142857142857,0.42105263157894735,0.75,1,1,2,1,0,0.024991427796154077,0.06798490520155111
0.45614035087719296,1,3,0.030952582760417256,0.4444444444444445,0.6125,0.6000000000000001,0.19999999999999996,0.8999999999999999,1,1,4,1,0,0.01193298206566496,0.030603661290797408
0.0,0,6,0.4836528010997776,0.6666666666666665,0.5,0.4489795918367347,0.22556390977443608,0.7142857142857143,0,1,2,0,2,0.13774171462089485,0.5102903363084303
0.5263157894736842,0,3,0.15762616057614248,0.2222222222222222,0.45833333333333337,0.5238095238095237,0.3157894736842105,0.75,1,1,4,1,5,0.10473747580431646,0.11086286699439941
0.0,1,6,0.15442624719271614,0.1111111111111111,0.46875,0.5357142857142856,0.15789473684210525,0.75,1,1,2,0,2,0.1541876129826348,0.10522295982704406
0.21052631578947367,1,0,0.022637668291320145,0.2222222222222222,0.5,0.5952380952380953,0.1929824561403509,0.5833333333333334,0,1,2,1,0,0.014719750364248668,0.01545198777909064
0.05263157894736842,0,3,0.12807951654358776,0.1111111111111111,0.65625,0.42857142857142855,0.3684210526315789,0.5,1,1,3,1,2,0.1278334468718027,0.1326831633962199
0.017543859649122806,0,7,0.3467907117159782,0.6666666666666665,0.5267857142857143,0.5306122448979591,0.19548872180451127,0.8928571428571428,1,1,2,1,2,0.09862722490156821,0.3750126509998079
0.5263157894736842,1,1,0.005300523354566643,0.0,0.875,0.2857142857142857,0.3157894736842105,0.75,1,0,3,1,6,0.010604038491220975,0.005039365730693007
0.19298245614035092,1,4,0.061162681296648536,0.2222222222222222,0.41666666666666663,0.5714285714285714,0.24561403508771928,0.6666666666666666,0,1,2,2,0,0.04041034061079678,0.046600229973837476
0.36842105263157887,1,6,0.0032698546860771564,0.0,0.6875,0.6428571428571428,0.05263157894736842,0.75,1,0,3,1,1,0.006541554980979095,0.0036241086162149146
0.2807017543859649,0,6,0.025346016813177892,0.0,0.5,0.6428571428571428,0.21052631578947367,1.0,0,0,1,1,2,0.05070633971540085,0.023771903649288682
0.38596491228070173,0,6,0.03140384246452603,0.2222222222222222,0.6666666666666667,0.5238095238095237,0.08771929824561403,0.6666666666666666,0,1,2,0,6,0.020565515781188478,0.027139508345130774
0.29824561403508765,1,4,0.17123112696183876,0.8888888888888888,0.5347222222222222,0.48412698412698413,0.25146198830409355,0.5277777777777778,0,1,4,1,7,0.0375603833944109,0.1410665737852471
0.017543859649122806,0,4,0.050238798179234274,0.1111111111111111,0.65625,0.49999999999999994,0.4473684210526316,0.375,0,0,2,0,1,0.04997076063264543,0.04087461827077861
0.49122807017543857,1,2,0.04001413051402709,0.2222222222222222,0.45833333333333337,0.4523809523809524,0.1929824561403509,0.8333333333333333,1,0,3,1,5,0.02630732778664807,0.02733578392562658
0.19298245614035092,1,9,0.012191717408686593,0.1111111111111111,0.46875,0.42857142857142855,0.3684210526315789,0.875,0,1,0,0,4,0.01191294237759634,0.011677504283920314
0.0,1,6,0.0008720929658214242,0.0,0.6875,0.2857142857142857,0.10526315789473684,1.0,1,1,2,1,0,0.0017446781683408898,0.000724786884000827
0.19298245614035092,0,4,0.04838001915285277,0.1111111111111111,0.4375,0.5357142857142856,0.42105263157894735,1.0,1,0,2,1,1,0.048111457029592526,0.034809541701963174
0.6140350877192983,0,6,0.07850654375964533,0.5555555555555556,0.5625,0.4047619047619047,0.3947368421052631,0.7916666666666667,0,1,2,1,1,0.025705873637843043,0.07084808122002845
0.4736842105263158,0,6,0.003919281414363296,0.1111111111111111,0.78125,0.5357142857142856,0.05263157894736842,0.875,1,0,3,0,1,0.0036381717717475577,0.002623394934339351
0.21052631578947367,1,6,0.41048273921753076,0.5555555555555556,0.59375,0.4523809523809524,0.34210526315789475,0.7916666666666667,1,1,2,1,2,0.13639583509141742,0.33534643184320667
0.21052631578947367,1,3,0.03425661780061474,0.0,0.75,0.49999999999999994,0.2631578947368421,1.0,0,0,2,0,6,0.06853257111371851,0.022988891681834805
0.22807017543859642,1,5,0.09092013710866212,0.0,0.6875,0.5714285714285714,0.05263157894736842,0.5,0,0,4,2,2,0.18189159240223093,0.06237670174455764
0.719298245614035,0,1,0.002059909665077972,0.0,0.6875,0.49999999999999994,0.10526315789473684,0.75,1,1,2,1,4,0.004120982007956981,0.0021677847450455546
0.36842105263157887,1,4,0.0026787123766667123,0.1111111111111111,0.4375,0.49999999999999994,0.28947368421052627,1.0,0,0,1,0,1,0.002397252625960013,0.0018123373769499743
0.38596491228070173,0,7,0.21837610915743055,0.8888888888888888,0.6180555555555556,0.4523809523809524,0.30994152046783624,0.6111111111111112,1,1,2,1,5,0.04804000278350959,0.16464982293826155
0.5087719298245613,1,6,0.19718745079165062,0.7777777777777777,0.5703125,0.48214285714285715,0.2368421052631579,0.90625,1,1,4,1,0,0.048816897528221076,0.19308687530843616
0.33333333333333337,1,7,0.08488937913658844,0.3333333333333333,0.4375,0.5714285714285714,0.17105263157894735,0.6875,1,1,4,1,0,0.04203334453895772,0.09041127376972619
0.22807017543859642,1,2,0.017002651644697393,0.1111111111111111,0.53125,0.42857142857142855,0.15789473684210525,1.0,0,1,0,1,0,0.016725234334902712,0.016789858226929934
0.24561403508771928,1,5,0.027001887032151464,0.0,0.4375,0.42857142857142855,0.42105263157894735,1.0,0,0,2,0,3,0.05401901477857824,0.024168025832601275
0.2807017543859649,1,7,0.08073320613499817,0.3333333333333333,0.578125,0.5892857142857142,0.25,0.75,0,1,2,1,2,0.03995467156947318,0.06010792674631266
0.2807017543859649,1,3,0.2218468969079029,0.1111111111111111,0.65625,0.3214285714285714,0.2631578947368421,0.375,0,1,2,0,2,0.22162728986539215,0.1582442363264249
0.4385964912280701,0,1,0.10529840930954301,0.5555555555555556,0.48958333333333337,0.49999999999999994,0.3070175438596491,0.875,0,1,2,1,5,0.03463901584973316,0.0974208421933881
0.29824561403508765,0,2,0.041634437358771426,0.3333333333333333,0.5625,0.35714285714285715,0.42105263157894735,0.75,1,1,2,0,0,0.020399770037662357,0.04121922192475316
0.4385964912280701,1,4,0.06630376219008742,0.2222222222222222,0.3125,0.4761904761904761,0.21052631578947367,0.75,1,1,1,1,2,0.04383869513567205,0.04710753288868009
0.2807017543859649,1,6,0.19826936766542452,0.2222222222222222,0.5625,0.3333333333333333,0.17543859649122803,1.0,0,1,2,1,3,0.13184059396528705,0.14702164544695526
0.29824561403508765,1,9,0.5408630084994489,0.7777777777777777,0.5625,0.43749999999999994,0.34210526315789475,0.71875,0,1,3,0,6,0.13476003461688127,0.5035767707959355
0.0,1,3,0.01745509679461381,0.2222222222222222,0.5,0.4761904761904761,0.6140350877192982,0.5833333333333334,0,1,3,0,1,0.011263727630994638,0.016837196047209266
0.4736842105263158,1,1,0.07996701299465936,0.6666666666666665,0.4642857142857143,0.4387755102040816,0.3157894736842105,0.7857142857142858,1,1,2,0,0,0.02237036759727556,0.058991416133321414
0.36842105263157887,0,8,0.01256789887831142,0.1111111111111111,0.59375,0.6071428571428572,0.2631578947368421,0.75,1,1,1,1,1,0.012289230011547523,0.012499666849746885
0.49122807017543857,1,7,0.03183040538097561,0.2222222222222222,0.5625,0.35714285714285715,0.3157894736842105,0.5833333333333334,1,1,1,1,1,0.02084997131399681,0.024926650330546023
0.0,1,1,0.11375893603867872,0.2222222222222222,0.625,0.5476190476190474,0.14035087719298245,0.75,0,1,2,1,2,0.07548440609894269,0.09151406643111853
0.7368421052631579,1,6,0.020166804079593204,0.1111111111111111,0.5,0.35714285714285715,0.18421052631578946,0.625,0,0,2,0,3,0.01989027974337341,0.015427469662423421
0.26315789473684215,1,6,0.11482603483985714,0.2222222222222222,0.375,0.3809523809523809,0.2631578947368421,0.8333333333333333,1,1,2,0,1,0.07619600606776984,0.1062239783522885
0.5263157894736842,0,5,0.29153392143299856,0.7777777777777777,0.5078125,0.5803571428571428,0.26973684210526316,0.5625,0,1,3,0,1,0.0724101717029723,0.24177989855857862
0.07017543859649122,1,3,0.14668548364311998,0.7777777777777777,0.5546875,0.5892857142857142,0.2631578947368421,0.6875,1,1,2,1,1,0.03618784262876438,0.11256350105118702
0.42105263157894735,1,8,0.039360949874016754,0.5555555555555556,0.41666666666666663,0.5476190476190474,0.32456140350877194,0.625,0,1,2,1,1,0.01265365984190781,0.027674377810329245
0.07017543859649122,0,6,0.022292110838392717,0.1111111111111111,0.6875,0.5357142857142856,0.2631578947368421,0.5,1,1,2,0,3,0.022016186297161695,0.019893816957757247
0.15789473684210525,1,6,0.024040840978964854,0.1111111111111111,0.625,0.42857142857142855,0.21052631578947367,1.0,0,0,2,0,5,0.023765409956879095,0.017325250280760745
0.6842105263157895,0,6,0.040041395767602836,0.0,0.75,0.42857142857142855,0.0,1.0,1,0,2,1,5,0.0801053921583159,0.027225779018519324
0.24561403508771928,0,7,0.12116856505934046,1.0,0.5625,0.46428571428571425,0.24736842105263157,0.725,0,1,2,0,1,0.023732563840932308,0.11695577140788688
0.33333333333333337,1,4,0.01870001246693841,0.0,0.4375,0.5714285714285714,0.3157894736842105,0.5,1,0,4,1,6,0.03741057980904588,0.01992107866474424
0.4736842105263158,0,2,0.01579231147509566,0.0,0.3125,0.6428571428571428,0.3157894736842105,1.0,0,1,2,0,6,0.03159353662747069,0.017211717900385202
0.38596491228070173,1,1,0.026046022562590056,0.1111111111111111,0.71875,0.6785714285714286,0.15789473684210525,0.875,0,0,0,0,0,0.0257711574342796,0.02632100389973057
0.3157894736842105,0,9,0.011106639346092287,0.3333333333333333,0.578125,0.6428571428571428,0.3947368421052631,0.8125,1,1,2,1,1,0.005131563318991318,0.010460003417729657
0.36842105263157887,1,5,0.09954623110226504,0.4444444444444445,0.525,0.4857142857142857,0.3789473684210526,0.65,1,1,2,0,6,0.03937818468489566,0.07371339114208783
0.7894736842105262,1,6,0.00923383254432036,0.0,0.5,0.5714285714285714,0.3684210526315789,0.0,0,0,2,2,4,0.018472876954141328,0.009694585267564509
0.2807017543859649,0,5,0.004408277810015318,0.0,0.5,0.2857142857142857,0.05263157894736842,0.5,1,0,3,1,0,0.00881904379067103,0.004096528739848933
0.33333333333333337,0,1,0.06469926128944496,0.1111111111111111,0.46875,0.5357142857142856,0.13157894736842105,0.25,0,0,1,0,2,0.06443530471294333,0.04965345405827525
0.5087719298245613,2,6,0.15859032316635738,0.7777777777777777,0.546875,0.47321428571428564,0.36184210526315785,0.65625,0,1,4,0,3,0.03916489244280437,0.17326818046657758
0.5263157894736842,0,6,0.07086871642101267,0.2222222222222222,0.6666666666666667,0.5238095238095237,0.21052631578947367,0.5833333333333334,1,1,4,1,3,0.04688285682420219,0.055213535812040894
0.543859649122807,1,7,0.004363626017927497,0.1111111111111111,0.6875,0.5357142857142856,0.34210526315789475,0.75,0,1,2,0,4,0.004082641776346409,0.004034993928391073
0.42105263157894735,1,7,0.04243461327892928,0.3333333333333333,0.4375,0.48214285714285715,0.34210526315789475,0.5625,1,1,0,0,3,0.020799970908855187,0.033714762066266675
0.05263157894736842,1,1,0.08737387597510328,0.2222222222222222,0.5416666666666666,0.5952380952380953,0.4035087719298245,0.5833333333333334,0,1,3,0,2,0.05788940187064756,0.0696594533757745
0.631578947368421,1,6,0.002330586457822727,0.0,0.3125,0.2857142857142857,0.5263157894736843,1.0,1,0,3,1,0,0.004662488371941354,0.0018725657168269883
0.05263157894736842,1,0,0.043012518110154406,0.3333333333333333,0.515625,0.44642857142857145,0.3157894736842105,0.875,0,1,0,1,0,0.02108900487138335,0.037176258519718924
0.3508771929824561,0,4,0.012539843327530577,0.2222222222222222,0.6458333333333333,0.5238095238095237,0.3333333333333333,0.5,0,1,0,1,4,0.007985967211723784,0.008447558143646726
0.12280701754385964,1,0,0.025508818037427293,0.3333333333333333,0.546875,0.44642857142857145,0.2763157894736842,0.9375,0,1,3,1,0,0.012334684925312636,0.02010855733659568
0.2807017543859649,1,1,0.2694555859885837,0.8888888888888888,0.6041666666666666,0.3968253968253968,0.2982456140350877,0.7222222222222222,1,1,2,0,0,0.059394201064123665,0.20677216511780105
0.3508771929824561,1,6,0.3329579421609136,0.8888888888888888,0.5069444444444444,0.4682539682539682,0.2631578947368421,0.6666666666666666,1,1,0,1,5,0.07350981829431161,0.26743447130491954
0.3508771929824561,0,6,0.05603780149591407,0.2222222222222222,0.625,0.5714285714285714,0.3157894736842105,0.75,0,1,3,0,1,0.03699278986252655,0.050025058124920634
0.38596491228070173,0,6,0.05700413740344298,0.5555555555555556,0.5520833333333334,0.5119047619047619,0.25438596491228066,0.7916666666666667,0,1,3,1,1,0.01853638208003925,0.04329886338714429
0.631578947368421,0,3,0.10589508369938912,0.4444444444444445,0.5375,0.6142857142857143,0.19999999999999996,0.55,1,1,2,0,7,0.04191844242216191,0.10044610778599578
0.38596491228070173,1,3,0.038275476662819906,0.3333333333333333,0.5,0.42857142857142855,0.21052631578947367,0.6875,1,1,3,1,4,0.018719815713921794,0.02587702130750631
0.24561403508771928,0,0,0.022241136668664143,0.1111111111111111,0.5625,0.39285714285714285,0.3157894736842105,0.625,1,1,0,1,3,0.02196519774172083,0.016603642477606644
0.49122807017543857,1,2,0.14192335025952374,0.4444444444444445,0.6125,0.5285714285714285,0.2210526315789474,0.8500000000000001,1,1,2,1,2,0.05633381614356953,0.09715471393236971
0.543859649122807,0,1,0.030798474805423894,0.2222222222222222,0.4375,0.4523809523809524,0.21052631578947367,0.9166666666666667,1,0,2,1,0,0.020161823445604993,0.027746974081171605
0.03508771929824561,0,1,0.13903224550898796,0.3333333333333333,0.484375,0.5535714285714286,0.22368421052631576,0.5,1,1,4,1,0,0.06911241770931345,0.14741846441511097
0.42105263157894735,1,2,0.02268963033255509,0.4444444444444445,0.375,0.4857142857142857,0.4421052631578947,0.55,0,1,2,0,0,0.008626868320474533,0.024542547685777214
0.4385964912280701,0,1,0.23739816773544486,0.4444444444444445,0.5,0.4857142857142857,0.28421052631578947,0.8,1,1,2,1,2,0.09453452093188897,0.25623766146464527
0.22807017543859642,0,6,0.05240480524409614,0.2222222222222222,0.4375,0.5714285714285714,0.3684210526315789,0.5,0,0,2,1,0,0.034570108835532715,0.0445813394399557
0.5789473684210525,1,1,0.3022955960490672,0.4444444444444445,0.5,0.5428571428571427,0.15789473684210525,0.75,1,1,2,1,2,0.1205008182872628,0.3031518801084128
0.26315789473684215,0,1,0.015322677360968444,0.1111111111111111,0.5,0.35714285714285715,0.21052631578947367,0.625,0,1,0,1,5,0.015044785936012522,0.013560826616762937
0.3157894736842105,1,6,0.008471393315705754,0.1111111111111111,0.625,0.6428571428571428,0.3157894736842105,1.0,1,1,2,0,7,0.008191568350652642,0.008464585823250423
0.24561403508771928,1,5,0.14416897976779885,0.6666666666666665,0.5892857142857143,0.5306122448979591,0.21052631578947367,0.6428571428571429,0,1,3,0,4,0.04071896347663799,0.11521942712788946
0.29824561403508765,1,9,0.2326960969394358,0.4444444444444445,0.6125,0.5857142857142856,0.1894736842105263,0.65,0,1,3,1,0,0.09265316181415699,0.24971322948800423
0.05263157894736842,1,6,0.06375090464333195,0.5555555555555556,0.53125,0.5595238095238095,0.2719298245614035,0.875,1,1,3,1,4,0.020785939174605958,0.059341463418882835
0.0,0,6,0.05440643049029841,0.1111111111111111,0.53125,0.49999999999999994,0.10526315789473684,0.875,0,0,2,0,6,0.0541395691150857,0.057207690483991984
0.631578947368421,1,0,0.10179581209656563,0.1111111111111111,0.53125,0.5714285714285714,0.42105263157894735,0.875,1,0,2,1,1,0.10154232475006221,0.10299599191938617
0.10526315789473684,0,6,0.10154489273394822,0.5555555555555556,0.46875,0.4880952380952381,0.3157894736842105,0.5,1,1,2,1,6,0.03338749055740042,0.10058315665482655
0.08771929824561403,1,1,0.12155067375800349,0.4444444444444445,0.48750000000000004,0.38571428571428573,0.3894736842105263,0.8999999999999999,1,0,2,1,3,0.04818244574709004,0.10411180574753429
0.0,0,6,0.18385019758418,0.5555555555555556,0.5729166666666666,0.5238095238095237,0.4561403508771929,0.75,0,1,2,0,5,0.06083033479125027,0.12880468476321422
0.15789473684210525,0,6,0.0038058737654322813,0.1111111111111111,0.5625,0.6428571428571428,0.4473684210526316,1.0,1,0,2,0,1,0.0035247321173946266,0.002543613069802338
0.017543859649122806,0,5,0.3579246163156463,0.8888888888888888,0.5416666666666666,0.48412698412698413,0.3684210526315789,0.7222222222222222,1,1,2,0,6,0.07905953388159864,0.28926491463601794
0.631578947368421,1,5,0.04012299395402881,0.3333333333333333,0.515625,0.5357142857142856,0.3026315789473684,0.4375,1,1,2,1,1,0.019643835058742568,0.02937649253490849
0.5087719298245613,1,6,0.03340052835319647,0.2222222222222222,0.47916666666666663,0.42857142857142855,0.3333333333333333,0.6666666666666666,0,1,3,1,1,0.02189701537107316,0.02857357865037305
0.14035087719298245,1,1,0.12161508298021866,0.7777777777777777,0.53125,0.45535714285714285,0.25,0.6875,0,1,2,0,0,0.02991847364771137,0.0821096920507127
0.7719298245614034,0,6,0.013021924622638023,0.1111111111111111,0.46875,0.6071428571428572,0.13157894736842105,0.875,1,0,3,0,3,0.012743383889078943,0.012240854829581234
0.49122807017543857,0,6,0.011149117820866097,0.3333333333333333,0.453125,0.6785714285714286,0.3157894736842105,0.6875,0,1,4,1,1,0.005152808550425013,0.011693965825838978
0.22807017543859642,1,4,0.26549382609944666,0.6666666666666665,0.5625,0.6020408163265305,0.18045112781954886,0.7142857142857143,0,1,3,0,2,0.07539298807983001,0.19118164780208802
0.0,1,2,0.12645525821281797,0.3333333333333333,0.40625,0.41071428571428564,0.2631578947368421,0.9375,0,0,2,1,2,0.06282214934943149,0.1272103539440548
0.7719298245614034,0,3,0.12061594973867835,0.1111111111111111,0.53125,0.6428571428571428,0.21052631578947367,0.75,1,0,3,0,0,0.1203677737309729,0.09200900141499582
0.0,1,0,0.060314889969883746,0.4444444444444445,0.5625,0.47142857142857136,0.21052631578947367,0.55,0,1,3,1,0,0.023681219551383713,0.04093676276897419
0.0,0,5,0.7276292051961252,0.8888888888888888,0.6111111111111112,0.5555555555555556,0.28654970760233917,0.5833333333333334,0,1,3,1,2,0.1612392950658735,0.7504781685985897
0.5087719298245613,0,5,0.1108376024200481,0.1111111111111111,0.5,0.42857142857142855,0.3157894736842105,0.625,0,0,2,0,2,0.1105866668089603,0.10346610394322736
0.8070175438596491,0,6,0.03322488479936429,0.1111111111111111,0.59375,0.35714285714285715,0.3157894736842105,0.875,1,0,0,1,2,0.03295204565886798,0.03611252935859388
0.5789473684210525,1,6,0.037581200568144665,0.3333333333333333,0.5625,0.5535714285714286,0.4605263157894736,0.75,1,1,2,1,3,0.018372579698768307,0.027831633439610443
0.4035087719298246,1,2,0.01865595339775441,0.1111111111111111,0.5,0.6428571428571428,0.10526315789473684,0.375,1,1,3,1,3,0.01837900267571338,0.01401103672352257
0.42105263157894735,0,1,0.040809169502351826,0.2222222222222222,0.5833333333333334,0.5714285714285714,0.17543859649122803,0.8333333333333333,1,1,4,1,0,0.026837503360534472,0.031125988628819753
0.4736842105263158,0,4,0.34442021524929833,1.0,0.6125,0.47142857142857136,0.3578947368421052,0.65,0,1,2,1,2,0.06839549490420772,0.22926808152312986
0.45614035087719296,1,2,0.015818588857165042,0.1111111111111111,0.59375,0.42857142857142855,0.3684210526315789,0.125,0,0,4,0,4,0.015540837386231784,0.01586566023063927
0.3508771929824561,1,8,0.09329181902114972,0.2222222222222222,0.4375,0.49999999999999994,0.2982456140350877,0.5833333333333334,0,1,4,0,0,0.06183581065907186,0.08429411253388769
0.3157894736842105,0,6,0.05438133855403667,0.6666666666666665,0.5803571428571429,0.42857142857142855,0.12030075187969924,0.6428571428571429,1,1,2,1,6,0.01505811184861944,0.050908276462625426
0.2807017543859649,0,9,0.08875887182703081,0.3333333333333333,0.578125,0.41071428571428564,0.513157894736842,0.875,1,1,2,1,1,0.043968636900022305,0.07441196149636635
0.12280701754385964,0,1,0.050170635045294905,0.1111111111111111,0.53125,0.42857142857142855,0.4473684210526316,0.875,0,1,0,1,3,0.04990257826199777,0.05141344547388599
0.22807017543859642,2,4,0.030442643488830235,0.2222222222222222,0.47916666666666663,0.49999999999999994,0.2807017543859649,0.8333333333333333,1,1,2,1,3,0.019924535620413786,0.030976441181865547
0.0,1,6,0.06942484342730561,0.2222222222222222,0.6875,0.42857142857142855,0.3684210526315789,0.5833333333333334,0,1,2,0,3,0.045920003172621224,0.0636629230159008
0.26315789473684215,1,7,0.04098086157015854,0.2222222222222222,0.5208333333333334,0.5476190476190474,0.17543859649122803,0.75,0,1,2,1,0,0.02695199704187326,0.02994458992731315
0.08771929824561403,0,5,0.015812661628126837,0.1111111111111111,0.375,0.6428571428571428,0.10526315789473684,0.875,1,0,2,0,1,0.015534908484436335,0.015196267741666323
0.05263157894736842,0,7,0.017175726732613018,0.1111111111111111,0.53125,0.5357142857142856,0.42105263157894735,1.0,1,1,2,0,6,0.016898358267329834,0.016216230104833022
0.33333333333333337,1,7,0.11228384630537044,0.2222222222222222,0.75,0.4761904761904761,0.42105263157894735,1.0,1,0,4,0,2,0.07450073541439103,0.11682272905190402
0.5789473684210525,1,4,0.12768160190082284,0.2222222222222222,0.45833333333333337,0.4761904761904761,0.3859649122807018,0.5833333333333334,1,1,0,0,0,0.08476880280386988,0.13658816340231678
0.49122807017543857,0,7,0.11112131911667691,0.4444444444444445,0.4375,0.42857142857142855,0.17894736842105263,0.8999999999999999,1,1,0,1,1,0.04400952655940492,0.07701845939826009
0.0,1,3,0.03575205768695419,0.1111111111111111,0.53125,0.6428571428571428,0.2368421052631579,0.875,1,1,2,1,5,0.035479931754387725,0.028955852234928678
0.08771929824561403,1,6,0.018157868584243803,0.1111111111111111,0.625,0.5714285714285714,0.2631578947368421,1.0,1,1,1,0,5,0.017880777294835785,0.017725378976921266
0.49122807017543857,0,5,0.09710401516422278,0.5555555555555556,0.4375,0.5595238095238095,0.2368421052631579,0.8333333333333333,0,1,3,0,4,0.031906780272330265,0.07587651613849505
0.08771929824561403,0,2,0.03464979066014909,0.0,0.75,0.49999999999999994,0.42105263157894735,0.5,1,1,1,1,3,0.06931913875191478,0.03076601215924391
0.24561403508771928,0,7,0.1059302519250158,0.2222222222222222,0.5208333333333334,0.49999999999999994,0.24561403508771928,0.6666666666666666,0,0,3,1,2,0.07026381043798971,0.11641972611826563
0.4035087719298246,1,6,0.0467002424434251,0.4444444444444445,0.525,0.45714285714285713,0.3263157894736842,0.44999999999999996,0,0,3,1,0,0.01823382363374881,0.03371837663764035
0.08771929824561403,0,3,0.0637625615271071,0.3333333333333333,0.625,0.5357142857142856,0.35526315789473684,0.9375,1,1,1,0,3,0.03146695457413785,0.04802855180412403
0.3157894736842105,0,6,0.17312724753116093,0.8888888888888888,0.5208333333333334,0.6111111111111112,0.27485380116959063,0.9166666666666667,0,1,3,1,0,0.03798186243538073,0.16111716733270587
0.0,0,6,0.06455048784058598,0.1111111111111111,0.46875,0.6428571428571428,0.3684210526315789,0.875,1,1,0,0,2,0.06428648927787754,0.05120545519821526
0.15789473684210525,0,3,0.18579274811430146,0.8888888888888888,0.45833333333333337,0.49999999999999994,0.2807017543859649,0.6388888888888888,1,1,2,1,0,0.04079721243239761,0.176454621103209
0.3508771929824561,1,6,0.025295635366353136,0.0,0.6875,0.42857142857142855,0.42105263157894735,0.75,1,1,4,1,6,0.050605548384878206,0.026995927118395765
0.0,1,6,0.028039942411042667,0.2222222222222222,0.45833333333333337,0.49999999999999994,0.3333333333333333,0.9166666666666667,1,1,1,1,1,0.018322282848536913,0.02441133439000755
0.38596491228070173,1,2,0.16975821054584445,0.0,0.5625,0.8571428571428572,0.10526315789473684,0.25,1,0,2,1,2,0.33961223796477397,0.1226630489597612
0.2807017543859649,1,6,0.026333690745244335,0.1111111111111111,0.375,0.5714285714285714,0.18421052631578946,0.875,0,0,0,0,3,0.026058906801418744,0.020910730887235305
0.4035087719298246,0,1,0.04244982650012734,0.6666666666666665,0.5892857142857143,0.6530612244897958,0.21804511278195488,0.6071428571428571,1,1,2,1,3,0.011648146330265294,0.03579588419644943
0.33333333333333337,0,6,0.039863183747854095,0.2222222222222222,0.375,0.4761904761904761,0.12280701754385964,0.25,1,0,3,0,0,0.026206668209498664,0.033421764039735555
0.5789473684210525,0,3,0.03861589718391421,0.0,0.5,0.5714285714285714,0.894736842105263,1.0,1,1,4,1,6,0.07725359039470478,0.03995969622271195
0.3157894736842105,0,2,0.028482508845895406,0.1111111111111111,0.5,0.5357142857142856,0.13157894736842105,0.875,0,1,0,1,4,0.028208331332328977,0.031281720041256636
0.19298245614035092,1,0,0.01710894661878256,0.0,0.5,0.6428571428571428,0.5263157894736843,0.5,1,0,4,1,6,0.03422755006512898,0.016988398358165874
0.3157894736842105,1,1,0.04046598294103969,0.1111111111111111,0.5,0.7142857142857142,0.49999999999999994,0.875,1,1,4,1,2,0.04019518735230858,0.035022061079114174
0.4035087719298246,1,6,0.012311842583860906,0.1111111111111111,0.40625,0.5357142857142856,0.28947368421052627,0.875,1,1,2,0,3,0.012033101453984112,0.013298661319539782
0.29824561403508765,1,6,0.05883229241312708,0.4444444444444445,0.5875,0.47142857142857136,0.34736842105263155,0.6,1,1,2,1,0,0.023088013163743027,0.0611565008370999
0.29824561403508765,1,7,0.09654626291172755,0.5555555555555556,0.5520833333333334,0.7023809523809523,0.32456140350877194,0.5833333333333334,0,1,0,0,5,0.031720810386013,0.10625790306433781
0.14035087719298245,0,8,0.16726482286377234,0.0,0.625,0.49999999999999994,0.05263157894736842,0.75,1,1,2,1,2,0.33462405525420263,0.16716552106528645
0.15789473684210525,2,6,0.41275069462184977,0.8888888888888888,0.6319444444444444,0.44444444444444436,0.3684210526315789,0.6944444444444444,0,1,2,1,5,0.09124654523441351,0.299047338342868
0.0,1,1,0.17279196394189975,0.1111111111111111,0.5625,0.5714285714285714,0.21052631578947367,0.125,1,1,1,0,2,0.17255851282589443,0.173178774261395
0.6491228070175438,1,6,0.09391101688134103,0.2222222222222222,0.29166666666666663,0.4761904761904761,0.3333333333333333,0.8333333333333333,1,1,2,1,6,0.062248725730781614,0.07751060724276489
0.03508771929824561,0,3,0.009304959292778836,0.3333333333333333,0.421875,0.5892857142857142,0.3157894736842105,0.9375,1,1,0,1,1,0.004230469061112945,0.007025681573159011
0.14035087719298245,1,2,0.017039005316131724,0.2222222222222222,0.6041666666666666,0.6428571428571428,0.3157894736842105,0.6666666666666666,0,1,4,1,0,0.010986255026967607,0.018820986044618966
0.14035087719298245,0,2,0.0006545636601192519,0.0,0.5625,0.42857142857142855,0.5789473684210527,1.0,1,0,2,0,7,0.0013094967765549085,0.0006393871916661746
0.4736842105263158,0,9,0.04712720050847722,0.1111111111111111,0.28125,0.46428571428571425,0.28947368421052627,0.75,1,0,3,1,2,0.04685828482009438,0.0465660875165247
0.22807017543859642,0,7,0.024680784140789867,0.2222222222222222,0.5,0.8095238095238095,0.6842105263157894,0.8333333333333333,1,1,3,0,1,0.016082211996842927,0.025727386762446715
0.543859649122807,1,6,0.011690076257753063,0.1111111111111111,0.46875,0.5357142857142856,0.47368421052631576,0.625,0,0,0,0,6,0.01141115965564148,0.010811400723924615
0.14035087719298245,0,1,0.025531143933471202,0.4444444444444445,0.675,0.5571428571428572,0.2526315789473684,0.65,1,1,2,1,4,0.009763794528769897,0.024726019844780723
0.3508771929824561,1,2,0.31504980749347955,0.4444444444444445,0.6125,0.4142857142857142,0.4105263157894737,0.55,0,0,2,1,1,0.12560394264064195,0.2619647538354958
0.10526315789473684,0,3,0.06073730382600659,0.2222222222222222,0.4375,0.42857142857142855,0.21052631578947367,0.75,1,1,2,1,0,0.04012667559822783,0.06467256425357881
0.7368421052631579,1,3,0.11597334880735262,0.1111111111111111,0.28125,0.5714285714285714,0.21052631578947367,0.875,1,0,2,1,2,0.1157238625846573,0.11320105918264002
0.03508771929824561,1,2,0.00896789753480617,0.0,0.75,0.2857142857142857,0.21052631578947367,0.25,1,0,4,1,5,0.017940856833029675,0.009404156635142378
0.3508771929824561,0,2,0.10019546025624992,0.2222222222222222,0.6875,0.4761904761904761,0.2631578947368421,0.5,1,1,2,0,1,0.06643953702655167,0.10936460538548488
0.42105263157894735,0,9,0.014936419601978668,0.2222222222222222,0.5416666666666666,0.49999999999999994,0.3684210526315789,0.6666666666666666,1,1,1,1,1,0.009584135629030459,0.013177290109679163
0.36842105263157887,0,3,0.22065809233714004,0.4444444444444445,0.6,0.42857142857142855,0.2736842105263158,0.65,1,1,2,0,2,0.0878366010475579,0.2358481691891149
0.24561403508771928,0,0,0.008269077231201644,0.0,0.375,0.2857142857142857,0.5789473684210527,1.0,0,0,4,0,4,0.01654282178966272,0.008184739610633146
0.26315789473684215,0,6,0.019186835545276424,0.0,0.5625,0.5714285714285714,0.5789473684210527,0.75,1,0,2,1,7,0.03838450074397835,0.015744158373620563
0.29824561403508765,1,2,0.07758584751571061,0.2222222222222222,0.41666666666666663,0.4047619047619047,0.2982456140350877,0.8333333333333333,0,1,0,0,6,0.05136220800735078,0.06444488980608999
0.26315789473684215,0,9,0.0984921722049707,0.0,0.3125,0.49999999999999994,0.3157894736842105,0.75,0,0,2,2,5,0.19703993648960397,0.08764499439349495
0.49122807017543857,0,1,0.009582946334670713,0.3333333333333333,0.453125,0.5714285714285714,0.14473684210526316,0.8125,0,1,2,1,0,0.004369501808216231,0.006983134148676118
0.7543859649122807,0,0,0.3119425564573506,1.0,0.5625,0.45,0.2684210526315789,0.6,0,1,2,1,1,0.06189813000461071,0.26485880613233376
0.17543859649122806,0,0,0.05300661656577536,0.2222222222222222,0.6875,0.4761904761904761,0.24561403508771928,0.9166666666666667,0,1,2,1,6,0.03497142961039802,0.04252281926812159
0.0,1,6,0.02243436433530967,0.1111111111111111,0.5,0.6785714285714286,0.3684210526315789,0.375,1,0,2,0,4,0.02215847994025248,0.020538560682904893
0.26315789473684215,0,3,0.06189765769738612,0.2222222222222222,0.625,0.5238095238095237,0.3859649122807018,0.8333333333333333,0,1,3,1,0,0.04090046315922059,0.06367877487108173
0.8245614035087719,1,6,0.10051691364442197,0.3333333333333333,0.484375,0.39285714285714285,0.2763157894736842,0.75,1,1,0,0,0,0.049849316960868646,0.10674643633746891
0.12280701754385964,1,4,0.02736344800348205,0.2222222222222222,0.5208333333333334,0.6428571428571428,0.22807017543859648,0.8333333333333333,1,1,4,0,0,0.017871159298589838,0.024407763367686568
0.631578947368421,0,5,0.3601127517022508,0.2222222222222222,0.45833333333333337,0.6904761904761905,0.2982456140350877,0.5833333333333334,0,1,2,1,2,0.23976663315519617,0.3944240315518113
0.6491228070175438,1,6,0.016572532390824884,0.1111111111111111,0.375,0.49999999999999994,0.28947368421052627,0.75,0,1,0,0,1,0.016294993694612937,0.017539076129492587
0.17543859649122806,0,6,0.026897567801079034,0.1111111111111111,0.59375,0.5714285714285714,0.4473684210526316,0.5,1,1,2,1,3,0.026622942992225826,0.02829177273038451
0.4035087719298246,1,3,0.1381895911140563,0.5555555555555556,0.53125,0.5952380952380953,0.2807017543859649,0.7916666666666667,0,1,2,1,4,0.045605837254149025,0.09802565143721455
0.631578947368421,1,1,0.07107794760606134,0.6666666666666665,0.5982142857142857,0.4489795918367347,0.3383458646616541,0.8214285714285714,1,1,2,1,1,0.0198299178765226,0.05980317047555392
0.21052631578947367,0,6,0.005559345689234987,0.0,0.375,0.42857142857142855,0.5789473684210527,0.75,1,0,2,1,0,0.011121829248023551,0.005533995871201412
0.24561403508771928,0,3,0.07840420027158564,0.3333333333333333,0.296875,0.5535714285714286,0.3947368421052631,0.75,1,0,0,0,5,0.038789839996727235,0.07279424483590978
0.17543859649122806,0,1,0.010706156237410811,0.0,0.625,0.6428571428571428,0.10526315789473684,0.75,0,0,3,0,7,0.021418355366120554,0.011818080626019375
0.07017543859649122,0,6,0.10167509419848748,0.1111111111111111,0.625,0.5357142857142856,0.28947368421052627,1.0,1,1,0,1,2,0.10142157278349488,0.0886161818176434
0.15789473684210525,0,5,0.013344563456617723,0.0,0.875,0.35714285714285715,0.15789473684210525,0.75,1,0,2,0,7,0.026696659004549247,0.009369752883513428
0.03508771929824561,1,8,0.10433938365116123,0.3333333333333333,0.59375,0.6071428571428572,0.22368421052631576,0.5625,1,1,2,1,0,0.051761091344811286,0.07648163022569034
0.29824561403508765,1,0,0.17777162663119814,0.7777777777777777,0.4921875,0.5357142857142856,0.24342105263157893,0.75,1,1,2,0,0,0.04396157162538273,0.15385092079246038
0.12280701754385964,1,5,0.02619202997123121,0.5555555555555556,0.625,0.4523809523809524,0.2719298245614035,0.7916666666666667,1,1,2,1,4,0.008262781048884652,0.02106837845799076
0.33333333333333337,0,6,0.05190020047864351,0.5555555555555556,0.5625,0.5476190476190474,0.18421052631578946,0.5833333333333334,1,1,2,1,0,0.016834589634685444,0.03783672345288942
0.0,0,1,0.10163281329801493,0.1111111111111111,0.375,0.7142857142857142,0.07894736842105263,0.5,0,1,2,1,3,0.10137927995068734,0.08823630343098599
0.3508771929824561,1,6,0.046035009771037076,0.5555555555555556,0.4375,0.5595238095238095,0.3070175438596491,0.7083333333333334,1,1,2,1,1,0.01487897431579979,0.049601282293146795
0.4736842105263158,0,0,0.02660041605196362,0.4444444444444445,0.625,0.4857142857142857,0.3684210526315789,0.7,0,1,4,1,7,0.01019162408232952,0.028582201362806637
0.0,0,8,0.00799405380382887,0.2222222222222222,0.33333333333333337,0.4523809523809524,0.3684210526315789,0.6666666666666666,1,1,0,1,1,0.0049545856003971565,0.006226295161891862
0.36842105263157887,1,0,0.0012476817125424318,0.0,0.4375,0.35714285714285715,0.21052631578947367,0.0,1,0,0,1,3,0.0024960676558841684,0.0012834341319707008
0.543859649122807,1,9,0.0437757476359741,0.3333333333333333,0.625,0.7142857142857142,0.4473684210526316,0.8125,1,1,3,0,4,0.02147072733198036,0.031465192200260145
0.03508771929824561,0,2,0.00645653059131815,0.1111111111111111,0.34375,0.6428571428571428,0.3947368421052631,0.875,1,0,2,1,1,0.006176137000319567,0.006605999352338489
0.6491228070175438,0,1,0.08832163989831246,0.5555555555555556,0.5,0.4166666666666666,0.2719298245614035,0.5416666666666666,1,1,0,1,3,0.028978495675557842,0.08165203505594223
0.38596491228070173,0,7,0.13076889793252325,0.2222222222222222,0.4375,0.5952380952380953,0.2982456140350877,0.75,1,1,2,0,1,0.08682758101399635,0.10294952508016074
0.14035087719298245,1,6,0.13037710809309783,0.4444444444444445,0.44999999999999996,0.5571428571428572,0.34736842105263155,0.8,1,1,2,1,2,0.051714015864555415,0.0867352111336463
0.2807017543859649,2,6,0.10705938905679412,0.1111111111111111,0.40625,0.6428571428571428,0.3947368421052631,0.875,1,1,1,0,2,0.10680738717448106,0.09183018900463065
0.4035087719298246,1,2,0.12623950707582726,0.0,0.25,0.21428571428571425,0.15789473684210525,0.25,1,0,4,1,2,0.25255026769979755,0.13834615156150354
0.29824561403508765,1,7,0.13941237846463825,0.1111111111111111,0.59375,0.5714285714285714,0.2368421052631579,0.75,0,0,2,1,2,0.13916950710470183,0.10017662624791988
0.4035087719298246,2,3,0.1508772200189395,0.5555555555555556,0.6041666666666666,0.6428571428571428,0.24561403508771928,0.9166666666666667,0,1,2,1,0,0.049836240438575354,0.1406525529412769
0.08771929824561403,1,3,0.06387656189894192,0.1111111111111111,0.5,0.46428571428571425,0.15789473684210525,0.125,0,1,0,0,3,0.06361237314373495,0.044160307198501635
0.33333333333333337,0,1,0.05325081840214946,0.3333333333333333,0.53125,0.5892857142857142,0.18421052631578946,0.875,1,1,2,1,7,0.026209599722053084,0.04221810654641554
0.0,1,7,0.08370709451776757,0.2222222222222222,0.29166666666666663,0.5714285714285714,0.24561403508771928,1.0,0,1,2,1,6,0.05544419101683103,0.08137889539743998
0.26315789473684215,0,7,0.09076128737043818,0.2222222222222222,0.625,0.49999999999999994,0.2982456140350877,0.8333333333333333,0,0,2,1,1,0.06014831345471375,0.08505831131057738
0.10526315789473684,0,1,0.06729657305398698,0.5555555555555556,0.46875,0.4523809523809524,0.41228070175438597,0.75,0,1,2,0,0,0.021968162192618556,0.07170377655643007
0.14035087719298245,1,5,0.06956393573540216,0.4444444444444445,0.4625,0.5142857142857142,0.2631578947368421,0.8500000000000001,0,1,2,0,6,0.027381881948055305,0.07563155271708637
0.543859649122807,0,7,0.12740973966227045,0.5555555555555556,0.625,0.4523809523809524,0.32456140350877194,0.75,1,1,3,0,1,0.042011539355687785,0.13966272652257505
0.5263157894736842,1,3,0.015244437937664123,0.0,0.4375,0.49999999999999994,0.15789473684210525,0.75,0,0,0,1,5,0.030497480315551963,0.013151726815747267
0.42105263157894735,0,9,0.038748667114370035,0.1111111111111111,0.71875,0.6785714285714286,0.4473684210526316,0.5,1,0,2,1,0,0.03847738687210706,0.03774723014960145
0.05263157894736842,1,9,0.09522567628201517,0.1111111111111111,0.4375,0.35714285714285715,0.34210526315789475,1.0,1,1,3,0,0,0.09497033473986645,0.0937949916150654
0.22807017543859642,1,9,0.21670324754854747,0.3333333333333333,0.609375,0.5714285714285714,0.40789473684210525,0.5625,0,1,1,2,2,0.10795887871818723,0.19908654120010388
0.543859649122807,1,1,0.06687218345485141,0.1111111111111111,0.53125,0.49999999999999994,0.6052631578947367,0.625,1,0,2,1,1,0.06660884011115505,0.06285134286987908
0.3157894736842105,1,6,0.004834050429259805,0.1111111111111111,0.625,0.46428571428571425,0.47368421052631576,0.375,1,1,2,1,1,0.004553198948845236,0.0037784029099128622
0.7719298245614034,0,1,0.07559311311306564,0.2222222222222222,0.625,0.4761904761904761,0.24561403508771928,0.6666666666666666,1,1,4,0,2,0.050033343484930735,0.07423706850074373
0.36842105263157887,1,1,0.10535333496529706,0.6666666666666665,0.625,0.5306122448979591,0.3458646616541353,0.6785714285714286,1,1,2,0,3,0.02962564942296398,0.1072437665192444
0.33333333333333337,1,9,0.0411013818939354,0.5555555555555556,0.7291666666666667,0.4523809523809524,0.34210526315789475,0.75,1,1,1,1,1,0.013233967574309065,0.041410750658505226
0.22807017543859642,1,2,0.050019293130519366,0.1111111111111111,0.59375,0.6785714285714286,0.21052631578947367,0.875,0,1,0,1,2,0.049751193636153955,0.040659268205202444
0.3157894736842105,1,6,0.1235967532219923,0.5555555555555556,0.53125,0.3809523809523809,0.2631578947368421,0.6666666666666666,1,0,2,0,1,0.0407401851806836,0.11546661155098557
0.26315789473684215,0,6,0.43948190486125643,0.5555555555555556,0.46875,0.5238095238095237,0.2807017543859649,0.7916666666666667,1,1,0,1,2,0.14606495164618263,0.4360552710641107
0.4385964912280701,0,6,0.11998549014331447,0.2222222222222222,0.33333333333333337,0.5952380952380953,0.3157894736842105,0.75,1,0,2,1,0,0.0796366136563557,0.12930419239762445
0.49122807017543857,1,2,0.0013685971849218407,0.0,0.25,0.5714285714285714,0.5789473684210527,0.25,1,1,4,1,1,0.0027379668491385005,0.001316574961071502
0.12280701754385964,0,0,0.06235721552214838,0.2222222222222222,0.5208333333333334,0.5238095238095237,0.17543859649122803,0.6666666666666666,1,0,1,1,3,0.0412069215053587,0.050022009691231994
0.017543859649122806,0,9,0.00836529591592186,0.1111111111111111,0.71875,0.42857142857142855,0.2631578947368421,0.5,1,0,3,0,1,0.0080854410085141,0.005497501765043105
0.0,1,8,0.010662097168226812,0.0,0.375,0.6428571428571428,0.2631578947368421,0.75,1,1,3,1,5,0.021330212359428204,0.011660824996738177
0.4035087719298246,0,6,0.0119870304325672,0.1111111111111111,0.71875,0.42857142857142855,0.10526315789473684,0.375,1,0,0,1,0,0.01170819763559349,0.010889614822564612
0.05263157894736842,0,1,0.015553839293458493,0.1111111111111111,0.46875,0.5357142857142856,0.21052631578947367,0.75,1,0,1,0,0,0.015276013106035047,0.012887863105469013
0.0,0,6,0.0017382587026046421,0.0,0.9375,0.35714285714285715,0.21052631578947367,0.25,1,0,2,0,1,0.0034774985330908808,0.0017432685793759004
0.36842105263157887,0,1,0.08184890821428988,0.2222222222222222,0.3125,0.4047619047619047,0.2631578947368421,0.75,0,1,2,2,1,0.05420505054158212,0.0808414565381325
0.8070175438596491,1,8,0.031747226600139455,0.1111111111111111,0.75,0.6071428571428572,0.3947368421052631,0.875,1,1,4,1,0,0.03147397044126247,0.03278647045902269
0.2807017543859649,0,3,0.06623994569077607,0.2222222222222222,0.75,0.5952380952380953,0.14035087719298245,0.9166666666666667,1,1,2,0,5,0.04379613879611804,0.04465358731837651
0.4736842105263158,0,0,0.07871518222179019,0.5555555555555556,0.47916666666666663,0.4523809523809524,0.2631578947368421,0.7916666666666667,1,1,2,1,6,0.02577543941890965,0.08095895188230327
0.29824561403508765,0,7,0.26934237591395405,0.7777777777777777,0.46875,0.49999999999999994,0.28947368421052627,0.84375,0,1,3,1,2,0.06686071962243173,0.21212072912262767
0.26315789473684215,0,6,0.02899956079232827,0.0,0.5625,0.2857142857142857,0.21052631578947367,1.0,1,0,1,1,6,0.05801548984883078,0.03112524829492394
0.49122807017543857,1,6,0.05752415296439495,0.1111111111111111,0.65625,0.7142857142857142,0.3157894736842105,0.75,0,0,2,0,2,0.05725817145949206,0.03820549683110963
0.22807017543859642,2,3,0.127085125085278,0.5555555555555556,0.46875,0.49999999999999994,0.2807017543859649,0.5833333333333334,1,1,3,1,0,0.04190330395957753,0.13026497159817882
0.3508771929824561,0,0,0.06940073936255023,0.1111111111111111,0.6875,0.6071428571428572,0.28947368421052627,0.375,0,0,2,0,0,0.06913810961709373,0.0661694322928071
0.3508771929824561,1,6,0.009534540630858696,0.1111111111111111,0.25,0.46428571428571425,0.15789473684210525,0.125,0,1,2,0,0,0.009255015702696405,0.006315396523705579
0.14035087719298245,1,0,0.14182831702061116,0.5555555555555556,0.6770833333333333,0.5238095238095237,0.22807017543859648,0.875,1,1,2,0,1,0.0468190881915578,0.11068779980256602
0.49122807017543857,0,5,0.08916962879937851,0.2222222222222222,0.41666666666666663,0.4761904761904761,0.1929824561403509,0.6666666666666666,1,1,3,1,3,0.059086908279955094,0.07998894028257761
0.24561403508771928,1,7,0.01227647678393294,0.0,0.5625,0.5714285714285714,0.21052631578947367,0.0,1,0,3,1,0,0.024559882797469304,0.011389035358869454
0.12280701754385964,1,0,0.09790083232125897,0.7777777777777777,0.4765625,0.33035714285714285,0.3026315789473684,0.6875,0,1,0,1,1,0.023988237849358066,0.07962817993005325
0.4035087719298246,1,7,0.016425734684978644,0.2222222222222222,0.5208333333333334,0.7142857142857142,0.3508771929824561,0.6666666666666666,1,1,0,1,0,0.010577292556454839,0.013199892068027803
0.10526315789473684,1,2,0.04158939041808106,0.3333333333333333,0.671875,0.44642857142857145,0.35526315789473684,0.6875,0,1,0,2,0,0.020377240210839653,0.04568517727861273
0.29824561403508765,1,0,0.4370920461130516,0.7777777777777777,0.609375,0.43749999999999994,0.30921052631578944,0.875,1,1,2,0,6,0.10880997257092397,0.3844406289667744
0.2807017543859649,1,4,0.18898871001170234,0.3333333333333333,0.625,0.42857142857142855,0.18421052631578946,0.6875,0,1,2,1,0,0.09409769921060625,0.16684604521471685
0.5263157894736842,1,1,0.06810267620318304,0.4444444444444445,0.4375,0.47142857142857136,0.2631578947368421,1.0,0,1,2,1,1,0.026797213179000065,0.06487184471871058
0.38596491228070173,0,7,0.03209377192457325,0.1111111111111111,0.5,0.6071428571428572,0.49999999999999994,0.0,1,1,3,1,1,0.0318206135662364,0.02335222142846816
0.2807017543859649,0,6,0.11279378557695746,0.5555555555555556,0.6354166666666667,0.5238095238095237,0.2982456140350877,0.5833333333333334,0,1,2,1,3,0.03713817970988829,0.08633599696759237
0.45614035087719296,1,6,0.0038815447228200493,0.0,0.625,0.42857142857142855,0.3684210526315789,0.75,1,1,2,2,1,0.007765280311559836,0.004338835669043225
0.5789473684210525,1,2,0.010856707854981253,0.1111111111111111,0.78125,0.49999999999999994,0.10526315789473684,0.875,0,1,3,0,0,0.010577556063201302,0.00898281955031945
0.4035087719298246,0,8,0.040228696205210156,0.2222222222222222,0.41666666666666663,0.5714285714285714,0.2982456140350877,0.5,0,0,2,1,0,0.026450411949978245,0.038793670336806634
0.29824561403508765,1,1,0.0013506179235059483,0.0,0.4375,0.7142857142857142,0.05263157894736842,1.0,1,0,1,1,1,0.002701998178246108,0.0010374255332973445
0.017543859649122806,1,6,0.09708682620001198,0.2222222222222222,0.375,0.4523809523809524,0.3684210526315789,0.6666666666666666,1,0,2,1,2,0.06436652945211611,0.08822206289075477
0.07017543859649122,1,1,0.010179028001612998,0.0,0.3125,0.7142857142857142,0.2631578947368421,0.75,0,0,2,1,3,0.020363801366769966,0.007357917296168223
0.22807017543859642,0,7,0.013888287933722515,0.1111111111111111,0.375,0.5357142857142856,0.07894736842105263,0.75,1,1,2,1,3,0.013609991701513786,0.012525230143678779
0.15789473684210525,0,1,0.11405668051069796,0.4444444444444445,0.44999999999999996,0.6142857142857143,0.23157894736842105,0.8999999999999999,0,1,2,0,5,0.04518400247907146,0.11962802837934987
0.24561403508771928,0,6,0.22865649277559688,0.2222222222222222,0.5416666666666666,0.5714285714285714,0.3333333333333333,0.75,0,0,3,1,2,0.15210439452177377,0.17897358540918604
0.29824561403508765,0,0,0.05160048026361154,0.1111111111111111,0.625,0.6428571428571428,0.3157894736842105,0.75,1,1,2,1,5,0.05133282700511999,0.0420238342223437
0.4035087719298246,0,6,0.18948758512241803,0.2222222222222222,0.5625,0.4047619047619047,0.2631578947368421,0.6666666666666666,1,1,2,0,2,0.12598442003186192,0.2028331533015495
0.2807017543859649,1,3,0.0794126195052858,0.3333333333333333,0.5625,0.6071428571428572,0.2368421052631579,0.75,1,0,2,1,3,0.039294191909460124,0.07634671526044162
0.38596491228070173,0,5,0.011747570379423661,0.1111111111111111,0.53125,0.46428571428571425,0.2631578947368421,0.75,1,1,3,0,1,0.011468670003057334,0.009402066280613025
0.29824561403508765,1,1,0.05997525974599453,0.3333333333333333,0.609375,0.44642857142857145,0.19736842105263158,0.625,0,1,3,0,2,0.029572769265521714,0.04401916471871754
0.0,0,3,0.06984251550019786,0.5555555555555556,0.40625,0.4761904761904761,0.3508771929824561,0.7916666666666667,0,1,0,0,0,0.022817049176353667,0.051243473521217886
0.08771929824561403,0,2,0.06019911142933747,0.4444444444444445,0.48750000000000004,0.5142857142857142,0.3052631578947368,0.8999999999999999,1,1,2,1,4,0.023634895065355273,0.05516214792986094
0.26315789473684215,0,2,0.03743795919972135,0.0,0.3125,0.6428571428571428,0.15789473684210525,0.75,0,0,3,0,6,0.07489704956107351,0.025042360163556307
0.03508771929824561,1,7,0.06649876802544441,0.4444444444444445,0.5,0.4857142857142857,0.3368421052631579,0.65,1,1,2,1,0,0.02615546884866063,0.0482820943889136
0.42105263157894735,1,1,0.05012539053030325,0.1111111111111111,0.625,0.6428571428571428,0.10526315789473684,0.625,0,1,4,0,1,0.0498573209782925,0.03395868031041068
0.6140350877192983,0,5,0.1338447346547498,0.5555555555555556,0.6145833333333334,0.5238095238095237,0.25438596491228066,0.875,1,1,3,1,5,0.044157143038774285,0.13035045838861886
0.543859649122807,0,0,0.01950334957591664,0.2222222222222222,0.5208333333333334,0.4523809523809524,0.17543859649122803,0.9166666666666667,1,1,1,1,1,0.012629614851292931,0.016105963903409598
0.24561403508771928,0,1,0.04109624496210229,0.4444444444444445,0.6625000000000001,0.657142857142857,0.3263157894736842,0.7,1,0,2,0,7,0.015991592026733812,0.04064306795759995
0.5964912280701754,1,6,0.03103536639265087,0.4444444444444445,0.525,0.5571428571428572,0.3263157894736842,0.75,1,1,2,1,0,0.011966104863695535,0.022263016071516605
0.3157894736842105,0,6,0.003503387510182486,0.1111111111111111,0.5625,0.6071428571428572,0.2368421052631579,0.75,0,0,0,1,0,0.0032221604957668633,0.003821516472080789
0.21052631578947367,0,6,0.02554260324294507,0.3333333333333333,0.46875,0.46428571428571425,0.3026315789473684,0.8125,0,1,3,1,7,0.012351582295429667,0.026166796704138014
0.15789473684210525,0,3,0.003821482135232892,0.1111111111111111,0.53125,0.35714285714285715,0.2631578947368421,0.875,1,0,0,1,4,0.0035403448921226435,0.0038909336620764224
0.22807017543859642,0,6,0.08641583818822784,0.4444444444444445,0.4625,0.5571428571428572,0.431578947368421,0.95,0,1,2,1,3,0.03412454527793604,0.08018909172876326
0.21052631578947367,0,1,0.06886689360050911,0.6666666666666665,0.5446428571428571,0.3673469387755102,0.3458646616541353,0.6428571428571429,1,1,2,0,3,0.019198009876590472,0.05597385872304074
0.33333333333333337,0,0,0.0023386870041749424,0.0,0.75,0.49999999999999994,0.3684210526315789,0.75,0,1,3,1,7,0.004678694036848915,0.001725108624402137
0.3157894736842105,0,1,0.11042566000189277,0.0,0.6875,0.49999999999999994,0.10526315789473684,1.0,1,0,2,1,5,0.22091364771927993,0.0808049188829215
0.29824561403508765,0,0,0.15952603505718888,0.6666666666666665,0.4285714285714286,0.5816326530612244,0.41353383458646614,0.6071428571428571,0,1,2,0,4,0.04510793184574927,0.1631107994160246
0.38596491228070173,1,0,0.06275947679954132,0.0,0.6875,0.5714285714285714,0.3684210526315789,1.0,0,1,2,0,6,0.125554377021632,0.04789302715213757
0.543859649122807,1,6,0.012220365682371254,0.3333333333333333,0.5625,0.5357142857142856,0.19736842105263158,0.75,1,1,2,1,0,0.005688583642673783,0.009430286066759304
0.49122807017543857,0,0,0.00708916350399604,0.1111111111111111,0.5625,0.42857142857142855,0.15789473684210525,0.875,0,1,3,1,0,0.00680894845195386,0.00600659019104621
0.0,0,0,0.01808338307266368,0.4444444444444445,0.575,0.47142857142857136,0.42105263157894735,0.55,1,0,2,0,1,0.006783849434353123,0.013384583600506773
0.0,0,1,0.023163611081310324,0.1111111111111111,0.375,0.39285714285714285,0.2631578947368421,1.0,0,0,3,1,6,0.022887932491152594,0.0221525321248297
0.49122807017543857,0,6,0.20329901665294517,0.3333333333333333,0.65625,0.44642857142857145,0.28947368421052627,0.875,1,1,2,2,0,0.10125487182801284,0.13956008140537324
0.0,1,3,0.1924579171677645,0.5555555555555556,0.5520833333333334,0.39285714285714285,0.32456140350877194,0.625,0,1,2,1,0,0.06370038439705407,0.13351068249552794
0.24561403508771928,0,8,0.0005160640749264974,0.0,0.75,0.6428571428571428,0.631578947368421,0.5,0,1,4,0,4,0.0010324194326475768,0.0004496875181272932
0.03508771929824561,0,2,0.01035032492081716,0.0,0.625,0.21428571428571425,0.736842105263158,0.75,0,0,4,1,4,0.020706491890546935,0.008338598413804145
0.0,1,6,0.13781933687346967,0.4444444444444445,0.675,0.5142857142857142,0.2526315789473684,0.75,0,0,2,1,4,0.054691747502301886,0.14942376764455192
0.4035087719298246,1,2,0.04262270401374169,0.1111111111111111,0.65625,0.6071428571428572,0.631578947368421,0.625,1,1,3,0,0,0.04235251708561274,0.045596729152589444
0.45614035087719296,0,7,0.12674549486138878,0.1111111111111111,0.5625,0.5357142857142856,0.34210526315789475,0.625,1,1,2,0,1,0.1264990487077069,0.09496380464034318
0.17543859649122806,1,3,0.001111948167567507,0.0,0.5,0.42857142857142855,0.42105263157894735,0.75,1,0,3,0,1,0.0022245239536525887,0.0011867552349880755
0.0,0,0,0.009409673672453815,0.1111111111111111,0.375,0.6071428571428572,0.05263157894736842,0.625,0,0,2,0,1,0.009130113504872271,0.00785468134025868
0.17543859649122806,1,7,0.03550469466175971,0.2222222222222222,0.5208333333333334,0.3809523809523809,0.17543859649122803,0.8333333333333333,1,1,1,1,2,0.02330018879599617,0.034128870008342256
0.36842105263157887,0,5,0.07614750660243921,0.4444444444444445,0.475,0.6000000000000001,0.16842105263157894,0.75,1,1,3,1,0,0.03001605348976148,0.06751126570444163
0.0,0,0,0.06057884923638521,0.0,0.6875,0.42857142857142855,0.05263157894736842,1.0,0,1,3,1,2,0.12119189108054036,0.047989052813329776
0.33333333333333337,0,3,0.011282282899924466,0.1111111111111111,0.4375,0.35714285714285715,0.42105263157894735,0.625,0,0,2,0,1,0.011003251212114562,0.012151448624398655
0.2807017543859649,1,6,0.02085851170835188,0.2222222222222222,0.625,0.5714285714285714,0.2982456140350877,0.9166666666666667,0,1,2,0,4,0.013533311238292642,0.022637755669956017
0.4035087719298246,0,5,0.06403304074555058,0.6666666666666665,0.4732142857142857,0.489795918367347,0.3007518796992481,0.5357142857142857,1,1,2,0,1,0.017816519292519397,0.06502139216566477
0.3157894736842105,1,8,0.06890087638032816,0.2222222222222222,0.47916666666666663,0.49999999999999994,0.22807017543859648,0.9166666666666667,0,1,0,1,3,0.045570593226809404,0.062095592609412206
0.08771929824561403,1,6,0.0045754256688927365,0.0,0.6875,0.21428571428571425,0.15789473684210525,0.75,0,0,3,1,3,0.009153433851934373,0.0033670385581570598
0.543859649122807,2,7,0.20685831769038804,0.7777777777777777,0.4375,0.5089285714285714,0.4013157894736842,0.75,1,1,4,1,1,0.05123529657058486,0.2280157414147833
0.26315789473684215,0,1,0.08055400624374306,0.0,0.4375,0.35714285714285715,0.42105263157894735,0.5,1,1,2,1,2,0.16115347970210825,0.08345988688046464
0.2807017543859649,0,0,0.023122515626645423,0.1111111111111111,0.375,0.5357142857142856,0.3947368421052631,0.25,1,1,2,0,0,0.022846825438704144,0.016449783674435645
0.08771929824561403,1,0,0.034104683162935384,0.2222222222222222,0.5625,0.5238095238095237,0.22807017543859648,0.9166666666666667,1,1,3,0,1,0.02236658439327275,0.023619786808225476
0.19298245614035092,1,6,0.00015687399521119408,0.0,0.3125,0.7142857142857142,0.2631578947368421,1.0,1,1,2,0,1,0.0003138365350391179,0.0001920077733317098
0.10526315789473684,1,9,0.36402669861047976,0.3333333333333333,0.53125,0.46428571428571425,0.4868421052631579,0.75,0,1,0,1,1,0.18164139274646296,0.3735738338478219
0.24561403508771928,0,6,0.535451053238964,0.7777777777777777,0.5703125,0.5803571428571428,0.381578947368421,0.59375,1,1,3,1,5,0.13340666396704004,0.46159195652480656
0.6491228070175438,0,5,0.11052543502403589,1.0,0.48750000000000004,0.5285714285714285,0.42105263157894735,0.725,1,1,3,1,0,0.02160333710213857,0.09878462432758085
0.0,0,7,0.03365283073592278,0.1111111111111111,0.4375,0.21428571428571425,0.2631578947368421,0.5,1,1,0,0,3,0.03338011236849942,0.02510999184239145
0.0,0,1,0.05445819495723208,0.3333333333333333,0.453125,0.6071428571428572,0.2368421052631579,0.6875,1,1,2,1,3,0.026813458369919593,0.041996006377671674
0.5964912280701754,1,6,0.030848263529344826,0.1111111111111111,0.65625,0.6071428571428572,0.3157894736842105,0.625,1,1,2,0,3,0.030574753668952653,0.023825643180314156
0.24561403508771928,1,6,0.06704170220534411,0.3333333333333333,0.75,0.5357142857142856,0.21052631578947367,0.6875,1,1,3,2,1,0.03310698762578906,0.05789045253214225
0.14035087719298245,1,2,0.037799125022449385,0.1111111111111111,0.78125,0.3214285714285714,0.21052631578947367,0.875,1,0,4,1,4,0.037527576804476076,0.04159226311013747
0.5087719298245613,1,3,0.04185749874490925,0.0,0.4375,0.5714285714285714,0.0,0.75,1,0,4,0,5,0.08373862317856724,0.028714067894366722
0.15789473684210525,1,6,0.00034081566969686373,0.0,0.75,0.49999999999999994,0.21052631578947367,1.0,0,1,4,0,1,0.000681823706476673,0.0002652572799644919
0.6666666666666666,0,6,0.010055939211919579,0.0,0.5,0.6428571428571428,0.15789473684210525,0.75,0,0,2,0,1,0.02011755431219897,0.009774846171681168
0.4385964912280701,1,6,0.028927841320965975,0.1111111111111111,0.21875,0.39285714285714285,0.18421052631578946,0.625,1,1,2,1,0,0.02865378948722707,0.028532598991787173
0.19298245614035092,0,0,0.16668691803254723,0.5555555555555556,0.4375,0.5476190476190474,0.2982456140350877,0.7083333333333334,1,1,4,0,3,0.05510762702490935,0.18019922994823065
0.7368421052631579,1,0,0.4157702226682133,0.6666666666666665,0.5089285714285714,0.4183673469387755,0.2631578947368421,0.8928571428571428,0,1,3,0,2,0.11834121863155696,0.401765182462692
0.15789473684210525,2,6,0.04374670421368689,0.4444444444444445,0.5625,0.39999999999999997,0.28421052631578947,0.5,0,1,2,1,6,0.017052074927879853,0.03301214165008754
0.4385964912280701,0,3,0.010164209929017481,0.0,0.5625,0.6428571428571428,0.5263157894736843,0.75,1,0,3,1,5,0.02033415685779272,0.008562919584235452
0.3508771929824561,0,6,0.01696116104142995,0.2222222222222222,0.5,0.49999999999999994,0.24561403508771928,0.75,1,0,4,1,1,0.01093434419791412,0.012285492608593483
0.5614035087719298,1,9,0.17540310590753092,0.4444444444444445,0.6499999999999999,0.5857142857142856,0.28421052631578947,0.7,1,1,4,0,0,0.06972949780818381,0.17704836888765094
0.6140350877192983,0,9,0.018457391224974497,0.5555555555555556,0.5416666666666666,0.4880952380952381,0.3859649122807018,0.75,0,1,2,0,0,0.0056838405212374255,0.019170031701968404
0.29824561403508765,0,2,0.0718085773721709,0.2222222222222222,0.27083333333333337,0.5952380952380953,0.2631578947368421,0.25,0,0,2,1,5,0.0475096076206678,0.05288853898676684
0.12280701754385964,1,8,0.04265056199022127,0.1111111111111111,0.34375,0.49999999999999994,0.2631578947368421,0.75,1,1,2,0,0,0.04238038292405136,0.028193526067504866
0.38596491228070173,1,5,0.12969369858499263,0.0,0.6875,0.6428571428571428,0.5789473684210527,1.0,1,0,4,0,2,0.2594606003724536,0.09278926979212992
0.14035087719298245,1,5,0.00435098126264599,0.0,0.5,0.42857142857142855,0.3684210526315789,1.0,1,0,3,1,0,0.00870441835595901,0.003603901855764492
0.719298245614035,0,3,0.08756236185851822,0.4444444444444445,0.44999999999999996,0.47142857142857136,0.19999999999999996,0.75,1,1,4,1,7,0.03458328417285594,0.0950189812901076
0.3157894736842105,0,1,0.02340820806628697,0.0,0.4375,0.42857142857142855,0.894736842105263,0.75,0,0,4,0,5,0.046829628461416375,0.02569241687313273
0.21052631578947367,0,6,0.10823278283205769,0.7777777777777777,0.5,0.5178571428571428,0.34210526315789475,0.59375,1,1,2,1,1,0.026571954436784957,0.10314344901181102
0.33333333333333337,1,1,0.13390637783674714,0.0,0.5625,0.7142857142857142,0.3157894736842105,0.75,1,0,2,0,5,0.26788833664462497,0.1101405188573495
0.0,1,2,0.009049298146930871,0.2222222222222222,0.5833333333333334,0.42857142857142855,0.2807017543859649,0.75,1,1,3,1,0,0.005658280366830377,0.006457976122228604
0.08771929824561403,0,6,0.07663630542378996,0.2222222222222222,0.6041666666666666,0.4047619047619047,0.1929824561403509,0.9166666666666667,0,1,2,0,6,0.050729001295596786,0.05986723113206808
0.543859649122807,1,1,0.36098168347925186,0.0,0.8125,0.42857142857142855,0.3157894736842105,0.75,1,0,2,0,2,0.7221671163738678,0.3346720747622266
0.15789473684210525,0,7,0.024049731822522166,0.1111111111111111,0.59375,0.35714285714285715,0.18421052631578946,0.625,1,0,2,0,5,0.023774303309572267,0.016565275762182457
0.07017543859649122,0,6,0.04913811174683936,0.1111111111111111,0.3125,0.35714285714285715,0.10526315789473684,0.75,0,1,2,1,0,0.04886976356923049,0.03335413236090041
0.4035087719298246,1,3,0.0406465658524037,0.4444444444444445,0.5125,0.47142857142857136,0.3789473684210526,0.35,1,1,2,1,0,0.01581166962024791,0.044019643758297186
0.543859649122807,0,8,0.17675728016845976,0.5555555555555556,0.5104166666666666,0.46428571428571425,0.4298245614035087,0.8333333333333333,1,1,2,0,2,0.05846536174173215,0.18830636514696153
0.4385964912280701,1,0,0.020969350891366336,0.3333333333333333,0.5625,0.5892857142857142,0.28947368421052627,0.6875,1,0,2,1,0,0.010064310797775236,0.019361560435720467
0.49122807017543857,0,2,0.12344442343571041,0.6666666666666665,0.3839285714285714,0.5510204081632653,0.23308270676691728,0.7857142857142858,1,1,3,1,4,0.034795990582984104,0.1038678004052849
0.12280701754385964,1,3,0.002696098915178784,0.0,0.875,0.6428571428571428,0.3157894736842105,0.75,0,0,2,1,6,0.005393719593380104,0.0017840740417509997
0.0,0,7,0.003972626475707152,0.0,0.8125,0.49999999999999994,0.10526315789473684,1.0,1,0,3,1,0,0.007947495226739978,0.004241939026797125
0.6140350877192983,1,6,0.0048387922124903705,0.1111111111111111,0.5625,0.49999999999999994,0.10526315789473684,0.375,1,1,0,0,7,0.004557942070281597,0.005385754895828054
0.22807017543859642,1,9,0.027400591972121476,0.2222222222222222,0.4375,0.4761904761904761,0.3859649122807018,1.0,1,1,2,0,7,0.017895928932757488,0.019736822622792218
0.22807017543859642,0,6,0.07134289474406916,0.2222222222222222,0.5833333333333334,0.49999999999999994,0.12280701754385964,0.5833333333333334,0,1,0,0,6,0.04719906491995948,0.053536679538024684
0.5614035087719298,1,6,0.0042911162493601065,0.0,0.375,0.6428571428571428,0.3157894736842105,0.75,1,1,2,1,0,0.008584654539690933,0.0028643518429001024
0.4035087719298246,0,0,0.006013766582164138,0.0,0.625,0.35714285714285715,0.05263157894736842,0.75,1,0,2,2,7,0.012030927523325782,0.006473174741619116
0.38596491228070173,1,6,0.009789411479501567,0.0,0.375,0.5714285714285714,0.3684210526315789,0.75,0,0,0,2,7,0.019584348410728227,0.008552990400221021
0.7368421052631579,0,1,0.08108370294545743,0.1111111111111111,0.4375,0.3214285714285714,0.2631578947368421,0.75,1,1,2,1,2,0.08082437031604406,0.08591727282593112
0.15789473684210525,1,6,0.028298764745711007,0.2222222222222222,0.375,0.6190476190476191,0.10526315789473684,0.5833333333333334,0,0,1,0,3,0.018494879767471106,0.022328557395822395
0.49122807017543857,0,6,0.030489271023930793,0.1111111111111111,0.6875,0.49999999999999994,0.21052631578947367,0.75,1,1,0,0,4,0.03021565985020827,0.027356992314288987
0.29824561403508765,1,6,0.016937847273879668,0.1111111111111111,0.5,0.5357142857142856,0.15789473684210525,0.875,0,1,2,0,7,0.016660411675272466,0.011403188800995289
0.3508771929824561,1,6,0.2960830697198219,0.5555555555555556,0.44791666666666663,0.4880952380952381,0.20175438596491224,0.7083333333333334,0,1,4,1,6,0.09825185013027443,0.275797282992022
0.6140350877192983,1,2,0.17028138729561684,0.4444444444444445,0.625,0.5571428571428572,0.2526315789473684,0.8999999999999999,1,0,3,2,5,0.06768023219160473,0.14792180436615834
0.4035087719298246,0,5,0.07879440951660088,0.4444444444444445,0.475,0.4142857142857142,0.19999999999999996,0.7,1,1,4,0,5,0.0310751134544766,0.0548157152156732
0.4035087719298246,1,1,0.13789935446548546,0.5555555555555556,0.5208333333333334,0.4880952380952381,0.28947368421052627,0.8333333333333333,0,1,3,1,3,0.04550906440150996,0.13910333894070936
0.5087719298245613,0,9,0.007934979087748081,0.1111111111111111,0.625,0.8214285714285714,0.3157894736842105,0.625,1,1,2,1,1,0.0076550027381644785,0.007933722870899879
0.21052631578947367,0,6,0.10062162802409695,0.5555555555555556,0.47916666666666663,0.5238095238095237,0.2982456140350877,0.5,1,1,2,1,0,0.033079648800843374,0.07086327983941895
0.10526315789473684,1,1,0.018073701931901276,0.2222222222222222,0.47916666666666663,0.6904761904761905,0.4035087719298245,0.9166666666666667,1,0,3,1,1,0.01167624744258468,0.01652420900549119
0.07017543859649122,0,6,0.030261863003164944,0.3333333333333333,0.4375,0.5892857142857142,0.3289473684210526,0.75,1,1,1,0,4,0.014711878100198044,0.03179442303863341
0.0,1,2,0.017864668321153868,0.0,0.5625,0.49999999999999994,0.10526315789473684,0.75,1,1,3,1,3,0.03573942002296856,0.017222300320190054
0.719298245614035,1,7,0.019313678246694038,0.2222222222222222,0.6666666666666667,0.49999999999999994,0.3684210526315789,0.5833333333333334,1,1,2,0,0,0.01250313161299001,0.013078346661956402
0.05263157894736842,0,3,0.04629738844312834,0.1111111111111111,0.4375,0.75,0.18421052631578946,1.0,1,1,2,1,5,0.04602823856873148,0.039215442912156506
0.24561403508771928,0,0,0.1282190040002869,0.4444444444444445,0.6,0.5142857142857142,0.17894736842105263,0.8999999999999999,1,1,2,1,0,0.05085053060706617,0.11308456546668123
0.22807017543859642,0,3,0.027720069617280796,0.1111111111111111,0.78125,0.6071428571428572,0.18421052631578946,0.75,1,0,0,1,4,0.02744567693137434,0.02089727422995259
0.3508771929824561,1,2,0.0063277121468878,0.0,0.75,0.7142857142857142,0.5263157894736843,1.0,1,1,3,0,3,0.012658995853523715,0.005287551782001108
0.45614035087719296,1,8,0.23444186346548884,0.8888888888888888,0.5277777777777778,0.49999999999999994,0.391812865497076,0.8055555555555556,0,1,2,1,5,0.05161117796496858,0.17645575337857905
0.4736842105263158,1,1,0.054532087745908384,0.2222222222222222,0.5416666666666666,0.3333333333333333,0.14035087719298245,0.75,1,1,0,0,1,0.035988697405123886,0.0584425238731552
0.17543859649122806,0,1,0.00616550364554222,0.0,0.6875,0.2857142857142857,0.15789473684210525,0.75,1,0,4,1,7,0.012334487295252786,0.0062372259741182755
0.24561403508771928,0,0,0.3178976434720364,1.0,0.48750000000000004,0.5499999999999998,0.3578947368421052,0.8,1,1,3,0,0,0.0630894835313883,0.27113409397850735
0.3508771929824561,0,3,0.07754376418953934,0.5555555555555556,0.5208333333333334,0.46428571428571425,0.2192982456140351,0.5833333333333334,1,1,2,1,6,0.02538485654396277,0.05386756524040035
0.24561403508771928,1,6,0.07604792915459735,0.2222222222222222,0.5833333333333334,0.5476190476190474,0.1929824561403509,0.9166666666666667,1,1,0,1,0,0.050336639750111274,0.07406513684070436
0.631578947368421,1,1,0.027248657334442122,0.3333333333333333,0.4375,0.5357142857142856,0.42105263157894735,0.625,1,1,3,0,1,0.01320485007882475,0.024700543648954226
0.38596491228070173,1,7,0.0013344168308015174,0.0,0.6875,0.7142857142857142,0.3684210526315789,1.0,0,1,2,1,0,0.002669586848430985,0.001182661624034757
0.4385964912280701,1,7,0.03820395476575887,0.1111111111111111,0.21875,0.39285714285714285,0.3157894736842105,0.375,0,1,1,0,0,0.03793252079710526,0.028298566382604907
0.42105263157894735,1,6,0.0030058954195757008,0.0,0.375,0.7142857142857142,0.42105263157894735,1.0,1,1,0,1,3,0.006013487461064407,0.002908379935174622
0.543859649122807,0,8,0.046233176795214444,0.1111111111111111,0.625,0.42857142857142855,0.21052631578947367,0.875,1,0,2,1,1,0.04596400879928078,0.048433819288502544
0.33333333333333337,0,0,0.2079580162512766,0.5555555555555556,0.5520833333333334,0.4880952380952381,0.41228070175438597,0.7916666666666667,1,1,2,1,1,0.06886854221546064,0.19383853195794973
0.017543859649122806,0,7,0.4092915637551525,0.3333333333333333,0.390625,0.5535714285714286,0.17105263157894735,0.8125,1,0,3,0,3,0.20428021254717676,0.44208228576087083
0.36842105263157887,1,2,0.03634734905669138,0.2222222222222222,0.5416666666666666,0.5714285714285714,0.21052631578947367,0.6666666666666666,0,1,2,1,0,0.023862116932831537,0.03697558448490093
0.15789473684210525,1,9,0.015343225088300893,0.1111111111111111,0.46875,0.49999999999999994,0.3157894736842105,0.375,0,1,2,0,6,0.015065339462236746,0.014867167550451144
0.17543859649122806,0,6,0.058326699776168084,0.0,0.375,0.42857142857142855,0.3684210526315789,1.0,1,1,2,1,2,0.11668632097611857,0.06225785637975332
0.42105263157894735,1,1,0.1096399070057279,0.1111111111111111,0.46875,0.5714285714285714,0.2368421052631579,0.375,1,1,2,0,4,0.10938863338615985,0.11932697377807021
0.543859649122807,0,3,0.08210911356906712,0.3333333333333333,0.484375,0.5357142857142856,0.5394736842105263,0.6875,0,1,0,0,3,0.040642819437865,0.06887422040663317
0.29824561403508765,0,5,0.005504815182083488,0.0,0.4375,0.5714285714285714,0.15789473684210525,0.5,1,0,1,1,7,0.011012737454987282,0.00526177074280574
0.3508771929824561,1,6,0.06584499466253024,0.0,0.4375,0.49999999999999994,0.2631578947368421,1.0,1,0,0,1,2,0.13172715431093412,0.06361432227309331
0.6491228070175438,0,4,0.04140801720951194,0.1111111111111111,0.53125,0.5714285714285714,0.13157894736842105,0.75,0,1,3,0,1,0.041137487477665324,0.03242666818565763
0.33333333333333337,1,7,0.007528568750028401,0.0,0.5625,0.2857142857142857,0.5263157894736843,0.75,1,1,2,2,0,0.01506138686103978,0.006878268029786856
0.8421052631578948,0,1,0.05551166113162261,0.4444444444444445,0.5875,0.6428571428571428,0.4105263157894737,0.7,1,1,2,0,0,0.021759385797394795,0.05754732954595933
0.4035087719298246,0,1,0.09161303018322843,0.6666666666666665,0.4464285714285714,0.5510204081632653,0.3233082706766917,0.8214285714285714,1,1,2,1,0,0.025698740133778045,0.09503509443960469
0.0,1,6,0.11707759157717046,0.3333333333333333,0.53125,0.5178571428571428,0.3289473684210526,0.8125,0,1,0,0,6,0.058131992769111365,0.12730267793576794
0.45614035087719296,1,5,0.005806313565826916,0.1111111111111111,0.5625,0.49999999999999994,0.42105263157894735,0.5,0,1,0,1,4,0.005525736473358776,0.005993351279026968
0.36842105263157887,0,8,0.03993391534771003,0.3333333333333333,0.46875,0.5535714285714286,0.4473684210526316,0.75,1,1,2,0,3,0.019549269075105152,0.04246180704529607
0.5614035087719298,0,7,0.043412408495932045,0.2222222222222222,0.5625,0.6190476190476191,0.4912280701754386,0.5833333333333334,1,1,2,1,0,0.028573485806242034,0.04179694365780339
0.4385964912280701,1,8,0.12001275539689023,0.3333333333333333,0.609375,0.48214285714285715,0.13157894736842105,0.875,0,1,2,0,1,0.05959998885366462,0.10276653196073686
0.26315789473684215,0,5,0.03183455444130236,0.4444444444444445,0.48750000000000004,0.47142857142857136,0.3052631578947368,0.5,0,1,3,1,4,0.012285870300530103,0.03142438673788505
0.03508771929824561,1,7,0.1079488685611276,0.3333333333333333,0.453125,0.5714285714285714,0.381578947368421,0.8125,1,1,2,1,5,0.05356634312649568,0.07505631328003974
0.24561403508771928,1,2,0.054572590477669464,0.3333333333333333,0.5625,0.41071428571428564,0.2763157894736842,0.8125,0,1,2,1,3,0.02687067227224568,0.059427777641324085
0.10526315789473684,1,7,0.03235121123913268,0.3333333333333333,0.359375,0.5714285714285714,0.25,0.5625,1,1,2,1,0,0.01575684704164599,0.025909029861237044
0.17543859649122806,1,3,0.13935705766028167,0.7777777777777777,0.6328125,0.5357142857142856,0.3881578947368421,0.75,1,1,2,1,0,0.03435521908379099,0.1350912518140358
0.42105263157894735,1,6,0.16306775198181844,0.7777777777777777,0.609375,0.42857142857142855,0.40789473684210525,0.59375,1,1,2,1,0,0.04028456554687498,0.14136954454484535
0.6491228070175438,2,2,0.036658726155498485,0.2222222222222222,0.6666666666666667,0.4523809523809524,0.2631578947368421,0.41666666666666663,1,0,2,2,1,0.024069760249045495,0.024964668653548648
0.36842105263157887,1,6,0.04674390636400655,0.1111111111111111,0.53125,0.6785714285714286,0.10526315789473684,0.75,0,1,2,1,5,0.046474882503988665,0.03374907871979024
0.03508771929824561,1,5,0.028043301174164318,0.3333333333333333,0.640625,0.49999999999999994,0.19736842105263158,0.6875,1,1,2,0,0,0.013602284129179703,0.027712788074806125
0.38596491228070173,1,5,0.013960204979386083,0.1111111111111111,0.625,0.6428571428571428,0.2631578947368421,0.875,1,1,2,1,3,0.013681929043298569,0.009970599163544636
0.543859649122807,0,6,0.20122606708398313,0.4444444444444445,0.5125,0.6000000000000001,0.15789473684210525,0.95,0,1,2,0,2,0.08006159733705352,0.1631825682548658
0.15789473684210525,0,1,0.023102758196518074,0.2222222222222222,0.5208333333333334,0.4523809523809524,0.24561403508771928,0.75,0,0,1,1,0,0.015029897804837286,0.022829589247076947
0.26315789473684215,1,7,0.12003211767841503,0.2222222222222222,0.41666666666666663,0.42857142857142855,0.3333333333333333,0.8333333333333333,0,1,0,0,6,0.07966770745243851,0.12466486826498657
0.29824561403508765,1,3,0.1938245386096736,0.3333333333333333,0.53125,0.625,0.4473684210526316,0.75,1,1,0,1,6,0.09651629588302987,0.13803590811010524
0.12280701754385964,1,1,0.006933474954592486,0.1111111111111111,0.625,0.6428571428571428,0.3157894736842105,0.875,1,1,2,0,0,0.00665321596479339,0.006012730607476188
0.42105263157894735,1,3,0.0022268599496541165,0.0,0.4375,0.42857142857142855,0.05263157894736842,0.0,1,1,2,1,7,0.004454976809100626,0.0021298099710956226
0.26315789473684215,1,1,0.06713772331576305,0.5555555555555556,0.7395833333333333,0.49999999999999994,0.21052631578947367,0.9583333333333333,1,1,3,0,1,0.02191519733657921,0.04678566184021226
0.38596491228070173,1,6,0.24833726407405715,0.4444444444444445,0.5375,0.42857142857142855,0.23157894736842105,0.8500000000000001,1,0,2,1,3,0.09891139434133754,0.2216060611919933
0.10526315789473684,1,6,0.03419734551023267,0.1111111111111111,0.40625,0.39285714285714285,0.15789473684210525,0.875,1,0,2,1,5,0.03392478081344137,0.03349688615563421
0.19298245614035092,0,6,0.004021032179519171,0.0,0.6875,0.42857142857142855,0.47368421052631576,1.0,1,0,3,2,0,0.008044333956065653,0.0031225977253807186
0.4385964912280701,1,5,0.07661891888527789,0.3333333333333333,0.484375,0.5178571428571428,0.2631578947368421,0.3125,1,1,2,1,1,0.03789694738633257,0.060607652125986365
0.21052631578947367,0,4,0.20745637510034307,1.0,0.51875,0.5428571428571427,0.2368421052631579,0.675,0,1,2,0,3,0.0409949962045147,0.18790096701542489
0.6491228070175438,0,7,0.21976683466409508,0.3333333333333333,0.65625,0.5714285714285714,0.2368421052631579,0.625,1,0,0,1,5,0.1094911045721912,0.160270356003054
0.21052631578947367,0,7,0.09456004846102462,0.6666666666666665,0.3928571428571429,0.6224489795918366,0.3458646616541353,0.75,1,1,3,1,2,0.026540982983120163,0.07998624024131051
0.33333333333333337,1,6,0.002604424439387859,0.0,0.25,0.42857142857142855,0.15789473684210525,0.5,1,0,3,1,3,0.005210318897840871,0.0017508896635975038
0.49122807017543857,1,3,0.08038251175023763,0.5555555555555556,0.5208333333333334,0.5238095238095237,0.3157894736842105,0.75,1,0,2,0,0,0.02633137277726295,0.07641125495653542
0.0,1,6,0.0618283091176391,0.1111111111111111,0.4375,0.6428571428571428,0.5789473684210527,0.875,1,1,2,2,0,0.0615635423132875,0.05898928222973937
0.0,0,3,0.012769819814212982,0.1111111111111111,0.5625,0.39285714285714285,0.13157894736842105,0.5,1,1,2,1,4,0.012491207932712498,0.01365659098363897
0.0,1,8,0.07552514755342754,0.2222222222222222,0.7083333333333333,0.5952380952380953,0.08771929824561403,0.75,0,1,1,0,1,0.04998802032453885,0.05608861047689174
0.5614035087719298,0,6,0.016753510450791452,0.1111111111111111,0.65625,0.42857142857142855,0.18421052631578946,0.5,1,1,2,1,1,0.016476022829433994,0.013982686290218205
0.17543859649122806,0,0,0.026996354951715807,0.3333333333333333,0.625,0.37499999999999994,0.35526315789473684,0.875,0,0,2,1,0,0.013078663285611603,0.018688074335794204
0.8245614035087719,1,6,0.0053058578607010284,0.0,0.5,0.42857142857142855,0.15789473684210525,0.75,1,1,2,1,6,0.010614710514452784,0.004791963562333414
0.17543859649122806,0,1,0.08944820856417421,0.5555555555555556,0.5,0.5476190476190474,0.25438596491228066,0.8333333333333333,1,1,2,0,7,0.029354124542642867,0.09276488232262078
0.33333333333333337,1,6,0.056387310434866965,0.3333333333333333,0.640625,0.5892857142857142,0.19736842105263158,0.875,1,1,2,1,0,0.027778288322099047,0.049581075532696375
0.6140350877192983,1,1,0.030575018270683516,0.2222222222222222,0.41666666666666663,0.4761904761904761,0.2982456140350877,0.5,1,1,2,0,0,0.020012810380479366,0.020537776799956383
0.719298245614035,1,6,0.016638719781751524,0.1111111111111111,0.4375,0.21428571428571425,0.3684210526315789,1.0,1,0,2,1,0,0.01636119976466212,0.01232385932401767
0.719298245614035,1,1,0.003397092536097319,0.0,0.6875,0.5714285714285714,0.5263157894736843,0.5,0,1,0,0,3,0.006796102498063719,0.003105570045777022
0.543859649122807,0,7,0.4028138927135981,0.1111111111111111,0.625,0.5357142857142856,0.2368421052631579,0.875,1,1,3,1,2,0.40264535740309354,0.4141191341821218
0.5087719298245613,1,1,0.0022292308412693988,0.0,0.5,0.2857142857142857,0.47368421052631576,0.25,1,1,4,0,0,0.004459719930536987,0.0021975287480361554
0.42105263157894735,1,2,0.08015530130377306,0.4444444444444445,0.5125,0.4857142857142857,0.3578947368421052,0.8500000000000001,1,1,2,1,2,0.031619623795370665,0.0549482785320764
0.45614035087719296,0,8,0.009359094651327789,0.0,0.5,0.9285714285714286,0.2631578947368421,1.0,0,0,3,2,3,0.018723471870028985,0.006477224803519739
0.17543859649122806,0,7,0.0726115193325466,0.2222222222222222,0.45833333333333337,0.3809523809523809,0.17543859649122803,0.9166666666666667,0,1,2,1,5,0.0480450533294835,0.0590782964934477
0.12280701754385964,1,6,0.04795938346544139,0.4444444444444445,0.5375,0.4428571428571428,0.28421052631578947,0.8500000000000001,0,1,4,0,3,0.01873762218231412,0.04718069529720748
0.2807017543859649,0,1,0.16951223054075892,0.5555555555555556,0.46875,0.35714285714285715,0.3070175438596491,0.9583333333333333,1,1,2,1,2,0.05604966364351963,0.1860447321933585
0.24561403508771928,0,9,0.24158456960512997,0.4444444444444445,0.5,0.5857142857142856,0.34736842105263155,0.65,1,1,2,0,0,0.09620955426713931,0.25062471116090806
0.19298245614035092,1,3,0.07206739970683924,0.4444444444444445,0.5,0.49999999999999994,0.3052631578947368,0.7,0,1,3,1,3,0.028383550143390484,0.06099036120106894
0.4385964912280701,1,7,0.07913443488909265,0.2222222222222222,0.7083333333333333,0.5476190476190474,0.3859649122807018,0.8333333333333333,0,1,2,0,2,0.052394890946744814,0.07162055431673016
0.49122807017543857,1,6,0.2828795743143135,0.7777777777777777,0.5234375,0.46428571428571425,0.17763157894736842,0.5,0,1,2,0,6,0.0702459743250884,0.27692084855154986
0.3157894736842105,0,7,0.37107298849109943,0.8888888888888888,0.47916666666666663,0.5238095238095237,0.1871345029239766,0.6388888888888888,1,1,3,1,7,0.0819822189600087,0.3641694159183633
0.5964912280701754,0,1,0.01935773731587804,0.1111111111111111,0.625,0.35714285714285715,0.42105263157894735,0.625,1,1,2,1,3,0.01908098464829458,0.0132568542289527
0.05263157894736842,0,8,0.3112016528275748,0.7777777777777777,0.6328125,0.49107142857142855,0.28289473684210525,0.625,0,1,2,1,0,0.0773284921873873,0.2963125884807879
0.24561403508771928,0,9,0.0037246707276088553,0.1111111111111111,0.46875,0.49999999999999994,0.28947368421052627,0.75,1,0,3,1,0,0.0034435061627969715,0.003196544016856619
0.14035087719298245,1,6,0.2316629809180764,0.7777777777777777,0.515625,0.40178571428571425,0.2631578947368421,0.6875,1,1,4,1,2,0.05743821244401386,0.2502740106395562
0.0,1,7,0.012177294484693622,0.1111111111111111,0.34375,0.5714285714285714,0.18421052631578946,0.625,1,1,1,1,0,0.011898515383227413,0.012486515035833031
0.2807017543859649,1,6,0.020248599840320448,0.1111111111111111,0.5625,0.42857142857142855,0.2631578947368421,0.75,1,0,0,1,1,0.019972098588150612,0.015455689448569704
0.26315789473684215,0,7,0.1447429331129985,0.0,0.75,0.2857142857142857,0.05263157894736842,1.0,1,1,2,1,5,0.2895675636897453,0.11431848432573785
0.6140350877192983,0,9,0.09336294576960821,0.4444444444444445,0.48750000000000004,0.5142857142857142,0.2210526315789474,0.8999999999999999,1,1,2,1,0,0.036904172543690564,0.08655056315022001
0.42105263157894735,1,3,0.0977190639640873,0.5555555555555556,0.6041666666666666,0.3452380952380952,0.28947368421052627,0.5416666666666666,1,1,2,0,0,0.03211185439776619,0.09952539371392069
0.07017543859649122,0,1,0.006397851023839909,0.0,0.6875,0.35714285714285715,0.42105263157894735,0.5,0,0,1,0,0,0.012799313196016016,0.0047583001446002745
0.6842105263157895,1,6,0.09870673789615377,0.2222222222222222,0.5208333333333334,0.4761904761904761,0.17543859649122803,0.5833333333333334,0,1,2,1,0,0.06544677535924698,0.10846444646628178
0.543859649122807,1,5,0.013881570407479215,0.2222222222222222,0.47916666666666663,0.5238095238095237,0.22807017543859648,0.5,0,0,2,1,1,0.008880704369343705,0.01183079694940628
0.4035087719298246,1,2,0.13024414058834072,0.2222222222222222,0.5416666666666666,0.5476190476190474,0.2982456140350877,0.75,0,0,4,0,0,0.08647764405469162,0.11935262417010749
0.24561403508771928,1,7,0.09608176572943346,0.8888888888888888,0.5347222222222222,0.5476190476190474,0.34502923976608185,0.5277777777777778,1,1,4,1,1,0.020855812380210108,0.08117351806493094
0.08771929824561403,1,6,0.06475003788487227,0.3333333333333333,0.546875,0.42857142857142855,0.5657894736842104,0.875,1,1,4,1,3,0.03196083209369877,0.067422294989786
0.21052631578947367,1,1,0.002550684229441455,0.0,0.75,0.5714285714285714,0.05263157894736842,1.0,1,1,3,0,3,0.00510280814528339,0.0021801091269582048
0.5263157894736842,1,8,0.014514203320157104,0.0,0.375,0.35714285714285715,0.6842105263157894,0.5,0,1,2,1,3,0.029036598913153244,0.010208507638416747
0.6842105263157895,1,3,0.3482948448715738,0.4444444444444445,0.4625,0.4142857142857142,0.3578947368421052,0.8,0,1,2,1,2,0.13890571050081632,0.34047986352772064
0.6140350877192983,0,7,0.02011879352438373,0.0,0.5,0.5714285714285714,0.15789473684210525,0.5,1,1,2,1,7,0.04024894272858732,0.0206991260401909
0.19298245614035092,1,3,0.027227121735603304,0.2222222222222222,0.47916666666666663,0.42857142857142855,0.42105263157894735,0.9166666666666667,1,0,0,1,3,0.01778024947105961,0.02750231550313179
0.05263157894736842,0,0,0.0017032880512792244,0.0,0.375,0.6428571428571428,0.15789473684210525,1.0,1,1,2,1,1,0.003407537491904578,0.0016128391665547455
0.3157894736842105,1,1,0.00997967553162799,0.2222222222222222,0.6875,0.5476190476190474,0.24561403508771928,0.5,0,1,4,1,0,0.00627870700138084,0.009468522135025408
0.0,1,6,0.01473588168618602,0.1111111111111111,0.5,0.5357142857142856,0.13157894736842105,0.625,0,0,2,1,1,0.01445782465826304,0.010190086389126813
0.3508771929824561,1,3,0.051367145013807486,0.2222222222222222,0.6458333333333333,0.4761904761904761,0.3684210526315789,0.8333333333333333,0,0,3,0,3,0.03387814011931717,0.0557771041029653
0.26315789473684215,1,2,0.013705531705044488,0.0,0.8125,0.35714285714285715,0.6842105263157894,0.75,1,0,1,2,6,0.027418799243234974,0.014209315560442342
0.19298245614035092,0,0,0.06627175515328111,0.2222222222222222,0.41666666666666663,0.5714285714285714,0.24561403508771928,0.5,0,1,4,1,5,0.04381735108920843,0.04642028528810224
0.0,1,9,0.10679701038470284,0.1111111111111111,0.6875,0.6071428571428572,0.21052631578947367,0.25,0,1,2,0,0,0.10654493445500249,0.10873157635551216
0.4035087719298246,0,1,0.24439565676365,0.5555555555555556,0.6979166666666667,0.4880952380952381,0.3070175438596491,0.6666666666666666,1,1,3,0,0,0.08101785014463556,0.20831663227162486
0.17543859649122806,0,6,0.1069280021464472,0.8888888888888888,0.5625,0.5238095238095237,0.2631578947368421,0.75,1,1,3,1,3,0.023266767356986264,0.09636368893921998
0.03508771929824561,0,8,0.0028585049908256372,0.1111111111111111,0.65625,0.46428571428571425,0.2631578947368421,0.5,1,0,2,1,0,0.0025770959804219755,0.001957791212950861
0.0,0,7,0.1682566458561655,0.0,0.875,0.7142857142857142,0.47368421052631576,1.0,0,0,4,2,2,0.3366082610550796,0.14817748085452997
0.2807017543859649,0,2,0.04534567303389368,0.0,0.625,0.49999999999999994,0.3684210526315789,1.0,1,0,2,1,2,0.09071694059181112,0.03511434152177462
0.6666666666666666,1,2,0.04882456133071825,0.2222222222222222,0.39583333333333337,0.5238095238095237,0.14035087719298245,0.6666666666666666,1,1,3,1,3,0.03218260595919189,0.03469313508410977
0.631578947368421,0,3,0.08395109877984039,0.2222222222222222,0.5833333333333334,0.5952380952380953,0.4035087719298245,0.8333333333333333,1,1,2,0,6,0.055606906432772794,0.056186116805875576
0.19298245614035092,1,6,0.020459016471176775,0.1111111111111111,0.75,0.5357142857142856,0.3684210526315789,1.0,1,1,2,1,3,0.020182574601889065,0.015222789114757504
0.15789473684210525,1,0,0.01886162824538017,0.1111111111111111,0.5625,0.46428571428571425,0.2631578947368421,0.5,1,1,2,1,3,0.01858473556801547,0.014672372637746962
0.38596491228070173,1,5,0.012571652790035618,0.2222222222222222,0.5208333333333334,0.49999999999999994,0.1929824561403509,1.0,1,0,2,1,0,0.00800717950481417,0.00891483947906275
0.08771929824561403,0,3,0.06183226060366457,0.3333333333333333,0.46875,0.44642857142857145,0.34210526315789475,0.9375,0,0,3,0,7,0.03050153173177885,0.06434577216215646
0.3508771929824561,0,7,0.10427932106357408,0.7777777777777777,0.6953125,0.49999999999999994,0.2368421052631579,0.59375,0,1,2,1,5,0.025583310062393786,0.11025723031857178
0.45614035087719296,1,6,0.2634420169807209,0.4444444444444445,0.48750000000000004,0.45714285714285713,0.15789473684210525,0.65,1,1,3,0,1,0.10495500062352282,0.21991348370995425
0.543859649122807,0,6,0.06638852156533377,0.1111111111111111,0.625,0.5714285714285714,0.3157894736842105,1.0,0,0,0,1,4,0.06612504172464638,0.06888815610349554
0.26315789473684215,1,1,0.0623242206138357,0.1111111111111111,0.625,0.46428571428571425,0.15789473684210525,0.5,1,0,0,1,1,0.062059593763506775,0.049285508112056245
0.24561403508771928,1,1,0.0184603548394936,0.2222222222222222,0.5833333333333334,0.5714285714285714,0.21052631578947367,0.9166666666666667,0,1,4,1,1,0.011934088794000108,0.0173766381629407
0.10526315789473684,1,8,0.06254293536534551,0.0,0.6875,0.5714285714285714,0.15789473684210525,0.25,1,0,2,2,2,0.1251211719304445,0.06847740143847747
0.12280701754385964,1,5,0.07010904323261588,0.5555555555555556,0.5520833333333334,0.46428571428571425,0.2368421052631579,0.8333333333333333,1,1,2,0,4,0.022905916826598788,0.05618872974903726
0.24561403508771928,1,2,0.032577828962693435,0.0,0.375,0.7142857142857142,0.15789473684210525,1.0,0,0,0,0,3,0.06517404587665632,0.02530805293404775
0.36842105263157887,0,7,0.0894027664748813,0.1111111111111111,0.5625,0.42857142857142855,0.5263157894736843,0.875,1,1,3,1,3,0.08914578161601705,0.0977507262675518
0.4736842105263158,0,6,0.11841892350851654,0.3333333333333333,0.421875,0.5892857142857142,0.35526315789473684,0.875,1,1,1,1,1,0.058802848007266456,0.10107155928079958
0.12280701754385964,1,4,0.25169227328398325,0.4444444444444445,0.55,0.4857142857142857,0.34736842105263155,0.75,1,1,2,0,0,0.1002537767598512,0.19200063128706787
0.5964912280701754,0,1,0.0407967223213716,0.3333333333333333,0.515625,0.625,0.2763157894736842,0.625,0,1,2,0,0,0.019980794310783936,0.04291297523121499
0.22807017543859642,0,6,0.05346004958719814,0.7777777777777777,0.59375,0.5267857142857142,0.2368421052631579,0.84375,0,1,2,1,0,0.012874906693907992,0.041262030643552224
0.2807017543859649,0,7,0.30443749904917367,0.2222222222222222,0.5416666666666666,0.7142857142857142,0.3859649122807018,0.25,0,0,2,0,1,0.20263932309859953,0.25314315287825273
0.14035087719298245,0,9,0.3955765484836469,0.5555555555555556,0.53125,0.5833333333333333,0.4035087719298245,0.75,0,1,1,1,2,0.13142570259297884,0.3089500009842086
0.0,1,9,0.00819182567940369,0.1111111111111111,0.8125,0.5357142857142856,0.2368421052631579,1.0,0,0,3,1,1,0.007911921815967282,0.0065462936010938135
0.4736842105263158,0,6,0.07798060096965516,0.2222222222222222,0.5833333333333334,0.6904761904761905,0.1929824561403509,0.75,1,1,2,0,3,0.05162545124706873,0.05710953091921773
0.4385964912280701,0,9,0.016503776533981693,0.2222222222222222,0.6666666666666667,0.3333333333333333,0.1929824561403509,0.6666666666666666,1,0,2,1,1,0.01062933513888156,0.016528084871181032
0.22807017543859642,1,1,0.052508926900867295,0.0,0.8125,0.6428571428571428,0.894736842105263,0.0,1,0,2,0,5,0.10504749149153184,0.056567693605588075
0.29824561403508765,1,6,0.01027346851762175,0.2222222222222222,0.4375,0.49999999999999994,0.2982456140350877,1.0,0,1,2,2,1,0.006474624267377133,0.010985771130914899
0.4035087719298246,0,5,0.034852897041858295,0.0,0.6875,0.7142857142857142,0.2631578947368421,1.0,1,0,4,1,5,0.0697254661549629,0.0338217185396853
0.0,1,9,0.021904272484992753,0.2222222222222222,0.41666666666666663,0.3333333333333333,0.15789473684210525,0.6666666666666666,1,1,2,0,7,0.014230681842810716,0.023835354619065115
0.17543859649122806,2,3,0.22538130358338537,0.1111111111111111,0.71875,0.49999999999999994,0.13157894736842105,0.875,1,0,4,1,1,0.22516269400601863,0.21641074630359997
0.45614035087719296,1,3,0.023080827449076705,0.3333333333333333,0.578125,0.33928571428571425,0.2631578947368421,0.6875,0,1,2,0,6,0.011120347022574688,0.01542942936979469
0.017543859649122806,0,5,0.16041966362184912,0.8888888888888888,0.5277777777777778,0.49999999999999994,0.24561403508771928,0.6388888888888888,0,1,4,0,4,0.035157157948864357,0.17450170738415996
0.3508771929824561,1,5,1.0,0.1111111111111111,0.5625,0.6428571428571428,0.5526315789473684,1.0,1,0,2,1,2,1.0,0.9999999999999999
0.0,0,9,0.023227822729224225,0.2222222222222222,0.6666666666666667,0.4047619047619047,0.21052631578947367,0.8333333333333333,0,0,2,1,1,0.015113297690093272,0.020555762558719368
0.38596491228070173,0,3,0.007806950940522826,0.2222222222222222,0.47916666666666663,0.49999999999999994,0.3157894736842105,0.9166666666666667,0,0,2,1,0,0.004829815155946257,0.007305832629145151
0.2807017543859649,1,4,0.20653469098490196,0.2222222222222222,0.35416666666666663,0.4523809523809524,0.17543859649122803,0.9166666666666667,0,0,0,0,0,0.13735236458108321,0.17919520653835025
0.0,0,4,0.015471450809827425,0.6666666666666665,0.5178571428571429,0.45918367346938777,0.21804511278195488,0.5714285714285714,1,1,2,1,1,0.003937863641074674,0.011007240813893473
0.5263157894736842,1,6,0.33558429734774287,0.0,0.5625,0.49999999999999994,0.15789473684210525,0.5,1,0,3,1,2,0.6713580090273458,0.2907497195876497
0.14035087719298245,1,5,0.23383689095498925,1.0,0.55,0.5642857142857143,0.2526315789473684,0.8,1,1,2,1,0,0.04627258837472793,0.2080195406341404
0.12280701754385964,1,7,0.0006369795473059065,0.0,0.75,0.35714285714285715,0.10526315789473684,0.5,1,0,0,0,1,0.0012743186259019095,0.0007004429635443913
0.33333333333333337,0,1,0.009581760888863073,0.1111111111111111,0.6875,0.6785714285714286,0.21052631578947367,1.0,0,1,2,0,0,0.009302249287000151,0.010327701395642623
0.5263157894736842,1,3,0.17195049499277573,0.5555555555555556,0.53125,0.5476190476190474,0.12280701754385964,0.7916666666666667,1,1,3,1,2,0.05686264783304897,0.14062389766460365
0.07017543859649122,1,6,0.0020674174885263663,0.0,0.6875,0.35714285714285715,0.47368421052631576,1.0,0,0,0,1,1,0.0041360018925054535,0.002337756697713657
0.29824561403508765,1,7,0.02206608583773578,0.2222222222222222,0.6875,0.6428571428571428,0.12280701754385964,0.6666666666666666,0,1,2,1,3,0.01433858785548789,0.01699532265754436
0.38596491228070173,0,9,0.15342632365397077,0.5555555555555556,0.5520833333333334,0.5595238095238095,0.5175438596491229,0.5416666666666666,1,1,3,0,4,0.050686181449296326,0.10246151439566197
0.4385964912280701,0,6,0.2478338447544122,0.5555555555555556,0.6041666666666666,0.49999999999999994,0.34210526315789475,0.7916666666666667,1,1,0,0,6,0.08216423624512899,0.1838107964372694
0.33333333333333337,1,7,0.01755269849944294,0.1111111111111111,0.5625,0.35714285714285715,0.3157894736842105,0.5,1,1,0,1,4,0.01727543642152041,0.013772344365701952
0.21052631578947367,1,8,0.030545974848396305,0.2222222222222222,0.6875,0.4523809523809524,0.2982456140350877,0.5833333333333334,1,0,1,1,5,0.019993442634614233,0.03343826913070691
0.12280701754385964,0,7,0.20763221622847652,0.3333333333333333,0.515625,0.39285714285714285,0.3289473684210526,0.9375,0,1,1,1,0,0.10342208306430942,0.18790980747312194
0.3157894736842105,1,1,0.3777634470551255,0.1111111111111111,0.53125,0.46428571428571425,0.2368421052631579,0.875,0,1,0,0,2,0.37758784211492624,0.2964126642038807
0.07017543859649122,0,7,0.14749652614984787,0.4444444444444445,0.6125,0.6714285714285715,0.2210526315789474,0.4,0,1,2,1,2,0.05856371563485,0.1311812872159317
0.0,0,7,0.11559894550643925,0.5555555555555556,0.5104166666666666,0.5119047619047619,0.2982456140350877,0.7916666666666667,0,0,3,1,6,0.03807349690646373,0.09724155074344329
0.38596491228070173,0,2,0.10510063743396819,0.3333333333333333,0.390625,0.5357142857142856,0.21052631578947367,0.75,0,1,0,1,2,0.05214182565510905,0.10306305746053628
0.4736842105263158,1,5,0.090298173208253,1.0,0.51875,0.5571428571428572,0.17894736842105263,0.8,1,1,2,1,0,0.017556743048708495,0.07074700386872364
0.0,0,7,0.11854438318982524,0.2222222222222222,0.5416666666666666,0.42857142857142855,0.2807017543859649,0.6666666666666666,1,1,2,1,2,0.078675604552,0.08375584624257902
0.07017543859649122,0,5,0.005993614003434236,0.1111111111111111,0.53125,0.7142857142857142,0.21052631578947367,0.625,1,1,2,1,0,0.005713089770094975,0.004988935927672339
0.42105263157894735,0,3,0.35775608543666,0.1111111111111111,0.40625,0.39285714285714285,0.21052631578947367,0.75,0,1,0,1,2,0.357574834104387,0.3931116808488512
0.719298245614035,1,1,0.003318853112792995,0.0,0.375,0.35714285714285715,0.21052631578947367,1.0,0,0,4,1,7,0.006639579490663856,0.002538082340110088
0.29824561403508765,1,2,0.01733833038256114,0.1111111111111111,0.6875,0.42857142857142855,0.13157894736842105,0.125,0,1,1,1,1,0.017061007806584993,0.01628586504009213
0.14035087719298245,1,0,0.3215235270490085,0.3333333333333333,0.421875,0.5714285714285714,0.2368421052631579,0.6875,0,1,4,1,2,0.160383809434029,0.2982665909261542
0.24561403508771928,0,3,0.003047583597144419,0.0,0.5625,0.49999999999999994,0.2631578947368421,1.0,0,1,2,1,6,0.006096887346320395,0.0025180062268177505
0.5789473684210525,0,6,0.03467725348802611,0.6666666666666665,0.6964285714285714,0.5510204081632653,0.2631578947368421,0.8214285714285714,0,1,1,0,0,0.009426784457570279,0.026741295807288824
0.15789473684210525,1,6,0.0378676833049913,0.1111111111111111,0.4375,0.49999999999999994,0.3947368421052631,0.5,0,0,0,0,3,0.03759615443524344,0.036939395222111496
0.12280701754385964,1,1,0.11589135547232408,0.0,0.375,0.42857142857142855,0.42105263157894735,1.0,1,1,3,1,2,0.23184812367056726,0.07966968217727147
0.19298245614035092,1,1,0.0012856159783869521,0.0,0.875,0.7142857142857142,0.15789473684210525,1.0,1,1,4,0,1,0.0025719575988659192,0.0008441112883847883
0.08771929824561403,0,2,0.007450131752422804,0.0,0.8125,0.35714285714285715,0.2631578947368421,0.75,0,0,2,1,0,0.014904468593520223,0.0057307504912768635
0.3157894736842105,0,6,0.042183298767709335,0.2222222222222222,0.5416666666666666,0.2857142857142857,0.2982456140350877,0.9166666666666667,0,1,2,2,0,0.027753848071364478,0.034962573073132976
0.631578947368421,1,0,0.0028699643002995027,0.1111111111111111,0.46875,0.6785714285714286,0.21052631578947367,0.875,0,0,2,0,1,0.0025885585238931775,0.0025545003329760572
0.3508771929824561,1,1,0.041623373197900104,0.2222222222222222,0.45833333333333337,0.4047619047619047,0.3684210526315789,0.5,1,1,3,1,4,0.0273804590116244,0.028354439817212432
0.22807017543859642,1,1,0.008303850308225788,0.0,0.375,0.7857142857142856,0.2631578947368421,1.0,0,1,2,0,7,0.016612387570729328,0.009059378784957044
0.22807017543859642,0,3,0.037562035860921134,0.1111111111111111,0.4375,0.5714285714285714,0.3157894736842105,0.875,1,1,0,0,6,0.037290420732658106,0.030792489983282392
0.0,0,6,0.04394052460323623,0.1111111111111111,0.625,0.6071428571428572,0.34210526315789475,0.875,1,1,2,1,5,0.04367070958480098,0.03405466242255019
0.4736842105263158,0,9,0.018514687772343826,0.4444444444444445,0.55,0.4857142857142857,0.3263157894736842,0.75,1,1,4,0,1,0.006956420002612668,0.015848763198193658
0.2807017543859649,1,6,0.12570941522551032,0.4444444444444445,0.6375,0.49999999999999994,0.2736842105263158,0.65,1,1,3,1,7,0.049846411798988875,0.09112382336991977
0.24561403508771928,0,7,0.022656635424242406,0.2222222222222222,0.3125,0.4523809523809524,0.22807017543859648,0.5833333333333334,0,1,2,1,0,0.01473239868807896,0.015401078936490328
0.9649122807017544,1,5,0.022314831883039177,0.0,0.3125,0.35714285714285715,0.3157894736842105,0.75,1,0,2,1,6,0.044642258959015274,0.01871198276572369
0.3508771929824561,0,3,0.00686570696925566,0.0,0.5,0.5714285714285714,0.2631578947368421,0.75,0,1,4,1,4,0.013735289159457613,0.006773358361844898
0.12280701754385964,1,1,0.14028051994443422,0.2222222222222222,0.7083333333333333,0.6428571428571428,0.1929824561403509,0.6666666666666666,1,1,4,1,2,0.09317045190814129,0.1525034260039755
0.19298245614035092,0,7,0.0022025583105974708,0.0,0.5,0.6428571428571428,0.10526315789473684,1.0,1,0,3,1,4,0.004406359814377942,0.0021020692245289864
0.5263157894736842,0,0,0.0009023218339162765,0.0,0.625,0.35714285714285715,0.15789473684210525,0.75,0,1,2,0,7,0.001805152966654473,0.0006781458485646146
0.3157894736842105,0,4,0.01630462163829796,0.0,0.3125,0.2857142857142857,0.3157894736842105,1.0,0,0,4,2,3,0.03261844611784403,0.010958378776769822
0.0,0,9,0.05664613276953531,0.2222222222222222,0.45833333333333337,0.4047619047619047,0.3333333333333333,0.75,0,1,2,1,3,0.037398458498708514,0.0604186927863433
0.49122807017543857,1,1,0.0049936904646888285,0.1111111111111111,0.53125,0.39285714285714285,0.2631578947368421,0.625,1,1,2,0,1,0.004712884037202672,0.005339897743340348
0.14035087719298245,1,4,0.33627798071951426,0.5555555555555556,0.44791666666666663,0.5476190476190474,0.3157894736842105,0.5416666666666666,1,0,2,0,7,0.11165393500882781,0.23801987334890298
0.6842105263157895,0,6,0.08261114986860321,0.2222222222222222,0.47916666666666663,0.7380952380952381,0.3859649122807018,0.5833333333333334,1,1,3,1,1,0.05471335505551197,0.07394629147590004
0.5087719298245613,1,6,0.06667816549100078,0.2222222222222222,0.5416666666666666,0.5238095238095237,0.47368421052631576,0.9166666666666667,0,0,4,0,1,0.04408836777794708,0.06450363747817539
0.19298245614035092,1,5,0.012732083122669735,0.1111111111111111,0.6875,0.5357142857142856,0.3684210526315789,1.0,1,0,1,0,1,0.012453460591281471,0.008768732407271438
0.5614035087719298,1,6,0.012501909061686054,0.1111111111111111,0.5,0.75,0.28947368421052627,0.75,0,1,2,1,0,0.012223221571558187,0.009806506332990343
0.29824561403508765,0,6,0.004064696100100624,0.0,0.5,0.7142857142857142,0.47368421052631576,1.0,1,1,3,0,1,0.008131686442518604,0.0036465363783527763
0.4736842105263158,1,6,0.06699487709594228,0.2222222222222222,0.7708333333333333,0.42857142857142855,0.22807017543859648,0.6666666666666666,0,1,4,0,1,0.0442995684352383,0.06989213596432321
0.38596491228070173,1,7,0.06022538881140685,0.2222222222222222,0.6041666666666666,0.6190476190476191,0.22807017543859648,1.0,1,0,0,0,3,0.039785302608183186,0.06027489381434482
0.10526315789473684,1,0,0.02325330981408851,0.3333333333333333,0.484375,0.49999999999999994,0.2631578947368421,0.75,0,1,3,0,1,0.011206612543698476,0.023465666710738308
0.15789473684210525,1,2,0.27357461502153463,0.4444444444444445,0.7124999999999999,0.4142857142857142,0.17894736842105263,0.7,1,1,2,0,0,0.10900918367125109,0.24821191944540108
0.5087719298245613,0,6,0.012844502900094383,0.1111111111111111,0.4375,0.46428571428571425,0.10526315789473684,0.375,1,0,2,1,0,0.01256591209533516,0.013166838337032392
0.21052631578947367,2,7,0.14547968768244754,0.2222222222222222,0.5625,0.4761904761904761,0.1929824561403509,0.6666666666666666,0,1,2,1,1,0.09663754192474681,0.15716561338927817
0.21052631578947367,0,8,0.04924282612651434,0.5555555555555556,0.5,0.5238095238095237,0.3947368421052631,0.7916666666666667,1,1,2,0,1,0.01594854819969885,0.04476019539937356
0.08771929824561403,1,5,0.01494491529693343,0.2222222222222222,0.7291666666666667,0.6190476190476191,0.14035087719298245,0.5,1,1,2,0,5,0.009589801024079445,0.013059707667402996
0.38596491228070173,0,1,0.09546355574074852,0.1111111111111111,0.65625,0.5714285714285714,0.28947368421052627,0.5,0,1,2,1,2,0.09520828133192381,0.10491515512259668
0.719298245614035,0,4,0.03560743329842196,0.3333333333333333,0.46875,0.41071428571428564,0.381578947368421,0.75,0,1,3,1,0,0.017385417549825994,0.02715174562893803
0.07017543859649122,1,0,0.09344849544205965,0.4444444444444445,0.5125,0.45714285714285713,0.2210526315789474,0.8999999999999999,1,1,4,1,0,0.03693840207005629,0.09109947944946332
0.29824561403508765,0,6,0.005604787778527901,0.0,0.4375,0.42857142857142855,0.5789473684210527,0.75,0,0,2,1,0,0.011212739075553773,0.006170334629178945
0.5789473684210525,0,6,0.05800327064498329,0.4444444444444445,0.48750000000000004,0.49999999999999994,0.19999999999999996,0.44999999999999996,1,1,0,1,7,0.02275631087129362,0.053228787735471905
0.2807017543859649,0,6,0.0103888519095655,0.2222222222222222,0.6666666666666667,0.5476190476190474,0.3157894736842105,0.75,0,0,2,0,0,0.006551568237344742,0.006845519142160309
0.38596491228070173,0,0,0.20738544592618588,0.6666666666666665,0.5625,0.42857142857142855,0.41353383458646614,0.5714285714285714,1,0,2,1,5,0.05878590828785089,0.1939814599488943
0.07017543859649122,1,6,0.02236422545835756,0.3333333333333333,0.484375,0.42857142857142855,0.22368421052631576,0.5625,1,1,0,1,4,0.010761944909039776,0.02004192728597252
0.38596491228070173,1,7,0.006167676962856228,0.0,0.5625,0.35714285714285715,0.5789473684210527,1.0,1,1,2,1,4,0.01233883515656945,0.0064285805116595625
0.24561403508771928,0,6,0.10193312623595074,0.3333333333333333,0.59375,0.41071428571428564,0.3684210526315789,0.9375,1,1,4,1,5,0.050557623095365,0.09469863445848407
0.49122807017543857,1,8,0.044983124191056725,0.5555555555555556,0.5416666666666666,0.4404761904761904,0.32456140350877194,0.45833333333333337,1,1,2,1,4,0.014528246836255657,0.047325321701207165
0.543859649122807,1,1,0.03321599395580698,0.4444444444444445,0.525,0.5285714285714285,0.28421052631578947,0.75,1,1,2,1,1,0.012838602051913858,0.036482522110289545
0.8421052631578948,0,9,0.01221443845333305,0.2222222222222222,0.5208333333333334,0.6666666666666667,0.24561403508771928,0.5833333333333334,1,1,3,1,0,0.007768969406010339,0.013343778138131675
0.4035087719298246,0,8,0.19582853474749118,0.6666666666666665,0.3839285714285714,0.5408163265306123,0.3233082706766917,0.6785714285714286,0,1,3,1,1,0.05548300179620314,0.2067439453316548
0.3508771929824561,1,6,0.11342997482705827,0.1111111111111111,0.34375,0.49999999999999994,0.34210526315789475,0.875,0,1,3,0,0,0.11317977082422999,0.11250048557193755
0.33333333333333337,0,7,0.07659916145515053,0.1111111111111111,0.34375,0.5714285714285714,0.49999999999999994,0.75,1,1,2,1,2,0.0763385632176071,0.061092265984374956
0.21052631578947367,0,6,0.051192884480084216,0.0,0.3125,0.42857142857142855,0.10526315789473684,0.75,0,0,0,0,6,0.10241466383423264,0.045274901653174306
0.36842105263157887,0,9,0.008115166850509553,0.0,0.375,0.7142857142857142,0.10526315789473684,1.0,0,0,3,1,4,0.01623491415641905,0.006704725054797773
0.22807017543859642,1,7,0.0533879349672333,0.4444444444444445,0.4125,0.38571428571428573,0.2421052631578947,0.7,0,1,3,1,0,0.020909655592071003,0.04360701648401323
0.33333333333333337,1,6,0.004383185873753578,0.1111111111111111,0.4375,0.39285714285714285,0.3157894736842105,0.5,1,1,0,1,0,0.004102207152271392,0.0038247391019802105
0.5614035087719298,1,6,0.0033405862859330854,0.0,0.75,0.6428571428571428,0.42105263157894735,0.5,0,0,2,1,4,0.006683058103830486,0.0025038092356392204
0.07017543859649122,1,1,0.012711337821036011,0.1111111111111111,0.40625,0.42857142857142855,0.28947368421052627,0.5,0,1,2,0,0,0.012432709434997398,0.010005917445280182
0.5263157894736842,1,8,0.07767119961386078,0.1111111111111111,0.59375,0.5714285714285714,0.28947368421052627,0.75,1,1,1,1,2,0.07741090392234402,0.08400468552967755
0.5614035087719298,1,2,0.012267190791773087,0.1111111111111111,0.84375,0.46428571428571425,0.13157894736842105,1.0,0,0,2,0,1,0.011988437060458396,0.011617798532675638
0.26315789473684215,1,9,0.2554147706942781,0.7777777777777777,0.65625,0.44642857142857145,0.2368421052631579,0.84375,0,1,2,1,2,0.06337783567020996,0.18646937900618624
0.0,0,1,0.02480960258522022,0.3333333333333333,0.46875,0.39285714285714285,0.3157894736842105,0.8125,0,1,3,1,0,0.011984978534411049,0.02488305772879845
0.15789473684210525,1,6,0.01263606201225079,0.1111111111111111,0.8125,0.5714285714285714,0.13157894736842105,0.5,0,1,0,1,7,0.012357412382195189,0.009093259947953658
0.5614035087719298,0,4,0.015236534965613181,0.1111111111111111,0.65625,0.5714285714285714,0.21052631578947367,0.75,0,1,4,0,1,0.014958619229918662,0.014763433706931948
0.2807017543859649,0,6,0.009230078632596166,0.1111111111111111,0.71875,0.35714285714285715,0.28947368421052627,0.75,1,1,0,0,0,0.008950467780470159,0.008876124371217002
0.08771929824561403,1,8,0.15805944101883537,0.3333333333333333,0.578125,0.48214285714285715,0.2368421052631579,0.625,0,1,2,1,0,0.07862870035112933,0.1132343306588989
0.17543859649122806,0,1,0.06024297292422018,0.2222222222222222,0.6458333333333333,0.4523809523809524,0.24561403508771928,0.5833333333333334,1,1,1,1,5,0.039797028658400846,0.04961025339800194
0.4736842105263158,0,6,0.23436836582541506,0.2222222222222222,0.4375,0.3809523809523809,0.3684210526315789,0.8333333333333333,1,0,2,0,2,0.1559133845419169,0.2099005113181375
0.4035087719298246,1,2,0.017934609623804703,0.1111111111111111,0.6875,0.46428571428571425,0.3157894736842105,0.625,1,0,0,0,0,0.017657455327207198,0.01527678994009915
0.24561403508771928,0,4,0.08589957653900007,0.3333333333333333,0.5,0.5892857142857142,0.3289473684210526,0.75,1,1,3,0,5,0.042538585786959925,0.08287489245561437
0.21052631578947367,1,4,0.2724780776494664,0.4444444444444445,0.48750000000000004,0.5714285714285714,0.3157894736842105,0.7,1,0,2,0,0,0.10857044493838783,0.23101522596819563
0.21052631578947367,0,6,0.3063709611614366,0.7777777777777777,0.4453125,0.49107142857142855,0.19736842105263158,0.5625,1,0,2,1,2,0.07612047844656449,0.20750644569528937
0.08771929824561403,1,6,0.05675993556706887,0.0,0.5625,0.2857142857142857,0.2631578947368421,0.75,1,1,3,2,5,0.11355190822692436,0.041093626456781135
0.631578947368421,0,3,0.05776993539517924,0.1111111111111111,0.46875,0.42857142857142855,0.15789473684210525,0.875,1,1,1,0,0,0.05750402325394336,0.04903945596433019
0.22807017543859642,1,2,0.3152608168472397,0.2222222222222222,0.5625,0.5476190476190474,0.22807017543859648,0.6666666666666666,1,1,2,1,0,0.2098569046376331,0.32181007979405835
0.543859649122807,0,0,0.028868371456282637,0.1111111111111111,0.59375,0.39285714285714285,0.5526315789473684,0.625,1,1,3,0,3,0.02859430283921273,0.030242465447746104
0.6140350877192983,1,6,0.06134405450521764,0.0,0.5,0.42857142857142855,0.3684210526315789,0.5,1,1,2,0,6,0.12272273352412538,0.06428480348838363
0.49122807017543857,0,8,0.18028734020931417,0.1111111111111111,0.40625,0.3214285714285714,0.2368421052631579,0.625,0,0,2,0,3,0.1800560044063598,0.1842392755667343
0.19298245614035092,0,2,0.056454090548697426,0.1111111111111111,0.53125,0.49999999999999994,0.42105263157894735,0.625,0,1,2,0,1,0.056187807055353596,0.06092795540855718
0.36842105263157887,1,5,0.008024480246224997,0.0,0.75,0.35714285714285715,0.3684210526315789,1.0,1,0,2,0,6,0.016053489761478305,0.008661035599957009
0.2807017543859649,0,3,0.13077324456715128,1.0,0.45625000000000004,0.4857142857142857,0.28421052631578947,0.75,1,1,2,0,1,0.025654041860813496,0.09760570792207786
0.10526315789473684,1,7,0.05598406128596766,0.0,1.0,0.14285714285714285,0.10526315789473684,0.0,1,0,2,1,6,0.11199972173687572,0.06040610711011448
0.3508771929824561,0,4,0.014999643378386203,0.2222222222222222,0.7708333333333333,0.42857142857142855,0.1929824561403509,0.8333333333333333,0,1,3,0,0,0.009626296708464765,0.01355459910222757
0.03508771929824561,0,3,0.07530287646449481,0.2222222222222222,0.5833333333333334,0.4523809523809524,0.4035087719298245,0.9166666666666667,0,0,2,1,2,0.04983979777965261,0.0609380152397297
0.543859649122807,0,9,0.01206744317318553,0.2222222222222222,0.5416666666666666,0.49999999999999994,0.2631578947368421,0.75,1,1,2,0,1,0.007670944896325575,0.012242727438847113
0.19298245614035092,0,8,0.12554878731857494,0.3333333333333333,0.65625,0.5357142857142856,0.25,0.6875,0,0,4,0,1,0.06236878599213946,0.12814552630162457
0.33333333333333337,1,2,0.010401101516244462,0.2222222222222222,0.39583333333333337,0.35714285714285715,0.21052631578947367,0.5833333333333334,1,1,0,1,7,0.006559736946485139,0.010579066527797448
0.3508771929824561,1,3,0.11244941356983769,0.1111111111111111,0.5625,0.46428571428571425,0.42105263157894735,0.875,1,0,0,0,1,0.11219893283720284,0.11071667282450272
0.22807017543859642,1,6,0.02224192696586924,0.1111111111111111,0.71875,0.5714285714285714,0.2368421052631579,0.875,0,0,2,0,3,0.021965988261960227,0.0228818045612581
0.42105263157894735,0,6,0.06512108242266398,0.3333333333333333,0.421875,0.48214285714285715,0.17105263157894735,0.875,1,1,0,0,2,0.03214640671989634,0.0708153323324019
0.19298245614035092,1,6,0.17237488459191128,1.0,0.44375,0.5571428571428572,0.29473684210526313,0.575,0,1,2,0,5,0.0339767179931695,0.14860508900294095
0.4736842105263158,0,6,0.10387982582639894,0.4444444444444445,0.4625,0.5571428571428572,0.6210526315789473,0.75,1,1,0,1,4,0.0411121117779808,0.09200804333583652
0.0,0,1,0.00701902462704393,0.1111111111111111,0.59375,0.42857142857142855,0.15789473684210525,0.625,0,1,2,1,0,0.006738789780707707,0.00721651352206796
0.3157894736842105,1,1,0.0885302783604573,0.7777777777777777,0.6171875,0.49999999999999994,0.29605263157894735,0.78125,0,1,2,0,0,0.02164493822973664,0.06250970055148779
0.7017543859649124,0,1,0.03734885318984698,0.0,0.8125,0.49999999999999994,0.5789473684210527,0.75,1,0,3,0,5,0.07471878724709034,0.03118660891017102
0.07017543859649122,1,7,0.022175937149243874,0.1111111111111111,0.34375,0.5714285714285714,0.21052631578947367,0.25,0,1,2,0,0,0.021899979821970887,0.016237307846337343
0.14035087719298245,1,6,0.02958359042689287,0.3333333333333333,0.671875,0.5535714285714286,0.28947368421052627,0.875,1,1,0,1,3,0.014372646102468422,0.02239157287507188
0.4035087719298246,0,6,0.21821963031082195,0.2222222222222222,0.7291666666666667,0.42857142857142855,0.2982456140350877,0.5833333333333334,1,1,2,1,2,0.14514452258078245,0.16111847380428673
0.33333333333333337,1,2,0.24740155218322568,0.1111111111111111,0.34375,0.6071428571428572,0.18421052631578946,0.625,1,0,0,0,2,0.2471891570662924,0.23321802415160786
0.36842105263157887,1,3,0.07470817781766145,0.4444444444444445,0.55,0.3428571428571428,0.3157894736842105,0.8500000000000001,0,1,0,1,1,0.0294401594953635,0.07811280354342964
0.38596491228070173,0,7,0.07746177085451082,0.1111111111111111,0.65625,0.46428571428571425,0.28947368421052627,0.75,1,1,1,0,5,0.07720141605890482,0.06504638932191163
0.42105263157894735,1,2,0.022422114728630708,0.2222222222222222,0.5833333333333334,0.4761904761904761,0.3333333333333333,1.0,1,0,2,1,4,0.014576007434052329,0.020029210962585618
0.5263157894736842,0,5,0.016423758941965908,0.3333333333333333,0.453125,0.42857142857142855,0.2763157894736842,0.625,0,1,2,0,0,0.0077908734043101915,0.01329927100627751
0.36842105263157887,0,7,0.0016327540257245693,0.0,0.0625,0.42857142857142855,0.05263157894736842,0.75,0,0,4,1,3,0.0032664296291728843,0.001073832541350261
0.24561403508771928,1,2,0.006940785203739607,0.0,0.75,0.6428571428571428,0.15789473684210525,0.25,1,1,2,2,0,0.013885488004942331,0.004912246045876662
0.4385964912280701,1,8,0.08570140951482272,0.5555555555555556,0.4375,0.4880952380952381,0.3508771929824561,0.8333333333333333,0,0,3,1,0,0.028104839057655078,0.0658200817920888
0.6842105263157895,0,5,0.07305862997632862,0.1111111111111111,0.6875,0.5357142857142856,0.5789473684210527,1.0,1,1,2,0,6,0.07279703254512536,0.051391496751327766
0.26315789473684215,1,7,0.016775046049630267,0.1111111111111111,0.6875,0.8214285714285714,0.42105263157894735,0.75,1,1,0,1,0,0.016497564505957456,0.013398083806842185
0.08771929824561403,1,2,0.01140833530413699,0.2222222222222222,0.6875,0.35714285714285715,0.2631578947368421,0.75,1,0,0,1,7,0.007231415643222933,0.012347767753947157
0.5263157894736842,0,6,0.2039496288270389,0.3333333333333333,0.5625,0.5357142857142856,0.21052631578947367,0.5,1,1,2,0,0,0.10158026972155307,0.1486735481137773
0.26315789473684215,1,3,0.022865866609291092,0.1111111111111111,0.46875,0.6785714285714286,0.28947368421052627,1.0,1,1,4,0,0,0.022590103990961192,0.017198435439313264
0.0,0,4,0.0012439278008182341,0.0,0.3125,0.49999999999999994,0.2631578947368421,0.0,1,0,0,1,0,0.002488557713609932,0.0013031183037887852
0.4736842105263158,1,7,0.030179474519533876,0.4444444444444445,0.575,0.5285714285714285,0.3789473684210526,0.7,1,1,3,1,4,0.011623651495990381,0.02494241508762157
0.17543859649122806,1,8,0.18760233113966587,0.0,0.5625,0.6428571428571428,0.21052631578947367,1.0,1,0,2,1,2,0.3753105509352941,0.13720947773711456
0.26315789473684215,1,7,0.01651029648592372,0.0,0.5625,0.42857142857142855,0.21052631578947367,0.5,1,0,3,1,6,0.033029911902448215,0.015322908386903025
0.3508771929824561,0,4,0.10658422286223124,0.2222222222222222,0.5416666666666666,0.3095238095238095,0.3859649122807018,0.6666666666666666,1,1,3,0,2,0.07069991410338831,0.08908503091895643
0.33333333333333337,0,3,0.0012150819528322968,0.0,0.4375,0.35714285714285715,0.15789473684210525,0.75,1,1,3,1,4,0.0024308497361342253,0.0012888342145048657
0.4385964912280701,0,6,0.22064564515615978,0.1111111111111111,0.65625,0.35714285714285715,0.34210526315789475,0.875,1,1,2,0,2,0.22042569910151444,0.18547563317274185
0.19298245614035092,1,3,0.13984565890733114,0.5555555555555556,0.5729166666666666,0.5952380952380953,0.2368421052631579,0.5416666666666666,1,1,0,1,3,0.04615801564136521,0.13644488701895063
0.4035087719298246,1,1,0.008169499783359778,0.1111111111111111,0.53125,0.6071428571428572,0.10526315789473684,0.75,0,1,2,1,0,0.007889589619204425,0.007404035742972098
0.22807017543859642,1,6,0.0022080903910331297,0.0,0.1875,0.8571428571428572,0.3684210526315789,1.0,0,1,4,2,0,0.004417427097729448,0.001788559594178572
0.4385964912280701,0,5,0.017942512595855643,0.1111111111111111,0.46875,0.3214285714285714,0.28947368421052627,0.625,0,0,3,0,3,0.01766536052960113,0.015565825002835043
0.42105263157894735,0,1,0.004345251607909057,0.1111111111111111,0.53125,0.39285714285714285,0.10526315789473684,0.875,0,1,2,0,1,0.004064262180780515,0.0029270189297280294
0.08771929824561403,0,5,0.06477967403006331,0.3333333333333333,0.546875,0.44642857142857145,0.3026315789473684,0.625,1,1,3,0,6,0.0319756543481874,0.061833035370714794
0.5263157894736842,1,1,0.0962874405770592,0.2222222222222222,0.7291666666666667,0.4761904761904761,0.17543859649122803,0.41666666666666663,1,1,4,1,1,0.06383345530401859,0.08447775888910199
0.17543859649122806,0,6,0.14706660447027664,0.5555555555555556,0.4375,0.4047619047619047,0.28947368421052627,0.5833333333333334,1,1,2,0,1,0.04856567678381055,0.12044378923443029
0.45614035087719296,1,4,0.06269151123990321,0.2222222222222222,0.35416666666666663,0.4761904761904761,0.4035087719298245,0.5833333333333334,1,1,2,1,0,0.0414298482128676,0.05556240727317955
0.36842105263157887,0,1,0.004702465944611625,0.0,0.625,0.9285714285714286,0.15789473684210525,0.5,1,1,0,1,0,0.0094075861088993,0.0034226942475011116
0.6842105263157895,1,3,0.015551863550445758,0.0,0.625,0.35714285714285715,0.21052631578947367,0.0,0,0,3,1,5,0.0311125050617999,0.01676150779362557
0.24561403508771928,0,3,0.08818274516451716,0.4444444444444445,0.475,0.49999999999999994,0.23157894736842105,0.7,1,1,3,1,6,0.03483150752802542,0.06668479178239826
0.21052631578947367,1,3,0.028370484217073305,0.0,0.125,0.2857142857142857,0.10526315789473684,0.75,1,0,2,0,5,0.05675698162771674,0.030167125586583965
0.2807017543859649,1,8,0.15575197075426164,0.5555555555555556,0.5,0.4047619047619047,0.2982456140350877,0.7083333333333334,1,1,0,1,0,0.051461615927454483,0.16839512856812633
0.22807017543859642,0,2,0.12131852395400708,0.7777777777777777,0.5390625,0.5625,0.3223684210526316,0.65625,1,1,2,1,0,0.029844312967753295,0.09322589259444874
0.45614035087719296,1,7,0.02769675584973052,0.1111111111111111,0.46875,0.5714285714285714,0.3157894736842105,0.625,0,1,2,1,3,0.02742235658431224,0.021390162408353196
0.0,1,9,0.013344563456617723,0.2222222222222222,0.6458333333333333,0.3809523809523809,0.2807017543859649,0.75,0,1,2,1,3,0.008522598700898564,0.010344162937561286
0.07017543859649122,0,6,0.016244756625012076,0.1111111111111111,0.53125,0.35714285714285715,0.3947368421052631,0.625,0,1,1,0,1,0.01596712542532459,0.012604620066741538
0.07017543859649122,0,3,0.09313613047174618,0.5555555555555556,0.48958333333333337,0.5476190476190474,0.32456140350877194,0.7916666666666667,0,1,2,0,6,0.03058377877501906,0.06422618646345633
0.49122807017543857,0,8,0.059236529433532754,0.2222222222222222,0.5208333333333334,0.5238095238095237,0.24561403508771928,0.6666666666666666,1,1,1,1,0,0.03912587697515599,0.04825086971813137
0.6491228070175438,1,2,0.08510552542218171,0.2222222222222222,0.6875,0.3809523809523809,0.3859649122807018,0.5833333333333334,1,1,0,0,1,0.05637674139256859,0.09089488599990281
0.26315789473684215,0,5,0.005020758143963304,0.0,0.625,0.35714285714285715,0.47368421052631576,0.5,1,0,0,1,4,0.010044350161730558,0.003829398850618562
0.24561403508771928,0,2,0.1341529505647365,0.8888888888888888,0.5416666666666666,0.626984126984127,0.3157894736842105,0.7777777777777777,1,1,2,1,3,0.02931846329628801,0.11224010578587489
0.29824561403508765,1,5,0.06883271324638879,0.1111111111111111,0.65625,0.42857142857142855,0.34210526315789475,0.875,0,1,2,0,2,0.06856992319502984,0.06330960955138727
0.5263157894736842,0,8,0.08820329289184961,1.0,0.44999999999999996,0.46428571428571425,0.29473684210526313,0.675,1,1,2,1,4,0.01713764874379417,0.08061752730917546
0.08771929824561403,1,1,0.03816700837142073,0.1111111111111111,0.625,0.39285714285714285,0.13157894736842105,0.875,0,1,2,1,4,0.037895563975913635,0.04141632493725017
0.33333333333333337,1,6,0.09935339858422207,0.2222222222222222,0.7083333333333333,0.5714285714285714,0.2631578947368421,0.8333333333333333,1,0,2,0,6,0.06587800414983598,0.08884742728745318
0.49122807017543857,1,7,0.002452489801708504,0.0,0.4375,0.6428571428571428,0.15789473684210525,0.25,0,1,3,1,1,0.004906363865794169,0.0021510183597580274
0.4035087719298246,1,0,0.08742129380740891,0.5555555555555556,0.53125,0.5833333333333333,0.4298245614035087,0.7916666666666667,0,1,2,1,2,0.02867829561464826,0.07217937576091081
0.33333333333333337,0,6,0.10043551303229728,0.3333333333333333,0.53125,0.5178571428571428,0.2631578947368421,0.6875,0,1,3,0,0,0.049808605168539896,0.07895177604359643
0.5087719298245613,0,6,0.032245706562252605,0.3333333333333333,0.34375,0.46428571428571425,0.22368421052631576,0.6875,1,1,4,0,0,0.01570407981566649,0.026505913177473014
0.0,0,1,0.0023791897359360186,0.0,0.625,0.6428571428571428,0.5263157894736843,0.0,1,1,2,2,7,0.004759722361386722,0.0019509540116777657
0.4385964912280701,0,4,0.036362364703588175,0.2222222222222222,0.5208333333333334,0.49999999999999994,0.2807017543859649,0.75,1,1,2,0,1,0.023872130189197188,0.03208955496874659
0.15789473684210525,1,2,0.18351036978598947,0.6666666666666665,0.5178571428571429,0.5612244897959184,0.2631578947368421,0.5714285714285714,1,1,3,1,0,0.05196253284152809,0.132399267121702
0.0,0,7,0.013255852595345901,0.2222222222222222,0.41666666666666663,0.5714285714285714,0.3333333333333333,0.5,1,0,0,0,7,0.008463441436317304,0.009855803860640942
0.4035087719298246,0,6,0.006662995736149004,0.1111111111111111,0.53125,0.5714285714285714,0.3157894736842105,1.0,0,1,0,0,4,0.006382660412861053,0.006369963486732259
0.5789473684210525,1,1,0.23371755607702002,0.2222222222222222,0.39583333333333337,0.4761904761904761,0.42105263157894735,1.0,0,1,2,1,2,0.15547938893049001,0.2007285146829115
0.26315789473684215,0,6,0.011782145882146534,0.0,0.5625,0.6428571428571428,0.2631578947368421,1.0,1,1,3,2,7,0.02357094197798836,0.009817132301847893
0.49122807017543857,0,6,0.11467568079658796,0.4444444444444445,0.5875,0.49999999999999994,0.3368421052631579,0.55,1,1,0,1,0,0.04543167247007337,0.10565653419567426
0.631578947368421,0,9,0.0611607055536358,0.4444444444444445,0.6,0.4428571428571428,0.29473684210526313,0.6,1,1,2,1,5,0.02401964126586796,0.06250861182517041
0.5614035087719298,0,4,0.14102577020883802,0.3333333333333333,0.578125,0.5357142857142856,0.22368421052631576,0.9375,1,1,0,1,0,0.07010946136124818,0.14965200822972577
0.631578947368421,1,6,0.12889292994193097,0.5555555555555556,0.42708333333333337,0.49999999999999994,0.3508771929824561,0.5416666666666666,0,1,4,1,0,0.04250607564211488,0.09187203964427043
0.4385964912280701,1,6,0.010234151231668315,0.2222222222222222,0.6875,0.4761904761904761,0.24561403508771928,0.75,1,1,0,1,1,0.006448405346103922,0.007927887297838766
0.29824561403508765,1,1,0.009631154464181458,0.0,0.4375,0.7142857142857142,0.15789473684210525,0.25,0,0,4,1,3,0.019267745054851234,0.0076651994119832706
0.0,0,7,0.0010115804225205463,0.0,0.4375,0.7857142857142856,0.3157894736842105,1.0,1,0,2,1,1,0.002023731812846705,0.0007615858335279977
0.24561403508771928,0,6,0.0214460976803394,0.1111111111111111,0.5,0.2857142857142857,0.2631578947368421,0.5,1,0,2,0,4,0.021169934380891226,0.019854884104648026
0.10526315789473684,2,1,0.010685608510078364,0.1111111111111111,0.53125,0.49999999999999994,0.34210526315789475,0.25,1,0,0,0,3,0.010406408431372664,0.00979818846392562
0.7543859649122807,1,6,0.025287534820000918,0.1111111111111111,0.59375,0.25,0.3157894736842105,0.625,0,0,2,1,0,0.025012455634521934,0.026151249692325945
0.24561403508771928,1,0,0.04017614144107139,0.3333333333333333,0.453125,0.6071428571428572,0.2368421052631579,0.9375,1,0,2,0,0,0.019670416301792167,0.035568079101802534
0.3157894736842105,0,0,0.0008645851423730293,0.0,0.5625,0.49999999999999994,0.15789473684210525,1.0,1,0,2,1,4,0.0017296582837924178,0.0009440999133722243
0.4035087719298246,0,2,0.00503557621655882,0.1111111111111111,0.6875,0.6071428571428572,0.05263157894736842,0.75,1,0,2,1,0,0.004754781609890514,0.0047119204034802315
0.29824561403508765,1,1,0.01566388817926786,0.1111111111111111,0.71875,0.42857142857142855,0.6052631578947367,1.0,1,0,0,1,0,0.015386093049370556,0.010422638330517453
0.6491228070175438,0,9,0.02979953913818485,0.3333333333333333,0.609375,0.625,0.25,0.625,0,1,3,1,0,0.01448065093017552,0.021863192218724944
0.15789473684210525,0,4,0.01936544271362771,0.1111111111111111,0.375,0.49999999999999994,0.15789473684210525,0.75,1,1,3,1,3,0.019088692220628665,0.013379923851868421
0.33333333333333337,0,6,0.010480131236753879,0.2222222222222222,0.5416666666666666,0.4047619047619047,0.17543859649122803,0.75,1,1,0,1,0,0.006612438295778022,0.011352367056500367
0.14035087719298245,0,6,0.06193855557774974,0.4444444444444445,0.5125,0.5285714285714285,0.28421052631578947,0.75,1,1,0,1,0,0.024330869084117083,0.05808420226758176
0.017543859649122806,1,3,0.1235706734142242,1.0,0.4625,0.5357142857142856,0.2526315789473684,0.8,1,1,0,1,1,0.024213121094459458,0.1293598916360212
0.15789473684210525,0,6,0.07468545677301498,0.2222222222222222,0.5416666666666666,0.5238095238095237,0.2807017543859649,0.9166666666666667,0,1,2,1,0,0.04942806848830197,0.07039160004968076
0.2807017543859649,0,7,0.004143528246308769,0.0,0.5625,0.6428571428571428,0.21052631578947367,0.5,0,0,2,1,1,0.008289395230277557,0.004505410795601127
0.19298245614035092,1,3,0.1579104699956751,0.5555555555555556,0.5,0.5119047619047619,0.24561403508771928,0.5,0,1,0,1,5,0.05218131872873541,0.1300686089195776
0.14035087719298245,1,3,0.018468455385845815,0.2222222222222222,0.6041666666666666,0.5714285714285714,0.3684210526315789,0.9166666666666667,1,1,0,0,1,0.011939490682302628,0.018504732823948773
0.0,0,1,0.12816190502721883,0.6666666666666665,0.4642857142857143,0.5408163265306123,0.24812030075187969,0.75,0,1,2,1,5,0.03614422285126929,0.13447381334492783
0.2807017543859649,1,3,0.09804901304721414,0.6666666666666665,0.5267857142857143,0.4693877551020407,0.23308270676691728,0.6785714285714286,0,1,2,1,5,0.027538111333651964,0.08526669352772237
0.0,1,8,0.08284784388152891,0.2222222222222222,0.45833333333333337,0.42857142857142855,0.3684210526315789,0.9166666666666667,1,0,0,1,2,0.054871195596644155,0.06088053049017246
0.45614035087719296,0,6,0.03429356419495289,0.2222222222222222,0.4375,0.49999999999999994,0.21052631578947367,0.6666666666666666,1,1,0,0,3,0.022492540618082743,0.03301906594946603
0.29824561403508765,1,2,0.36761840183333144,0.6666666666666665,0.5892857142857143,0.5816326530612244,0.22556390977443608,0.7857142857142858,0,1,3,1,5,0.10457967290700519,0.28797873691372744
0.0,0,6,0.028093485046687797,0.4444444444444445,0.55,0.49999999999999994,0.2210526315789474,0.6,1,1,0,0,0,0.010789020227238995,0.025194868946093768
0.22807017543859642,1,6,0.21841127738305727,1.0,0.6625000000000001,0.4428571428571428,0.2631578947368421,0.675,1,1,2,1,1,0.04318659499019656,0.23493115678651888
0.12280701754385964,0,3,0.003215719327528205,0.0,0.5,0.2857142857142857,0.21052631578947367,1.0,1,0,0,1,4,0.006433253708182219,0.0032093474383489127
0.3508771929824561,1,6,0.0018358604074337726,0.0,0.75,0.5714285714285714,0.5263157894736843,1.0,0,0,2,0,0,0.0036727570322210115,0.001184055193720993
0.5789473684210525,1,6,0.15297585424706706,0.1111111111111111,0.53125,0.46428571428571425,0.13157894736842105,0.875,0,1,2,1,3,0.15273681071328837,0.11416257871709021
0.0,1,6,0.10820749332149468,0.1111111111111111,0.6875,0.2857142857142857,0.21052631578947367,0.375,1,1,1,0,2,0.10795581545225959,0.08988080275884991
0.3157894736842105,0,3,0.07958233583007977,0.1111111111111111,0.53125,0.46428571428571425,0.3157894736842105,0.875,1,1,2,0,4,0.07932257949125675,0.08049410929383817
0.26315789473684215,0,0,0.004505484366241901,0.0,0.4375,0.2857142857142857,0.2631578947368421,1.0,0,0,4,1,7,0.009013511769561769,0.0037483976126060923
0.4385964912280701,1,6,0.08168492154423283,0.1111111111111111,0.46875,0.39285714285714285,0.13157894736842105,0.5,1,1,1,2,3,0.08142575858816246,0.08102157542007851
0.33333333333333337,0,2,0.024948299744714245,0.0,0.6875,0.35714285714285715,0.42105263157894735,1.0,1,0,2,1,6,0.04991068109445155,0.020370156496133805
0.12280701754385964,0,6,0.19750277937648314,0.5555555555555556,0.42708333333333337,0.5833333333333333,0.16666666666666669,0.6666666666666666,0,1,2,1,1,0.06538247971310965,0.15210190373812874
0.22807017543859642,0,3,0.029982295366862876,0.0,0.3125,0.14285714285714285,0.05263157894736842,1.0,1,0,3,1,5,0.05998151368420178,0.03175218045751938
0.12280701754385964,1,7,0.07248566450263536,0.3333333333333333,0.453125,0.5178571428571428,0.14473684210526316,0.9375,0,1,1,0,0,0.03582973696031924,0.05471768629805704
0.5087719298245613,0,2,0.009171794213720469,0.0,0.3125,0.5714285714285714,0.2631578947368421,0.5,1,0,2,0,3,0.018348765276556586,0.00685196440195915
0.29824561403508765,1,4,0.11056811107311097,0.4444444444444445,0.5625,0.4428571428571428,0.2631578947368421,0.8999999999999999,1,1,3,0,5,0.04378818089237481,0.1176855664329476
0.6842105263157895,1,8,0.10591424840661266,0.1111111111111111,0.4375,0.2857142857142857,0.2368421052631579,0.625,1,0,3,0,2,0.10566192334760025,0.08634884393813734
0.2807017543859649,0,6,0.048207931936443515,0.1111111111111111,0.53125,0.25,0.28947368421052627,0.75,1,0,0,0,5,0.047939321247464646,0.04071287708906983
0.14035087719298245,0,9,0.00385981154967996,0.1111111111111111,0.5625,0.6785714285714286,0.3157894736842105,0.5,0,1,2,0,1,0.003578685123733216,0.002577015193219308
0.0,1,6,0.23536097911501333,0.2222222222222222,0.5833333333333334,0.35714285714285715,0.4912280701754386,0.75,1,1,2,1,2,0.1565753134890355,0.24557228071440654
0.0,1,8,0.044366494796781994,0.3333333333333333,0.4375,0.6607142857142856,0.3289473684210526,0.5625,1,1,3,1,7,0.021766184271453583,0.03954894155769387
0.0,0,1,0.11691656852163251,0.2222222222222222,0.45833333333333337,0.5714285714285714,0.24561403508771928,0.75,1,0,2,1,6,0.07759008850993983,0.12339192945471535
0.3508771929824561,0,1,0.01323905877973765,0.2222222222222222,0.6458333333333333,0.4761904761904761,0.2982456140350877,0.8333333333333333,0,1,2,1,0,0.008452242399592566,0.013964265040928273
0.4035087719298246,1,6,0.0399244317812489,0.3333333333333333,0.6875,0.44642857142857145,0.17105263157894735,0.8125,0,1,2,1,0,0.019544525953668797,0.041344207705987464
0.0,0,6,0.022042376921582955,0.1111111111111111,0.53125,0.5357142857142856,0.2631578947368421,0.75,0,1,1,1,4,0.021766381901513428,0.017191467590882085
0.4736842105263158,1,0,0.03240040724014979,0.1111111111111111,0.625,0.3214285714285714,0.2368421052631579,0.125,0,1,3,0,5,0.03212733541912098,0.025418580429787344
0.19298245614035092,1,8,0.07312047073262724,0.2222222222222222,0.5416666666666666,0.4523809523809524,0.3333333333333333,0.8333333333333333,1,0,2,1,2,0.04838445001892966,0.07947105494793014
0.3157894736842105,0,3,0.13225485425240158,0.3333333333333333,0.421875,0.5357142857142856,0.35526315789473684,0.8125,1,1,2,0,0,0.06572276573782515,0.1187013480870556
0.631578947368421,1,0,0.06391884279941447,0.4444444444444445,0.7875000000000001,0.6285714285714286,0.28421052631578947,0.8999999999999999,0,1,2,1,0,0.025123207520060933,0.06973104801840486
0.4736842105263158,1,0,0.022985399061561582,0.1111111111111111,0.65625,0.5357142857142856,0.07894736842105263,0.75,1,1,2,0,3,0.022709670177169416,0.016079790922739975
0.22807017543859642,0,1,0.00521556640501902,0.0,0.5625,0.42857142857142855,0.21052631578947367,0.75,1,1,4,0,0,0.010434076639751428,0.004694370135244197
0.10526315789473684,0,6,0.7219955715696114,0.8888888888888888,0.5208333333333334,0.4761904761904761,0.23391812865497075,0.8611111111111112,1,1,2,1,1,0.15998702317109245,0.6766392690866353
0.0,1,6,0.05750933489179943,0.3333333333333333,0.40625,0.5714285714285714,0.28947368421052627,0.6875,0,1,0,1,4,0.028339458877038332,0.03799241131627361
0.14035087719298245,0,1,0.10010872513799084,0.2222222222222222,0.625,0.6666666666666667,0.14035087719298245,0.5833333333333334,1,0,1,1,1,0.06638169729570273,0.06631767326818046
0.24561403508771928,0,6,0.011155637772808124,0.1111111111111111,0.5,0.39285714285714285,0.21052631578947367,0.5,1,1,1,0,1,0.010876570343751796,0.007682357738745053
0.08771929824561403,1,6,0.07188385318095612,0.5555555555555556,0.625,0.5357142857142856,0.28947368421052627,0.625,1,1,2,0,0,0.02349768710247125,0.047526474775604795
0.26315789473684215,0,6,0.02906258699443453,0.2222222222222222,0.6666666666666667,0.5476190476190474,0.2631578947368421,0.9166666666666667,0,1,2,1,2,0.01900423830838682,0.026768426867117733
0.29824561403508765,1,6,0.1119616026199933,0.2222222222222222,0.47916666666666663,0.5476190476190474,0.4035087719298245,0.25,0,0,2,1,6,0.07428584566264931,0.10467519984224792
0.24561403508771928,1,8,0.012451922763463848,0.1111111111111111,0.5,0.5714285714285714,0.2631578947368421,0.5,1,0,2,1,0,0.012173221166416564,0.011227032882844514
0.15789473684210525,0,6,0.02505340927299177,0.2222222222222222,0.7083333333333333,0.5714285714285714,0.22807017543859648,0.75,0,1,2,0,0,0.016330698858758867,0.017694110757086347
0.33333333333333337,0,3,0.021163566429518235,0.0,0.5625,0.49999999999999994,0.3157894736842105,0.75,1,0,0,2,7,0.04233907824154306,0.015589036647921412
0.38596491228070173,1,3,0.01917537623580256,0.1111111111111111,0.5,0.5714285714285714,0.2368421052631579,1.0,1,1,2,1,3,0.018898572103054588,0.019140505444241274
0.05263157894736842,1,3,0.13865310042484402,0.3333333333333333,0.6875,0.46428571428571425,0.17105263157894735,0.875,1,0,2,0,0,0.06892279166688899,0.12177347246036296
0.5789473684210525,0,6,0.06072169545620598,0.1111111111111111,0.46875,0.46428571428571425,0.49999999999999994,1.0,1,1,2,1,2,0.060456616348077113,0.04774879268961214
0.26315789473684215,1,1,0.00723635635844483,0.0,0.5625,0.42857142857142855,0.3157894736842105,0.75,1,1,2,1,3,0.014476797144008478,0.004891908638268155
0.29824561403508765,1,6,0.1893265620668801,0.5555555555555556,0.5,0.4761904761904761,0.2631578947368421,0.75,1,1,0,1,3,0.06265630479087544,0.18152229371815368
0.4385964912280701,1,1,0.4635454668848677,0.8888888888888888,0.5625,0.5952380952380953,0.25146198830409355,0.6944444444444444,0,1,2,0,6,0.10253745797808506,0.5065461629539357
0.33333333333333337,0,6,0.09127379510794176,0.2222222222222222,0.5625,0.4761904761904761,0.21052631578947367,0.5833333333333334,1,1,3,1,0,0.0604900817048781,0.07454857487467018
0.49122807017543857,1,3,0.026344359757513106,0.1111111111111111,0.625,0.5357142857142856,0.2631578947368421,0.5,0,1,0,1,3,0.02606957882465055,0.028318990888318806
0.3508771929824561,1,2,0.04839602267125594,0.1111111111111111,0.34375,0.42857142857142855,0.42105263157894735,0.875,0,1,0,0,0,0.048127465064440246,0.04289424913855619
0.15789473684210525,0,3,0.15694907344567804,0.5555555555555556,0.5416666666666666,0.49999999999999994,0.18421052631578946,0.75,1,1,2,1,3,0.05186076277166145,0.13931337602185676
0.36842105263157887,0,7,0.009162508221560612,0.0,0.5625,0.21428571428571425,0.2631578947368421,0.75,1,1,4,0,7,0.018330188050930844,0.007061696639737674
0.05263157894736842,0,1,0.0780795856945932,0.1111111111111111,0.40625,0.35714285714285715,0.21052631578947367,0.625,1,1,2,0,1,0.07781940525605048,0.07696084400154476
0.3157894736842105,1,5,0.07712569696804453,0.3333333333333333,0.265625,0.41071428571428564,0.42105263157894735,0.8125,0,1,2,1,4,0.03815040793808803,0.07066966075113754
0.2807017543859649,0,6,0.1022030127314904,0.6666666666666665,0.4642857142857143,0.4387755102040816,0.3308270676691729,0.7857142857142858,0,1,2,0,5,0.028725303336026464,0.10692132933309154
0.24561403508771928,1,0,0.030225706906031883,0.3333333333333333,0.46875,0.5357142857142856,0.2368421052631579,1.0,1,0,2,1,0,0.014693794949721922,0.025153366698875548
0.26315789473684215,1,0,0.01612443387553649,0.1111111111111111,0.375,0.46428571428571425,0.15789473684210525,0.25,1,0,2,1,0,0.015846768718876972,0.017686620320022828
0.0,0,7,0.017069234184226578,0.1111111111111111,0.6875,0.49999999999999994,0.34210526315789475,0.875,0,1,2,1,3,0.016791835665071593,0.01233788211898542
0.17543859649122806,1,1,0.14077939505514991,0.8888888888888888,0.45138888888888884,0.3968253968253968,0.26900584795321636,0.7222222222222222,1,1,3,0,3,0.030791422091233017,0.09834268854083325
0.3157894736842105,1,7,0.01263211052622532,0.1111111111111111,0.40625,0.49999999999999994,0.28947368421052627,1.0,1,0,3,1,1,0.012353459780998225,0.010007441662124502
0.3157894736842105,1,6,0.04171820886251141,0.1111111111111111,0.59375,0.6071428571428572,0.34210526315789475,0.875,1,0,2,1,0,0.041447766671627174,0.033282276423953865
0.07017543859649122,1,6,0.00529024949090042,0.0,0.4375,0.5714285714285714,0.05263157894736842,0.75,1,0,3,0,0,0.010583484964996752,0.004069920268652364
0.5614035087719298,1,6,0.37089576434285704,0.7777777777777777,0.5546875,0.44642857142857145,0.2368421052631579,0.5625,0,1,2,1,2,0.09225623172045465,0.34222334985236
0.10526315789473684,2,6,0.012096091446870195,0.2222222222222222,0.5208333333333334,0.3809523809523809,0.3157894736842105,1.0,1,0,0,0,7,0.007690049135444247,0.009250951067761805
0.49122807017543857,1,7,0.2823694374684252,0.6666666666666665,0.4553571428571429,0.4387755102040816,0.2932330827067669,0.7142857142857143,0,1,2,0,7,0.08021595206036819,0.23273097154626834
0.38596491228070173,1,5,0.01897246742839463,0.0,0.3125,0.2857142857142857,0.05263157894736842,0.25,0,0,0,1,7,0.03795564351410752,0.01836472261953475
0.15789473684210525,1,6,0.0026962964894800576,0.0,0.625,0.7142857142857142,0.15789473684210525,1.0,0,0,2,1,4,0.0053941148534998005,0.0019955046925846237
0.6666666666666666,0,8,0.0439922890701699,0.2222222222222222,0.39583333333333337,0.5238095238095237,0.5614035087719298,0.5,0,1,1,1,2,0.028960181956678568,0.043976094705602306
0.03508771929824561,0,8,0.011109010237707568,0.0,0.5625,0.35714285714285715,0.3157894736842105,0.75,0,1,4,2,6,0.022224290750181966,0.008372000537221116
0.49122807017543857,1,8,0.011883303924398588,0.1111111111111111,0.3125,0.49999999999999994,0.3684210526315789,0.875,1,1,2,0,1,0.011604441854173126,0.009574259234968565
0.5087719298245613,0,5,0.016166517201707753,0.0,0.5,0.5714285714285714,0.3157894736842105,1.0,0,1,3,2,0,0.03234215929417609,0.014638752769066517
0.14035087719298245,1,1,0.008714409706272214,0.0,0.5625,0.35714285714285715,0.2631578947368421,0.75,0,1,1,1,0,0.017433738099458907,0.006841948119839328
0.5789473684210525,1,6,0.12895417797532574,0.1111111111111111,0.53125,0.42857142857142855,0.4473684210526316,0.875,1,1,4,0,2,0.12870835514675116,0.11542110279091942
0.22807017543859642,1,3,0.007361025742548436,0.0,0.5,0.5714285714285714,0.05263157894736842,0.25,1,0,1,1,1,0.014726206279537047,0.00734681228773103
0.3508771929824561,1,3,0.008393153892401431,0.2222222222222222,0.45833333333333337,0.5476190476190474,0.24561403508771928,0.6666666666666666,1,1,0,1,1,0.005220727414326215,0.005997270693769506
0.3508771929824561,1,5,0.11419695826460216,0.8888888888888888,0.5416666666666666,0.5793650793650793,0.26900584795321636,0.75,0,1,2,1,7,0.02488254680851498,0.0890631257454509
0.26315789473684215,0,4,0.13581376014124194,0.1111111111111111,0.4375,0.46428571428571425,0.3684210526315789,1.0,1,0,2,1,2,0.13556987319462468,0.13895488022007252
0.45614035087719296,1,7,0.010948777479374724,0.1111111111111111,0.59375,0.5357142857142856,0.3684210526315789,0.75,1,1,0,1,4,0.010669651671090614,0.009827671172600052
0.45614035087719296,0,1,0.1904618240019979,0.2222222222222222,0.41666666666666663,0.4523809523809524,0.3684210526315789,0.8333333333333333,0,1,2,1,2,0.12663409591526992,0.14439986182756562
0.0,1,6,0.5782312239708206,0.6666666666666665,0.4464285714285714,0.4183673469387755,0.3007518796992481,0.6785714285714286,1,1,3,0,2,0.1647717473035425,0.4661348630547779
0.5614035087719298,1,6,0.05454789369001027,0.1111111111111111,0.71875,0.35714285714285715,0.4473684210526316,1.0,0,0,2,0,3,0.05428107223793709,0.04725019958530851
0.0,1,7,0.007411802337975737,0.1111111111111111,0.65625,0.46428571428571425,0.2368421052631579,0.75,0,1,1,0,0,0.007131678339686151,0.00804472940621912
0.5087719298245613,0,3,0.23704134854734482,0.5555555555555556,0.5729166666666666,0.6190476190476191,0.3596491228070175,0.8333333333333333,1,1,2,0,7,0.07856572223872432,0.20169647947716052
0.5263157894736842,1,5,0.00876103724137277,0.0,0.5,0.49999999999999994,0.47368421052631576,1.0,0,0,2,1,4,0.01752701948770731,0.00933208295293236
0.05263157894736842,0,7,0.20877636900715163,0.5555555555555556,0.6041666666666666,0.4404761904761904,0.24561403508771928,0.5416666666666666,0,1,2,1,6,0.06914140345142454,0.21351935049897633
0.21052631578947367,1,8,0.041003187466202455,0.3333333333333333,0.53125,0.5178571428571428,0.34210526315789475,0.6875,1,1,0,0,1,0.020084056017054683,0.03908527479365152
0.05263157894736842,1,2,0.002517689321128774,0.0,0.75,0.7857142857142856,0.2631578947368421,1.0,1,0,4,0,0,0.005036799705294054,0.002840530511076005
0.24561403508771928,1,5,0.09052123459439082,0.5555555555555556,0.6458333333333333,0.5595238095238095,0.34210526315789475,0.5833333333333334,0,1,2,1,1,0.029711900827654927,0.09127506922992908
0.22807017543859642,1,6,0.1523708817365675,0.4444444444444445,0.5375,0.49999999999999994,0.2526315789473684,0.8,1,1,2,0,6,0.06051400811745707,0.13732976022065782
0.45614035087719296,1,9,0.012820201261037735,0.1111111111111111,0.71875,0.6428571428571428,0.21052631578947367,1.0,1,0,0,1,2,0.012541603597973816,0.008988393829064394
0.5614035087719298,1,2,0.0025783446316197515,0.0,0.5625,0.42857142857142855,0.736842105263158,0.5,0,0,2,1,1,0.005158144562040917,0.002249003728321499
0.5789473684210525,0,6,0.017716290020897432,0.1111111111111111,0.5625,0.42857142857142855,0.5263157894736843,0.375,1,0,2,1,5,0.01743907411107481,0.015977711943223186
0.17543859649122806,1,6,0.007873731054353282,0.0,0.625,0.6428571428571428,0.6842105263157894,0.75,1,0,3,1,3,0.015751906290149782,0.006805236268417548
0.24561403508771928,0,8,0.028207090269920083,0.2222222222222222,0.6458333333333333,0.35714285714285715,0.21052631578947367,0.8333333333333333,0,1,2,0,7,0.01843374620229136,0.02306039922635979
0.0,1,6,0.060465046438851644,0.1111111111111111,0.5625,0.7142857142857142,0.3947368421052631,0.875,1,0,2,0,2,0.06019989490033416,0.0466178237911262
0.12280701754385964,0,7,0.13766542649277758,0.8888888888888888,0.5763888888888888,0.5158730158730158,0.30994152046783624,0.7777777777777777,1,1,2,0,0,0.030099233786062073,0.11194880617239886
0.49122807017543857,0,1,0.0585878930024517,0.1111111111111111,0.625,0.49999999999999994,0.7105263157894737,1.0,1,0,2,1,2,0.05832221170171536,0.043618034394345036
0.631578947368421,1,2,0.47863085751000667,1.0,0.53125,0.47142857142857136,0.2578947368421053,0.725,1,1,2,1,2,0.0952451986271035,0.3710109285476757
0.03508771929824561,1,5,0.013452439025113078,0.1111111111111111,0.40625,0.5714285714285714,0.3684210526315789,1.0,1,1,0,0,0,0.013174019789488414,0.01150365646556237
0.15789473684210525,0,1,0.11086427495072002,0.8888888888888888,0.45138888888888884,0.4761904761904761,0.19883040935672514,0.6666666666666666,0,0,2,1,4,0.024141741508621355,0.08791007747724866
0.2807017543859649,0,7,0.25682564877967246,0.4444444444444445,0.7124999999999999,0.4857142857142857,0.3263157894736842,0.7,1,1,2,1,5,0.10230770644584272,0.23413168327714634
0.3508771929824561,1,4,0.03404995508148261,0.2222222222222222,0.6666666666666667,0.35714285714285715,0.2631578947368421,0.5,1,0,2,1,1,0.02233008870888743,0.033249614634432705
0.12280701754385964,1,5,0.20573807140216704,0.8888888888888888,0.5208333333333334,0.4761904761904761,0.2807017543859649,0.75,1,1,2,1,4,0.045230757359452464,0.17962342437349899
0.38596491228070173,0,9,0.10636965717104818,0.5555555555555556,0.46875,0.5833333333333333,0.2807017543859649,0.75,1,0,3,1,0,0.03499619924456568,0.08138865038524364
0.19298245614035092,1,7,0.18186477343068216,0.0,0.4375,0.42857142857142855,0.47368421052631576,1.0,0,1,2,0,2,0.3638321970593042,0.12066083771306156
0.2807017543859649,0,6,0.06877521912471818,0.2222222222222222,0.35416666666666663,0.5714285714285714,0.21052631578947367,0.9166666666666667,0,1,1,1,0,0.045486798081433716,0.07216025772677777
0.4035087719298246,1,7,0.019388163758274162,0.4444444444444445,0.5,0.5285714285714285,0.3052631578947368,0.65,1,1,3,1,0,0.007305909000448422,0.020952799272138556
0.29824561403508765,1,0,0.02465747037323959,0.2222222222222222,0.625,0.6666666666666667,0.21052631578947367,0.9166666666666667,1,1,2,1,2,0.016066665098801523,0.027009340226625787
0.19298245614035092,0,6,0.05396188831243294,0.2222222222222222,0.5,0.42857142857142855,0.2807017543859649,0.8333333333333333,1,0,2,1,0,0.035608457169975745,0.039153429061119
0.26315789473684215,0,1,0.013196975453566384,0.1111111111111111,0.5625,0.35714285714285715,0.3157894736842105,0.875,1,1,3,0,4,0.012918484122104546,0.00934423313863423
0.26315789473684215,1,6,0.04094174185850638,0.2222222222222222,0.6458333333333333,0.5952380952380953,0.21052631578947367,0.6666666666666666,1,1,2,2,1,0.026925909873973284,0.029529959396605233
0.21052631578947367,1,7,0.17096222833780544,0.4444444444444445,0.5,0.5571428571428572,0.23157894736842105,0.65,0,1,2,0,0,0.06795264546609962,0.18595423726185856
0.22807017543859642,0,5,0.004446804798763659,0.1111111111111111,0.71875,0.3214285714285714,0.4473684210526316,0.625,0,1,0,0,0,0.004165844031542548,0.0034907178678105083
0.631578947368421,0,6,0.011636731196409206,0.1111111111111111,0.65625,0.6428571428571428,0.3157894736842105,0.75,0,0,2,1,1,0.011357799539482434,0.008456746993765345
0.4035087719298246,1,2,0.0017236382043103995,0.0,0.3125,0.7857142857142856,0.3157894736842105,0.75,1,0,2,0,1,0.0034482492842333305,0.001365088605773594
0.22807017543859642,0,8,0.015361006775415513,0.0,0.125,0.21428571428571425,0.2631578947368421,0.75,1,0,3,1,6,0.030730683786172965,0.011429405330717604
0.4385964912280701,0,6,0.17694556847757345,0.3333333333333333,0.53125,0.5714285714285714,0.40789473684210525,0.8125,1,1,4,1,6,0.08807442906157935,0.13142424738091643
0.21052631578947367,0,2,0.05490945466134086,0.6666666666666665,0.5892857142857143,0.49999999999999994,0.42105263157894735,0.7857142857142858,0,1,3,1,1,0.015209044748612163,0.05750787410421776
0.543859649122807,0,4,0.12020598306353575,0.2222222222222222,0.45833333333333337,0.4761904761904761,0.2631578947368421,0.8333333333333333,1,1,2,0,2,0.07978365042088285,0.09875862554312201
0.36842105263157887,1,4,0.155423602265545,0.7777777777777777,0.5234375,0.5178571428571428,0.28947368421052627,0.78125,0,1,2,0,6,0.03837298879299219,0.11947612928355016
0.26315789473684215,0,6,0.03348528772844282,0.1111111111111111,0.625,0.49999999999999994,0.21052631578947367,0.5,1,1,2,0,0,0.03321252207774806,0.03181075393339399
0.38596491228070173,0,6,0.18722298848122068,0.7777777777777777,0.5390625,0.44642857142857145,0.3026315789473684,0.625,1,1,0,1,4,0.04632507891862364,0.1857768184211796
0.0,1,6,0.024682364735200055,0.1111111111111111,0.90625,0.5714285714285714,0.2368421052631579,0.875,0,0,2,0,7,0.02440711476120656,0.018891622608090058
0.05263157894736842,1,0,0.015313588943109864,0.2222222222222222,0.4375,0.4761904761904761,0.2631578947368421,0.6666666666666666,1,1,2,0,1,0.009835652818530743,0.010888656743405323
0.03508771929824561,1,0,0.05161134685018159,0.2222222222222222,0.5625,0.3095238095238095,0.3157894736842105,0.75,1,1,2,1,0,0.034040987288632175,0.04845080341905355
0.3157894736842105,0,2,0.040007610562085065,0.1111111111111111,0.46875,0.49999999999999994,0.28947368421052627,0.75,0,1,2,0,0,0.0397366856134605,0.02818686306244255
0.6491228070175438,1,1,0.016151106406208416,0.1111111111111111,0.6875,0.6071428571428572,0.2631578947368421,0.875,0,1,3,1,4,0.01587344877695649,0.0128888211846283
0.7543859649122807,0,6,0.05853435036680658,0.4444444444444445,0.5375,0.5571428571428572,0.42105263157894735,0.8,1,1,3,1,1,0.022968802711642526,0.048240374396431904
0.42105263157894735,0,3,0.06483914389474664,0.2222222222222222,0.5208333333333334,0.5714285714285714,0.22807017543859648,0.75,0,1,3,0,2,0.04286200737990169,0.0657410402614476
0.4035087719298246,0,7,0.10330211856947513,0.6666666666666665,0.5357142857142857,0.489795918367347,0.3609022556390977,0.6785714285714286,1,1,2,1,4,0.02903942219972251,0.10318904486998255
0.0,0,0,0.011889626302039342,0.0,0.375,0.2857142857142857,0.21052631578947367,1.0,1,1,2,2,7,0.023785963483103318,0.00798990114887627
0.17543859649122806,0,7,0.00958946628661274,0.2222222222222222,0.5625,0.5238095238095237,0.1929824561403509,0.75,1,1,4,1,3,0.00601849408924723,0.010029782326156974
0.12280701754385964,1,1,0.06647960331822088,0.3333333333333333,0.375,0.5535714285714286,0.18421052631578946,0.5,0,1,4,1,1,0.03282585886565484,0.052989790534282426
0.15789473684210525,0,1,0.03325294035014514,0.1111111111111111,0.5625,0.6785714285714286,0.10526315789473684,0.625,0,1,2,0,3,0.032980109127366444,0.034627767956014764
0.24561403508771928,1,6,0.02294035212087122,0.2222222222222222,0.29166666666666663,0.6428571428571428,0.5964912280701755,0.9166666666666667,1,1,3,0,0,0.01492159653204041,0.015370159109076966
0.19298245614035092,0,1,0.011469385763230514,0.2222222222222222,0.5,0.5476190476190474,0.17543859649122803,0.75,1,1,2,0,1,0.007272127435551683,0.01227930864311081
0.0,1,6,0.04095320116798024,0.1111111111111111,0.53125,0.2857142857142857,0.49999999999999994,0.875,0,1,1,1,4,0.04068254307989451,0.04392470682342235
0.4385964912280701,2,1,0.041248772322685465,0.3333333333333333,0.421875,0.5714285714285714,0.3684210526315789,0.9375,1,0,4,1,1,0.02020688309925041,0.0448142397737679
0.07017543859649122,0,6,0.10335803209673554,0.1111111111111111,0.5625,0.42857142857142855,0.21052631578947367,1.0,0,1,2,0,2,0.1031049856332828,0.09230282687352816
0.33333333333333337,0,6,0.09733063288778353,0.2222222222222222,0.5,0.49999999999999994,0.3333333333333333,0.5,0,1,2,1,0,0.06452911311468466,0.09766280073016083
0.719298245614035,1,0,0.12895121436080664,0.8888888888888888,0.4444444444444444,0.4682539682539682,0.3742690058479532,0.75,0,1,2,1,3,0.028162195692802167,0.13613943396334877
0.08771929824561403,1,1,0.04473813205747753,0.0,0.5625,0.8571428571428572,0.3157894736842105,1.0,0,1,3,2,2,0.089501515723744,0.03542972376139091
0.0,0,2,0.006746569665587713,0.0,0.625,0.5714285714285714,0.47368421052631576,0.75,1,0,4,0,0,0.013496947307280552,0.006351063197862682
0.22807017543859642,1,0,0.14866419027037453,0.0,0.625,0.21428571428571425,0.3157894736842105,0.5,1,0,0,2,2,0.2974122912853641,0.1561030165035232
0.5263157894736842,0,3,0.007734638746256708,0.0,0.5625,0.7142857142857142,0.15789473684210525,1.0,1,1,2,2,0,0.015473643165883358,0.006003585306410263
0.7017543859649124,1,8,0.19089668503910096,0.5555555555555556,0.5208333333333334,0.5238095238095237,0.15789473684210525,0.625,0,1,2,1,0,0.06317982681941361,0.199870946737244
0.03508771929824561,0,6,0.16542422067310802,0.5555555555555556,0.4375,0.6190476190476191,0.2982456140350877,0.7083333333333334,1,1,2,1,7,0.054686609120745834,0.15297035894696998
0.38596491228070173,1,0,0.006255992675525504,0.1111111111111111,0.46875,0.3214285714285714,0.631578947368421,1.0,1,1,2,1,0,0.005975542489573531,0.006002714325356366
0.19298245614035092,0,8,0.10592827618200307,0.5555555555555556,0.5208333333333334,0.5714285714285714,0.3070175438596491,0.8333333333333333,1,1,2,1,1,0.0348490307266653,0.10355881987641476
0.26315789473684215,0,9,0.1606739417475882,0.6666666666666665,0.5178571428571429,0.6326530612244898,0.2556390977443609,0.6785714285714286,0,1,3,0,5,0.04543599774509748,0.10960699941278457
0.8421052631578948,1,6,0.20212957436370704,0.7777777777777777,0.59375,0.5267857142857142,0.26973684210526316,0.75,1,1,4,1,2,0.05005277710748248,0.21881125718624692
0.0,1,1,0.04708926624263271,0.2222222222222222,0.6458333333333333,0.4761904761904761,0.4912280701754386,0.9166666666666667,0,1,3,2,0,0.03102541608209342,0.04019264010557684
0.3508771929824561,1,6,0.010721764607211423,0.2222222222222222,0.4375,0.49999999999999994,0.24561403508771928,0.8333333333333333,1,0,2,0,1,0.006773572671241011,0.00932842483250599
0.38596491228070173,0,3,0.03543593880491652,0.4444444444444445,0.5125,0.38571428571428573,0.2631578947368421,0.75,1,1,3,0,1,0.013726830592896108,0.03705419052501519
0.5263157894736842,0,0,0.01818987562105012,0.1111111111111111,0.59375,0.6785714285714286,0.2631578947368421,0.625,0,0,0,2,4,0.01791279336453121,0.01929658524909971
0.3157894736842105,0,1,0.0112066119425367,0.2222222222222222,0.5625,0.4761904761904761,0.14035087719298245,1.0,1,1,2,1,0,0.007096895449152849,0.007620997123497972
0.3508771929824561,0,3,0.40306244118460016,0.4444444444444445,0.6125,0.5857142857142856,0.1894736842105263,0.7,0,1,3,1,1,0.160818931536797,0.28620298074104117
0.21052631578947367,1,2,0.0772080854516756,0.2222222222222222,0.8125,0.42857142857142855,0.15789473684210525,0.8333333333333333,0,0,2,1,2,0.05111029555773079,0.06442394271174376
0.3508771929824561,1,7,0.11780940678908765,0.8888888888888888,0.5486111111111112,0.48412698412698413,0.30409356725146197,0.75,1,1,2,1,1,0.025685539700574203,0.11011526040678649
0.21052631578947367,1,9,0.07949836675203852,0.4444444444444445,0.575,0.5714285714285714,0.431578947368421,0.7,0,1,2,0,0,0.03135677581577242,0.07831826797404406
0.42105263157894735,1,0,0.05534885990737322,0.0,0.875,0.7857142857142856,0.2631578947368421,0.0,0,0,3,1,5,0.11072896045205108,0.04185747684104927
0.21052631578947367,0,6,0.01226798108897818,0.2222222222222222,0.5625,0.49999999999999994,0.4561403508771929,0.5,0,1,2,0,1,0.007804674570156267,0.010054910129561917
0.36842105263157887,0,2,0.07222842276237719,0.3333333333333333,0.59375,0.37499999999999994,0.28947368421052627,0.75,0,1,3,1,7,0.03570107979135798,0.06349282041607461
0.2807017543859649,1,6,0.025047482043953566,0.2222222222222222,0.6041666666666666,0.6190476190476191,0.15789473684210525,0.8333333333333333,0,0,2,1,6,0.0163267462575619,0.019611227154820193
0.5263157894736842,0,3,0.03274023503834028,0.1111111111111111,0.59375,0.75,0.3157894736842105,0.75,0,0,2,0,0,0.03246725912206007,0.035436735158874785
0.2807017543859649,0,8,0.0033571825272400626,0.0,0.3125,0.35714285714285715,0.42105263157894735,0.0,1,1,0,1,4,0.006716259953885001,0.002373379822818066
0.0,1,9,0.04995666207701565,0.2222222222222222,0.7083333333333333,0.5476190476190474,0.3157894736842105,0.8333333333333333,1,0,2,0,1,0.032937552787812435,0.03490034147683199
0.5614035087719298,1,7,0.02192600565813284,0.1111111111111111,0.5625,0.46428571428571425,0.21052631578947367,0.875,1,0,2,0,5,0.021649977796262772,0.01815755977586522
0.10526315789473684,1,1,0.002945240109084723,0.1111111111111111,0.59375,0.46428571428571425,0.4473684210526316,0.5,0,1,2,1,1,0.002663855576695384,0.0029359900345831734
0.15789473684210525,0,6,0.022665723842100992,0.2222222222222222,0.5208333333333334,0.5476190476190474,0.2982456140350877,1.0,1,0,1,1,1,0.014738459343247643,0.023364153868906553
0.15789473684210525,0,3,0.05669137728452696,0.1111111111111111,0.625,0.5714285714285714,0.28947368421052627,0.375,1,1,2,0,5,0.056425160757231425,0.04790090953067535
0.5789473684210525,0,6,0.004937579363127143,0.0,0.5,0.42857142857142855,0.47368421052631576,0.75,1,1,4,0,0,0.009877945651338281,0.003423434581396925
0.0,1,3,0.01688035315220907,0.2222222222222222,0.625,0.42857142857142855,0.24561403508771928,0.5833333333333334,0,1,0,1,0,0.010880457068262147,0.01851710075491412
0.9473684210526315,1,6,0.036121916778938265,0.0,0.625,0.5714285714285714,0.05263157894736842,0.0,1,0,4,1,3,0.07226422190377431,0.038669076497046595
0.5087719298245613,0,1,0.07269450053908148,0.2222222222222222,0.6875,0.5238095238095237,0.1929824561403509,0.8333333333333333,1,1,0,0,1,0.04810038974624102,0.07272417441012373
0.33333333333333337,0,6,0.12554246494093418,0.4444444444444445,0.525,0.5142857142857142,0.34736842105263155,0.7,1,1,2,1,1,0.049779612838760146,0.08638938810619629
0.2807017543859649,0,4,0.1325616871422794,0.5555555555555556,0.5416666666666666,0.46428571428571425,0.13157894736842105,0.7083333333333334,0,1,2,1,0,0.043729339835889315,0.09576907017372413
0.3508771929824561,0,0,0.0745291755007076,0.5555555555555556,0.5729166666666666,0.5119047619047619,0.2631578947368421,0.5416666666666666,1,1,2,0,6,0.024379710059574258,0.06170857217811284
0.4035087719298246,1,1,0.07931758626637322,0.2222222222222222,0.45833333333333337,0.5714285714285714,0.1929824561403509,0.5833333333333334,1,1,2,0,1,0.05251702632373108,0.07862877271975853
0.42105263157894735,0,6,0.07916426860858496,0.2222222222222222,0.47916666666666663,0.4047619047619047,0.1929824561403509,0.8333333333333333,0,1,2,0,5,0.05241478570610288,0.07974014454453178
0.4035087719298246,0,7,0.037089635706576085,0.0,0.375,0.42857142857142855,0.3684210526315789,0.25,1,0,2,1,5,0.07420020597004837,0.029179302424306084
0.3157894736842105,1,6,0.07275318010655972,0.6666666666666665,0.5267857142857143,0.5306122448979591,0.21052631578947367,0.6785714285714286,1,1,0,1,3,0.02030869081293798,0.07558804721344418
0.24561403508771928,0,3,0.042389763912540186,0.1111111111111111,0.4375,0.25,0.10526315789473684,0.25,0,0,2,0,5,0.04211951124505158,0.04140617800797227
0.26315789473684215,1,5,0.017807766922387086,0.0,0.375,0.49999999999999994,0.47368421052631576,1.0,0,0,3,0,6,0.035625585108495936,0.011908444910361244
0.24561403508771928,1,3,0.051829271304486314,0.1111111111111111,0.40625,0.39285714285714285,0.28947368421052627,1.0,1,0,2,1,5,0.05156168261442434,0.03796140439075485
0.5263157894736842,1,2,0.15335756779712756,0.7777777777777777,0.453125,0.5267857142857142,0.47368421052631576,0.71875,1,1,2,1,5,0.037856334409033736,0.10557740556692766
0.42105263157894735,1,3,0.011097748502534978,0.2222222222222222,0.45833333333333337,0.5238095238095237,0.17543859649122803,0.9166666666666667,1,1,2,0,0,0.007024299340501902,0.011491375632702413
0.0,1,8,0.07358911697524809,0.4444444444444445,0.525,0.47142857142857136,0.3263157894736842,0.65,0,1,1,1,5,0.02899240883177116,0.058310134752962775
0.42105263157894735,1,8,0.023813828106801552,0.1111111111111111,0.4375,0.46428571428571425,0.21052631578947367,0.75,0,0,2,1,6,0.023538333018113384,0.02392676408067166
0.33333333333333337,0,7,0.015763465627109723,0.1111111111111111,0.5,0.6071428571428572,0.3684210526315789,0.875,1,0,3,1,3,0.015485698599534106,0.015190083776183652
0.2807017543859649,1,1,0.11266555985543092,0.6666666666666665,0.5625,0.4795918367346938,0.3684210526315789,0.75,0,1,3,0,0,0.0317154461415314,0.12243959877038378
0.21052631578947367,1,7,0.04016626272600772,0.1111111111111111,0.625,0.46428571428571425,0.28947368421052627,0.875,0,1,1,1,0,0.03989538255151869,0.02753946284508052
0.5263157894736842,1,6,0.0016904457216964442,0.0,0.875,0.14285714285714285,0.3157894736842105,0.75,1,0,4,0,4,0.0033818455841242985,0.0016567801607238759
0.49122807017543857,0,2,0.008101929372324228,0.1111111111111111,0.5625,0.6071428571428572,0.3684210526315789,0.75,1,1,2,1,1,0.007822000138736303,0.00835471156330125
0.12280701754385964,1,7,0.004113299378213917,0.1111111111111111,0.5625,0.5714285714285714,0.28947368421052627,0.5,1,0,2,0,0,0.0038322444905185987,0.0036495848120414176
0.36842105263157887,1,6,0.02796387630505235,0.3333333333333333,0.5,0.2857142857142857,0.3289473684210526,0.8125,0,1,3,0,2,0.01356256048715019,0.024210921649505727
0.08771929824561403,0,6,0.05739237090544549,0.5555555555555556,0.5104166666666666,0.5357142857142856,0.3684210526315789,0.625,1,1,3,1,3,0.018665829769239896,0.05235458405167496
0.0,0,7,0.09086758234452334,0.2222222222222222,0.47916666666666663,0.4047619047619047,0.6842105263157894,0.41666666666666663,1,1,2,1,2,0.06021919676951268,0.093863842667376
0.15789473684210525,0,9,0.20969587980527868,0.8888888888888888,0.5694444444444444,0.4761904761904761,0.3216374269005848,0.8333333333333333,1,1,2,1,0,0.046110518550314984,0.1847952227734371
0.4736842105263158,0,3,0.03568922905914921,0.3333333333333333,0.484375,0.5178571428571428,0.25,0.5,0,1,3,0,0,0.017426326972214596,0.03075029095122106
0.49122807017543857,1,2,0.03945795885594206,0.2222222222222222,0.5208333333333334,0.4523809523809524,0.2982456140350877,0.8333333333333333,0,1,0,1,1,0.02593644204099941,0.031406575175332845
0.4035087719298246,0,1,0.10311066907154105,0.5555555555555556,0.47916666666666663,0.3809523809523809,0.32456140350877194,0.7083333333333334,1,1,2,1,6,0.033909563298833045,0.08821021754842176
0.4385964912280701,1,3,0.011009432789865704,0.2222222222222222,0.45833333333333337,0.49999999999999994,0.22807017543859648,0.8333333333333333,1,1,2,1,0,0.006965405582667105,0.010281495850733359
0.4035087719298246,1,7,0.18686616929312064,0.3333333333333333,0.359375,0.33928571428571425,0.3157894736842105,0.8125,0,1,3,0,7,0.09303612934413104,0.1568026320350664
0.15789473684210525,1,2,0.12904921121423832,0.0,0.25,0.49999999999999994,0.2631578947368421,0.75,1,0,2,1,2,0.25817126186200323,0.11344798231141998
0.38596491228070173,0,6,0.03699065098163804,0.0,0.625,0.49999999999999994,0.5263157894736843,1.0,1,0,1,0,3,0.07400218065008037,0.025327780654918527
0.45614035087719296,1,7,0.05369219939119455,0.1111111111111111,0.5,0.49999999999999994,0.2631578947368421,0.875,0,1,3,0,5,0.05342513644873406,0.03624931693310848
0.45614035087719296,0,1,0.0016039081777386318,0.0,0.6875,0.35714285714285715,0.3157894736842105,0.75,1,0,4,0,1,0.0032087216516971774,0.0018448685193130467
0.543859649122807,0,1,0.04262744579697226,0.4444444444444445,0.525,0.4857142857142857,0.3894736842105263,0.8,1,1,2,1,7,0.01660424521226358,0.033521447821354126
0.4385964912280701,1,4,0.27024667349088305,0.3333333333333333,0.46875,0.46428571428571425,0.42105263157894735,0.75,1,1,2,1,2,0.13473814708775309,0.23199111669003508
0.36842105263157887,0,6,0.012643964984301734,0.2222222222222222,0.5625,0.3809523809523809,0.3157894736842105,0.75,0,0,3,0,0,0.008055401239417158,0.009085072726047019
0.5087719298245613,0,1,0.0012992486051748267,0.0,0.125,0.42857142857142855,0.15789473684210525,1.0,1,0,3,2,1,0.0025992305471249865,0.000990392556386878
0.2807017543859649,0,7,0.055521934995288846,0.2222222222222222,0.5416666666666666,0.4047619047619047,0.1929824561403509,1.0,0,0,0,0,1,0.03664878180501725,0.03947534365863953
0.10526315789473684,1,9,0.006134286905940999,0.0,0.625,0.49999999999999994,0.3684210526315789,0.75,1,0,3,1,1,0.01227203619634072,0.004230921116465322
0.26315789473684215,0,7,0.012559798331959205,0.0,0.5625,0.5714285714285714,0.42105263157894735,0.5,1,0,0,0,3,0.02512668580911426,0.009808422491308918
0.14035087719298245,1,0,0.04486951896782444,0.0,0.9375,0.42857142857142855,0.3684210526315789,0.75,0,0,0,1,3,0.08976436370334226,0.03616992701004572
0.14035087719298245,0,9,0.03166661628521984,0.1111111111111111,0.59375,0.6428571428571428,0.13157894736842105,0.75,1,1,2,0,0,0.03139333737684435,0.026736026371912743
0.26315789473684215,0,1,0.12212680042051714,0.4444444444444445,0.48750000000000004,0.5285714285714285,0.3684210526315789,0.6,0,1,2,1,3,0.048412961448897104,0.12930506337867836
0.12280701754385964,1,1,0.08345024792611194,0.3333333333333333,0.5,0.5357142857142856,0.2368421052631579,0.625,0,1,4,1,0,0.041313575860990166,0.07733101094945122
0.22807017543859642,0,1,0.39985482240342424,1.0,0.55,0.49999999999999994,0.42105263157894735,0.8,0,1,3,1,3,0.07948554523860767,0.28447922213727256
0.0,0,5,0.014701108609161875,0.1111111111111111,0.6875,0.42857142857142855,0.21052631578947367,0.875,1,1,0,0,3,0.014423041767729735,0.011064507818187236
0.33333333333333337,0,6,0.024989790347981686,0.2222222222222222,0.7291666666666667,0.5476190476190474,0.3508771929824561,0.41666666666666663,0,0,1,1,6,0.016288274272578094,0.020155895156875013
0.29824561403508765,1,1,0.025986157549304174,0.1111111111111111,0.53125,0.5714285714285714,0.34210526315789475,0.375,1,1,2,0,3,0.025711275526145563,0.017396191687600697
0.12280701754385964,1,2,0.04689208708996171,0.3333333333333333,0.4375,0.5178571428571428,0.21052631578947367,0.75,1,1,2,1,4,0.02302933679897406,0.050587711885738434
0.42105263157894735,0,3,0.004183240680864751,0.0,0.8125,0.42857142857142855,0.10526315789473684,0.0,1,0,3,1,6,0.008368842514336578,0.003314736145870513
0.49122807017543857,0,7,0.17204276219147047,0.6666666666666665,0.4732142857142857,0.489795918367347,0.2706766917293233,0.8214285714285714,1,1,2,1,1,0.04868514886046648,0.1678750657808441
0.0,0,3,0.006066518920604174,0.0,0.5,0.6428571428571428,0.47368421052631576,0.75,1,0,2,0,6,0.012136461975284778,0.00437933628804946
0.12280701754385964,1,6,0.21210924989533506,0.8888888888888888,0.5555555555555556,0.49206349206349204,0.24561403508771928,0.75,1,1,2,1,7,0.04664697436832546,0.168799089580924
0.12280701754385964,1,7,0.009943914583097478,0.1111111111111111,0.625,0.6071428571428572,0.47368421052631576,0.75,1,0,3,0,0,0.009664505186702104,0.009540421621024647
0.08771929824561403,0,7,0.1930966748837819,0.3333333333333333,0.65625,0.49999999999999994,0.3026315789473684,0.375,0,1,2,0,0,0.0961522613127893,0.13240209781012718
0.45614035087719296,0,9,0.05151927722578811,0.2222222222222222,0.5625,0.5238095238095237,0.15789473684210525,0.6666666666666666,0,0,0,1,0,0.03397959021670596,0.04049639474812361
0.24561403508771928,1,1,0.0031256254461474687,0.0,0.4375,0.49999999999999994,0.15789473684210525,1.0,1,0,3,0,4,0.00625301509360056,0.0021184436683422602
0.22807017543859642,0,9,0.06095424040880494,0.1111111111111111,0.28125,0.3214285714285714,0.3157894736842105,0.875,1,1,2,1,3,0.06068922692851858,0.0659918392559174
0.0,0,2,0.07761508851229909,0.4444444444444445,0.4125,0.5428571428571427,0.3894736842105263,0.75,1,1,0,1,0,0.030603251923582774,0.0788364581520604
0.42105263157894735,1,6,0.2034062994985367,0.5555555555555556,0.5208333333333334,0.42857142857142855,0.24561403508771928,0.5833333333333334,0,0,2,1,1,0.06735087510919885,0.21567720606000745
0.03508771929824561,1,0,0.025788978396633175,0.3333333333333333,0.484375,0.5357142857142856,0.28947368421052627,0.5625,1,1,3,1,6,0.012474804637745087,0.02139482215699155
0.29824561403508765,1,6,0.045375111604783434,0.2222222222222222,0.5416666666666666,0.49999999999999994,0.3157894736842105,0.75,0,1,2,1,0,0.029882323815930784,0.04296863092055904
0.3508771929824561,0,4,0.0238754712887989,0.1111111111111111,0.40625,0.2857142857142857,0.4473684210526316,0.875,1,1,2,1,0,0.02359999359678606,0.02284731371152376
0.5789473684210525,1,9,0.08435928728627153,0.5555555555555556,0.6979166666666667,0.5238095238095237,0.2719298245614035,0.7916666666666667,1,1,2,1,4,0.027657338725471884,0.07923811106506524
0.017543859649122806,1,1,0.05660819850369078,0.3333333333333333,0.5,0.625,0.2631578947368421,0.625,0,1,4,0,0,0.027888763525554253,0.050823921947555445
0.0,0,1,0.19418036992626725,0.8888888888888888,0.5138888888888888,0.5793650793650793,0.34502923976608185,0.6944444444444444,1,1,2,1,4,0.042661654417006575,0.17651167036223928
0.33333333333333337,1,1,0.0258194048390293,0.0,0.75,0.7857142857142856,0.15789473684210525,1.0,1,0,2,1,6,0.05165338296219395,0.027722238219240913
0.6666666666666666,1,1,0.021854483761071818,0.2222222222222222,0.4375,0.4761904761904761,0.3508771929824561,0.5833333333333334,1,1,2,2,7,0.014197479992756199,0.01693779435893443
0.543859649122807,1,1,0.0954787689619466,1.0,0.51875,0.38571428571428573,0.2736842105263158,0.575,0,1,3,0,4,0.018593154608565008,0.09744357479889483
0.33333333333333337,0,1,0.13788631456160141,0.1111111111111111,0.5,0.35714285714285715,0.07894736842105263,0.75,0,0,4,1,2,0.13764301252243347,0.13183500204593449
0.19298245614035092,0,2,0.005815599557986773,0.0,0.8125,0.7857142857142856,0.3684210526315789,0.0,1,1,1,1,7,0.01163448162327007,0.006063726548181889
0.45614035087719296,1,6,0.005361376239358895,0.1111111111111111,0.53125,0.46428571428571425,0.2368421052631579,0.75,1,1,3,0,1,0.005080673578580379,0.005822421247199578
0.08771929824561403,0,5,0.1074582915710654,0.3333333333333333,0.40625,0.48214285714285715,0.22368421052631576,0.875,0,1,2,0,6,0.053320985407194,0.08046440883990028
0.38596491228070173,0,5,0.05274502819088918,0.3333333333333333,0.625,0.42857142857142855,0.2763157894736842,0.8125,1,1,1,1,0,0.025956633245447242,0.05798164424848532
0.4035087719298246,1,7,0.04852543383859009,0.1111111111111111,0.46875,0.6785714285714286,0.34210526315789475,0.75,1,0,3,1,6,0.04825691275364088,0.04863889177764272
0.5087719298245613,1,9,0.07080529507030385,0.2222222222222222,0.45833333333333337,0.6666666666666667,0.3508771929824561,0.75,0,1,4,1,0,0.046840563991394656,0.048508680110085044
0.8771929824561403,1,6,0.1034366666686424,0.1111111111111111,0.25,0.6071428571428572,0.3947368421052631,1.0,1,1,2,1,2,0.10318364239710241,0.09733801189516245
0.36842105263157887,1,6,0.07315484866104885,0.8888888888888888,0.6666666666666667,0.4523809523809524,0.40935672514619886,0.7222222222222222,1,1,3,0,4,0.015759504068006174,0.0521136706921669
0.17543859649122806,0,3,0.06960601906157343,0.1111111111111111,0.75,0.5714285714285714,0.2631578947368421,0.875,0,0,2,1,5,0.06934344724927613,0.05696224802300366
0.2807017543859649,0,7,0.02472444806137132,0.3333333333333333,0.4375,0.44642857142857145,0.25,0.5625,0,0,2,0,7,0.011942389256513739,0.0233135934187278
0.0,1,3,0.003395709515988404,0.1111111111111111,0.5625,0.35714285714285715,0.18421052631578946,0.5,0,0,3,1,4,0.0031144521131495333,0.0022255743379716556
0.14035087719298245,1,9,0.11556199911210108,0.0,0.375,0.5714285714285714,0.21052631578947367,0.0,0,0,2,1,2,0.23118922505103298,0.10800077970223945
0.21052631578947367,1,4,0.08191628105102415,0.5555555555555556,0.5625,0.5952380952380953,0.16666666666666669,0.8333333333333333,0,1,3,1,7,0.02684277349546376,0.08950989547704764
0.17543859649122806,0,2,0.012181641119321641,0.0,0.5625,0.49999999999999994,0.15789473684210525,0.5,0,0,3,2,3,0.024370157940014927,0.0104800359819693
0.3157894736842105,1,0,0.05097673819449096,0.4444444444444445,0.475,0.42857142857142855,0.2210526315789474,0.44999999999999996,1,1,2,1,0,0.019944904691915483,0.04177425460134936
0.12280701754385964,0,6,0.0401148934076766,0.1111111111111111,0.25,0.5357142857142856,0.34210526315789475,0.5,0,1,2,0,2,0.03984399873595813,0.04224467146855941
0.5263157894736842,1,6,0.019482011551379096,0.1111111111111111,0.625,0.49999999999999994,0.42105263157894735,0.875,1,0,2,0,1,0.019205293955939166,0.020271038852200267
0.29824561403508765,0,0,0.3854925537209465,0.1111111111111111,0.53125,0.6785714285714286,0.21052631578947367,0.75,1,1,2,1,2,0.3853191300561921,0.2954512753165886
0.2807017543859649,0,7,0.07070216128503906,0.2222222222222222,0.5625,0.4761904761904761,0.14035087719298245,0.5833333333333334,1,1,3,1,3,0.046771788730567435,0.07508927991292977
0.22807017543859642,1,7,0.028819175455265526,0.4444444444444445,0.55,0.5285714285714285,0.19999999999999996,0.44999999999999996,0,1,2,1,1,0.011079378311168134,0.030469747953760666
0.3157894736842105,0,1,0.03749130426106521,0.2222222222222222,0.6875,0.4523809523809524,0.2807017543859649,0.8333333333333333,1,1,2,0,0,0.024624968963846017,0.02694096821389483
0.45614035087719296,0,3,0.014493260444222108,0.0,0.25,0.6428571428571428,0.3684210526315789,0.75,1,0,0,1,6,0.028994701340465407,0.010711629844200652
0.10526315789473684,1,6,0.04699759176684178,0.0,0.125,0.6428571428571428,0.10526315789473684,1.0,0,1,2,2,6,0.09402171045259458,0.03785976090176501
0.15789473684210525,0,2,0.005224259674275055,0.1111111111111111,0.625,0.35714285714285715,0.3684210526315789,0.875,0,1,2,0,1,0.004943518317045651,0.003411197297589664
0.22807017543859642,1,6,0.002092311850486833,0.0,0.6875,0.35714285714285715,0.15789473684210525,0.25,0,0,2,0,4,0.004185804667587228,0.0018027130363044064
0.0,0,6,0.23219662910581626,0.6666666666666665,0.4821428571428571,0.4489795918367347,0.2706766917293233,0.6428571428571429,1,1,2,1,5,0.06587681836947691,0.23508005099768267
0.12280701754385964,1,1,0.023315150570387126,0.0,0.6875,0.35714285714285715,0.15789473684210525,0.75,1,0,3,1,2,0.04664346094503927,0.024862938066453417
0.19298245614035092,0,6,0.010136747101140459,0.1111111111111111,0.53125,0.75,0.10526315789473684,0.875,0,0,0,0,0,0.009857392125114058,0.007414574613724257
0.4736842105263158,0,9,0.016883119192426896,0.0,0.4375,0.5714285714285714,0.2631578947368421,0.75,0,0,2,1,7,0.03377576774831574,0.014397795860505765
0.3508771929824561,0,6,0.06030323308610862,0.0,0.4375,0.5714285714285714,0.3157894736842105,0.75,1,1,2,0,5,0.12064050321356358,0.05046603583250895
0.33333333333333337,0,6,0.09487616734306228,0.3333333333333333,0.328125,0.5357142857142856,0.25,0.5,0,1,0,1,1,0.04702814785653401,0.10062731539425916
0.4736842105263158,0,3,0.08049275821034826,0.4444444444444445,0.5375,0.5857142857142856,0.3157894736842105,0.8500000000000001,1,1,3,1,0,0.03175464465225903,0.06700130629738463
0.26315789473684215,1,7,0.07223533786292176,0.4444444444444445,0.5,0.5142857142857142,0.4105263157894737,0.7,0,1,0,1,4,0.02845074436373891,0.050648419265195095
0.36842105263157887,0,6,0.03776830343145071,0.1111111111111111,0.5625,0.39285714285714285,0.18421052631578946,0.375,1,0,1,0,2,0.03749674651513974,0.027899787707077926
0.26315789473684215,0,6,0.013554189790268954,0.1111111111111111,0.5625,0.6071428571428572,0.3684210526315789,0.875,1,1,2,1,4,0.013275799270310293,0.01136926408894598
0.3508771929824561,0,4,0.08431997000031809,0.4444444444444445,0.575,0.47142857142857136,0.29473684210526313,0.55,1,1,2,0,0,0.03328596140798769,0.09246082283670516
0.17543859649122806,0,2,0.09792750485193091,0.6666666666666665,0.4821428571428571,0.4183673469387755,0.3007518796992481,0.8214285714285714,1,1,2,0,3,0.02750338490885005,0.08073628557587438
0.0,0,1,0.03269992988088048,0.2222222222222222,0.6666666666666667,0.4523809523809524,0.4912280701754386,0.9166666666666667,0,1,4,1,7,0.021429817909591753,0.026351967276196632
0.26315789473684215,0,7,0.14065531839395012,0.4444444444444445,0.6125,0.49999999999999994,0.2736842105263158,0.8,1,1,2,1,0,0.05582646025392696,0.15310505616695524
0.5964912280701754,1,1,0.014853635969745054,0.4444444444444445,0.6375,0.5428571428571427,0.2210526315789474,0.8,0,1,2,0,4,0.005491585999016987,0.015156463907503206
0.49122807017543857,1,1,0.006482412824784985,0.0,0.8125,0.35714285714285715,0.15789473684210525,0.75,1,1,2,1,3,0.012968484527246167,0.005866536437579488
0.49122807017543857,1,2,0.009730731912023326,0.1111111111111111,0.6875,0.46428571428571425,0.18421052631578946,0.75,0,1,2,0,3,0.009451262352125778,0.007757218560327545
0.543859649122807,1,9,0.2006270218025217,0.8888888888888888,0.45138888888888884,0.43650793650793646,0.2573099415204678,0.6388888888888888,1,1,2,1,7,0.04409464802207114,0.17882242664728212
0.3157894736842105,0,6,0.021597044446512392,0.1111111111111111,0.59375,0.6071428571428572,0.34210526315789475,1.0,1,1,2,0,1,0.021320923746615338,0.016501345752826378
0.33333333333333337,1,5,0.001870040761554096,0.1111111111111111,0.5625,0.6785714285714286,0.05263157894736842,0.875,0,0,2,0,0,0.0015883527910008758,0.001749365446753183
0.15789473684210525,1,6,0.13204799395896819,0.2222222222222222,0.39583333333333337,0.5476190476190474,0.12280701754385964,0.9166666666666667,1,1,2,1,2,0.08768055235230166,0.08909896661581879
0.22807017543859642,2,6,0.05248106892438773,0.3333333333333333,0.53125,0.30357142857142855,0.2368421052631579,0.6875,1,1,3,1,0,0.025824616365468574,0.042637440374814504
0.42105263157894735,1,6,0.1438153217685192,0.2222222222222222,0.41666666666666663,0.3333333333333333,0.2631578947368421,0.5833333333333334,0,1,2,0,2,0.0955276515086387,0.12089277996771448
0.543859649122807,1,6,0.1337311294315175,0.7777777777777777,0.5078125,0.48214285714285715,0.24342105263157893,0.6875,1,1,2,1,0,0.032948340095245825,0.139467626766502
0.26315789473684215,1,8,0.0026870104973202007,0.2222222222222222,0.4375,0.6904761904761905,0.2807017543859649,0.6666666666666666,1,1,0,1,4,0.0014155582420068355,0.002086260918400746
0.19298245614035092,1,7,0.06145074462790536,0.1111111111111111,0.4375,0.5357142857142856,0.28947368421052627,0.75,0,1,2,1,3,0.061185871268917384,0.047371440148011035
0.29824561403508765,0,6,0.007945845674318126,0.1111111111111111,0.625,0.75,0.3157894736842105,0.375,0,1,0,1,0,0.0076658723914561355,0.007043928626238165
0.42105263157894735,0,8,0.11077437864364056,0.2222222222222222,0.45833333333333337,0.4761904761904761,0.2982456140350877,0.5833333333333334,1,1,2,0,1,0.07349413964289697,0.09276562265651661
0.0,0,9,0.11683911939553326,0.5555555555555556,0.5833333333333334,0.5833333333333333,0.24561403508771928,0.8333333333333333,1,1,2,1,7,0.038487004868353006,0.11018689859846954
0.0,1,0,0.01957625449308658,0.4444444444444445,0.55,0.6000000000000001,0.3789473684210526,0.65,1,1,3,1,0,0.007381166527238659,0.02142404357134981
0.17543859649122806,0,8,0.1358759960461431,0.4444444444444445,0.55,0.5857142857142856,0.16842105263157894,0.8999999999999999,0,1,4,0,6,0.05391419179483469,0.14077192089471355
0.03508771929824561,1,6,0.018547089957752685,0.2222222222222222,0.375,0.4761904761904761,0.21052631578947367,0.9166666666666667,0,1,2,1,0,0.011991928524849049,0.0200063912589735
0.17543859649122806,1,5,0.023781228347091423,0.1111111111111111,0.625,0.6071428571428572,0.34210526315789475,0.625,1,1,3,1,3,0.023505724058238416,0.021508398086419786
0.26315789473684215,1,2,0.11246028015640772,0.1111111111111111,0.625,0.5357142857142856,0.28947368421052627,0.75,1,1,0,1,2,0.11220980249049448,0.07898077971269123
0.19298245614035092,1,9,0.03759997012676566,0.3333333333333333,0.4375,0.49999999999999994,0.22368421052631576,0.75,1,0,2,0,1,0.018381967126611106,0.040106935569873325
0.5964912280701754,1,5,0.07110560800823963,0.1111111111111111,0.6875,0.5357142857142856,0.28947368421052627,0.875,1,1,2,1,2,0.07084345940352481,0.07651320328889413
0.3508771929824561,1,1,0.011982486223637907,0.0,0.6875,0.35714285714285715,0.05263157894736842,1.0,0,0,4,0,5,0.02397173573936073,0.012115520655925381
0.3508771929824561,2,0,0.013091668350987587,0.1111111111111111,0.625,0.39285714285714285,0.10526315789473684,0.875,1,0,3,1,1,0.012813147300205397,0.011427358525240947
0.42105263157894735,1,1,0.026834936747575318,0.0,0.4375,0.6428571428571428,0.05263157894736842,0.0,1,0,2,1,2,0.05368501997743459,0.025125321108940047
0.05263157894736842,1,1,0.010139513141358289,0.0,0.5625,0.42857142857142855,0.21052631578947367,0.75,1,0,2,0,1,0.020284749342830644,0.009409034129044206
0.5087719298245613,1,6,0.205458503765865,0.8888888888888888,0.4305555555555556,0.4603174603174603,0.26900584795321636,0.8333333333333333,1,1,2,1,4,0.04516861368507794,0.19983462682729647
0.2807017543859649,0,8,0.004070030606235011,0.0,0.5,0.0,0.5263157894736843,0.75,1,1,4,1,7,0.008142358465750415,0.004556537383464912
0.4385964912280701,1,1,0.07623364899779447,0.1111111111111111,0.84375,0.49999999999999994,0.3947368421052631,0.75,1,1,3,0,3,0.07597294760688772,0.08350713760263859
0.07017543859649122,0,3,0.09842163817941604,0.1111111111111111,0.8125,0.49999999999999994,0.21052631578947367,0.75,1,1,2,0,2,0.09816719858797275,0.06967652460443088
0.0,0,1,0.020457435876766586,0.3333333333333333,0.671875,0.5714285714285714,0.2763157894736842,0.625,0,1,2,1,1,0.009808281055241752,0.013796775384263778
0.45614035087719296,1,8,0.04949848727236231,0.0,0.6875,0.5714285714285714,0.3684210526315789,1.0,1,1,3,1,6,0.09902491304771442,0.04865626784966798
0.36842105263157887,1,1,0.12188319130704686,0.3333333333333333,0.453125,0.42857142857142855,0.40789473684210525,0.9375,1,1,3,1,0,0.060535470741956594,0.11340212515893228
0.10526315789473684,1,0,0.030311059004182055,0.2222222222222222,0.47916666666666663,0.3095238095238095,0.22807017543859648,0.75,0,1,2,1,1,0.019836787873841136,0.02793919959976679
0.10526315789473684,0,9,0.06656357239626212,0.2222222222222222,0.7708333333333333,0.4523809523809524,0.3157894736842105,0.9166666666666667,1,1,2,0,0,0.04401195082147239,0.06439502614075437
0.5263157894736842,1,7,0.0422388171463672,0.2222222222222222,0.5625,0.4523809523809524,0.2982456140350877,0.8333333333333333,1,1,3,0,5,0.027790870769242727,0.04569771940578885
0.03508771929824561,1,1,0.15339194572554915,0.3333333333333333,0.546875,0.48214285714285715,0.18421052631578946,0.6875,0,1,0,1,0,0.07629429408420106,0.13767519130663358
0.631578947368421,1,0,0.17513914664102945,1.0,0.44999999999999996,0.4857142857142857,0.4473684210526316,0.65,1,1,4,1,1,0.03452972642663705,0.15116686202771704
0.10526315789473684,0,8,0.04809551215901887,0.0,0.5625,0.5714285714285714,0.21052631578947367,1.0,1,1,4,0,6,0.09621817093774869,0.05019507362664143
0.42105263157894735,1,0,0.008500436737992965,0.0,0.4375,0.5714285714285714,0.2631578947368421,1.0,0,0,2,1,7,0.017005671389827465,0.007176622589799454
0.22807017543859642,1,6,0.1580039226401775,0.6666666666666665,0.4017857142857143,0.5510204081632653,0.2556390977443609,0.8214285714285714,0,1,2,1,6,0.044672919851157455,0.10899478683000001
0.42105263157894735,0,9,0.15883788376585314,0.2222222222222222,0.45833333333333337,0.4523809523809524,0.4385964912280702,0.5,0,1,3,1,1,0.10554551924234959,0.13399133339012131
0.17543859649122806,0,1,0.017391477869603728,0.1111111111111111,0.625,0.6071428571428572,0.2631578947368421,0.375,1,1,2,1,0,0.017114170292684187,0.014352330649492314
0.26315789473684215,0,3,0.0307020585464024,0.1111111111111111,0.40625,0.49999999999999994,0.2368421052631579,0.25,0,1,1,0,1,0.0304285074246649,0.021426395220195335
0.29824561403508765,1,5,0.24040742191814224,0.7777777777777777,0.4609375,0.40178571428571425,0.2631578947368421,0.71875,1,1,2,1,2,0.05962493964872047,0.2600733313788519
0.07017543859649122,0,6,0.05004576808689002,0.2222222222222222,0.5833333333333334,0.49999999999999994,0.2631578947368421,0.5833333333333334,0,1,2,1,0,0.032996973559140164,0.04467301019587842
0.4385964912280701,0,5,0.17820490707389103,0.6666666666666665,0.625,0.6122448979591837,0.4060150375939849,0.8928571428571428,1,0,3,0,1,0.05044625855664047,0.1628068270282144
0.17543859649122806,1,3,0.14181903102845134,0.5555555555555556,0.5208333333333334,0.5357142857142856,0.2368421052631579,0.9583333333333333,0,1,3,1,5,0.04681599198728685,0.11932074626353484
0.24561403508771928,0,9,0.08993839040563387,0.1111111111111111,0.46875,0.39285714285714285,0.21052631578947367,0.625,1,0,3,0,4,0.0896815567082658,0.07690418668398874
0.08771929824561403,1,6,0.11186617423247817,0.1111111111111111,0.5625,0.39285714285714285,0.34210526315789475,1.0,1,1,2,1,2,0.11161552890053061,0.09621853994658795
0.0,0,7,0.007397576988284042,0.1111111111111111,0.53125,0.6785714285714286,0.18421052631578946,0.75,1,1,4,1,0,0.007117448975377073,0.007965383032209054
0.24561403508771928,1,5,0.012240715835402429,0.2222222222222222,0.6041666666666666,0.49999999999999994,0.24561403508771928,0.9166666666666667,1,1,4,0,0,0.007786492604650221,0.010730660780228314
0.7894736842105262,0,6,0.021975794382053774,0.0,0.625,0.42857142857142855,0.05263157894736842,0.25,0,0,3,1,3,0.043963992593615865,0.022528229802428402
0.45614035087719296,1,6,0.1462192082921144,0.4444444444444445,0.625,0.49999999999999994,0.16842105263157894,0.75,0,1,1,1,5,0.058052644300082265,0.15905211480296755
0.2807017543859649,0,4,0.15599518471912935,0.5555555555555556,0.625,0.4880952380952381,0.3508771929824561,0.7083333333333334,1,1,0,0,0,0.0515427101286789,0.1494835169448493
0.22807017543859642,1,1,0.007175503473652578,0.0,0.6875,0.5714285714285714,0.05263157894736842,0.75,0,0,4,0,3,0.014355057027141918,0.007738753761984918
0.29824561403508765,0,4,0.11904068983462437,0.4444444444444445,0.5125,0.4428571428571428,0.21052631578947367,0.6,0,1,2,1,0,0.04717816883496486,0.12360170524154655
0.4035087719298246,0,6,0.22628125452568634,0.8888888888888888,0.5138888888888888,0.5714285714285714,0.3216374269005848,0.6111111111111112,0,1,2,0,1,0.04979719752230754,0.17417195395715435
0.03508771929824561,1,1,0.12334563628507363,0.2222222222222222,0.5208333333333334,0.5476190476190474,0.22807017543859648,0.9166666666666667,1,1,2,1,5,0.08187734327491585,0.13047457318879926
0.5263157894736842,0,0,0.021308783540954286,0.3333333333333333,0.59375,0.5178571428571428,0.34210526315789475,0.75,0,1,2,0,7,0.010234075019184937,0.01669775198048027
0.4385964912280701,2,2,0.015612914009539281,0.1111111111111111,0.4375,0.5714285714285714,0.28947368421052627,0.625,1,1,3,0,1,0.015335104493929691,0.014934189542548559
0.4385964912280701,1,3,0.0060937841741799245,0.1111111111111111,0.5,0.6428571428571428,0.21052631578947367,0.5,0,1,3,0,1,0.0058132882104380695,0.005165745081613538
0.38596491228070173,1,3,0.04871016581028086,0.2222222222222222,0.625,0.49999999999999994,0.2982456140350877,0.41666666666666663,1,1,2,1,7,0.03210632075609044,0.03855885384467586
0.29824561403508765,0,5,0.04610218503347008,0.1111111111111111,0.6875,0.46428571428571425,0.28947368421052627,1.0,0,1,2,0,5,0.04583298006960135,0.04130213932108421
0.4385964912280701,1,6,0.08936186859451768,0.2222222222222222,0.6041666666666666,0.5714285714285714,0.3508771929824561,0.5,1,0,2,0,6,0.05921510431211003,0.08727382581737653
0.42105263157894735,1,7,0.4034811011289989,1.0,0.5875,0.5071428571428571,0.3105263157894737,0.6,1,1,2,1,7,0.08021100566229884,0.37912781873421025
0.21052631578947367,1,6,0.024477677759080666,0.0,0.6875,0.49999999999999994,0.15789473684210525,1.0,0,0,2,1,3,0.0489691714893342,0.02613513654282884
0.17543859649122806,1,3,0.0037948096045609635,0.0,0.5625,0.35714285714285715,0.15789473684210525,1.0,0,0,2,1,1,0.007591761119013019,0.0039015596309339724
0.3157894736842105,1,1,0.28822178584644886,0.4444444444444445,0.5625,0.5571428571428572,0.2421052631578947,0.65,0,1,4,1,3,0.1148697054659929,0.269955656612584
0.6140350877192983,1,1,0.263111277600389,0.7777777777777777,0.53125,0.49999999999999994,0.256578947368421,0.78125,0,1,3,1,2,0.06530250541555771,0.2834242898847919
0.03508771929824561,0,7,0.18586110882254214,0.5555555555555556,0.5416666666666666,0.46428571428571425,0.3859649122807018,0.75,1,1,3,0,6,0.061500827707628984,0.16537839858984685
0.0,0,6,0.056266592536788826,0.3333333333333333,0.53125,0.6785714285714286,0.3157894736842105,0.875,0,1,2,0,3,0.027717912338815386,0.04108282629171281
0.3157894736842105,1,6,0.01262420755417438,0.1111111111111111,0.625,0.5714285714285714,0.3157894736842105,0.875,1,0,2,1,0,0.012345554578604293,0.012077241038606584
0.29824561403508765,0,2,0.06230979768984273,0.3333333333333333,0.625,0.5714285714285714,0.18421052631578946,0.9375,1,1,3,0,1,0.030740367659105535,0.055593806140172564
0.33333333333333337,0,7,0.14918302038551884,0.2222222222222222,0.5416666666666666,0.6190476190476191,0.22807017543859648,0.9166666666666667,0,0,3,0,2,0.09910712715261132,0.12077419589722634
0.33333333333333337,0,9,0.03403652002899601,0.3333333333333333,0.421875,0.5357142857142856,0.42105263157894735,0.75,0,1,4,1,0,0.016599739246899035,0.03092919045969161
0.24561403508771928,1,2,0.07493657370993366,0.1111111111111111,0.28125,0.49999999999999994,0.3947368421052631,0.875,1,0,2,0,2,0.07467550626398356,0.0769647198672346
0.5964912280701754,1,6,0.10230911013127429,0.4444444444444445,0.5375,0.5857142857142856,0.2421052631578947,0.8,1,1,2,0,6,0.040483648187663174,0.09429789607558582
0.0,0,3,0.027066098680065365,0.1111111111111111,0.625,0.5714285714285714,0.2631578947368421,0.625,0,0,0,1,4,0.026791521433276434,0.020906201785755037
0.12280701754385964,0,6,0.12955164266237693,0.3333333333333333,0.453125,0.48214285714285715,0.2763157894736842,0.875,1,1,0,1,5,0.06437077849840285,0.11529398310610309
0.26315789473684215,0,5,0.031277987634614784,0.3333333333333333,0.546875,0.6071428571428572,0.3026315789473684,0.875,0,1,4,1,1,0.015220083799097974,0.030729039013505956
0.0,0,4,0.016809226403750592,0.1111111111111111,0.625,0.42857142857142855,0.47368421052631576,0.875,0,1,0,0,3,0.016531754506311214,0.012700907022249908
0.24561403508771928,1,3,0.09969125063939983,0.4444444444444445,0.5625,0.5142857142857142,0.4105263157894737,0.75,0,1,4,1,1,0.03943620887046713,0.07817137701930425
0.631578947368421,0,2,0.00896177273146669,0.1111111111111111,0.625,0.6785714285714286,0.3947368421052631,0.375,1,1,2,1,5,0.008682086159196151,0.00981086123825983
0.29824561403508765,1,6,0.045421541565582715,0.1111111111111111,0.71875,0.6428571428571428,0.10526315789473684,0.75,1,0,2,0,3,0.04515214451342391,0.03814766368913084
0.33333333333333337,1,7,0.005048616120442875,0.2222222222222222,0.41666666666666663,0.35714285714285715,0.22807017543859648,0.5833333333333334,0,1,2,1,1,0.0029904063122514098,0.004513336723191595
0.017543859649122806,0,9,0.23641839677542936,0.6666666666666665,0.5089285714285714,0.489795918367347,0.20300751879699247,0.6785714285714286,1,1,2,1,4,0.06708337811771653,0.23013488186796868
0.15789473684210525,1,6,0.10874370997515108,1.0,0.54375,0.4071428571428571,0.2263157894736842,0.8999999999999999,1,1,2,1,0,0.02124689152619616,0.09098050343750093
0.21052631578947367,1,1,0.038124134748044367,0.3333333333333333,0.640625,0.42857142857142855,0.3026315789473684,0.375,1,1,0,1,3,0.018644123400999888,0.029190015491269025
0.22807017543859642,0,7,0.13953033032249856,0.4444444444444445,0.44999999999999996,0.4428571428571428,0.3368421052631579,0.8999999999999999,1,1,2,1,2,0.05537633802961644,0.10597596649719117
0.5614035087719298,1,0,0.009096715979236522,0.0,0.3125,0.7857142857142856,0.10526315789473684,0.5,1,1,3,0,7,0.018198566431071872,0.007816619468203357
0.4035087719298246,0,1,0.02185705222698837,0.2222222222222222,0.375,0.5476190476190474,0.3157894736842105,0.8333333333333333,1,0,0,0,1,0.014199192786608217,0.017824365973696722
0.05263157894736842,2,8,0.11424477124551038,1.0,0.5375,0.592857142857143,0.39999999999999997,0.55,1,1,2,1,1,0.022347414277467465,0.08154891089916078
0.33333333333333337,0,6,0.015141501726700608,0.1111111111111111,0.625,0.46428571428571425,0.5263157894736843,0.875,1,1,0,0,1,0.014863559171131625,0.016551862653952434
0.38596491228070173,1,1,0.0156508482753838,0.0,0.1875,0.5714285714285714,0.47368421052631576,0.75,1,1,2,1,0,0.031310530381767905,0.015036312071118042
0.5263157894736842,1,0,0.025685251888464565,0.2222222222222222,0.5833333333333334,0.42857142857142855,0.22807017543859648,0.5,1,0,2,1,0,0.016752046146355466,0.022220773490402575
0.6140350877192983,1,6,0.021749966955698113,0.2222222222222222,0.45833333333333337,0.42857142857142855,0.24561403508771928,0.75,1,0,2,0,1,0.014127782458316362,0.017582973574609022
0.07017543859649122,1,2,0.014614175916601517,0.3333333333333333,0.625,0.6428571428571428,0.42105263157894735,0.6875,1,1,2,1,0,0.006885826545234853,0.010991737351134097
0.12280701754385964,1,6,0.028560945843501,0.2222222222222222,0.45833333333333337,0.5238095238095237,0.21052631578947367,0.9166666666666667,0,1,2,0,0,0.01866971649375024,0.02552383849015086
0.017543859649122806,0,6,0.032470743691403174,0.4444444444444445,0.5125,0.45714285714285713,0.15789473684210525,0.8500000000000001,0,1,2,0,1,0.012540417817614728,0.02390799443896017
0.24561403508771928,1,6,0.03425681537491601,0.3333333333333333,0.546875,0.5892857142857142,0.43421052631578944,0.75,1,1,2,0,1,0.016709918005264467,0.023851598415720304
0.38596491228070173,0,8,0.05236390736373251,0.2222222222222222,0.45833333333333337,0.5952380952380953,0.10526315789473684,0.41666666666666663,1,0,1,1,3,0.03454283588727365,0.05412824986983188
0.49122807017543857,1,3,0.023094657650165856,0.1111111111111111,0.4375,0.5714285714285714,0.13157894736842105,0.875,1,1,2,0,0,0.022818959600265535,0.019417346772222604
0.2807017543859649,0,5,0.050753676808353125,0.0,0.875,0.2857142857142857,0.3157894736842105,0.5,0,0,2,1,6,0.10153600058814705,0.03808974344904665
0.22807017543859642,0,1,0.029046188327428828,0.2222222222222222,0.5208333333333334,0.6666666666666667,0.631578947368421,0.5833333333333334,1,1,2,1,0,0.018993302778408546,0.03171538150799221
0.3157894736842105,1,3,0.005536427070287255,0.0,0.5,0.6428571428571428,0.42105263157894735,1.0,1,0,2,0,7,0.011075979074138742,0.005947537675591958
0.10526315789473684,1,7,0.07933536795348785,0.1111111111111111,0.375,0.2857142857142857,0.34210526315789475,0.125,0,0,2,0,6,0.07907554191644635,0.062268830741032434
0.7368421052631579,0,8,0.014359305067958643,0.2222222222222222,0.5,0.5238095238095237,0.2631578947368421,0.6666666666666666,0,1,2,1,0,0.00919928402581918,0.01457734860476674
0.0,0,0,0.034465651411362146,0.3333333333333333,0.4375,0.6428571428571428,0.3157894736842105,0.6875,0,0,4,1,0,0.0168143654918943,0.031016506310344832
0.33333333333333337,0,0,0.02017332403153523,0.1111111111111111,0.6875,0.5357142857142856,0.28947368421052627,0.875,1,0,0,0,4,0.019896801535348407,0.02076984970176738
0.719298245614035,1,6,0.025866822671334954,0.1111111111111111,0.375,0.42857142857142855,0.2368421052631579,0.75,1,1,4,0,3,0.025591906969997184,0.025817751046788583
0.29824561403508765,1,3,0.049194617997003594,0.2222222222222222,0.5625,0.4761904761904761,0.3157894736842105,0.9166666666666667,1,1,3,1,0,0.032429380027255816,0.04526832574621738
0.24561403508771928,0,7,0.053789998670324954,0.1111111111111111,0.28125,0.25,0.15789473684210525,0.625,1,1,2,1,5,0.05352296332835897,0.05827991171039253
0.21052631578947367,0,8,0.11153899118956918,0.2222222222222222,0.6041666666666666,0.4523809523809524,0.4035087719298245,0.8333333333333333,0,1,2,1,0,0.07400402519730562,0.1158157878554931
0.24561403508771928,1,1,0.36528129542356674,0.1111111111111111,0.5625,0.5714285714285714,0.4473684210526316,0.875,1,0,2,0,2,0.3651021678238895,0.2760691161789434
0.5789473684210525,0,1,0.013564661228236451,0.2222222222222222,0.45833333333333337,0.5476190476190474,0.3157894736842105,0.6666666666666666,1,1,0,1,0,0.008669371958679244,0.009522174567945496
0.0,1,7,0.08858204282739099,0.7777777777777777,0.5703125,0.49999999999999994,0.2368421052631579,0.625,0,1,2,0,1,0.02165788299865671,0.06380950912727175
0.6140350877192983,1,6,0.171203861708263,1.0,0.44999999999999996,0.5285714285714285,0.2789473684210526,0.8,0,1,2,1,4,0.03374244732022531,0.15914879369995016
0.0,1,6,0.196691539295454,0.1111111111111111,0.5625,0.42857142857142855,0.2368421052631579,0.875,1,0,3,0,2,0.19646483301544534,0.18300548735483577
0.22807017543859642,1,9,0.41515576659125253,0.2222222222222222,0.5,0.5952380952380953,0.22807017543859648,0.9166666666666667,1,1,2,0,2,0.2764723324174497,0.30903722973675646
0.19298245614035092,0,3,0.031963372885732706,0.1111111111111111,0.375,0.5714285714285714,0.2368421052631579,0.75,1,1,2,1,4,0.03169017772673651,0.023423467678676976
0.42105263157894735,1,9,0.1008901314995277,0.4444444444444445,0.44999999999999996,0.3714285714285714,0.2526315789473684,0.8500000000000001,0,1,2,1,6,0.039915896551730945,0.0719211298784302
0.0,1,5,0.013816568462360219,0.1111111111111111,0.53125,0.3214285714285714,0.21052631578947367,0.875,0,0,3,0,3,0.01353825198978885,0.013600194960399105
0.38596491228070173,0,1,0.0008387029089061951,0.0,0.6875,0.42857142857142855,0.2631578947368421,1.0,0,0,2,0,1,0.0016778792081121605,0.0009672244603532037
0.719298245614035,0,3,0.009943519434494931,0.0,0.6875,0.42857142857142855,0.3157894736842105,1.0,0,1,2,0,7,0.01989265130409159,0.009095655145851877
0.0,0,6,0.01526893715102204,0.3333333333333333,0.40625,0.39285714285714285,0.28947368421052627,0.9375,0,1,2,0,7,0.007213299554403502,0.014670238734164912
0.33333333333333337,0,8,0.3509107286204355,0.3333333333333333,0.5,0.6428571428571428,0.2368421052631579,0.8125,1,1,3,1,2,0.17508155698494787,0.351224939044391
0.15789473684210525,1,7,0.013461132294369113,0.1111111111111111,0.375,0.6428571428571428,0.7894736842105263,0.875,1,1,2,0,4,0.013182715512121738,0.010936473603264298
0.38596491228070173,0,1,0.22720807557296055,0.1111111111111111,0.71875,0.35714285714285715,0.2631578947368421,0.875,1,1,0,1,2,0.22698998153937608,0.20884692908629035
0.29824561403508765,0,1,0.06704604883997213,0.2222222222222222,0.5208333333333334,0.3809523809523809,0.3333333333333333,0.8333333333333333,1,1,2,1,1,0.044333692558905444,0.06348759452975122
0.15789473684210525,0,7,0.07604634856018715,0.6666666666666665,0.6517857142857142,0.5306122448979591,0.3082706766917293,0.6071428571428571,1,1,3,1,1,0.021249861623667023,0.051606411326376986
0.38596491228070173,1,1,0.005402471694023793,0.1111111111111111,0.5,0.5714285714285714,0.631578947368421,0.875,1,0,4,0,0,0.005121780631028829,0.004305520643731645
0.6666666666666666,1,1,0.0027869830937646144,0.0,0.375,0.49999999999999994,0.15789473684210525,1.0,1,0,0,1,6,0.00557553924844055,0.0029470514939676723
0.24561403508771928,0,5,0.01225968296832469,0.2222222222222222,0.5625,0.5952380952380953,0.22807017543859648,0.41666666666666663,1,1,1,1,4,0.007799140928480514,0.012666503270620957
0.4385964912280701,1,5,0.13832315134171722,0.2222222222222222,0.5416666666666666,0.4761904761904761,0.3684210526315789,0.9166666666666667,1,1,2,1,1,0.0918651712395298,0.10721280314277835
0.017543859649122806,0,1,0.008052733371307115,0.0,0.6875,0.5714285714285714,0.3157894736842105,0.25,1,0,3,0,3,0.01611001195859492,0.00535714316820752
0.08771929824561403,0,7,0.00769354329159181,0.0,0.8125,0.6428571428571428,0.21052631578947367,0.75,1,0,4,0,2,0.01539142906098646,0.008271881265075595
0.38596491228070173,0,9,0.2680190232440238,0.3333333333333333,0.65625,0.6607142857142856,0.4473684210526316,0.8125,1,0,2,1,0,0.13362400762535823,0.19769932967556128
0.5964912280701754,0,6,0.04360267254805847,0.0,0.6875,0.42857142857142855,0.5789473684210527,1.0,1,0,2,0,2,0.08722995581584751,0.04259476230317353
0.36842105263157887,0,9,0.17026400075710474,0.2222222222222222,0.41666666666666663,0.49999999999999994,0.3508771929824561,0.6666666666666666,1,1,2,0,2,0.1131650803231146,0.15725776318478057
0.22807017543859642,1,6,0.04197307971115428,0.2222222222222222,0.6458333333333333,0.4761904761904761,0.1929824561403509,0.6666666666666666,1,1,2,1,3,0.027613662482245407,0.029637525556761576
0.2807017543859649,0,2,0.11888361826511193,0.2222222222222222,0.6041666666666666,0.5714285714285714,0.3333333333333333,1.0,0,1,3,1,2,0.0789018250938397,0.1051980497689026
0.017543859649122806,0,3,0.0013354047023078853,0.0,0.5,0.2857142857142857,0.10526315789473684,0.75,1,0,2,1,0,0.0026715631490294685,0.0008457226033344988
0.42105263157894735,1,3,0.0009424294170748057,0.0,0.3125,0.6428571428571428,0.2631578947368421,1.0,1,0,2,1,1,0.0018853907709528868,0.0005991478669761088
0.4736842105263158,1,9,0.023140890036663864,0.2222222222222222,0.6041666666666666,0.4047619047619047,0.1929824561403509,0.8333333333333333,1,1,0,2,4,0.0150553262058711,0.018475424311485123
0.19298245614035092,1,6,0.21393128010167967,0.2222222222222222,0.5,0.4047619047619047,0.21052631578947367,0.5833333333333334,1,1,2,0,5,0.14228481561477738,0.1900336512239984
0.19298245614035092,0,1,0.029457538022680346,0.1111111111111111,0.59375,0.21428571428571425,0.3157894736842105,0.875,0,0,3,0,6,0.02918363567768039,0.030713579099799278
0.3508771929824561,1,3,0.03936391348853586,0.1111111111111111,0.71875,0.39285714285714285,0.3684210526315789,0.625,1,0,0,0,3,0.039092806878474703,0.036477862361651195
0.19298245614035092,0,5,0.09997931397065665,0.2222222222222222,0.5,0.4761904761904761,0.22807017543859648,0.75,1,1,3,1,2,0.06629539883623563,0.08939906313793917
0.2807017543859649,1,6,0.022831291106568223,0.2222222222222222,0.4375,0.4047619047619047,0.2807017543859649,0.8333333333333333,1,0,2,0,5,0.014848868670016233,0.024535884680714895
0.7368421052631579,1,5,0.15232326632996057,0.2222222222222222,0.5416666666666666,0.3095238095238095,0.22807017543859648,0.9166666666666667,0,1,2,1,1,0.10120121526676401,0.14815239660017773
0.24561403508771928,0,1,0.057977585985817724,0.2222222222222222,0.47916666666666663,0.5238095238095237,0.3333333333333333,0.5833333333333334,0,1,3,1,6,0.03828634448092036,0.05633170128903454
0.21052631578947367,1,6,0.007812680595259757,0.0,0.375,0.2857142857142857,0.2631578947368421,0.25,1,0,2,0,1,0.015629770913163525,0.006434590280931455
0.15789473684210525,0,0,0.021641498664298934,0.2222222222222222,0.5833333333333334,0.49999999999999994,0.4561403508771929,0.8333333333333333,0,1,3,0,1,0.014055449856411877,0.01787017957713173
0.4385964912280701,0,6,0.005575744356240691,0.1111111111111111,0.6875,0.46428571428571425,0.28947368421052627,0.875,1,0,2,0,4,0.005295102193515797,0.00396923485882181
0.24561403508771928,0,7,0.0088997344008668,0.0,0.125,0.42857142857142855,0.05263157894736842,0.75,0,0,4,0,4,0.01780449209173434,0.009098485834277041
0.15789473684210525,1,6,0.023023530901707376,0.2222222222222222,0.5416666666666666,0.42857142857142855,0.3157894736842105,0.5833333333333334,1,0,2,0,7,0.014977064702171168,0.023857433988781415
0.5614035087719298,0,1,0.026710267363471714,0.1111111111111111,0.34375,0.35714285714285715,0.15789473684210525,0.375,1,1,2,0,1,0.026435589695489627,0.022028678618965476
0.5964912280701754,0,3,0.03273411023500081,0.2222222222222222,0.5416666666666666,0.5476190476190474,0.2807017543859649,0.5833333333333334,1,1,1,0,1,0.021452611243160932,0.032789649539869424
0.15789473684210525,0,3,0.1924146483957856,0.4444444444444445,0.5625,0.5714285714285714,0.28421052631578947,0.8500000000000001,1,1,2,1,2,0.07653603517340751,0.20943349127703764
0.0,0,7,0.26366330019814727,0.2222222222222222,0.5,0.4523809523809524,0.24561403508771928,0.5833333333333334,1,1,3,0,2,0.17544885245117595,0.19213532850705312
0.5087719298245613,0,7,0.002035410451720052,0.0,0.5,0.6428571428571428,0.3157894736842105,0.25,1,0,4,1,1,0.0040719697531146,0.0023187693107386913
0.14035087719298245,0,6,0.06447145812007657,0.2222222222222222,0.625,0.5238095238095237,0.2631578947368421,0.9166666666666667,0,1,2,1,0,0.04261681435231655,0.05523186996322544
0.45614035087719296,0,7,0.01172050270014919,0.0,0.6875,0.42857142857142855,0.3157894736842105,0.75,1,0,2,1,6,0.02344762082064301,0.010406525181020348
0.0,1,8,0.030494803104366454,0.1111111111111111,0.59375,0.5357142857142856,0.28947368421052627,0.75,0,1,2,0,6,0.030221193491884023,0.029495816939292447
0.4736842105263158,1,9,0.10939471729784742,0.2222222222222222,0.6458333333333333,0.5238095238095237,0.1929824561403509,0.75,1,1,2,1,5,0.07257410583761648,0.10749752684929745
0.03508771929824561,1,6,0.05933037722663768,0.2222222222222222,0.5208333333333334,0.5714285714285714,0.24561403508771928,0.6666666666666666,0,1,2,1,6,0.03918845982744128,0.058680388798974616
0.4385964912280701,1,6,0.04240319896502679,0.3333333333333333,0.65625,0.5892857142857142,0.2763157894736842,1.0,1,1,2,0,5,0.02078425931909725,0.04366894323694535
0.29824561403508765,1,8,0.024621116701805258,0.2222222222222222,0.625,0.4523809523809524,0.3333333333333333,0.41666666666666663,0,0,0,1,1,0.0160424224781268,0.016457187013393774
0.08771929824561403,1,3,0.14512504181166153,0.5555555555555556,0.59375,0.4523809523809524,0.41228070175438597,0.75,1,1,0,1,4,0.047918306584434106,0.13301256843080395
0.21052631578947367,0,3,0.01940515514818369,0.3333333333333333,0.546875,0.37499999999999994,0.28947368421052627,0.875,1,1,2,1,3,0.009281992205865699,0.01856474341856231
0.4385964912280701,1,5,0.019685117933088303,0.1111111111111111,0.6875,0.46428571428571425,0.3157894736842105,0.375,1,1,4,1,6,0.019408457657463234,0.018136264289097426
0.3157894736842105,0,1,0.10267086867690615,0.4444444444444445,0.5125,0.5571428571428572,0.34736842105263155,0.7,0,1,3,0,6,0.04062839244349608,0.08795123133204533
0.42105263157894735,1,7,0.07717864688078584,0.3333333333333333,0.4375,0.42857142857142855,0.34210526315789475,0.875,1,1,2,1,0,0.038176890366107705,0.07022367490248932
0.7017543859649124,1,4,0.004225719155638563,0.0,0.6875,0.0,0.0,0.5,1,0,2,2,1,0.008453823440071352,0.003300713350902763
0.0,1,2,0.13605499836309692,0.1111111111111111,0.625,0.46428571428571425,0.13157894736842105,0.125,0,1,2,1,2,0.13581117949769947,0.12391321161547302
0.631578947368421,1,6,0.2484141204772526,0.2222222222222222,0.625,0.5952380952380953,0.2982456140350877,0.8333333333333333,1,1,0,1,0,0.16527986359836774,0.17066786653016652
0.3157894736842105,0,6,0.38222625537229216,0.7777777777777777,0.453125,0.6071428571428572,0.26973684210526316,0.78125,0,1,2,1,6,0.09508965388849987,0.2972123990075694
0.10526315789473684,0,6,0.42244191167361833,0.3333333333333333,0.546875,0.5714285714285714,0.18421052631578946,0.625,0,1,2,1,2,0.2108572421238986,0.40397176941368873
0.017543859649122806,1,0,0.00827658505465004,0.2222222222222222,0.5,0.5238095238095237,0.2982456140350877,0.8333333333333333,1,1,0,1,1,0.005142992924119214,0.006076878362095741
0.24561403508771928,1,1,0.21806413933571964,0.2222222222222222,0.6041666666666666,0.4047619047619047,0.15789473684210525,0.75,1,0,0,1,2,0.14504083267604867,0.19915486966378215
0.49122807017543857,1,6,0.010956680451425668,0.0,0.375,0.35714285714285715,0.42105263157894735,0.25,1,0,2,0,6,0.021919545197895872,0.010673567972145331
0.26315789473684215,0,8,0.04962829358829902,0.2222222222222222,0.45833333333333337,0.23809523809523808,0.3157894736842105,0.8333333333333333,1,1,2,0,7,0.03271857868150051,0.054145103353224804
0.6140350877192983,0,6,0.1632540645479194,0.3333333333333333,0.6875,0.5178571428571428,0.3289473684210526,0.875,1,1,1,1,1,0.08122674511789522,0.15701689337432517
0.0,0,6,0.019555311617151586,0.1111111111111111,0.5,0.3214285714285714,0.28947368421052627,0.625,1,1,0,1,6,0.01927861470814289,0.019407678882524343
0.2807017543859649,0,6,0.041928823067669006,0.2222222222222222,0.625,0.6190476190476191,0.2807017543859649,0.5,0,1,0,0,2,0.02758414972664139,0.03383417356875603
0.017543859649122806,0,6,0.023851564798344802,0.2222222222222222,0.6041666666666666,0.49999999999999994,0.2631578947368421,0.75,1,1,2,1,0,0.01552924308938735,0.024148907798468226
0.36842105263157887,1,7,0.007869779568327812,0.1111111111111111,0.71875,0.6785714285714286,0.2631578947368421,0.875,0,0,2,0,1,0.007589784818414536,0.006197291492797074
0.4736842105263158,1,8,0.04956032802866092,0.2222222222222222,0.5,0.4523809523809524,0.1929824561403509,0.9166666666666667,0,1,0,0,1,0.03267325552110863,0.05321659400071734
0.19298245614035092,0,9,0.04077676731694297,0.0,0.75,0.42857142857142855,0.10526315789473684,0.75,1,1,4,1,3,0.08157655032382673,0.03390846825265349
0.0,0,7,0.004566929973937974,0.1111111111111111,0.5,0.42857142857142855,0.2368421052631579,0.75,1,0,2,0,0,0.004286003107930321,0.00461929156839823
0.33333333333333337,0,7,0.04790722384990518,0.0,0.4375,0.42857142857142855,0.3684210526315789,0.0,1,0,2,1,3,0.09584148804367783,0.049826648640842776
0.38596491228070173,0,3,0.19056989714479453,0.2222222222222222,0.5833333333333334,0.49999999999999994,0.4035087719298245,0.75,0,1,0,1,2,0.12670616501042795,0.13578146075019687
0.36842105263157887,1,6,0.10909144074539251,0.8888888888888888,0.5694444444444444,0.49999999999999994,0.30994152046783624,0.6388888888888888,0,1,2,1,1,0.023747667169283823,0.09579676737123807
0.543859649122807,0,6,0.01709728973500742,0.2222222222222222,0.45833333333333337,0.6190476190476191,0.2982456140350877,0.75,1,1,2,1,7,0.011025122272071109,0.014618284714299925
0.07017543859649122,0,8,0.04346891474609628,0.0,0.8125,0.35714285714285715,0.5263157894736843,0.5,1,1,3,0,6,0.08696236471481289,0.03280689496473659
0.4385964912280701,1,6,0.17385906274307814,0.2222222222222222,0.5833333333333334,0.49999999999999994,0.2807017543859649,1.0,1,1,2,1,0,0.11556246470244783,0.1402258593229725
0.543859649122807,0,6,0.012589236902848962,0.2222222222222222,0.5833333333333334,0.5714285714285714,0.4035087719298245,0.8333333333333333,1,1,2,1,1,0.008018905555031836,0.012247082344116601
0.0,0,7,0.0015863240649252864,0.0,0.4375,0.42857142857142855,0.15789473684210525,0.5,0,1,2,1,0,0.003173543501044178,0.001063250121545406
0.3508771929824561,1,7,0.004435938212193615,0.1111111111111111,0.5,0.5357142857142856,0.49999999999999994,0.875,1,1,2,0,0,0.004154974378250891,0.0032662660502211158
0.17543859649122806,1,6,0.09829914211262644,0.0,0.6875,0.5714285714285714,0.5263157894736843,1.0,0,1,3,0,2,0.19665376735266035,0.09948968349071088
0.2807017543859649,1,6,0.005287483450682589,0.0,0.5,0.49999999999999994,0.5263157894736843,0.5,1,0,2,0,0,0.010577951323320997,0.005433223363265468
0.36842105263157887,0,1,0.06549331240626334,0.1111111111111111,0.65625,0.6785714285714286,0.10526315789473684,0.875,0,0,3,0,6,0.06522957992347368,0.04856773262553929
0.19298245614035092,1,2,0.23229521868215175,0.4444444444444445,0.475,0.39999999999999997,0.15789473684210525,0.55,1,1,2,1,2,0.0924927652575841,0.22248488107537592
0.14035087719298245,0,6,0.05528741429967715,0.0,0.625,0.2857142857142857,0.05263157894736842,0.5,0,0,3,1,2,0.11060603455482544,0.04283449983825882
0.29824561403508765,0,7,0.05416222865392431,0.6666666666666665,0.5803571428571429,0.4489795918367347,0.3609022556390977,0.8571428571428572,1,1,1,1,1,0.014995491352513216,0.0365474537478576
0.05263157894736842,1,3,0.010511347976355096,0.1111111111111111,0.3125,0.5714285714285714,0.15789473684210525,0.875,1,1,2,1,4,0.010232098718586453,0.010232241872135454
0.05263157894736842,0,9,0.004398794243554187,0.0,0.4375,0.5714285714285714,0.2631578947368421,1.0,0,0,3,1,0,0.008800071304925593,0.0037237052997280973
0.4385964912280701,2,1,0.02904875679334538,0.2222222222222222,0.5,0.3333333333333333,0.1929824561403509,0.6666666666666666,0,0,0,1,0,0.018995015572260562,0.019946467762465354
0.05263157894736842,1,6,0.19824012666883603,0.7777777777777777,0.6328125,0.44642857142857145,0.3026315789473684,0.78125,1,1,3,1,0,0.04908014076793902,0.14048223259618722
0.42105263157894735,1,7,0.02056195268214029,0.1111111111111111,0.5625,0.39285714285714285,0.3947368421052631,0.375,1,0,2,1,6,0.020285539863070034,0.02174661140466076
0.38596491228070173,0,0,0.019367220882339168,0.1111111111111111,0.53125,0.39285714285714285,0.10526315789473684,0.5,1,0,2,1,4,0.019090470891167298,0.018759451233161105
0.0,0,6,0.15966275647367018,0.4444444444444445,0.625,0.4428571428571428,0.3052631578947368,0.8500000000000001,1,1,2,0,0,0.0634315811649857,0.1182551444931439
0.14035087719298245,1,7,0.036921895124794844,0.1111111111111111,0.53125,0.5357142857142856,0.21052631578947367,1.0,1,1,3,0,1,0.036650099338749575,0.03511556089525007
0.543859649122807,1,6,0.08722589282344938,0.0,0.625,0.42857142857142855,0.15789473684210525,0.75,1,1,2,1,5,0.17450101868414347,0.0906211802037155
0.08771929824561403,1,6,0.05821507029594852,0.3333333333333333,0.359375,0.5178571428571428,0.3684210526315789,0.75,1,1,3,1,4,0.028692426163927413,0.04971403079057382
0.19298245614035092,2,7,0.007591002229230842,0.1111111111111111,0.625,0.39285714285714285,0.34210526315789475,0.875,0,1,2,0,3,0.00731092880396857,0.006782764957226991
0.38596491228070173,1,1,0.003626871448478451,0.1111111111111111,0.78125,0.49999999999999994,0.42105263157894735,0.25,0,1,0,0,7,0.0033456792831720573,0.0030512643770665114
0.45614035087719296,0,5,0.1627798862248629,0.1111111111111111,0.71875,0.49999999999999994,0.4473684210526316,1.0,0,0,0,1,1,0.16254360954308128,0.13768390111717257
0.22807017543859642,0,3,0.01764200208361858,0.3333333333333333,0.703125,0.48214285714285715,0.13157894736842105,0.75,0,1,2,1,0,0.008400166878822536,0.012966251400319791
0.15789473684210525,1,7,0.009955769041173894,0.1111111111111111,0.375,0.6071428571428572,0.13157894736842105,0.75,1,0,2,1,0,0.009676362990293005,0.007663631646086255
0.5964912280701754,0,7,0.16995380910410526,0.8888888888888888,0.4722222222222222,0.4682539682539682,0.30409356725146197,0.6666666666666666,1,1,2,0,4,0.03727645487509548,0.11498221543786047
0.6491228070175438,1,7,0.01802391320798034,0.1111111111111111,0.53125,0.7142857142857142,0.13157894736842105,1.0,1,0,2,0,6,0.017746784114258632,0.01342726167214775
0.49122807017543857,0,6,0.05739256847974676,0.2222222222222222,0.5,0.49999999999999994,0.17543859649122803,0.41666666666666663,0,1,3,0,0,0.03789622274277979,0.03956048205665802
0.3157894736842105,1,9,0.011651944417607267,0.1111111111111111,0.65625,0.42857142857142855,0.47368421052631576,0.625,1,0,1,0,0,0.011373017054090754,0.010098720476572962
0.12280701754385964,0,4,0.040165472428802626,0.1111111111111111,0.53125,0.3214285714285714,0.2631578947368421,0.75,1,1,2,1,3,0.0398945920312793,0.027082110693678926
0.12280701754385964,0,6,0.00268977653753803,0.0,0.5,0.35714285714285715,0.3157894736842105,0.5,0,0,4,0,1,0.005381071269549811,0.0019413296710321978
0.4035087719298246,1,6,0.02157254523315447,0.2222222222222222,0.45833333333333337,0.5238095238095237,0.2807017543859649,0.8333333333333333,0,1,2,0,0,0.01400946792915384,0.022496569641119225
0.38596491228070173,1,6,0.09401573126101599,0.7777777777777777,0.4140625,0.5178571428571428,0.40789473684210525,0.6875,1,1,2,1,7,0.02301668847514377,0.06628318241844612
0.5789473684210525,1,2,0.2610758671486689,0.2222222222222222,0.47916666666666663,0.5238095238095237,0.15789473684210525,0.75,0,0,2,0,2,0.17372341027532698,0.22568669452760864
0.42105263157894735,1,2,0.20266519829445964,0.5555555555555556,0.6041666666666666,0.5476190476190474,0.2719298245614035,0.75,1,0,0,1,2,0.06710377165770184,0.17820873339670593
0.0,0,5,0.14677083574127014,0.4444444444444445,0.55,0.42857142857142855,0.3368421052631579,0.65,1,1,2,0,5,0.05827335755092086,0.10800504750940355
0.5087719298245613,0,0,0.02378004290128378,0.0,0.4375,0.7142857142857142,0.3157894736842105,0.5,1,1,4,0,7,0.047573508006685424,0.01821826715532188
0.08771929824561403,1,7,0.19319289356850208,0.4444444444444445,0.4375,0.4428571428571428,0.21052631578947367,0.55,1,1,2,1,0,0.07684742109570453,0.2023003741908804
0.21052631578947367,0,3,0.06689865841122206,0.1111111111111111,0.4375,0.46428571428571425,0.34210526315789475,0.75,1,0,2,0,3,0.06663532253917472,0.05504552356674406
0.3508771929824561,0,2,0.005974449296210703,0.0,0.375,0.7857142857142856,0.10526315789473684,0.75,1,1,3,0,3,0.011952270759506153,0.005297089024541284
0.7017543859649124,0,7,0.03550153347293934,0.1111111111111111,0.78125,0.39285714285714285,0.3947368421052631,0.625,1,1,0,1,5,0.03522933683850007,0.029979908209048695
0.9473684210526315,1,7,0.003804490745323367,0.0,0.4375,0.42857142857142855,0.21052631578947367,1.0,0,0,4,1,6,0.0076111288648781535,0.0036548542474174974
0.42105263157894735,1,2,0.12461663176516634,0.5555555555555556,0.5208333333333334,0.4880952380952381,0.28947368421052627,0.7083333333333334,1,1,2,1,1,0.04108024063699593,0.12202065688345907
0.24561403508771928,1,3,0.24151265255946638,0.3333333333333333,0.671875,0.5714285714285714,0.3289473684210526,0.5,1,1,4,0,1,0.12036708202576342,0.20486249560807804
0.4035087719298246,0,2,0.06043145880763514,0.3333333333333333,0.5625,0.5357142857142856,0.2631578947368421,0.6875,1,1,4,1,3,0.029800933169616586,0.05159426114067511
0.4736842105263158,1,3,0.22632057181163978,0.7777777777777777,0.5234375,0.46428571428571425,0.22368421052631576,0.75,1,1,1,1,1,0.05610223323943928,0.16595703485300364
0.22807017543859642,1,0,0.10895037269428322,0.5555555555555556,0.53125,0.4047619047619047,0.3947368421052631,0.75,1,1,3,1,1,0.03585668052514523,0.08079917040796578
0.6666666666666666,1,2,0.04910393139271904,0.2222222222222222,0.625,0.4761904761904761,0.47368421052631576,0.8333333333333333,1,1,0,0,7,0.03236890522894224,0.042199293355651354
0.33333333333333337,0,7,0.03398534828496616,0.4444444444444445,0.475,0.4428571428571428,0.3263157894736842,0.6,0,1,2,1,6,0.013146430633133586,0.024545073530833517
0.38596491228070173,1,2,0.22357409144963625,0.1111111111111111,0.4375,0.46428571428571425,0.2631578947368421,0.75,1,0,1,0,0,0.2233549718485861,0.18825937571910376
0.42105263157894735,1,7,0.004102235217342598,0.1111111111111111,0.625,0.39285714285714285,0.4473684210526316,0.5,1,0,1,0,4,0.003821177207167093,0.0045772667325476735
0.38596491228070173,1,6,0.04641692089539883,0.3333333333333333,0.5625,0.49999999999999994,0.2763157894736842,0.8125,0,1,3,1,3,0.022791686652006465,0.033010312589874365
0.4736842105263158,1,6,0.05487073009829124,0.3333333333333333,0.515625,0.5178571428571428,0.15789473684210525,0.8125,1,1,3,1,1,0.027019784152401232,0.040663927953840794
0.15789473684210525,0,3,0.04221609610172074,0.4444444444444445,0.475,0.3714285714285714,0.6526315789473685,0.7,0,1,3,1,6,0.016439658898421902,0.04077750388326903
0.17543859649122806,1,3,0.0494791249908375,0.7777777777777777,0.5,0.45535714285714285,0.2763157894736842,0.78125,1,1,4,1,7,0.011879394674937089,0.049149068929963194
0.05263157894736842,1,4,0.001592053719662219,0.0,0.25,0.35714285714285715,0.2631578947368421,0.75,0,0,2,1,7,0.0031850060445153803,0.001383117913589273
0.38596491228070173,0,1,0.055404378286031085,0.5555555555555556,0.44791666666666663,0.4761904761904761,0.28947368421052627,0.75,1,1,2,1,7,0.018002978548508658,0.03819234501719578
0.45614035087719296,1,1,0.009156383418221132,0.1111111111111111,0.375,0.6785714285714286,0.18421052631578946,0.875,0,0,0,0,0,0.008876751768146738,0.009608967829966383
0.38596491228070173,1,6,0.38803059319510647,0.8888888888888888,0.5277777777777778,0.5158730158730158,0.26900584795321636,0.7222222222222222,1,1,2,1,0,0.08575163905039107,0.26853491231746635
0.6491228070175438,0,6,0.050207186291030506,0.1111111111111111,0.53125,0.5714285714285714,0.3947368421052631,0.625,0,1,0,0,2,0.0499391398230697,0.05440879286729228
0.2807017543859649,1,0,0.04548298717327879,0.1111111111111111,0.59375,0.42857142857142855,0.3157894736842105,0.375,1,1,2,1,3,0.04521360746203674,0.03829394495713293
0.4385964912280701,1,6,0.19660500175149617,0.4444444444444445,0.48750000000000004,0.47142857142857136,0.4105263157894737,0.8500000000000001,0,1,1,0,1,0.07821264954913665,0.19866346215317315
0.05263157894736842,1,3,0.32647276329591074,0.2222222222222222,0.47916666666666663,0.3809523809523809,0.15789473684210525,0.75,1,0,3,0,2,0.21733364506181435,0.2757709358151416
0.21052631578947367,0,2,0.0042039859824984736,0.0,0.5,0.5714285714285714,0.05263157894736842,0.0,0,1,4,1,4,0.008410344826904724,0.0037883756429799888
0.4385964912280701,0,7,0.016225789492089818,0.1111111111111111,0.5625,0.8928571428571428,0.5789473684210527,1.0,0,0,0,1,0,0.015948152939579154,0.01781613520273739
0.4736842105263158,0,9,0.14610441762307447,0.4444444444444445,0.5,0.5428571428571427,0.19999999999999996,0.8999999999999999,1,1,3,1,1,0.058006715074173515,0.15459769994807213
0.22807017543859642,0,7,0.033986138582171255,0.0,0.5,0.35714285714285715,0.2631578947368421,0.75,1,0,0,1,3,0.06799146000985383,0.025118614554825038
0.2807017543859649,1,1,0.005520621126185372,0.0,0.5,0.6428571428571428,0.10526315789473684,1.0,1,0,4,2,0,0.011044358264563013,0.0037469604938671613
0.0,1,9,0.013990828996083487,0.2222222222222222,0.35416666666666663,0.4761904761904761,0.15789473684210525,0.41666666666666663,0,1,3,1,1,0.008953563984741116,0.013435623090265168
0.21052631578947367,0,9,0.030132056687228227,0.2222222222222222,0.4375,0.4761904761904761,0.12280701754385964,0.41666666666666663,1,1,3,1,0,0.019717419317692757,0.02759372496473833
0.4736842105263158,0,6,0.07429880386542266,0.0,0.75,0.49999999999999994,0.10526315789473684,0.75,0,0,2,1,2,0.1486395443125132,0.049800475660173156
0.4035087719298246,1,6,0.012324289764841139,0.2222222222222222,0.45833333333333337,0.4523809523809524,0.3157894736842105,0.9166666666666667,1,0,2,1,7,0.007842224281527444,0.010050511675239734
0.4035087719298246,0,6,0.061934604091724264,0.2222222222222222,0.5208333333333334,0.3809523809523809,0.4035087719298245,0.75,0,1,2,1,6,0.040925101040015004,0.04422602271901821
0.29824561403508765,1,1,0.14297898975122827,1.0,0.49375,0.5285714285714285,0.4368421052631579,0.75,1,1,2,1,1,0.028095879828275286,0.14791418328193673
0.29824561403508765,1,4,0.0021901111296172373,0.0,0.625,0.6428571428571428,0.10526315789473684,0.75,0,0,4,1,7,0.004381458426837055,0.0023115837170440364
0.15789473684210525,1,3,0.022229677359190275,0.4444444444444445,0.7,0.4428571428571428,0.5263157894736843,0.6,1,1,2,0,1,0.008442835208743785,0.019847742060006068
0.4385964912280701,1,1,0.013230365510481613,0.0,0.6875,0.2857142857142857,0.6842105263157894,1.0,0,0,3,1,1,0.026468198655364594,0.010802298971911385
0.38596491228070173,0,9,0.13309750864733325,0.4444444444444445,0.5125,0.6142857142857143,0.10526315789473684,0.75,0,1,3,0,2,0.05280248318217597,0.1407382139279277
0.38596491228070173,0,7,0.06875309080297555,0.4444444444444445,0.6125,0.5571428571428572,0.29473684210526313,0.7,0,1,0,0,4,0.02705745244180832,0.06925771336466427
0.17543859649122806,1,1,0.05624327876923855,0.3333333333333333,0.546875,0.625,0.35526315789473684,0.9375,1,1,2,1,0,0.02770625216528434,0.05197927831555052
0.0,1,8,0.017194101142631455,0.0,0.3125,0.35714285714285715,0.2631578947368421,0.75,1,1,2,1,6,0.03439790717671822,0.01840304578590624
0.5263157894736842,0,5,0.12669847217768568,1.0,0.53125,0.5428571428571427,0.3631578947368421,0.65,1,1,4,1,1,0.02483885738995118,0.08422412920620702
0.19298245614035092,1,5,0.015944246112775017,0.1111111111111111,0.71875,0.42857142857142855,0.21052631578947367,0.875,1,0,0,1,4,0.015666530104295313,0.010994611588611957
0.10526315789473684,0,7,0.04153565020813465,0.3333333333333333,0.546875,0.5714285714285714,0.19736842105263158,0.5625,0,1,2,1,0,0.02035036252270028,0.03778550976692025
0.4385964912280701,1,5,0.0018429730822796203,0.0,0.25,0.5714285714285714,0.2631578947368421,0.75,0,0,1,1,4,0.00368698639653009,0.001551043060780716
0.21052631578947367,0,6,0.023011676443630967,0.1111111111111111,0.625,0.5714285714285714,0.2631578947368421,0.625,1,1,0,0,4,0.022735954975129244,0.020285497137694963
0.5087719298245613,1,3,0.09900586538828192,0.2222222222222222,0.6041666666666666,0.4523809523809524,0.21052631578947367,0.75,1,1,1,1,0,0.06564624996632054,0.06554398079800329
0.42105263157894735,1,4,0.2198620654773089,0.5555555555555556,0.46875,0.4880952380952381,0.2807017543859649,0.7916666666666667,1,1,3,1,5,0.0728376784607675,0.1485989050374583
0.4385964912280701,1,1,0.018894820727994123,0.1111111111111111,0.53125,0.49999999999999994,0.21052631578947367,0.625,1,0,0,1,3,0.018617937418069986,0.013991178355493706
0.0,1,5,0.13594277615997355,0.8888888888888888,0.6458333333333333,0.5079365079365079,0.34502923976608185,0.8333333333333333,0,1,2,1,0,0.029716314565658205,0.09631343333241009
0.543859649122807,1,7,0.007305309789589296,0.0,0.4375,0.6428571428571428,0.21052631578947367,0.75,1,1,2,0,1,0.014614742925782598,0.005022207403931225
0.3508771929824561,0,6,0.18405448941169683,0.2222222222222222,0.5833333333333334,0.5238095238095237,0.14035087719298245,1.0,0,0,2,0,2,0.12236133402134942,0.13663001404195654
0.21052631578947367,1,0,0.006917866584791876,0.0,0.375,0.21428571428571425,0.47368421052631576,0.0,1,0,2,1,4,0.013839637831057523,0.0049858439449310035
0.3157894736842105,1,6,0.08881162416547085,0.7777777777777777,0.5546875,0.5625,0.3355263157894737,0.59375,0,1,2,0,4,0.02171529453104264,0.0781683721346683
0.0,0,2,0.2876428931437173,0.6666666666666665,0.5892857142857143,0.6530612244897958,0.18045112781954886,0.7142857142857143,0,1,2,1,2,0.0817230788967714,0.3035611541056392
0.36842105263157887,0,6,0.276732642653091,0.7777777777777777,0.6015625,0.5178571428571428,0.25,0.8125,0,1,3,1,7,0.06870880771958825,0.28844462467945725
0.07017543859649122,0,8,0.013455205065330905,0.2222222222222222,0.5416666666666666,0.5238095238095237,0.24561403508771928,0.8333333333333333,1,0,2,1,0,0.0085963805899086,0.00967977858964825
0.0,0,1,0.00882011195745356,0.1111111111111111,0.6875,0.3214285714285714,0.2368421052631579,0.75,0,1,2,0,0,0.008540385406284911,0.009616501816082597
0.0,1,6,0.0429348714097539,0.0,0.375,0.5714285714285714,0.05263157894736842,0.25,1,1,4,1,5,0.08589397661127293,0.034692089906845094
0.5263157894736842,0,6,0.12538875213454337,0.3333333333333333,0.40625,0.49999999999999994,0.3289473684210526,0.9375,1,1,2,0,2,0.062288745817900885,0.10058032596640139
0.15789473684210525,0,8,0.0018334895158184903,0.0,0.5625,0.9285714285714286,0.3157894736842105,0.5,0,0,4,0,1,0.0036680139107846525,0.0015881904027294457
0.6140350877192983,0,0,0.06896014867071022,0.5555555555555556,0.53125,0.42857142857142855,0.3070175438596491,0.5416666666666666,1,0,2,1,6,0.02252284389392615,0.059627624244140864
0.17543859649122806,1,0,0.0017493228634759604,0.0,0.75,0.42857142857142855,0.5789473684210527,1.0,0,0,2,0,4,0.003499633099793891,0.0019116292170942922
0.0,1,7,0.00897896169567749,0.1111111111111111,0.5,0.25,0.21052631578947367,0.875,1,1,3,1,0,0.008699279974402955,0.006893031158650418
0.05263157894736842,1,7,0.21053557058569122,0.6666666666666665,0.4910714285714286,0.49999999999999994,0.3157894736842105,0.5714285714285714,1,1,2,0,3,0.05968619790905702,0.17086662440666595
0.543859649122807,0,6,0.01103887136075546,0.3333333333333333,0.53125,0.42857142857142855,0.34210526315789475,0.5,0,0,4,0,4,0.005097669763727334,0.012044274405716563
0.26315789473684215,0,3,0.0038475619430009995,0.0,0.5,0.6428571428571428,0.5789473684210527,0.75,1,1,2,0,7,0.007697295570972018,0.003489542043387747
0.17543859649122806,0,6,0.09017014506102775,0.6666666666666665,0.4910714285714286,0.4693877551020407,0.24060150375939848,0.5357142857142857,1,1,2,0,0,0.0252863708974717,0.09041702224468191
0.3157894736842105,1,4,0.16086716941423368,0.1111111111111111,0.59375,0.49999999999999994,0.34210526315789475,1.0,1,1,2,1,2,0.16063035293368974,0.17063084983537588
0.4035087719298246,0,5,0.19084610601797491,0.4444444444444445,0.55,0.5285714285714285,0.21052631578947367,0.75,0,1,2,0,5,0.07590844115535324,0.19007323731289802
0.5263157894736842,0,7,0.13855075693678434,0.6666666666666665,0.4821428571428571,0.4693877551020407,0.3233082706766917,0.5357142857142857,1,1,3,1,4,0.03911330393896754,0.10731327080734543
0.5964912280701754,1,6,0.06439460171688116,0.2222222222222222,0.41666666666666663,0.42857142857142855,0.1929824561403509,0.9166666666666667,1,1,2,1,2,0.04256556229012922,0.0671019046091098
0.21052631578947367,0,5,0.04263357060031174,0.3333333333333333,0.53125,0.44642857142857145,0.21052631578947367,0.5625,1,1,4,0,1,0.020899477643988813,0.04456500854519513
0.017543859649122806,1,6,0.03436804970653302,0.4444444444444445,0.625,0.5857142857142856,0.2631578947368421,0.75,1,1,3,1,4,0.013299554403504058,0.026024260654667685
0.21052631578947367,0,6,0.018467072365736904,0.2222222222222222,0.375,0.42857142857142855,0.5087719298245614,0.5833333333333334,0,1,0,1,3,0.011938568408690004,0.01638633270465921
0.3508771929824561,0,6,0.11921514794264892,0.6666666666666665,0.4553571428571429,0.4693877551020407,0.20300751879699247,0.8214285714285714,1,1,2,1,7,0.03358728513695184,0.09762277915073424
0.08771929824561403,0,3,0.18152257474087638,0.6666666666666665,0.5357142857142857,0.5714285714285714,0.20300751879699247,0.8214285714285714,1,0,2,1,4,0.05139443111806128,0.13149688720081149
0.08771929824561403,0,5,0.13483991641026463,0.3333333333333333,0.6875,0.49999999999999994,0.3157894736842105,0.6875,0,0,3,0,0,0.06701566158935279,0.11939874261691136
0.36842105263157887,0,1,0.02467386904024529,0.0,0.5,0.6428571428571428,0.42105263157894735,1.0,0,0,2,2,6,0.049361664788192934,0.024181874431358247
0.2807017543859649,0,6,0.09522903504513684,0.7777777777777777,0.5390625,0.5535714285714286,0.256578947368421,0.59375,0,1,1,1,1,0.02332010002452589,0.08878724249662887
0.29824561403508765,1,7,0.03952612198988143,0.2222222222222222,0.4375,0.5238095238095237,0.2807017543859649,0.75,0,1,3,0,6,0.02598189695476452,0.03828122863374603
0.12280701754385964,0,0,0.1869855041710899,0.6666666666666665,0.5357142857142857,0.4693877551020407,0.24812030075187969,0.7142857142857143,0,1,2,1,6,0.05295570859086294,0.1844772275906591
0.24561403508771928,1,6,0.004433369746277059,0.1111111111111111,0.40625,0.46428571428571425,0.2368421052631579,0.75,0,0,2,0,0,0.004152405187472863,0.0035622689613881904
0.08771929824561403,1,6,0.06589735185236774,0.4444444444444445,0.475,0.42857142857142855,0.3578947368421052,0.7,1,1,2,0,3,0.025914834487789324,0.0683368686454311
0.4736842105263158,0,8,0.023909651642919225,0.3333333333333333,0.515625,0.48214285714285715,0.15789473684210525,0.8125,1,0,2,0,0,0.01153487607310652,0.022886464309896454
0.5087719298245613,0,8,0.016855656364549877,0.2222222222222222,0.5833333333333334,0.4523809523809524,0.4035087719298245,0.6666666666666666,1,1,2,0,0,0.01086398789660812,0.012313276904212815
0.0,1,4,0.10151268812284064,0.2222222222222222,0.5833333333333334,0.6190476190476191,0.3859649122807018,0.16666666666666669,1,0,2,0,4,0.06731793676589079,0.09206243610265243
0.08771929824561403,1,5,0.0032066309096696224,0.0,0.25,0.49999999999999994,0.10526315789473684,0.25,1,0,2,2,1,0.006415071742676175,0.0025419146567472375
0.0,1,6,0.04301567929897478,0.2222222222222222,0.5625,0.4761904761904761,0.1929824561403509,0.5833333333333334,1,0,0,0,2,0.02830892503279177,0.04266522467043384
0.15789473684210525,1,6,0.004783273833832505,0.0,0.4375,0.7142857142857142,0.0,0.5,0,1,3,1,7,0.009569247497855218,0.0035227699705939375
0.26315789473684215,1,1,0.16584762240073722,0.6666666666666665,0.5,0.5204081632653061,0.2781954887218045,0.6428571428571429,1,1,4,1,1,0.04691460938715116,0.14710739353171148
0.0,0,1,0.023968331210397462,0.1111111111111111,0.71875,0.5714285714285714,0.3157894736842105,0.75,1,0,2,0,3,0.023692879724914764,0.023079038220913197
0.08771929824561403,1,8,0.12349124854511223,0.1111111111111111,0.40625,0.2857142857142857,0.34210526315789475,1.0,1,0,2,0,1,0.12324388399194537,0.12426055885976735
0.07017543859649122,1,5,0.06693837084577804,0.2222222222222222,0.5208333333333334,0.7142857142857142,0.4912280701754386,0.8333333333333333,1,1,2,1,5,0.04426188697049389,0.07090900634474857
0.33333333333333337,1,0,0.007818607824297963,0.1111111111111111,0.625,0.42857142857142855,0.3157894736842105,0.375,0,1,0,1,4,0.007538598632913824,0.005664163989706398
0.29824561403508765,2,6,0.0504290622313607,0.1111111111111111,0.5,0.3214285714285714,0.3157894736842105,0.625,0,1,1,0,3,0.05016107838027936,0.05054712416862681
0.14035087719298245,1,9,0.16386219824723935,0.5555555555555556,0.6145833333333334,0.4404761904761904,0.25438596491228066,0.625,0,1,2,0,0,0.05416578803635891,0.1490813849922648
0.33333333333333337,1,5,0.1701648184578654,0.1111111111111111,0.75,0.49999999999999994,0.2368421052631579,1.0,1,0,0,0,2,0.16993062592009142,0.1650019605783523
0.17543859649122806,1,6,0.24442371231443083,0.7777777777777777,0.5625,0.5089285714285714,0.3026315789473684,0.84375,1,1,3,1,2,0.06062929561286958,0.177092179234662
0.22807017543859642,0,9,0.0015009719667751153,0.0,0.25,0.35714285714285715,0.10526315789473684,0.75,1,0,0,0,4,0.0030027911293352373,0.0011395916109195245
0.6491228070175438,0,1,0.01157785405462969,0.0,0.5625,0.6428571428571428,0.3157894736842105,0.5,1,0,3,0,3,0.02316224301422205,0.009463383346807411
0.5789473684210525,1,6,0.05799931915895781,0.4444444444444445,0.48750000000000004,0.5857142857142856,0.5263157894736843,0.4,0,1,2,1,7,0.022754729830814835,0.05979215256522211
0.017543859649122806,1,2,0.012319745555911846,0.1111111111111111,0.5,0.6071428571428572,0.28947368421052627,0.5,0,1,2,0,1,0.012041006656378044,0.008203770546660808
0.45614035087719296,1,2,0.10995088895593243,0.1111111111111111,0.59375,0.42857142857142855,0.13157894736842105,0.75,1,0,2,1,3,0.10969970310036108,0.07789671314395766
0.45614035087719296,0,6,0.007061107953215195,0.1111111111111111,0.4375,0.39285714285714285,0.42105263157894735,1.0,0,0,2,0,0,0.006780884983455398,0.004719933429176088
0.05263157894736842,0,1,0.12016627062897976,0.1111111111111111,0.375,0.2857142857142857,0.15789473684210525,0.75,0,1,0,0,3,0.11991796771475814,0.087790709523812
0.45614035087719296,1,4,0.006568950368742797,0.1111111111111111,0.71875,0.75,0.28947368421052627,0.875,1,1,0,0,3,0.006288588504373256,0.006188451035100014
0.6140350877192983,1,2,0.00634055447647058,0.1111111111111111,0.71875,0.6071428571428572,0.631578947368421,0.625,0,1,2,0,4,0.006060128155188608,0.0067215785381906906
0.05263157894736842,1,0,0.06620220899923282,0.5555555555555556,0.40625,0.5238095238095237,0.2192982456140351,0.8333333333333333,0,1,2,1,1,0.02160327122545196,0.05743906660095986
0.08771929824561403,1,6,0.011166306785076898,0.0,0.8125,0.6428571428571428,0.2631578947368421,0.75,1,0,4,0,2,0.02233891618489399,0.01155957344922259
0.5087719298245613,0,6,0.09419453600366856,0.4444444444444445,0.6499999999999999,0.5428571428571427,0.14736842105263157,0.8,0,1,3,1,7,0.03723690251245118,0.06331958228445439
0.3508771929824561,1,1,0.04901482538284467,0.3333333333333333,0.546875,0.39285714285714285,0.28947368421052627,0.5,0,1,2,1,0,0.02409100548047919,0.042933094893560016
0.4035087719298246,1,6,0.034708470227627325,0.2222222222222222,0.5625,0.49999999999999994,0.42105263157894735,0.5833333333333334,1,1,2,1,1,0.022769222701870373,0.029511059107735656
0.36842105263157887,1,6,0.2841391104849323,0.5555555555555556,0.5208333333333334,0.4761904761904761,0.2631578947368421,0.7083333333333334,1,1,2,1,1,0.09426940679427112,0.1935693988122954
0.36842105263157887,0,6,0.08078161183881019,0.2222222222222222,0.5208333333333334,0.5476190476190474,0.3157894736842105,0.9166666666666667,0,1,1,0,1,0.05349331881938173,0.06134715858979806
0.017543859649122806,0,3,0.21792247856170652,0.3333333333333333,0.453125,0.30357142857142855,0.3289473684210526,0.9375,0,1,0,1,2,0.1085686662678492,0.1816886075503954
0.5087719298245613,1,1,0.2180279832385866,0.7777777777777777,0.453125,0.5357142857142856,0.256578947368421,0.75,0,1,3,1,5,0.05402850102145096,0.15363404651003987
0.543859649122807,1,5,0.1429122096373978,0.1111111111111111,0.8125,0.46428571428571425,0.2368421052631579,0.5,0,1,3,0,5,0.1426703259848548,0.10782397054829825
0.24561403508771928,1,6,0.04268474234434158,0.1111111111111111,0.625,0.5357142857142856,0.5263157894736843,1.0,1,1,3,1,2,0.042414572924405106,0.03168716172184593
0.2807017543859649,0,7,0.06026608911746919,0.2222222222222222,0.41666666666666663,0.42857142857142855,0.3859649122807018,0.9166666666666667,1,1,0,1,2,0.03981244380306902,0.05892038762837608
0.0,1,6,0.12153210177368377,0.3333333333333333,0.59375,0.48214285714285715,0.28947368421052627,1.0,1,1,2,1,4,0.06035987643378137,0.08821709829874753
0.4035087719298246,0,7,0.008073281098639562,0.1111111111111111,0.46875,0.6071428571428572,0.10526315789473684,0.75,0,1,0,1,1,0.007793343780058297,0.0054775127498561576
0.4035087719298246,0,6,0.04644754491209624,0.4444444444444445,0.575,0.39999999999999997,0.34736842105263155,0.55,1,1,2,1,3,0.018132716095130414,0.0455961630149044
0.2807017543859649,0,4,0.40584369462362785,0.6666666666666665,0.6428571428571428,0.5204081632653061,0.22556390977443608,0.8571428571428572,0,1,2,1,2,0.11550426735530013,0.44153182573480754
0.5263157894736842,1,5,0.01164147297963977,0.2222222222222222,0.41666666666666663,0.4047619047619047,0.22807017543859648,0.75,1,1,2,0,1,0.007386884623636937,0.009613540480499345
0.21052631578947367,0,7,0.15820683144758543,0.7777777777777777,0.515625,0.48214285714285715,0.22368421052631576,0.5625,0,1,2,1,3,0.039068992456262976,0.16533175755441062
0.4035087719298246,0,6,0.04859596786414475,0.4444444444444445,0.4,0.49999999999999994,0.17894736842105263,0.8500000000000001,1,1,2,1,1,0.018992327803446625,0.03954780928232381
0.07017543859649122,1,3,0.12604074732874607,0.3333333333333333,0.53125,0.7678571428571428,0.19736842105263158,0.75,0,0,0,0,0,0.0626148354166506,0.08402193095454472
0.2807017543859649,1,0,0.07330283181270272,0.4444444444444445,0.48750000000000004,0.5142857142857142,0.15789473684210525,0.44999999999999996,1,1,3,0,6,0.028877862449083084,0.0780654657231503
0.24561403508771928,1,6,0.012413988497619328,0.0,0.5,0.49999999999999994,0.10526315789473684,0.5,1,0,2,1,7,0.024834983840778157,0.010866185432214768
0.33333333333333337,1,3,0.06948273269757875,0.2222222222222222,0.6041666666666666,0.4523809523809524,0.3508771929824561,0.75,0,0,2,0,6,0.04595860691097826,0.04650886406128362
0.21052631578947367,1,5,0.05651020165025911,0.0,0.5625,0.42857142857142855,0.10526315789473684,0.75,1,0,4,0,2,0.11305229943562783,0.038703915739202496
0.26315789473684215,0,0,0.23512606327079907,1.0,0.53125,0.5642857142857143,0.3157894736842105,0.75,1,1,4,0,3,0.046530495602829965,0.2345512348508088
0.45614035087719296,1,5,0.013906267195138405,0.2222222222222222,0.5625,0.4761904761904761,0.3859649122807018,0.75,1,1,0,1,0,0.008897173540997729,0.014682998606604512
0.19298245614035092,0,9,0.0036841679958477787,0.0,0.375,0.5714285714285714,0.15789473684210525,0.75,1,0,2,1,5,0.007370415451982911,0.0028534645797263832
0.0,1,8,0.1179479063742804,0.2222222222222222,0.5833333333333334,0.6666666666666667,0.22807017543859648,0.75,1,1,2,1,2,0.07827784111821195,0.08476196000698874
0.6491228070175438,0,7,0.006030560397772389,0.1111111111111111,0.53125,0.5714285714285714,0.49999999999999994,0.25,1,1,3,1,4,0.005750046591286608,0.004172608934906882
0.5789473684210525,1,3,0.28446570080493744,0.8888888888888888,0.6388888888888888,0.4523809523809524,0.2807017543859649,0.7222222222222222,1,1,3,1,2,0.06273072348785609,0.2122693184904226
0.017543859649122806,0,5,0.005704167652068494,0.1111111111111111,0.34375,0.5357142857142856,0.18421052631578946,0.375,1,1,2,1,0,0.005423561732417198,0.006077444499780774
0.4385964912280701,1,2,0.11873840115367586,0.4444444444444445,0.6125,0.5428571428571427,0.3684210526315789,0.75,0,1,2,1,6,0.047057219238337694,0.12464035014831935
0.17543859649122806,1,4,0.01001701707456869,0.0,0.3125,0.5714285714285714,0.15789473684210525,0.75,0,0,3,1,4,0.020039688068618736,0.006625030288366149
0.3508771929824561,0,6,0.06753662583003434,0.2222222222222222,0.39583333333333337,0.5238095238095237,0.4385964912280702,0.9166666666666667,0,0,2,1,4,0.04466083618464101,0.0591174035427677
0.3508771929824561,1,1,0.08817997912429933,0.2222222222222222,0.625,0.5476190476190474,0.12280701754385964,1.0,1,1,2,0,1,0.05842695563343497,0.08741583927821452
0.24561403508771928,0,1,0.07522582248699813,0.0,0.4375,0.49999999999999994,0.0,0.75,1,1,2,0,2,0.15049410479412975,0.06384648227300971
0.12280701754385964,0,1,0.09105468520782939,0.3333333333333333,0.59375,0.625,0.3289473684210526,0.5625,0,1,3,1,0,0.04511686754774099,0.09825624367123391
0.14035087719298245,1,6,0.015377998165325039,0.2222222222222222,0.75,0.6428571428571428,0.2631578947368421,0.75,1,1,0,0,0,0.00987860441820444,0.012151666369662128
0.10526315789473684,0,0,0.02565107153434424,0.2222222222222222,0.45833333333333337,0.4761904761904761,0.08771929824561403,0.8333333333333333,0,1,2,2,0,0.016729252812786293,0.023548584107069354
0.12280701754385964,0,6,0.01588141748497003,0.3333333333333333,0.5625,0.49999999999999994,0.3026315789473684,0.75,0,1,2,1,1,0.007519626147168387,0.013110964902424865
0.2807017543859649,1,0,0.013309790379593579,0.0,0.75,0.49999999999999994,0.10526315789473684,0.75,1,1,2,2,7,0.02662709322348264,0.014110197916508803
0.14035087719298245,0,2,0.06392397973124758,0.2222222222222222,0.45833333333333337,0.4761904761904761,0.1929824561403509,0.9166666666666667,1,1,1,0,1,0.042251725755090105,0.05611896416662008
0.4385964912280701,0,1,0.2729573929043561,0.3333333333333333,0.46875,0.5357142857142856,0.21052631578947367,0.625,1,1,2,1,0,0.13609388929831248,0.19533252575970017
0.5964912280701754,1,1,0.0020522042673283033,0.0,0.1875,0.35714285714285715,0.21052631578947367,0.5,0,1,2,1,0,0.004105566863288813,0.001968025240334157
0.17543859649122806,1,2,0.46646166357166524,0.2222222222222222,0.4375,0.5714285714285714,0.2982456140350877,0.75,0,1,2,0,2,0.3106859166250161,0.44472823910450615
0.33333333333333337,0,0,0.03151744768775832,0.0,0.5,0.5714285714285714,0.3684210526315789,0.75,1,0,3,1,3,0.06305268481424454,0.02893455674816088
0.38596491228070173,1,9,0.5210551969252697,0.4444444444444445,0.6625000000000001,0.42857142857142855,0.23157894736842105,0.6,1,1,2,0,2,0.2080293535975291,0.5017477541318035
0.38596491228070173,1,9,0.03549382807518967,0.1111111111111111,0.46875,0.2857142857142857,0.3684210526315789,1.0,1,1,3,1,1,0.03522162926616598,0.029264223077061096
0.29824561403508765,1,4,0.010260033465135151,0.2222222222222222,0.45833333333333337,0.5476190476190474,0.24561403508771928,0.5,1,1,0,0,1,0.006465665037997344,0.008295789695005083
0.4385964912280701,0,3,0.049918332662568586,0.2222222222222222,0.5625,0.42857142857142855,0.2631578947368421,0.25,1,1,2,1,0,0.03291199263340539,0.04738437421666142
0.38596491228070173,1,9,0.18984796064794102,0.2222222222222222,0.625,0.7142857142857142,0.21052631578947367,0.41666666666666663,1,1,2,0,2,0.12622473818463747,0.14277269502267426
0.03508771929824561,1,5,0.2251487586307864,0.5555555555555556,0.5416666666666666,0.4761904761904761,0.2982456140350877,0.75,1,1,2,1,6,0.0746004068412412,0.16828368654228013
0.4736842105263158,0,9,0.04397035832272854,0.2222222222222222,0.41666666666666663,0.4761904761904761,0.14035087719298245,0.75,0,1,2,1,0,0.02894555733224979,0.041428997711584384
0.4736842105263158,1,6,0.0026103516684260657,0.0,0.5625,0.7142857142857142,0.5263157894736843,0.5,1,1,4,0,1,0.0052221767014317706,0.0025098190049111136
0.12280701754385964,0,4,0.2447929786835111,0.0,0.5625,0.6428571428571428,0.894736842105263,1.0,0,0,2,0,2,0.48972412622315714,0.25579659665895155
0.29824561403508765,2,7,0.042185274510722064,0.2222222222222222,0.6458333333333333,0.4523809523809524,0.22807017543859648,0.5,1,1,1,0,1,0.027755165605096797,0.03673353885002281
0.4385964912280701,0,5,0.2357511883600286,0.0,0.5625,0.49999999999999994,0.3157894736842105,0.75,0,0,3,1,2,0.47163544210536085,0.16303924832244693
0.24561403508771928,0,6,0.08422454161280298,0.2222222222222222,0.39583333333333337,0.42857142857142855,0.3333333333333333,0.5833333333333334,1,0,3,0,2,0.055789253101326174,0.06551954977944147
0.5087719298245613,1,1,0.03368661594144056,0.2222222222222222,0.375,0.6190476190476191,0.4912280701754386,0.75,0,1,2,1,0,0.0220877942555134,0.029696708719373913
0.7894736842105262,0,1,0.010387666463757859,0.0,0.5,0.7857142857142856,0.42105263157894735,1.0,0,0,3,1,3,0.0207811960531696,0.010066319981367974
0.12280701754385964,1,1,0.05474072620805325,0.1111111111111111,0.71875,0.3214285714285714,0.15789473684210525,0.5,1,0,2,1,0,0.05447395917634905,0.0405457793738796
0.0,1,6,0.026213170421467476,0.2222222222222222,0.625,0.5476190476190474,0.22807017543859648,0.8333333333333333,0,0,2,1,0,0.017104091159631924,0.02437105151626479
0.3508771929824561,1,5,0.044908638679476594,0.4444444444444445,0.55,0.45714285714285713,0.3052631578947368,0.75,1,1,4,2,0,0.017516979880667014,0.04364682031817635
0.4385964912280701,1,6,0.11115312857918196,0.2222222222222222,0.7083333333333333,0.6428571428571428,0.5964912280701755,0.6666666666666666,0,0,4,1,2,0.07374671085938311,0.10239932634841367
0.24561403508771928,0,1,0.2684509206666078,0.2222222222222222,0.7708333333333333,0.6190476190476191,0.24561403508771928,0.9166666666666667,1,1,2,1,6,0.17864150019133884,0.17936265264596205
0.5964912280701754,1,6,0.34724236656868956,0.1111111111111111,0.59375,0.46428571428571425,0.3157894736842105,0.875,1,0,2,0,2,0.34705814809961893,0.32100394327962345
0.0,0,3,0.06569345517345344,0.4444444444444445,0.575,0.4142857142857142,0.3368421052631579,0.8500000000000001,1,1,3,0,7,0.025833252799083942,0.06619303587936773
0.4385964912280701,0,1,0.028793095647497418,0.1111111111111111,0.53125,0.39285714285714285,0.34210526315789475,0.625,1,0,2,0,1,0.028519005786410524,0.02128115912945792
0.15789473684210525,0,1,0.033052204860051206,0.2222222222222222,0.6875,0.4523809523809524,0.42105263157894735,0.8333333333333333,1,1,4,0,4,0.02166473417406478,0.025055294232206687
0.6491228070175438,1,7,0.02202617582887853,0.3333333333333333,0.546875,0.44642857142857145,0.15789473684210525,0.875,1,1,4,1,7,0.010592872392839547,0.015438574670860617
0.7017543859649124,0,2,0.02459108540801168,0.1111111111111111,0.65625,0.46428571428571425,0.05263157894736842,0.375,1,1,0,0,6,0.024315809673556642,0.0187679868474893
0.12280701754385964,1,6,0.2973973339718935,0.4444444444444445,0.4,0.49999999999999994,0.2631578947368421,0.8500000000000001,0,1,2,1,2,0.11854096050975906,0.29580620009605185
0.17543859649122806,1,6,0.20225582434222084,0.5555555555555556,0.53125,0.4166666666666666,0.2368421052631579,0.8333333333333333,1,1,2,0,1,0.06696727516303326,0.19223418485667051
0.4736842105263158,2,6,0.035374295622919175,0.1111111111111111,0.375,0.6428571428571428,0.07894736842105263,0.25,0,1,2,1,1,0.03510206307995776,0.024072174367619853
0.21052631578947367,1,4,0.2821495372711077,1.0,0.525,0.5142857142857142,0.3,0.7749999999999999,1,1,2,1,4,0.05593784455565745,0.21851795431634694
0.2807017543859649,1,1,0.030912475177258723,0.1111111111111111,0.4375,0.3214285714285714,0.34210526315789475,1.0,1,1,2,0,1,0.03063898343840335,0.0329394147320871
0.29824561403508765,0,3,0.011511469089401778,0.1111111111111111,0.53125,0.6071428571428572,0.18421052631578946,0.875,1,1,2,0,0,0.011232502081538604,0.01189198336844258
0.0,1,6,0.15553780021168112,0.1111111111111111,0.46875,0.5714285714285714,0.13157894736842105,0.5,0,1,2,0,6,0.1552994796993414,0.12860348813976388
0.2807017543859649,0,7,0.037402988548395924,0.1111111111111111,0.53125,0.46428571428571425,0.5263157894736843,0.625,0,1,2,0,1,0.03713132853448021,0.037880664447058544
0.14035087719298245,1,6,0.23219702425441882,0.7777777777777777,0.4375,0.49107142857142855,0.2763157894736842,0.65625,1,1,0,0,1,0.05757176095695636,0.21176606563748063
0.19298245614035092,1,6,0.1435883088963559,0.4444444444444445,0.48750000000000004,0.47142857142857136,0.16842105263157894,0.65,1,1,2,1,6,0.05699998754930622,0.11117885892075345
0.5964912280701754,1,7,0.31507055279511326,0.4444444444444445,0.5375,0.47142857142857136,0.2421052631578947,0.7,1,0,2,1,2,0.12561224310315555,0.21401145479442846
0.017543859649122806,1,1,0.058709401197734934,0.1111111111111111,0.625,0.39285714285714285,0.3157894736842105,0.625,0,1,2,0,3,0.058443754188522073,0.041266864588401356
0.45614035087719296,1,6,0.016153279723522426,0.0,0.6875,0.6428571428571428,0.15789473684210525,0.5,1,0,3,1,7,0.03231567686615642,0.01403398707429277
0.22807017543859642,0,2,0.038345615539772004,0.1111111111111111,0.5625,0.6071428571428572,0.3947368421052631,0.625,1,1,2,0,0,0.0380742215500165,0.03466761533923057
0.22807017543859642,0,4,0.05653035422898901,0.1111111111111111,0.40625,0.6071428571428572,0.3157894736842105,0.875,1,0,3,0,1,0.05626409225845505,0.043840134563088905
0.45614035087719296,0,1,0.006330675761406903,0.0,0.1875,0.42857142857142855,0.05263157894736842,0.75,1,0,4,0,3,0.012664924755319162,0.004246250383013918
0.36842105263157887,1,2,0.2882897514060869,0.6666666666666665,0.4910714285714286,0.4081632653061224,0.39849624060150374,0.75,1,1,4,0,2,0.08190794770132664,0.23519863506817082
0.4035087719298246,0,4,0.004336558338653021,0.1111111111111111,0.46875,0.49999999999999994,0.15789473684210525,0.5,0,1,2,0,1,0.00405556645814719,0.0037495298879761585
0.49122807017543857,0,5,0.022434166761008397,0.0,0.625,0.35714285714285715,0.42105263157894735,0.75,1,0,0,1,3,0.04488099607131203,0.023147845724171102
0.22807017543859642,0,7,0.07183347173413138,0.0,0.5625,0.35714285714285715,0.3157894736842105,1.0,1,0,2,1,2,0.14370748853893875,0.07611520849631566
0.15789473684210525,1,0,0.22943928215724269,0.4444444444444445,0.4,0.6428571428571428,0.2421052631578947,0.6,0,1,2,1,0,0.09135006825154117,0.20146157588692437
0.05263157894736842,0,6,0.04681345251805484,0.2222222222222222,0.5416666666666666,0.49999999999999994,0.5087719298245614,0.8333333333333333,0,1,2,2,5,0.03084148837306126,0.04421352414089477
0.12280701754385964,0,7,0.059193853384457665,0.2222222222222222,0.6041666666666666,0.5714285714285714,0.2631578947368421,0.6666666666666666,0,1,3,0,0,0.03909741824653783,0.05592530152928596
0.9122807017543858,1,1,0.029314889377160844,0.1111111111111111,0.625,0.7142857142857142,0.34210526315789475,0.625,1,0,0,1,2,0.02904094677446991,0.02932554014325548
0.543859649122807,0,6,0.031877230490377446,0.4444444444444445,0.5125,0.45714285714285713,0.2736842105263158,0.75,0,1,2,1,1,0.012302945537700997,0.02739605581455629
0.0,1,7,0.026630249771455925,0.1111111111111111,0.5625,0.3214285714285714,0.15789473684210525,0.5,0,1,2,0,0,0.026355549521251055,0.026234254186762382
0.017543859649122806,0,6,0.0059947994492418775,0.0,0.5,0.35714285714285715,0.3157894736842105,0.75,0,0,4,1,5,0.011992982551834905,0.005261422350384182
0.38596491228070173,0,2,0.005520028403281551,0.1111111111111111,0.53125,0.42857142857142855,0.21052631578947367,0.625,1,1,2,1,0,0.005239370516638574,0.003747570180604889
0.4035087719298246,0,7,0.06965541263689182,0.2222222222222222,0.45833333333333337,0.4761904761904761,0.1929824561403509,0.8333333333333333,1,1,0,0,0,0.04607375935918321,0.07477899291247878
0.4035087719298246,1,3,0.0016122062983921206,0.0,0.5625,0.49999999999999994,0.10526315789473684,0.5,1,0,1,0,1,0.0032253225767244357,0.0016125343231858814
0.22807017543859642,1,6,0.014976724759438469,0.2222222222222222,0.5,0.49999999999999994,0.10526315789473684,0.6666666666666666,0,1,0,0,4,0.009611013317169828,0.01263571409036568
0.26315789473684215,0,6,0.2135193376835243,0.7777777777777777,0.59375,0.41071428571428564,0.25,0.6875,1,1,2,0,7,0.05290102153001634,0.17674818526742514
0.3508771929824561,1,3,0.0158509910425739,0.2222222222222222,0.45833333333333337,0.4523809523809524,0.3157894736842105,0.6666666666666666,1,1,2,1,7,0.010194021993722347,0.015611551508164664
0.3157894736842105,1,4,0.04941807453174397,0.2222222222222222,0.7291666666666667,0.5476190476190474,0.17543859649122803,0.9166666666666667,1,1,2,0,7,0.03257839309238144,0.046732749741187976
0.0,0,6,0.2582027416595491,0.2222222222222222,0.6458333333333333,0.5952380952380953,0.5789473684210527,0.75,1,1,2,1,1,0.17180745272178422,0.2188225363908949
0.24561403508771928,0,1,0.12030338719406361,0.1111111111111111,0.71875,0.49999999999999994,0.5263157894736843,0.75,1,1,0,0,5,0.12005512297629288,0.10525557806751253
0.10526315789473684,1,9,0.06606331426543752,0.3333333333333333,0.5625,0.41071428571428564,0.2763157894736842,0.875,0,0,2,1,0,0.032617655597604635,0.057067680279577954
0.33333333333333337,1,6,0.05318107467379989,0.3333333333333333,0.53125,0.625,0.21052631578947367,0.5,1,1,2,1,1,0.026174718016489854,0.051430386055384296
0.9122807017543858,1,9,0.26757349319465196,0.4444444444444445,0.675,0.5571428571428572,0.2210526315789474,0.7,0,1,0,1,3,0.10660805749611804,0.26894017980184487
0.36842105263157887,0,3,0.017265425465391206,0.1111111111111111,0.46875,0.42857142857142855,0.21052631578947367,1.0,1,1,2,0,0,0.016988082314500965,0.0176401099317447
0.22807017543859642,0,7,0.0538419607115599,0.2222222222222222,0.47916666666666663,0.4047619047619047,0.2807017543859649,0.6666666666666666,0,1,3,1,0,0.0355284828724238,0.058226607669894
0.49122807017543857,0,1,0.48678830526098876,0.5555555555555556,0.5208333333333334,0.4880952380952381,0.2719298245614035,0.7083333333333334,1,1,3,1,2,0.16183820198279603,0.4690542609002844
0.38596491228070173,0,1,0.025095295024861762,0.0,0.75,0.6428571428571428,0.10526315789473684,1.0,0,0,3,1,6,0.050204754623505835,0.02110940166562933
0.38596491228070173,0,1,0.0032232271509766,0.1111111111111111,0.53125,0.6428571428571428,0.34210526315789475,0.625,0,1,0,1,0,0.002941921070901958,0.003020736491127403
0.42105263157894735,0,9,0.12399921207368651,0.1111111111111111,0.59375,0.6071428571428572,0.18421052631578946,1.0,1,0,0,1,1,0.12375199087581538,0.10553180970875613
0.719298245614035,1,0,0.06049843649576688,0.1111111111111111,0.625,0.49999999999999994,0.21052631578947367,0.25,0,1,2,1,2,0.060233294380448534,0.040686312166925954
0.05263157894736842,0,2,0.09499787311264679,0.4444444444444445,0.44999999999999996,0.4857142857142857,0.3157894736842105,0.8500000000000001,0,1,2,0,7,0.03755832804178847,0.08457304421639837
0.38596491228070173,1,5,0.19705132209807316,0.6666666666666665,0.5982142857142857,0.42857142857142855,0.22556390977443608,0.6428571428571429,0,1,2,1,1,0.055832468207746344,0.14870342276392598
0.08771929824561403,0,1,0.007412790209482105,0.1111111111111111,0.5625,0.6428571428571428,0.28947368421052627,0.75,1,1,2,0,6,0.007132666489985394,0.006445651740315954
0.4035087719298246,0,3,0.00498756566134935,0.0,1.0,0.42857142857142855,0.3157894736842105,0.5,1,0,4,2,7,0.009977946461621527,0.004110682181974769
0.08771929824561403,1,7,0.11875045318605353,0.4444444444444445,0.6375,0.4142857142857142,0.431578947368421,0.5,1,1,1,1,0,0.047062041411797984,0.09718345630714832
0.19298245614035092,0,5,0.09772716451043953,0.2222222222222222,0.6041666666666666,0.5952380952380953,0.3333333333333333,1.0,1,1,2,1,2,0.0647935421347617,0.09119768256329028
0.22807017543859642,1,1,0.696791610679049,1.0,0.44375,0.5428571428571427,0.39999999999999997,0.75,1,1,2,1,0,0.1388896629399566,0.47239242643650475
0.49122807017543857,0,2,0.09327048099661218,0.2222222222222222,0.7916666666666667,0.5476190476190474,0.2631578947368421,0.8333333333333333,0,0,2,1,0,0.061821581294762784,0.09604412599054497
0.49122807017543857,1,9,0.04737989803980609,0.1111111111111111,0.4375,0.5357142857142856,0.18421052631578946,1.0,1,0,2,0,3,0.047111053666640375,0.03527090036621269
0.03508771929824561,0,7,0.05562921784088038,0.1111111111111111,0.375,0.42857142857142855,0.10526315789473684,0.75,0,1,2,1,2,0.0553627015554869,0.03915800171165197
0.29824561403508765,1,6,0.0022979866981125926,0.0,0.4375,0.2857142857142857,0.10526315789473684,1.0,1,1,3,0,4,0.004597270452191412,0.0016014293147486882
0.14035087719298245,1,7,0.03727575069837576,0.0,0.125,0.6428571428571428,0.10526315789473684,1.0,0,0,2,0,3,0.07457254100280258,0.02642769907883302
0.017543859649122806,1,1,0.012112885262478447,0.0,0.0625,0.42857142857142855,0.05263157894736842,0.75,1,0,1,1,4,0.024232607418360502,0.01016095207287394
0.24561403508771928,1,2,0.008588357302059693,0.2222222222222222,0.6458333333333333,0.6190476190476191,0.21052631578947367,0.33333333333333337,0,1,2,0,0,0.005350899747079637,0.006526130389696085
0.22807017543859642,1,8,0.0034427321996915073,0.0,0.3125,0.5714285714285714,0.10526315789473684,0.25,1,0,2,1,7,0.006887407585713639,0.0030593645008677585
0.8070175438596491,0,7,0.006380069336725289,0.0,0.8125,0.6428571428571428,0.5263157894736843,0.75,0,0,4,0,1,0.012763739785243318,0.006400709117934842
0.38596491228070173,1,7,0.17432217690526333,0.1111111111111111,0.53125,0.25,0.15789473684210525,0.75,1,1,0,0,3,0.1740891576394196,0.1532880492863791
0.0,1,2,0.012675972021108046,0.1111111111111111,0.375,0.46428571428571425,0.18421052631578946,0.75,1,0,0,0,0,0.012397333654284548,0.008974893622728984
0.17543859649122806,1,6,0.011648190505883073,0.0,0.5,0.49999999999999994,0.3684210526315789,0.75,1,0,4,1,0,0.02330295561683405,0.011511146902625887
0.5087719298245613,0,1,0.07743865466126182,0.1111111111111111,0.5625,0.5357142857142856,0.18421052631578946,1.0,1,0,1,0,1,0.07717829334190257,0.0843977157302488
0.7368421052631579,0,8,0.07622693147155117,0.6666666666666665,0.5267857142857143,0.5306122448979591,0.3157894736842105,0.75,1,1,2,0,4,0.021301471302153124,0.07942088643922564
0.0,0,2,0.1175843696599371,0.3333333333333333,0.609375,0.46428571428571425,0.35526315789473684,0.875,1,1,3,1,6,0.05838545332086682,0.10355237461661591
0.0,0,6,0.0431132810038039,0.2222222222222222,0.5,0.6428571428571428,0.5438596491228069,0.75,1,1,2,1,6,0.028374011199168474,0.03906162765803821
0.6842105263157895,1,6,0.08308434032015335,0.5555555555555556,0.625,0.369047619047619,0.1929824561403509,0.75,0,1,2,0,1,0.027232236466738165,0.07549959908742088
0.36842105263157887,1,2,0.002590199089696164,0.1111111111111111,0.625,0.39285714285714285,0.28947368421052627,0.75,1,1,1,1,3,0.002308714359147969,0.0017799804307976812
0.10526315789473684,1,0,0.023392402122185088,0.2222222222222222,0.27083333333333337,0.35714285714285715,0.3333333333333333,0.75,0,0,3,1,0,0.015223048249995704,0.01970315920505908
0.4035087719298246,0,5,0.02658559797936811,0.2222222222222222,0.5,0.49999999999999994,0.22807017543859648,0.75,1,1,2,0,6,0.017352446268174636,0.028797420781224718
0.0,2,1,0.023965367595878362,0.3333333333333333,0.484375,0.5357142857142856,0.42105263157894735,0.875,0,1,4,0,1,0.011562741911545132,0.019493688261596722
0.29824561403508765,0,8,0.19704658031484257,0.3333333333333333,0.53125,0.48214285714285715,0.17105263157894735,0.6875,1,1,2,0,2,0.098127771391033,0.17788799462360816
0.3508771929824561,1,3,0.010535254466809196,0.2222222222222222,0.5833333333333334,0.42857142857142855,0.2807017543859649,0.75,1,1,2,1,1,0.006649197486909807,0.008396823497257195
0.49122807017543857,1,2,0.019263691948471832,0.2222222222222222,0.33333333333333337,0.42857142857142855,0.24561403508771928,0.9166666666666667,1,1,3,0,0,0.012469798009562263,0.01851792818691532
0.07017543859649122,1,3,0.12562347040445634,0.3333333333333333,0.703125,0.5892857142857142,0.25,0.8125,0,1,2,1,2,0.06240613807345078,0.09688771469029742
0.3157894736842105,0,6,0.191306256565641,0.5555555555555556,0.6145833333333334,0.3452380952380952,0.2982456140350877,0.6666666666666666,0,1,2,0,3,0.06331638919076879,0.18106023826906104
0.08771929824561403,1,4,0.017243692292251117,0.1111111111111111,0.65625,0.5714285714285714,0.2631578947368421,0.625,0,1,1,1,7,0.01696634300791765,0.015223093958126368
0.3508771929824561,0,6,0.040996074791356606,0.0,0.5625,0.49999999999999994,0.42105263157894735,0.5,0,0,0,2,5,0.08201528905668998,0.040433335719821425
0.10526315789473684,1,1,0.11794751122567786,0.1111111111111111,0.5,0.46428571428571425,0.3684210526315789,1.0,0,1,3,1,0,0.11769858214266161,0.09123992514440431
0.21052631578947367,0,5,0.04678618726447909,0.3333333333333333,0.625,0.37499999999999994,0.3026315789473684,0.8125,0,1,3,1,0,0.022976371942934712,0.03632766167890657
0.08771929824561403,0,3,0.018358999222940275,0.0,0.5625,0.2857142857142857,0.21052631578947367,1.0,0,0,4,1,3,0.03672836084244951,0.019785118522230836
0.42105263157894735,0,5,0.023956476752321054,0.1111111111111111,0.375,0.5714285714285714,0.3684210526315789,0.5,0,1,0,1,0,0.023681021921323864,0.01749909809911869
0.4736842105263158,0,7,0.34023954303435006,0.5555555555555556,0.5416666666666666,0.5238095238095237,0.4473684210526316,0.7083333333333334,1,1,4,1,7,0.11297482845216729,0.33886815663653597
0.24561403508771928,0,1,0.12515067510150873,0.4444444444444445,0.5875,0.3428571428571428,0.28421052631578947,0.44999999999999996,1,1,2,1,0,0.04962285267528846,0.09381493708119965
0.29824561403508765,0,8,0.012448366426040925,0.1111111111111111,0.5,0.3214285714285714,0.2368421052631579,0.5,1,1,2,0,0,0.012169663825339296,0.012885511456623491
0.0,0,6,0.334747965330452,1.0,0.475,0.5285714285714285,0.2789473684210526,0.8,1,1,3,1,6,0.0664604989882329,0.2867037512979796
0.22807017543859642,0,9,0.17013478716407182,0.3333333333333333,0.4375,0.6071428571428572,0.21052631578947367,0.75,1,1,4,0,5,0.08466807735003384,0.14958742498457928
0.2807017543859649,2,6,0.0061874343929835835,0.2222222222222222,0.45833333333333337,0.42857142857142855,0.2631578947368421,0.8333333333333333,1,1,0,0,1,0.003749832755561853,0.00420339811516216
0.8421052631578948,0,5,0.0828308524916194,0.2222222222222222,0.5625,0.6190476190476191,0.2982456140350877,0.75,1,1,4,0,1,0.054859864806546185,0.08917700651824802
0.05263157894736842,0,6,0.007350356730279665,0.0,0.5625,0.42857142857142855,0.21052631578947367,1.0,1,1,3,1,6,0.01470486223307343,0.006446130779895597
0.5964912280701754,0,3,0.30804856455355023,0.7777777777777777,0.484375,0.44642857142857145,0.2368421052631579,0.53125,1,1,2,0,2,0.07653999765610749,0.23241807160265565
0.49122807017543857,1,9,0.04467372283526236,0.5555555555555556,0.5520833333333334,0.49999999999999994,0.2631578947368421,0.7083333333333334,1,1,2,0,7,0.014425083945014839,0.04783009877099348
0.3508771929824561,1,7,0.02347241971420087,0.1111111111111111,0.59375,0.49999999999999994,0.10526315789473684,0.5,1,1,2,0,0,0.0231968282746955,0.021082749645380067
0.6666666666666666,0,0,0.0044794045584737935,0.1111111111111111,0.53125,0.3214285714285714,0.2368421052631579,0.5,0,1,4,0,0,0.004198452991417519,0.004904799157865839
0.36842105263157887,0,5,0.04179941190033483,0.2222222222222222,0.41666666666666663,0.5714285714285714,0.3333333333333333,0.5,1,1,2,0,0,0.027497851267174293,0.0421427666852534
0.36842105263157887,0,0,0.0008278363223361502,0.0,0.625,0.07142857142857142,0.2631578947368421,1.0,1,1,2,0,1,0.0016561399015288464,0.0005686199810370006
0.2807017543859649,1,8,0.05079220379710146,0.2222222222222222,0.6041666666666666,0.5952380952380953,0.21052631578947367,0.9166666666666667,0,1,0,1,0,0.03349473780321144,0.04531104736691105
0.543859649122807,0,7,0.20158604746090353,0.6666666666666665,0.6696428571428572,0.45918367346938777,0.24060150375939848,0.5,1,1,2,1,6,0.05712846967450017,0.17859453445452983
0.5263157894736842,0,6,0.3253540976021,0.1111111111111111,0.53125,0.5357142857142856,0.34210526315789475,1.0,1,1,2,1,2,0.3251637019193238,0.23856353972274585
0.15789473684210525,1,6,0.16721977592308196,0.3333333333333333,0.546875,0.44642857142857145,0.35526315789473684,0.75,0,1,2,0,0,0.08321016039853286,0.1807104522778158
0.017543859649122806,0,6,0.004318974225839676,0.0,0.8125,0.5714285714285714,0.3684210526315789,0.75,1,0,2,1,5,0.008640386216568157,0.00358896453069015
0.24561403508771928,0,6,0.011466027000108864,0.1111111111111111,0.5625,0.46428571428571425,0.10526315789473684,0.75,0,1,4,0,1,0.011187047167773493,0.011569328437026242
0.12280701754385964,1,3,0.004377851367619192,0.0,0.6875,0.5714285714285714,0.47368421052631576,1.0,0,0,3,1,1,0.00875817373223775,0.003202815080444681
0.2807017543859649,0,6,0.0054153140236065725,0.1111111111111111,0.59375,0.46428571428571425,0.3157894736842105,0.75,0,1,1,0,0,0.005134626584918969,0.005513876208856378
0.543859649122807,0,6,0.08948673555292255,0.2222222222222222,0.35416666666666663,0.3809523809523809,0.1929824561403509,0.6666666666666666,0,1,3,0,6,0.05929837244399278,0.08715689661089078
0.19298245614035092,1,6,0.10916671655417773,0.5555555555555556,0.48958333333333337,0.4047619047619047,0.32456140350877194,0.875,1,1,2,1,6,0.035928815496989855,0.08636055863331228
0.2807017543859649,1,5,0.010646488798426203,0.1111111111111111,0.6875,0.39285714285714285,0.13157894736842105,0.875,1,0,2,2,0,0.0103672776795227,0.008316998083667487
0.29824561403508765,2,3,0.006833107209545526,0.0,0.5,0.42857142857142855,0.21052631578947367,0.5,0,0,2,1,3,0.013670071239707673,0.005486353207553217
0.4736842105263158,1,1,0.15745367821113068,0.5555555555555556,0.4375,0.5119047619047619,0.4385964912280702,0.6666666666666666,0,1,4,1,0,0.05202901182927897,0.16072675007529633
0.0,1,9,0.04471896735025399,0.0,0.3125,0.42857142857142855,0.3157894736842105,0.25,1,0,0,1,5,0.08946317549213342,0.04148508889145538
0.15789473684210525,1,6,0.22040737054882387,0.2222222222222222,0.625,0.5714285714285714,0.2807017543859649,0.6666666666666666,1,0,3,0,0,0.14660342768258264,0.19381771551076157
0.33333333333333337,0,4,0.023542558591152982,0.1111111111111111,0.53125,0.49999999999999994,0.15789473684210525,0.75,1,1,1,1,0,0.023266986945941658,0.020048459643876755
0.543859649122807,0,3,0.06739239659010465,0.2222222222222222,0.7916666666666667,0.5238095238095237,0.22807017543859648,0.5,1,1,0,0,3,0.0445646562221815,0.05232423036194663
0.19298245614035092,0,6,0.0635549109364686,0.1111111111111111,0.15625,0.46428571428571425,0.34210526315789475,0.625,1,1,2,1,2,0.06329063140630191,0.05547143330209996
0.0,1,2,0.0015726914381374117,0.0,0.375,0.6428571428571428,0.21052631578947367,0.75,0,1,4,0,1,0.003146270552785111,0.0014981745108091362
0.42105263157894735,0,0,0.049368285807823035,0.3333333333333333,0.546875,0.5714285714285714,0.2763157894736842,0.875,1,1,3,1,0,0.024267785569013503,0.04880294105914432
0.15789473684210525,1,7,0.1837077465129618,1.0,0.49375,0.5285714285714285,0.29473684210526313,0.7,0,1,2,0,7,0.03624393003974933,0.162535559978978
0.03508771929824561,1,9,0.016423758941965908,0.4444444444444445,0.6125,0.49999999999999994,0.3263157894736842,0.6,1,1,2,1,1,0.006119812433262799,0.012013093283987033
0.15789473684210525,1,6,0.021678642632938363,0.3333333333333333,0.515625,0.48214285714285715,0.13157894736842105,0.625,0,1,4,0,6,0.010419056755202957,0.022821619770433784
0.24561403508771928,1,1,0.01971060501795259,0.2222222222222222,0.35416666666666663,0.5238095238095237,0.24561403508771928,0.41666666666666663,1,1,0,1,1,0.012767824139813517,0.017502843317650448
0.15789473684210525,0,6,0.04899566067562113,0.2222222222222222,0.375,0.5238095238095237,0.24561403508771928,0.6666666666666666,1,0,0,0,1,0.03229670438041098,0.04775671861720261
0.0,0,6,0.030725569888253954,0.2222222222222222,0.5416666666666666,0.5714285714285714,0.24561403508771928,0.6666666666666666,1,1,2,0,1,0.02011320645088231,0.030489301478420664
0.4736842105263158,1,6,0.15550184168884934,0.3333333333333333,0.4375,0.5357142857142856,0.4605263157894736,0.6875,1,1,2,0,6,0.07734953978876113,0.12872398836857063
0.5614035087719298,0,8,0.022935215189038103,0.2222222222222222,0.6041666666666666,0.5476190476190474,0.3333333333333333,0.75,1,1,2,0,0,0.014918170944336373,0.020651744670858875
0.42105263157894735,0,6,0.07117772262820449,0.2222222222222222,0.5625,0.4761904761904761,0.22807017543859648,0.75,1,1,2,1,1,0.04708891909993737,0.062098336199731985
0.05263157894736842,0,7,0.06852904154533135,0.4444444444444445,0.5375,0.49999999999999994,0.3894736842105263,0.55,0,1,2,2,1,0.026967807446661128,0.045882585134478605
0.24561403508771928,1,3,0.05249944333440617,0.4444444444444445,0.5125,0.47142857142857136,0.19999999999999996,0.8500000000000001,1,1,2,1,7,0.020554158640415862,0.04325988698498237
0.2807017543859649,0,9,0.3619322134426789,0.8888888888888888,0.4652777777777778,0.44444444444444436,0.22807017543859648,0.6666666666666666,1,1,2,1,6,0.07995036235581267,0.29428403005720777
0.42105263157894735,1,4,0.03650185216028729,0.1111111111111111,0.6875,0.5357142857142856,0.47368421052631576,0.875,1,1,0,0,0,0.036229937831512064,0.035385739218169086
0.4385964912280701,0,0,0.0027640644748168834,0.0,0.5625,0.5714285714285714,0.21052631578947367,1.0,1,0,2,1,1,0.005529689074555743,0.0025433082264334737
0.14035087719298245,1,4,0.1252160721952303,0.3333333333333333,0.515625,0.5357142857142856,0.21052631578947367,0.5625,0,1,2,0,2,0.06220238148174718,0.10130132408281775
0.29824561403508765,0,5,0.004583723789546225,0.0,0.6875,0.5714285714285714,0.3684210526315789,1.0,1,0,4,0,4,0.009170034776961631,0.003364556262153452
0.38596491228070173,1,4,0.0075872483175066455,0.1111111111111111,0.375,0.6428571428571428,0.2631578947368421,1.0,1,1,0,0,0,0.007307173832831453,0.005944532790956011
0.5964912280701754,1,0,0.007255125917065817,0.1111111111111111,0.5,0.5357142857142856,0.3157894736842105,0.875,1,0,2,1,0,0.006974957702226441,0.007816619468203357
0.4385964912280701,0,6,0.044245184175800034,0.3333333333333333,0.46875,0.5178571428571428,0.47368421052631576,0.6875,1,1,0,0,0,0.021705511843080148,0.04394752652703447
0.45614035087719296,0,7,0.01111118355502158,0.1111111111111111,0.375,0.25,0.10526315789473684,0.875,0,1,2,0,1,0.010832103580285928,0.009026281504908936
0.3157894736842105,0,2,0.37763838252241927,0.5555555555555556,0.53125,0.5952380952380953,0.32456140350877194,0.5,1,1,2,1,2,0.12544462646172957,0.4126013625976
0.5789473684210525,0,1,0.18013678859174376,0.1111111111111111,0.8125,0.42857142857142855,0.34210526315789475,0.5,0,1,2,1,2,0.1799054103007554,0.14156939114766212
0.36842105263157887,1,1,0.0267080940461577,0.2222222222222222,0.33333333333333337,0.4047619047619047,0.21052631578947367,0.8333333333333333,1,0,2,1,4,0.0174341333595786,0.025753733939327113
0.10526315789473684,0,3,0.008478110841949054,0.1111111111111111,0.4375,0.49999999999999994,0.18421052631578946,0.875,0,1,0,1,4,0.008198287772687485,0.009327640949557483
0.5789473684210525,1,8,0.09221899056523439,0.1111111111111111,0.5625,0.42857142857142855,0.2368421052631579,0.5,1,1,1,0,0,0.09196280048909487,0.10158034286343383
0.4385964912280701,1,6,0.38227940285933487,0.8888888888888888,0.6180555555555556,0.5476190476190474,0.29239766081871343,0.6111111111111112,0,1,2,1,4,0.08447323606991897,0.35026280982320307
0.19298245614035092,0,0,0.01237723967758245,0.1111111111111111,0.4375,0.49999999999999994,0.6578947368421053,0.75,0,0,2,0,0,0.012098517003793904,0.012954580254197563
0.19298245614035092,0,0,0.16724308969063226,0.4444444444444445,0.625,0.45714285714285713,0.21052631578947367,0.7,0,1,2,0,4,0.06646457016746579,0.1467706722562747
0.3508771929824561,0,4,0.19399563795457653,0.2222222222222222,0.5416666666666666,0.5952380952380953,0.21052631578947367,0.75,0,0,0,1,1,0.1289906367489012,0.15630595508908132
0.38596491228070173,0,8,0.008028234157949194,0.0,0.6875,0.49999999999999994,0.5789473684210527,0.5,1,0,2,0,6,0.01606099970375254,0.008454525992077905
0.33333333333333337,0,0,0.031399100681295464,0.2222222222222222,0.47916666666666663,0.4523809523809524,0.2982456140350877,0.33333333333333337,0,1,1,1,2,0.020562353700230903,0.032759949085931515
0.3508771929824561,1,3,0.00197396484402398,0.1111111111111111,0.59375,0.35714285714285715,0.34210526315789475,0.875,1,0,2,0,0,0.0016923062024810872,0.0018029307815678808
0.6491228070175438,1,6,0.10186911216233811,0.2222222222222222,0.625,0.4523809523809524,0.42105263157894735,0.8333333333333333,1,1,2,1,0,0.06755561985120169,0.08395760900371438
0.5087719298245613,0,3,0.20824272081941178,0.7777777777777777,0.46875,0.5803571428571428,0.2368421052631579,0.71875,1,1,2,0,0,0.05158149502792413,0.20560095689462504
0.33333333333333337,1,0,0.05130076004857957,0.4444444444444445,0.5875,0.657142857142857,0.2631578947368421,0.6,1,0,2,1,1,0.02007455001117598,0.038793365493437766
0.49122807017543857,1,9,0.007803789751702449,0.1111111111111111,0.53125,0.49999999999999994,0.2368421052631579,0.75,1,1,3,0,4,0.0075237763784252,0.00856618576318757
0.07017543859649122,1,5,0.066751267982472,0.0,0.5625,0.5714285714285714,0.42105263157894735,0.75,0,1,2,1,2,0.13354021247998255,0.05407346516154173
0.36842105263157887,0,6,0.0,0.0,0.875,0.5714285714285714,0.21052631578947367,1.0,1,1,2,2,1,0.0,4.036997184815033e-05
0.6666666666666666,1,3,0.0055293143954414075,0.0,0.75,0.2857142857142857,0.21052631578947367,1.0,0,1,4,1,3,0.011061749709829663,0.005706232374609648
0.24561403508771928,0,1,0.05978460054526556,0.3333333333333333,0.578125,0.5892857142857142,0.2763157894736842,0.6875,1,1,3,1,0,0.029477412761644905,0.06531425954503782
0.10526315789473684,0,6,0.009986788206473838,0.1111111111111111,0.65625,0.6071428571428572,0.10526315789473684,0.75,1,0,0,1,1,0.009707390909689188,0.008054789237391636
0.15789473684210525,1,6,0.016645634882296097,0.2222222222222222,0.45833333333333337,0.4047619047619047,0.2807017543859649,0.6666666666666666,0,1,2,1,0,0.010723934060862283,0.011532660134657157
0.05263157894736842,0,6,0.01783700791897557,0.0,0.5625,0.35714285714285715,0.21052631578947367,0.25,1,0,3,1,6,0.03568408360621103,0.016936574985458974
0.12280701754385964,0,5,0.03477821395597689,0.2222222222222222,0.625,0.5476190476190474,0.2807017543859649,0.8333333333333333,0,1,0,1,3,0.022815731642621344,0.02620568600819454
0.21052631578947367,0,1,0.009084663946858834,0.1111111111111111,0.78125,0.46428571428571425,0.3947368421052631,0.5,0,1,2,1,0,0.0088050120564218,0.009768400911882327
0.0,0,1,0.2513722029159201,1.0,0.4625,0.5214285714285714,0.3368421052631579,0.625,1,1,2,0,3,0.04978064051507136,0.19804767854806762
0.29824561403508765,1,8,0.007534495979066608,0.1111111111111111,0.625,0.46428571428571425,0.28947368421052627,1.0,0,0,0,0,4,0.007254406606851952,0.007967734681054578
0.4736842105263158,0,1,0.018346156893357494,0.2222222222222222,0.7708333333333333,0.6666666666666667,0.4035087719298245,0.9166666666666667,0,1,2,1,0,0.011857935344271894,0.01840152156906192
0.10526315789473684,1,6,0.015686609223914315,0.1111111111111111,0.78125,0.49999999999999994,0.28947368421052627,0.75,1,1,0,0,0,0.015408820506253113,0.017298511162406088
0.6140350877192983,0,1,0.0357676660567548,0.4444444444444445,0.35,0.39999999999999997,0.29473684210526313,0.5,0,1,2,1,7,0.013859558941090233,0.024476832165260646
0.4035087719298246,0,6,0.027732516798261032,0.4444444444444445,0.4125,0.5714285714285714,0.3894736842105263,1.0,1,1,2,0,0,0.010644592179501849,0.027728901224303232
0.5087719298245613,0,6,0.033299765459546965,0.1111111111111111,0.46875,0.49999999999999994,0.21052631578947367,1.0,0,1,2,1,3,0.03302694745155049,0.03122684823486109
0.15789473684210525,1,6,0.00013217720755200106,0.0,0.5,0.35714285714285715,0.5263157894736843,0.5,1,1,0,2,1,0.0002644290200770401,0.0001497216431649849
0.4736842105263158,1,3,0.47844039588357895,0.5555555555555556,0.48958333333333337,0.5357142857142856,0.3859649122807018,0.5416666666666666,1,1,2,0,1,0.15905478021989242,0.4906664363792761
0.05263157894736842,1,6,0.007812878169561032,0.1111111111111111,0.59375,0.75,0.07894736842105263,0.875,1,1,1,0,0,0.007532867361178223,0.006772400282685611
0.4736842105263158,1,1,0.03330371694557243,0.3333333333333333,0.578125,0.46428571428571425,0.21052631578947367,0.5625,1,1,0,1,6,0.01623323430091034,0.03106967970368528
0.33333333333333337,1,9,0.00376062925044064,0.2222222222222222,0.41666666666666663,0.3095238095238095,0.24561403508771928,0.5833333333333334,0,1,3,0,1,0.00213150607215065,0.003953731396062434
0.4035087719298246,0,7,0.052257414815346064,0.2222222222222222,0.5625,0.49999999999999994,0.22807017543859648,0.8333333333333333,1,1,4,0,0,0.03447182081910149,0.04448609766171201
0.03508771929824561,1,8,0.02224212454017051,0.1111111111111111,0.5,0.6071428571428572,0.21052631578947367,1.0,1,0,2,1,3,0.02196618589202007,0.023936431970369924
0.10526315789473684,0,7,0.11823596970553724,0.1111111111111111,0.53125,0.5357142857142856,0.10526315789473684,0.75,1,1,3,0,2,0.11798712203004015,0.10624231250347303
0.42105263157894735,1,1,0.11499831963056768,0.1111111111111111,0.625,0.46428571428571425,0.3157894736842105,0.75,1,0,0,1,3,0.1147485582393059,0.10562561436826089
0.08771929824561403,0,0,0.005179015159283414,0.0,0.6875,0.5714285714285714,0.21052631578947367,0.0,1,1,2,1,0,0.010360953517607555,0.004585932994033954
0.38596491228070173,0,6,0.003987049399700122,0.0,0.5625,0.6428571428571428,0.15789473684210525,0.75,0,0,2,1,0,0.007976349215477832,0.004285705824755476
0.0,0,6,0.08202435419382079,0.3333333333333333,0.53125,0.5357142857142856,0.3026315789473684,0.75,1,1,3,0,2,0.040600427790027545,0.06628479373339582
0.4736842105263158,0,2,0.3246728614113088,0.3333333333333333,0.578125,0.5535714285714286,0.11842105263157893,0.8125,0,1,0,1,2,0.16195892101102002,0.2208199572417981
0.03508771929824561,1,7,0.0487083876415694,1.0,0.53125,0.5357142857142856,0.2578947368421053,0.675,0,1,2,1,0,0.009236438477070662,0.03250701618787967
0.4035087719298246,0,5,0.15721560117809605,0.2222222222222222,0.5625,0.42857142857142855,0.2807017543859649,0.5833333333333334,1,1,0,0,1,0.10446369229473994,0.12494275477023259
0.42105263157894735,1,8,0.08621253423221738,0.3333333333333333,0.703125,0.44642857142857145,0.3289473684210526,0.6875,0,1,2,1,1,0.04269510879435979,0.07550865729038142
0.14035087719298245,1,1,0.01943261797606071,0.2222222222222222,0.41666666666666663,0.4523809523809524,0.3157894736842105,0.75,0,1,1,0,4,0.012582447143675799,0.019119688997053123
0.4035087719298246,0,3,0.09443379848251084,0.2222222222222222,0.6041666666666666,0.6904761904761905,0.24561403508771928,0.8333333333333333,1,0,0,0,6,0.06259734515635404,0.08739023243522992
0.3508771929824561,0,7,0.035760948530511504,0.4444444444444445,0.525,0.42857142857142855,0.46315789473684216,0.75,0,1,2,0,3,0.013856871172276295,0.03322496587060741
0.17543859649122806,0,4,0.04189286454483722,0.2222222222222222,0.5833333333333334,0.4761904761904761,0.3157894736842105,1.0,1,1,0,1,1,0.02756017061271313,0.03779818254125446
0.07017543859649122,1,5,0.12588999813687435,0.2222222222222222,0.6458333333333333,0.5476190476190474,0.1929824561403509,0.8333333333333333,1,1,1,1,2,0.08357406321540022,0.12785400894288507
0.0,1,8,0.1789645802622878,0.2222222222222222,0.47916666666666663,0.42857142857142855,0.3859649122807018,0.5833333333333334,0,1,3,1,5,0.1189671036201413,0.13509704383804422
0.36842105263157887,1,1,0.0019504535021724284,0.0,0.5625,0.07142857142857142,0.21052631578947367,1.0,0,0,3,1,0,0.0039020079016450523,0.0021714428654719246
0.0,1,0,0.03739745646796027,0.1111111111111111,0.53125,0.6071428571428572,0.21052631578947367,0.375,1,0,2,0,0,0.03712579489280446,0.04122862852013526
0.3157894736842105,1,1,0.038957305576514896,0.3333333333333333,0.46875,0.5178571428571428,0.381578947368421,0.8125,1,1,0,1,7,0.01906082638219005,0.0341718529233521
0.22807017543859642,1,6,0.30390167754411984,0.1111111111111111,0.59375,0.5714285714285714,0.2368421052631579,1.0,0,0,1,1,2,0.30370522765105407,0.20443406002766584
0.4385964912280701,1,8,0.012573628533048352,0.0,0.5,0.6428571428571428,0.05263157894736842,0.5,1,0,3,0,4,0.025154354017493025,0.011225160273578633
0.22807017543859642,0,6,0.055261927214812864,0.1111111111111111,0.375,0.49999999999999994,0.18421052631578946,0.75,1,1,0,0,3,0.0549953072742289,0.04295469522369668
0.22807017543859642,1,4,0.005013843043418731,0.0,0.8125,0.07142857142857142,0.05263157894736842,0.75,1,0,0,1,0,0.010030516057541178,0.004601218711529856
0.4385964912280701,0,6,0.0933637360668133,0.3333333333333333,0.359375,0.49999999999999994,0.34210526315789475,0.6875,1,1,0,0,6,0.04627171880246459,0.09363912955547042
0.36842105263157887,1,5,0.018767582877973966,0.2222222222222222,0.5625,0.5238095238095237,0.4035087719298245,0.5833333333333334,0,1,2,1,1,0.012138965289376193,0.013140796003520855
0.3508771929824561,0,1,0.08901552084438515,0.2222222222222222,0.41666666666666663,0.49999999999999994,0.2807017543859649,0.8333333333333333,1,1,3,1,0,0.05898414064883397,0.0822430827991171
0.38596491228070173,0,1,0.14809438598550162,0.1111111111111111,0.4375,0.46428571428571425,0.3157894736842105,0.75,1,1,2,1,0,0.14785396482461616,0.15940303306958284
0.0,1,6,0.008364505618716767,0.1111111111111111,0.46875,0.46428571428571425,0.15789473684210525,0.625,1,0,2,1,0,0.008084650488274706,0.006881098718212022
0.45614035087719296,0,3,0.5672881761461829,0.7777777777777777,0.6328125,0.5625,0.34210526315789475,0.625,1,1,2,1,5,0.14136819092802924,0.39230023134998754
0.42105263157894735,1,1,0.18649591505253402,0.0,0.8125,0.6428571428571428,0.10526315789473684,0.75,0,0,2,2,2,0.373097094264993,0.18466409657577285
0.07017543859649122,0,2,0.0023922296398200733,0.0,0.25,0.42857142857142855,0.15789473684210525,1.0,1,0,2,0,0,0.0047858095292867,0.002133685836785467
0.24561403508771928,1,6,0.028664672351669616,0.2222222222222222,0.5208333333333334,0.4761904761904761,0.2982456140350877,0.75,1,1,2,1,0,0.018738887014697156,0.020368719377394873
0.2807017543859649,2,6,0.09574154278264041,0.3333333333333333,0.734375,0.49999999999999994,0.17105263157894735,0.625,1,1,2,0,5,0.04746095768760181,0.09957577996788866
0.26315789473684215,1,6,0.041630090724143406,0.1111111111111111,0.71875,0.42857142857142855,0.15789473684210525,0.875,0,1,2,0,3,0.04135962366493483,0.04560831320060628
0.36842105263157887,1,7,0.10279948954703524,0.3333333333333333,0.453125,0.44642857142857145,0.35526315789473684,0.5,1,1,2,0,0,0.05099092700158242,0.10852371672699952
0.5964912280701754,0,5,0.021781381269600608,0.1111111111111111,0.40625,0.49999999999999994,0.18421052631578946,0.875,0,0,2,1,3,0.02150531259245381,0.023294344737436665
0.5087719298245613,1,9,0.13899332337163706,0.5555555555555556,0.5416666666666666,0.369047619047619,0.3333333333333333,0.875,1,1,2,0,0,0.04587382361530333,0.10934910192272553
0.017543859649122806,0,6,0.14589163010060288,0.2222222222222222,0.5208333333333334,0.5238095238095237,0.3157894736842105,0.8333333333333333,1,1,0,0,4,0.09691224770793598,0.15078463199221415
0.42105263157894735,1,3,0.004689821189330119,0.0,0.5625,0.5714285714285714,0.15789473684210525,0.25,1,1,4,0,7,0.009382289461238718,0.0046074026770125285
0.5614035087719298,0,0,0.007209288679170354,0.0,0.5,0.2857142857142857,0.15789473684210525,1.0,1,0,4,1,0,0.014422646507610042,0.005151722286645788
0.36842105263157887,1,1,0.1269462303514827,0.7777777777777777,0.515625,0.5714285714285714,0.2631578947368421,0.75,1,1,2,1,6,0.03125163662393311,0.0915688946884614
0.5263157894736842,0,7,0.02420877913504737,0.1111111111111111,0.34375,0.5357142857142856,0.10526315789473684,0.625,0,1,0,1,1,0.023933395507750158,0.016736641284536793
0.719298245614035,0,3,0.0047352632786230335,0.1111111111111111,0.71875,0.6785714285714286,0.18421052631578946,0.5,1,1,2,0,0,0.004454383918921081,0.005083132528651358
0.5087719298245613,1,6,0.06957737078788878,0.1111111111111111,0.53125,0.39285714285714285,0.28947368421052627,0.625,1,1,2,0,2,0.06931479089059812,0.06273585078213227
0.33333333333333337,1,6,0.05328895024229525,0.2222222222222222,0.6041666666666666,0.6190476190476191,0.3859649122807018,0.33333333333333337,0,1,0,1,3,0.03515970518074685,0.0539181692396318
0.5087719298245613,1,6,0.06757633826459032,0.1111111111111111,0.625,0.3214285714285714,0.3684210526315789,0.5,1,0,2,0,5,0.06731319364445443,0.05375237799602241
0.3157894736842105,0,2,0.17241933880969784,0.3333333333333333,0.578125,0.5535714285714286,0.2368421052631579,0.4375,0,1,2,0,2,0.08581067554104688,0.14870194209613435
0.29824561403508765,1,6,0.05307754573993256,0.4444444444444445,0.5125,0.49999999999999994,0.34736842105263155,0.8500000000000001,1,0,2,1,0,0.020785464862462324,0.040967377753018695
0.21052631578947367,1,6,0.04375638535444929,0.0,0.5625,0.49999999999999994,0.3684210526315789,0.5,0,0,4,1,2,0.08753746818897148,0.03781664733959708
0.6140350877192983,1,1,0.0024088258811270505,0.0,0.625,0.49999999999999994,0.21052631578947367,0.75,1,0,0,0,0,0.0048190113793412145,0.0023806525146181103
0.12280701754385964,1,6,0.021205452181388224,0.1111111111111111,0.53125,0.35714285714285715,0.42105263157894735,1.0,0,0,1,1,0,0.020929220967995984,0.014625426758941884
0.6140350877192983,0,6,0.025071388534407664,0.2222222222222222,0.625,0.4523809523809524,0.4385964912280702,0.75,1,1,2,1,4,0.016342688415723,0.0251673459447906
0.38596491228070173,0,8,0.08369128857366569,0.5555555555555556,0.6145833333333334,0.5357142857142856,0.09649122807017543,0.45833333333333337,0,1,2,0,0,0.02743460964802284,0.0700989504155712
0.0,0,6,0.19696814331723697,0.8888888888888888,0.5069444444444444,0.6031746031746033,0.22807017543859648,0.8888888888888888,1,1,3,0,4,0.04328133444910873,0.15750342339103235
0.36842105263157887,0,2,0.03762960627195669,0.2222222222222222,0.4375,0.49999999999999994,0.4385964912280702,0.9166666666666667,1,0,0,0,6,0.024717196325108562,0.02730529958874017
0.0,0,1,0.007850812435405552,0.1111111111111111,0.4375,0.6071428571428572,0.18421052631578946,0.5,0,0,4,0,0,0.0075708123326690985,0.006330508044990701
0.42105263157894735,1,2,0.007684059725130681,0.0,0.5,0.35714285714285715,0.2631578947368421,0.75,0,0,0,2,0,0.015372456575241025,0.005225668578121688
0.4736842105263158,1,3,0.022900442112013957,0.2222222222222222,0.5833333333333334,0.6428571428571428,0.1929824561403509,0.9166666666666667,0,1,3,0,0,0.014894982350647502,0.022637320179429064
0.15789473684210525,0,6,0.2526453717133268,0.1111111111111111,0.4375,0.46428571428571425,0.47368421052631576,1.0,0,1,2,0,0,0.2524344564847264,0.22773789845859
0.3157894736842105,0,5,0.1145387618058054,0.1111111111111111,0.59375,0.39285714285714285,0.15789473684210525,0.875,0,0,2,0,5,0.1142888707200987,0.08261547074871099
0.7017543859649124,0,7,0.007986545980380476,0.1111111111111111,0.34375,0.5357142857142856,0.3157894736842105,0.625,1,0,4,0,0,0.007706584183784887,0.0060730024964058965
0.17543859649122806,1,5,0.022930868554410087,0.1111111111111111,0.625,0.46428571428571425,0.28947368421052627,0.875,0,0,1,1,3,0.022655124280651286,0.020912429300290403
0.07017543859649122,1,7,0.01407479807412474,0.1111111111111111,0.59375,0.39285714285714285,0.18421052631578946,0.875,1,1,0,0,0,0.01379655447801059,0.01373785351596761
0.5964912280701754,1,4,0.05655090195632146,0.1111111111111111,0.625,0.42857142857142855,0.2631578947368421,0.5,0,1,2,1,4,0.056284645784679274,0.04327547754584714
0.7017543859649124,0,0,0.07213477254357353,0.3333333333333333,0.484375,0.41071428571428564,0.34210526315789475,0.8125,1,0,2,1,7,0.03565424146717394,0.07507778296301833
0.29824561403508765,0,4,0.06994406869105248,0.1111111111111111,0.6875,0.6071428571428572,0.47368421052631576,0.625,0,1,2,0,2,0.06968159228167659,0.04659435085172367
0.5087719298245613,0,7,0.16974852940508206,0.0,0.375,0.5714285714285714,0.2631578947368421,0.5,0,1,3,1,2,0.3395928702189088,0.1827053472836627
0.5789473684210525,1,7,0.024039062810253396,0.1111111111111111,0.46875,0.46428571428571425,0.2631578947368421,0.5,0,1,2,0,4,0.023763631286340462,0.01747292511844907
0.14035087719298245,0,0,0.0027879709652709815,0.1111111111111111,0.625,0.5714285714285714,0.28947368421052627,0.5,1,1,2,0,0,0.002506542049056128,0.0021157436270751776
0.19298245614035092,1,9,0.01780519845647053,0.2222222222222222,0.47916666666666663,0.6190476190476191,0.24561403508771928,0.75,0,1,1,0,1,0.01149719460836211,0.01406730209960435
0.543859649122807,1,4,0.06800665509276409,0.3333333333333333,0.609375,0.6964285714285714,0.35526315789473684,0.6875,0,0,0,0,1,0.033589600231938625,0.06371274313218374
0.6491228070175438,0,1,0.2317064472643566,0.3333333333333333,0.5,0.44642857142857145,0.2631578947368421,0.75,0,1,4,0,5,0.11546259564553783,0.1700316148702944
0.4035087719298246,1,5,0.014232067217938483,0.2222222222222222,0.5625,0.3809523809523809,0.22807017543859648,0.9166666666666667,1,1,2,1,4,0.009114434853457639,0.012049543841092645
0.10526315789473684,1,6,0.002912837923675862,0.0,0.4375,0.5714285714285714,0.2631578947368421,1.0,1,1,3,2,0,0.005827319944687298,0.002895837807998498
0.7017543859649124,0,3,0.0026601403923469987,0.0,0.75,0.6428571428571428,0.47368421052631576,1.0,1,0,4,1,4,0.005321782251595318,0.002295862509021186
0.17543859649122806,0,6,0.007722191565276475,0.1111111111111111,0.40625,0.5357142857142856,0.42105263157894735,0.875,1,1,0,1,1,0.007442155163707848,0.007817882390731508
0.21052631578947367,1,1,0.010984340853603962,0.1111111111111111,0.5625,0.49999999999999994,0.34210526315789475,0.875,0,1,0,0,0,0.010705225081863312,0.008227025740799872
0.36842105263157887,0,8,0.010634239191747242,0.0,0.6875,0.5714285714285714,0.3157894736842105,0.0,0,0,2,1,3,0.021274480682550983,0.009822314639118581
0.6140350877192983,1,6,0.02122738292882959,0.1111111111111111,0.53125,0.35714285714285715,0.21052631578947367,0.75,0,1,0,1,0,0.020951157904639146,0.01955439564105338
0.4736842105263158,0,2,0.01270679361210672,0.2222222222222222,0.4375,0.6190476190476191,0.22807017543859648,0.8333333333333333,0,1,2,1,1,0.008097298812104999,0.012754123964643049
0.36842105263157887,0,3,0.04637878905525304,0.2222222222222222,0.5833333333333334,0.6428571428571428,0.4561403508771929,0.9166666666666667,1,1,4,0,0,0.0305516309519504,0.03960420530556367
0.38596491228070173,0,6,0.10243022317795497,0.7777777777777777,0.5078125,0.47321428571428564,0.28947368421052627,0.78125,1,1,3,1,4,0.0251209051298637,0.10438581638709046
0.29824561403508765,0,1,0.023220314905775828,0.5555555555555556,0.46875,0.4404761904761904,0.24561403508771928,0.5833333333333334,0,1,2,1,0,0.007271929805491836,0.017932193428169235
0.4035087719298246,1,3,0.16559433214650454,0.5555555555555556,0.7083333333333333,0.5238095238095237,0.28947368421052627,0.7083333333333334,1,1,3,1,0,0.05474332894792231,0.1135982265432173
0.0,1,6,0.19508190146297844,0.3333333333333333,0.5,0.6428571428571428,0.3026315789473684,0.8125,1,1,2,1,7,0.09714515473346719,0.17116515316288933
0.22807017543859642,1,5,0.01842617448537328,0.1111111111111111,0.65625,0.49999999999999994,0.2631578947368421,0.375,1,0,1,0,0,0.018149158916109794,0.018310983088509272
0.33333333333333337,1,4,0.024861762200756435,0.2222222222222222,0.5833333333333334,0.42857142857142855,0.2631578947368421,0.75,1,1,0,1,1,0.01620289808672363,0.027302468900315003
0.05263157894736842,0,6,0.0480101600608687,0.2222222222222222,0.41666666666666663,0.5476190476190474,0.3508771929824561,0.5833333333333334,1,1,2,1,2,0.031639518554728734,0.04965863639554594
0.36842105263157887,1,6,0.11751936771481808,0.4444444444444445,0.625,0.5714285714285714,0.3894736842105263,0.75,0,1,2,1,1,0.04656946825063205,0.12740214397212302
0.24561403508771928,1,7,0.016888453698561283,0.1111111111111111,0.34375,0.46428571428571425,0.3157894736842105,0.625,0,1,2,0,1,0.01661100416031039,0.016813113421068997
0.6666666666666666,1,0,0.005302301523278105,0.0,0.625,0.5714285714285714,0.15789473684210525,0.5,1,1,4,1,5,0.010607595832298245,0.005117666927438395
0.6140350877192983,0,1,0.008792056406672716,0.2222222222222222,0.5416666666666666,0.5238095238095237,0.3859649122807018,0.8333333333333333,1,1,3,1,0,0.005486737474882042,0.008238566239764013
0.19298245614035092,1,6,0.08472282400061486,0.3333333333333333,0.484375,0.42857142857142855,0.381578947368421,0.625,1,1,2,1,6,0.04195004346873166,0.08857062950852454
0.26315789473684215,0,3,0.002867395834382947,0.1111111111111111,0.4375,0.3214285714285714,0.3157894736842105,0.875,1,0,3,0,1,0.0025859893331151495,0.0026281853301357875
0.2807017543859649,1,8,0.025981218191772334,0.1111111111111111,0.4375,0.46428571428571425,0.5263157894736843,1.0,1,0,0,0,6,0.025706334774649356,0.018736370235232825
0.19298245614035092,1,1,0.018659509735177333,0.1111111111111111,0.53125,0.5357142857142856,0.2368421052631579,0.875,0,1,2,0,0,0.018382560016790648,0.01664915123767279
0.33333333333333337,0,7,0.06413735997662301,0.1111111111111111,0.59375,0.49999999999999994,0.3684210526315789,0.25,1,0,2,0,4,0.06387324482273472,0.04488213274691921
0.12280701754385964,0,4,0.17493189119899347,0.3333333333333333,0.5,0.5178571428571428,0.2368421052631579,0.8125,0,1,4,0,2,0.08706730627659234,0.1451913223112423
0.05263157894736842,0,2,0.1881407211106363,0.6666666666666665,0.5803571428571429,0.42857142857142855,0.21804511278195488,0.8928571428571428,0,1,2,1,7,0.05328586372227239,0.18503165058051757
0.42105263157894735,0,0,0.13318266317118213,0.5555555555555556,0.47916666666666663,0.4404761904761904,0.22807017543859648,0.5833333333333334,0,1,1,0,6,0.043936390261923725,0.11142869983606395
0.42105263157894735,1,3,0.061342473910807466,0.3333333333333333,0.484375,0.39285714285714285,0.14473684210526316,0.875,1,1,3,1,0,0.030256569272596873,0.0610825109965713
0.12280701754385964,1,4,0.0077526180076726015,0.0,0.125,0.21428571428571425,0.47368421052631576,1.0,1,0,2,1,2,0.015509611836775752,0.0061511730459932
0.4736842105263158,0,2,0.04568332751477017,0.1111111111111111,0.53125,0.5714285714285714,0.7894736842105263,1.0,1,1,0,0,0,0.045414004342722934,0.04736033513957384
0.15789473684210525,1,9,0.14681825357357578,0.1111111111111111,0.59375,0.35714285714285715,0.3157894736842105,0.5,0,0,3,1,5,0.1465774722680559,0.10728444133446143
0.3508771929824561,0,2,0.40189892612440026,1.0,0.6125,0.5071428571428571,0.34210526315789475,0.825,1,1,0,1,2,0.07989448135844578,0.3207186534354193
0.45614035087719296,0,0,0.005145032379464364,0.0,0.6875,0.42857142857142855,0.3684210526315789,0.75,0,1,2,1,0,0.010292968777019735,0.005354704421256606
0.2807017543859649,1,1,0.1910828000309006,0.5555555555555556,0.48958333333333337,0.4880952380952381,0.25438596491228066,0.75,1,1,2,0,0,0.06324188265820599,0.19446973192770928
0.38596491228070173,0,1,0.3713835752927014,1.0,0.59375,0.4785714285714285,0.34736842105263155,0.725,1,1,3,0,7,0.07378968880973145,0.3207387730977644
0.17543859649122806,1,5,0.009572277322401943,0.2222222222222222,0.4375,0.7380952380952381,0.3508771929824561,0.9166666666666667,0,1,2,1,4,0.00600703154577603,0.009499790354860328
0.24561403508771928,1,1,0.027849678358916243,0.1111111111111111,0.53125,0.46428571428571425,0.3947368421052631,0.875,1,1,2,0,4,0.02757532225063484,0.026037064076159976
0.24561403508771928,1,3,0.012039387622404689,0.1111111111111111,0.40625,0.6071428571428572,0.2368421052631579,0.5,0,0,0,0,1,0.011760569601453292,0.01239210068959054
0.14035087719298245,0,6,0.07479688867893326,0.4444444444444445,0.48750000000000004,0.5428571428571427,0.2736842105263158,0.7,1,1,2,0,0,0.029475653854112254,0.05279329720852314
0.24561403508771928,1,5,0.027928905653726938,0.3333333333333333,0.421875,0.48214285714285715,0.3026315789473684,0.6875,0,1,2,0,1,0.013545070226853617,0.025079376858346953
0.0,0,6,0.010489022080311187,0.0,0.625,0.49999999999999994,0.05263157894736842,0.75,1,1,2,2,7,0.020983964494573966,0.010167310234567392
0.19298245614035092,0,5,0.013219696498212844,0.1111111111111111,0.625,0.2857142857142857,0.10526315789473684,0.75,1,1,1,1,0,0.012941211578987104,0.012549704711293299
0.22807017543859642,0,3,0.0011615393171871664,0.0,0.375,0.5714285714285714,0.21052631578947367,0.75,0,1,3,1,3,0.0023237342436964407,0.0011671146122226863
0.22807017543859642,0,6,0.0220569974198772,0.1111111111111111,0.5625,0.6428571428571428,0.28947368421052627,0.375,0,0,2,1,3,0.021781006525942205,0.015481905978292018
0.24561403508771928,1,3,0.11944275353771604,0.2222222222222222,0.41666666666666663,0.6190476190476191,0.4035087719298245,0.8333333333333333,0,1,2,0,0,0.07927468714008683,0.12165088187702687
0.2807017543859649,1,1,0.13631362312346398,0.1111111111111111,0.625,0.49999999999999994,0.18421052631578946,0.875,1,0,2,0,3,0.13606987724604092,0.09911542293185113
0.38596491228070173,1,1,0.1375182336383288,0.1111111111111111,0.375,0.5714285714285714,0.07894736842105263,0.375,0,1,0,0,2,0.13727482772093605,0.13017543474583815
0.4736842105263158,0,1,0.041517473372417485,0.3333333333333333,0.453125,0.39285714285714285,0.2368421052631579,0.6875,1,1,4,1,1,0.020341271539947258,0.04491126706317209
0.15789473684210525,2,6,0.019289376607637392,0.1111111111111111,0.5,0.6785714285714286,0.13157894736842105,1.0,1,0,2,0,4,0.019012604647587063,0.019703202754111773
0.03508771929824561,0,4,0.060296910708467856,0.5555555555555556,0.6979166666666667,0.46428571428571425,0.42105263157894735,0.7083333333333334,1,1,0,1,4,0.019634282939183234,0.06018540051105684
0.07017543859649122,0,6,0.1036690140469401,0.3333333333333333,0.578125,0.48214285714285715,0.40789473684210525,0.9375,1,1,2,1,5,0.051425811948278624,0.08211461309366722
0.19298245614035092,0,2,0.18341454624987186,0.5555555555555556,0.5208333333333334,0.5357142857142856,0.18421052631578946,0.7083333333333334,1,1,0,1,4,0.060685076697261774,0.14805915807835798
0.21052631578947367,1,1,0.059359420648924896,0.0,0.5625,0.42857142857142855,0.21052631578947367,1.0,1,0,3,1,2,0.11875234562177282,0.06230162317771167
0.12280701754385964,0,2,0.0246596436905536,0.0,0.625,0.49999999999999994,0.10526315789473684,0.75,1,1,2,0,6,0.04933320605957479,0.021785762003033452
0.017543859649122806,0,1,0.11731349529289105,0.2222222222222222,0.35416666666666663,0.42857142857142855,0.4561403508771929,0.8333333333333333,0,1,0,0,1,0.07785478103676333,0.0799788369023524
0.19298245614035092,1,2,0.1531131683864522,0.2222222222222222,0.4375,0.4761904761904761,0.3508771929824561,0.6666666666666666,0,1,4,1,1,0.10172796525294639,0.1324590164219994
0.33333333333333337,0,0,0.011694225318079808,0.2222222222222222,0.4375,0.49999999999999994,0.21052631578947367,0.5833333333333334,1,1,0,1,1,0.007422062774289938,0.010404086434069435
0.42105263157894735,1,2,0.14946397104192982,0.8888888888888888,0.6111111111111112,0.36507936507936506,0.21052631578947367,0.8055555555555556,1,1,4,0,1,0.03272187251583132,0.11333244667462047
0.17543859649122806,0,6,0.002683849308499824,0.0,0.625,0.49999999999999994,0.05263157894736842,0.75,0,0,4,0,4,0.005369213465958913,0.0024309952195333876
0.21052631578947367,0,2,0.054168155882962525,0.3333333333333333,0.546875,0.46428571428571425,0.13157894736842105,0.75,1,1,2,1,1,0.026668397905990935,0.04575472511576645
0.08771929824561403,0,1,0.14380247943893643,0.0,0.75,0.5714285714285714,0.2631578947368421,1.0,0,0,0,1,5,0.2876861255199894,0.15807217401922743
0.2807017543859649,1,6,0.1293908171811403,0.1111111111111111,0.4375,0.46428571428571425,0.3947368421052631,0.875,0,0,0,0,1,0.12914511757901595,0.10751220288005563
0.10526315789473684,0,7,0.028671192303611634,0.1111111111111111,0.65625,0.2857142857142857,0.07894736842105263,0.5,0,1,0,0,1,0.028397068039484108,0.022711048725641492
0.4035087719298246,0,7,0.019613793610328552,0.1111111111111111,0.71875,0.35714285714285715,0.21052631578947367,0.5,1,1,0,1,3,0.01933711320585799,0.014748409283752217
0.0,1,7,0.01307467696107806,0.2222222222222222,0.35416666666666663,0.6190476190476191,0.21052631578947367,0.6666666666666666,1,1,2,1,0,0.00834262359306337,0.009856457096431365
0.21052631578947367,0,0,0.064487659212781,0.0,0.4375,0.49999999999999994,0.2631578947368421,0.75,1,0,2,1,3,0.12901171728861835,0.05042592715497697
0.3508771929824561,0,1,0.03249030354722925,0.1111111111111111,0.34375,0.49999999999999994,0.3684210526315789,1.0,1,0,4,1,3,0.03221725709635196,0.027521738380633702
0.33333333333333337,0,1,0.24987656545527936,0.6666666666666665,0.4821428571428571,0.5714285714285714,0.23308270676691728,0.7857142857142858,1,1,2,0,0,0.07092965434248436,0.25880862333953997
0.8596491228070174,1,6,0.15926484183090525,0.2222222222222222,0.5,0.5714285714285714,0.3333333333333333,0.6666666666666666,1,1,0,1,1,0.10583023828190438,0.10953030953098888
0.36842105263157887,0,2,0.06037929919209893,0.3333333333333333,0.609375,0.39285714285714285,0.17105263157894735,0.75,0,0,3,0,0,0.02977484600171661,0.04076291495061624
0.07017543859649122,0,3,0.3070257223958571,0.8888888888888888,0.5416666666666666,0.4523809523809524,0.22807017543859648,0.7777777777777777,1,1,2,1,3,0.06774547646202929,0.3148169729123151
0.26315789473684215,1,1,0.014948866782958902,0.2222222222222222,0.6666666666666667,0.4761904761904761,0.2982456140350877,0.6666666666666666,0,1,2,1,0,0.00959243609154409,0.01252649306620693
0.0,1,0,0.15842692921920415,0.4444444444444445,0.575,0.4142857142857142,0.3684210526315789,0.55,1,1,2,1,4,0.06293711075524525,0.17040700770452422
0.2807017543859649,0,3,0.555666065448068,1.0,0.55,0.5285714285714285,0.3263157894736842,0.8,1,1,2,1,3,0.11065658832413464,0.428569537298283
0.12280701754385964,0,7,0.0900658258299553,0.3333333333333333,0.53125,0.46428571428571425,0.4473684210526316,0.875,0,1,2,0,1,0.04462229832297059,0.07835171364651373
0.4736842105263158,0,7,0.11726627503488668,0.6666666666666665,0.5892857142857143,0.6020408163265305,0.3609022556390977,0.75,1,1,0,1,0,0.03303030716256791,0.08116807443334408
0.17543859649122806,1,2,0.004652874794991966,0.0,0.25,0.2857142857142857,0.6842105263157894,0.75,0,0,3,2,6,0.00930837581885545,0.003595322692383602
0.26315789473684215,1,2,0.11666446371320746,0.2222222222222222,0.5208333333333334,0.8095238095238095,0.42105263157894735,0.8333333333333333,1,1,2,1,6,0.07742197120569554,0.12720299415414935
0.15789473684210525,1,1,0.0464791568003,0.2222222222222222,0.39583333333333337,0.4523809523809524,0.2982456140350877,0.8333333333333333,1,1,3,0,0,0.03061856166555236,0.03950034081488639
0.6491228070175438,1,6,0.00045659421024316066,0.0,0.375,0.5714285714285714,0.47368421052631576,1.0,1,0,2,0,1,0.0009134461366188935,0.0005741507107292499
0.22807017543859642,0,6,0.013297343198613346,0.1111111111111111,0.59375,0.49999999999999994,0.13157894736842105,1.0,1,1,2,0,4,0.01301888019250749,0.013586956048379863
0.6666666666666666,0,2,0.010875674987903514,0.1111111111111111,0.6875,0.49999999999999994,0.28947368421052627,0.875,1,1,2,1,0,0.01059652854894674,0.010195921962187925
0.45614035087719296,0,9,0.1181069536868056,0.3333333333333333,0.625,0.5357142857142856,0.3947368421052631,0.875,1,1,0,1,7,0.058646819075016204,0.12555609962838724
0.38596491228070173,1,7,0.020522240247584308,0.3333333333333333,0.546875,0.3214285714285714,0.47368421052631576,0.75,0,1,3,0,0,0.009840692385056875,0.013589525442488861
0.36842105263157887,0,6,0.30529141517927794,0.2222222222222222,0.45833333333333337,0.5476190476190474,0.631578947368421,0.5,0,1,4,2,1,0.20320876117770914,0.25780695157850514
0.36842105263157887,1,0,0.024916490282209207,0.0,0.6875,0.7142857142857142,0.3684210526315789,0.75,1,0,4,1,5,0.049847044215180394,0.019936190186029358
0.0,1,5,0.00576798415137985,0.0,0.5625,0.35714285714285715,0.5263157894736843,0.5,0,0,1,1,3,0.011539223934423184,0.005627234393021143
0.22807017543859642,0,9,0.0742043633494139,0.1111111111111111,0.4375,0.5357142857142856,0.34210526315789475,0.875,0,0,2,1,1,0.07394308926218571,0.08095398729029607
0.4736842105263158,0,3,0.001679381560825126,0.0,0.9375,0.2857142857142857,0.05263157894736842,0.75,1,1,2,1,0,0.0033597110174212875,0.0010819326651515082
0.2807017543859649,0,9,0.026525337817479674,0.0,0.5,0.42857142857142855,0.10526315789473684,1.0,0,0,3,1,2,0.05306564736986998,0.023880123045235447
0.0,1,6,0.16616710004589652,0.8888888888888888,0.4652777777777778,0.4761904761904761,0.2573099415204678,0.7222222222222222,1,1,2,0,6,0.03643472649130599,0.1393699026922547
0.2807017543859649,0,6,0.020013091273202385,0.4444444444444445,0.475,0.4142857142857142,0.42105263157894735,0.75,1,1,4,1,1,0.007555950552168506,0.019453623133117437
0.6491228070175438,0,6,0.13496181975415042,0.2222222222222222,0.5833333333333334,0.42857142857142855,0.1929824561403509,0.5833333333333334,1,1,0,1,2,0.08962365110073027,0.11970637312514797
0.543859649122807,0,0,0.1959605143807419,0.6666666666666665,0.4910714285714286,0.4693877551020407,0.2706766917293233,0.6071428571428571,1,1,3,1,1,0.05552072090476848,0.1296710496175261
0.2807017543859649,1,6,0.1746620047034538,0.4444444444444445,0.35,0.3714285714285714,0.3263157894736842,0.75,0,1,2,0,1,0.0694329736663874,0.13700836821176962
0.49122807017543857,0,7,0.14993933481079397,0.0,0.4375,0.42857142857142855,0.42105263157894735,1.0,1,1,2,0,2,0.29996330009788613,0.12296345032525045
0.21052631578947367,0,7,0.050009216841154405,0.3333333333333333,0.328125,0.33928571428571425,0.3289473684210526,0.8125,1,1,0,1,6,0.024588341526087458,0.05296466273087748
0.0,0,1,0.04954215119294376,0.5555555555555556,0.5104166666666666,0.5833333333333333,0.20175438596491224,0.7083333333333334,1,1,2,0,0,0.01604835137992225,0.04559228714921456
0.08771929824561403,1,9,0.01195364037565197,0.0,0.375,0.6428571428571428,0.2631578947368421,0.25,1,0,2,2,0,0.023914027761885025,0.011927083904914652
0.6140350877192983,1,6,0.012530754909671994,0.2222222222222222,0.35416666666666663,0.42857142857142855,0.15789473684210525,0.9166666666666667,0,1,4,0,0,0.007979906556555103,0.012762659578971243
0.22807017543859642,1,1,0.019917662885687262,0.4444444444444445,0.42500000000000004,0.6000000000000001,0.28421052631578947,0.7,0,1,3,1,4,0.007517768424605812,0.0145003538796022
0.24561403508771928,1,0,0.021858237672796012,0.1111111111111111,0.5,0.6071428571428572,0.21052631578947367,0.875,1,0,2,1,2,0.0215821906857348,0.02252222003315651
0.22807017543859642,0,6,0.048839576977615026,0.2222222222222222,0.5625,0.5476190476190474,0.2807017543859649,0.5,0,1,1,1,4,0.032192619215557536,0.03270154980626769
0.6842105263157895,1,2,0.13585979495343867,0.8888888888888888,0.625,0.5793650793650793,0.29239766081871343,0.8611111111111112,1,1,3,0,7,0.029697869093405695,0.14700322419766532
0.631578947368421,1,5,0.247375077226855,0.1111111111111111,0.46875,0.46428571428571425,0.28947368421052627,0.375,0,1,2,1,2,0.24716267463827274,0.25238553000852
0.7543859649122807,1,8,0.06575904984147625,0.1111111111111111,0.5,0.49999999999999994,0.4473684210526316,0.75,0,0,2,1,2,0.06549539235396966,0.064341983394572
0.26315789473684215,1,9,0.03232532900566584,0.1111111111111111,0.71875,0.49999999999999994,0.2631578947368421,0.75,0,0,2,0,3,0.032052235996378624,0.023237600321775242
0.3508771929824561,1,1,0.009951817555148422,0.1111111111111111,0.21875,0.46428571428571425,0.3947368421052631,0.125,0,1,2,0,0,0.009672410389096038,0.007057472381626271
0.0,0,3,0.07644288018284316,0.0,0.5625,0.14285714285714285,0.42105263157894735,1.0,1,0,4,0,5,0.15292890713146093,0.06762153190586506
0.5964912280701754,0,6,0.04777880055407738,0.1111111111111111,0.59375,0.39285714285714285,0.15789473684210525,1.0,1,1,2,1,3,0.04751006875747412,0.03723626911433246
0.03508771929824561,1,1,0.0463133919615315,0.2222222222222222,0.41666666666666663,0.4523809523809524,0.22807017543859648,1.0,1,1,2,1,1,0.030508020585410536,0.03070870160589745
0.33333333333333337,1,6,0.007641778824658142,0.1111111111111111,0.5,0.46428571428571425,0.3157894736842105,0.875,0,1,4,1,3,0.007361719729349585,0.006312043246648073
0.05263157894736842,1,1,0.03173971877669106,0.0,0.375,0.5714285714285714,0.05263157894736842,0.75,1,0,3,1,2,0.06349735244890324,0.03254285705824756
0.15789473684210525,1,9,0.12760909213225546,0.8888888888888888,0.5555555555555556,0.43650793650793646,0.30994152046783624,0.8055555555555556,1,1,3,1,3,0.02786386213801337,0.0913758852869177
0.10526315789473684,0,1,0.02351312002026322,0.2222222222222222,0.3125,0.5476190476190474,0.3859649122807018,0.41666666666666663,1,1,2,1,7,0.015303549561040578,0.02237820331589455
0.15789473684210525,0,3,0.025619064497537928,0.2222222222222222,0.375,0.4761904761904761,0.3859649122807018,0.75,0,1,1,0,0,0.016707908766322676,0.022878712578516765
0.17543859649122806,0,7,0.4515560655606852,0.7777777777777777,0.6015625,0.49107142857142855,0.28289473684210525,0.78125,0,1,2,1,0,0.11242699792626777,0.3149864658254035
0.17543859649122806,0,7,0.040210716943794265,0.2222222222222222,0.5208333333333334,0.23809523809523808,0.3157894736842105,0.9166666666666667,0,1,2,0,4,0.026438422393014117,0.040047273367681345
0.4736842105263158,1,4,0.04235933747014406,0.1111111111111111,0.4375,0.2857142857142857,0.05263157894736842,0.75,1,1,2,0,0,0.04208907621583494,0.036417372727458014
0.05263157894736842,0,1,0.018114402237963626,0.1111111111111111,0.375,0.49999999999999994,0.2631578947368421,0.5,1,1,2,0,5,0.01783729868166916,0.017953445365884335
0.33333333333333337,0,2,0.02844655032306362,0.3333333333333333,0.421875,0.5357142857142856,0.17105263157894735,0.8125,1,1,0,1,3,0.013803965605254903,0.020885995025304614
0.543859649122807,0,7,0.03938465879016958,0.1111111111111111,0.40625,0.5357142857142856,0.07894736842105263,0.875,1,1,3,1,6,0.03911355803475877,0.02728988322408618
0.17543859649122806,1,6,0.5776169654681612,0.1111111111111111,0.5625,0.39285714285714285,0.34210526315789475,0.5,0,1,1,0,2,0.5774977623336472,0.4930908556918525
0.14035087719298245,0,7,0.2542326836497585,0.8888888888888888,0.5277777777777778,0.4761904761904761,0.4269005847953216,0.6388888888888888,0,1,2,0,3,0.056010379179400896,0.168395172117179
0.24561403508771928,0,5,0.004734077832815392,0.0,0.375,0.7142857142857142,0.9473684210526316,0.25,1,1,3,1,4,0.00947082772805076,0.005076121131167482
0.543859649122807,0,6,0.11775942049086545,0.4444444444444445,0.525,0.4142857142857142,0.2421052631578947,0.5,0,1,2,1,7,0.04666551645971834,0.09198256714001003
0.33333333333333337,1,6,0.3024344907828625,1.0,0.375,0.43571428571428567,0.34736842105263155,0.8,1,1,2,0,4,0.059995980204582675,0.28841283387099
0.17543859649122806,0,6,0.0034233699181667,0.1111111111111111,0.5625,0.17857142857142855,0.18421052631578946,0.75,1,1,0,1,0,0.003142120321528297,0.0028461483388736437
0.38596491228070173,0,0,0.16631508319755042,0.3333333333333333,0.390625,0.46428571428571425,0.34210526315789475,0.8125,0,1,0,1,4,0.08275768637651017,0.17670977500294827
0.05263157894736842,0,0,0.023823904396166506,0.1111111111111111,0.53125,0.6071428571428572,0.2631578947368421,0.875,1,0,0,0,4,0.023548412151165647,0.022219815411243286
0.4385964912280701,0,3,0.1373643232576367,0.3333333333333333,0.5,0.5714285714285714,0.381578947368421,0.875,0,1,2,0,0,0.06827822122669373,0.11423595887088106
0.36842105263157887,0,7,0.12320397551106048,0.4444444444444445,0.5625,0.39999999999999997,0.3789473684210526,0.55,0,1,3,1,1,0.04884395308341429,0.1220492686110796
0.22807017543859642,1,9,0.04635508013910022,0.5555555555555556,0.59375,0.5119047619047619,0.18421052631578946,0.7083333333333334,0,1,2,1,0,0.01498569454811788,0.03291707406805463
0.10526315789473684,0,0,0.07692891296397608,0.7777777777777777,0.578125,0.44642857142857145,0.21710526315789475,0.71875,1,1,2,1,0,0.0187437783586784,0.08300527831938281
0.10526315789473684,1,5,0.0708341409182898,0.3333333333333333,0.53125,0.37499999999999994,0.3684210526315789,0.6875,1,1,3,1,5,0.03500374212518322,0.0626319427424023
0.4035087719298246,0,5,0.0013510130721084953,0.0,0.625,0.49999999999999994,0.3684210526315789,0.75,1,0,0,0,4,0.002702788698485501,0.0013354317008883833
0.543859649122807,1,2,0.16562554888610573,0.7777777777777777,0.546875,0.5178571428571428,0.28289473684210525,0.8125,0,1,2,0,0,0.040924195235574036,0.15763925288638767
0.15789473684210525,0,7,0.1594564889031406,0.5555555555555556,0.4375,0.39285714285714285,0.2368421052631579,0.7083333333333334,1,1,0,1,5,0.05269680380150642,0.10803078499954621
0.38596491228070173,0,9,0.021969867153015566,0.3333333333333333,0.734375,0.5535714285714286,0.25,0.625,0,1,0,0,1,0.010564710109311162,0.021298012612850838
0.0,0,8,0.17401850520420586,0.3333333333333333,0.484375,0.25,0.42105263157894735,0.625,1,0,4,1,2,0.08661048439325297,0.1276786804567355
0.15789473684210525,0,6,0.005247573441825333,0.0,0.5625,0.9285714285714286,0.5263157894736843,1.0,0,0,2,1,4,0.010498108779142281,0.005434704031057095
0.2807017543859649,0,6,0.00470108292450271,0.0,0.375,0.35714285714285715,0.0,0.5,0,0,1,0,4,0.009404819288061424,0.005054956291557772
0.10526315789473684,0,8,0.017141743952793966,0.1111111111111111,0.40625,0.5714285714285714,0.3157894736842105,1.0,1,0,0,1,1,0.016864365897035924,0.014367616366988217
0.08771929824561403,1,1,0.20790961054746457,0.3333333333333333,0.546875,0.49999999999999994,0.2631578947368421,0.6875,1,1,2,1,1,0.10356081936632291,0.17456494060867292
0.14035087719298245,1,9,0.038242086605904675,0.3333333333333333,0.515625,0.42857142857142855,0.5394736842105263,0.75,1,1,0,0,1,0.01870311597386461,0.030534157002696388
0.3508771929824561,1,1,0.01783582247316793,0.2222222222222222,0.4375,0.5238095238095237,0.1929824561403509,0.6666666666666666,0,1,2,1,0,0.011517616381213102,0.016751143119084187
0.24561403508771928,1,6,0.14656239485342656,0.7777777777777777,0.546875,0.5357142857142856,0.24342105263157893,0.75,0,1,2,1,0,0.036157061746943005,0.14157601060367175
0.0,0,6,0.07729106665821049,0.4444444444444445,0.5375,0.5571428571428572,0.21052631578947367,0.8,1,1,0,0,6,0.030473606604322287,0.06281698266730283
0.0,0,6,0.0260031489392137,0.1111111111111111,0.625,0.39285714285714285,0.28947368421052627,0.75,1,0,2,1,2,0.025728271711292522,0.017294896591032415
0.15789473684210525,0,6,0.003041063645202392,0.0,0.6875,0.21428571428571425,0.5789473684210527,1.0,1,0,3,0,1,0.006083843762370405,0.003238481754601785
0.38596491228070173,1,7,0.2379304329030758,0.8888888888888888,0.5486111111111112,0.49206349206349204,0.1695906432748538,0.5277777777777778,0,1,0,1,5,0.05238663440202227,0.19700607230571157
0.0,1,0,0.001364052975992549,0.0,0.5625,0.21428571428571425,0.42105263157894735,1.0,1,1,2,1,1,0.002728875866385478,0.0013153991366487404
0.19298245614035092,0,4,0.03392548327168028,0.4444444444444445,0.6875,0.5714285714285714,0.1263157894736842,0.8500000000000001,0,0,2,1,4,0.013122477869879972,0.03326463905761244
0.17543859649122806,0,7,0.01584190262471532,0.1111111111111111,0.40625,0.5357142857142856,0.3684210526315789,0.875,1,1,2,0,0,0.015564157733293883,0.01683536698699608
0.5789473684210525,1,7,0.012840748988370185,0.0,0.1875,0.35714285714285715,0.8421052631578947,0.75,0,0,4,1,7,0.02568874569932286,0.013362939721317418
0.21052631578947367,0,3,0.04316583576794267,0.3333333333333333,0.671875,0.48214285714285715,0.2763157894736842,0.6875,1,1,0,1,0,0.02116568533460449,0.03032298764617893
0.36842105263157887,0,3,0.2537284740329084,0.6666666666666665,0.6517857142857142,0.4795918367346938,0.3233082706766917,0.6071428571428571,1,1,4,0,6,0.07203051024157085,0.18552249195344156
0.3157894736842105,1,7,0.1024383237243072,0.2222222222222222,0.4375,0.5714285714285714,0.2807017543859649,0.8333333333333333,1,1,2,0,4,0.06793520131948368,0.09272978178614871
0.0,0,6,0.015534872160536235,0.1111111111111111,0.5,0.49999999999999994,0.2368421052631579,0.75,0,0,2,1,3,0.01525704062028961,0.013100556678830788
0.45614035087719296,1,6,0.00685286463967288,0.2222222222222222,0.6041666666666666,0.2619047619047619,0.08771929824561403,0.8333333333333333,0,1,4,0,1,0.004193578116607928,0.007197787429409163
0.33333333333333337,0,6,0.1076374914623205,0.3333333333333333,0.421875,0.5178571428571428,0.25,0.875,1,1,2,1,5,0.05341061063933521,0.08152021207343485
0.4035087719298246,1,6,0.10094288383796772,0.4444444444444445,0.6,0.4142857142857142,0.3157894736842105,0.75,1,1,2,0,6,0.03993700344212274,0.0981042574773288
0.9999999999999999,1,0,0.1633362554572492,0.3333333333333333,0.609375,0.5178571428571428,0.3684210526315789,0.4375,0,0,2,1,2,0.08126785217034367,0.11401420709455876
0.0,0,6,0.19225303261734386,0.6666666666666665,0.5803571428571429,0.5306122448979591,0.3233082706766917,0.8928571428571428,0,1,2,1,5,0.0544611414553246,0.1777889205287273
0.6491228070175438,1,9,0.09513103819170515,0.3333333333333333,0.46875,0.42857142857142855,0.3026315789473684,0.875,0,1,2,1,6,0.047155619245136164,0.08000544537354898
0.22807017543859642,0,8,0.06060413874694823,0.1111111111111111,0.53125,0.49999999999999994,0.10526315789473684,0.875,0,0,1,1,0,0.060339026462467374,0.06228193900589358
0.3508771929824561,1,4,0.13276993045582172,0.5555555555555556,0.5,0.4404761904761904,0.18421052631578946,0.6666666666666666,1,1,2,0,6,0.043798773863582684,0.14269282606003184
0.2807017543859649,1,8,0.07863358403536422,0.1111111111111111,0.8125,0.39285714285714285,0.10526315789473684,0.875,0,0,2,1,2,0.07837355994386515,0.05782926611310595
0.19298245614035092,1,1,0.12015520646810846,0.3333333333333333,0.40625,0.5178571428571428,0.2631578947368421,0.5,1,1,4,0,4,0.059671234490239936,0.11097661712003842
0.17543859649122806,0,7,0.023948178631667566,0.3333333333333333,0.53125,0.44642857142857145,0.13157894736842105,0.9375,1,1,2,0,1,0.011554145003941732,0.024954652371428826
0.3508771929824561,0,6,0.3359940664485842,0.3333333333333333,0.578125,0.48214285714285715,0.18421052631578946,0.6875,1,1,2,0,2,0.1676211210407041,0.3422549664646165
0.0,1,5,0.12309135815933459,0.4444444444444445,0.5625,0.49999999999999994,0.2631578947368421,0.8500000000000001,1,1,2,0,2,0.04879889342976889,0.0842974658109452
0.45614035087719296,0,9,0.004652874794991966,0.2222222222222222,0.35416666666666663,0.5714285714285714,0.3508771929824561,0.75,1,1,1,1,1,0.002726504305667299,0.004825365685750384
0.21052631578947367,0,9,0.03212913772450121,0.1111111111111111,0.625,0.5714285714285714,0.34210526315789475,0.75,0,1,4,1,0,0.03185598934694925,0.021522812822861788
0.05263157894736842,0,7,0.004685672129003374,0.0,0.75,0.6428571428571428,0.15789473684210525,1.0,1,1,3,1,7,0.009373988998725089,0.004411039998411331
0.19298245614035092,0,0,0.13503097075959616,0.6666666666666665,0.5892857142857143,0.510204081632653,0.2932330827067669,0.6785714285714286,1,1,2,1,3,0.03810736693433964,0.13566775417361054
0.5614035087719298,0,6,0.007510194340009962,0.1111111111111111,0.5,0.46428571428571425,0.21052631578947367,0.625,0,0,3,0,0,0.00723009810949061,0.007169306348946714
0.17543859649122806,0,6,0.034888460416087536,0.1111111111111111,0.59375,0.5714285714285714,0.4473684210526316,0.75,1,0,0,0,0,0.03461609076279076,0.03434848788108252
0.36842105263157887,1,0,0.10022647942154987,0.3333333333333333,0.640625,0.5714285714285714,0.28947368421052627,0.8125,0,1,3,0,0,0.04970405886688014,0.07860394975972244
0.14035087719298245,1,7,0.1282136694941525,0.3333333333333333,0.640625,0.5357142857142856,0.18421052631578946,0.5,1,1,3,1,6,0.06370160311575647,0.1324044494589727
0.45614035087719296,1,4,0.03499297722146124,0.3333333333333333,0.34375,0.46428571428571425,0.34210526315789475,0.3125,1,1,1,1,1,0.017078102806761874,0.03690385919511247
0.4385964912280701,1,6,0.011163540744859068,0.3333333333333333,0.515625,0.41071428571428564,0.40789473684210525,0.625,1,1,1,1,0,0.005160022047609477,0.007833298755385494
0.6842105263157895,0,9,0.0015871143621303805,0.0,0.375,0.6428571428571428,0.5789473684210527,0.5,1,1,4,0,0,0.0031751245415229646,0.0014422139780962203
0.24561403508771928,1,7,0.15932253352687714,0.1111111111111111,0.65625,0.6071428571428572,0.21052631578947367,1.0,1,1,2,0,1,0.15908528112579567,0.15036272876970616
0.4385964912280701,1,5,0.2524790141516545,0.2222222222222222,0.5208333333333334,0.6190476190476191,0.12280701754385964,0.75,0,0,2,1,1,0.16799055749924718,0.22100669557975375
0.3157894736842105,0,5,0.19478534243676687,0.6666666666666665,0.5357142857142857,0.45918367346938777,0.24060150375939848,0.6785714285714286,1,1,3,1,1,0.05518486273448912,0.1522120828414468
0.5614035087719298,1,8,0.49380535414501997,0.3333333333333333,0.421875,0.6071428571428572,0.2763157894736842,0.6875,0,1,3,0,2,0.24654903330244374,0.48148167987161045
0.14035087719298245,1,1,0.009910722100483523,0.1111111111111111,0.4375,0.39285714285714285,0.15789473684210525,0.75,0,1,3,0,0,0.009631303336647589,0.010643954616312814
0.4385964912280701,1,8,0.10055721880188177,0.6666666666666665,0.5446428571428571,0.510204081632653,0.3082706766917293,0.6785714285714286,0,1,2,1,6,0.028254943793587485,0.11064647175155858
0.24561403508771928,0,6,0.13404882890796535,0.6666666666666665,0.6071428571428571,0.5306122448979591,0.3609022556390977,0.8571428571428572,1,1,4,1,6,0.03782667578362365,0.1204896899359707
0.2807017543859649,1,6,0.03697859894926036,0.0,0.5625,0.2857142857142857,0.15789473684210525,0.75,1,1,1,1,2,0.07397806978277888,0.038188991740138276
0.3157894736842105,1,7,0.02058961308431859,0.1111111111111111,0.09375,0.39285714285714285,0.10526315789473684,0.625,0,0,1,1,1,0.0203132080714488,0.020268948497670913
0.3508771929824561,0,5,0.013159831484926958,0.0,0.375,0.6428571428571428,0.3157894736842105,0.75,1,0,3,1,7,0.026327090792632905,0.010393808857633444
0.26315789473684215,0,7,0.10696376309497772,0.4444444444444445,0.475,0.49999999999999994,0.14736842105263157,0.7,1,1,2,1,0,0.042346034819649714,0.09732468588503781
0.33333333333333337,0,5,0.203440479852657,1.0,0.55625,0.45714285714285713,0.2263157894736842,0.7749999999999999,1,1,2,0,1,0.04019159048521934,0.2073778017936287
0.6140350877192983,0,0,0.052824650634302424,0.2222222222222222,0.5625,0.5952380952380953,0.42105263157894735,0.75,0,1,2,0,4,0.03485008475365116,0.040461642604073096
0.49122807017543857,1,6,0.019841991928299496,0.2222222222222222,0.6458333333333333,0.42857142857142855,0.3333333333333333,0.8333333333333333,0,1,0,0,1,0.012855440133012933,0.017103280759174957
0.4736842105263158,1,8,0.006628617807727407,0.0,0.875,0.35714285714285715,0.47368421052631576,0.5,1,1,2,0,0,0.013260977015821667,0.0045375064474372515
0.19298245614035092,1,6,0.0065762606178899185,0.1111111111111111,0.53125,0.5714285714285714,0.15789473684210525,0.875,1,1,0,1,0,0.006295900816587643,0.005161433725396745
0.10526315789473684,1,9,0.002924494807451001,0.0,0.5,0.21428571428571425,0.05263157894736842,1.0,0,1,3,2,0,0.0058506402917494,0.0027020880725589927
0.49122807017543857,1,1,0.09248176438592821,0.3333333333333333,0.609375,0.5357142857142856,0.381578947368421,0.6875,1,1,2,1,2,0.045830608508883174,0.09308657917487784
0.4736842105263158,1,7,0.005319885636091451,0.0,0.5625,0.49999999999999994,0.2631578947368421,0.5,1,0,3,0,0,0.010642773982951246,0.0038090614430100547
0.5964912280701754,0,7,0.017305137899947188,0.1111111111111111,0.3125,0.35714285714285715,0.34210526315789475,0.5,1,0,1,1,4,0.017027805956530476,0.01588059755571361
0.15789473684210525,0,6,0.07127670735314252,0.1111111111111111,0.46875,0.5357142857142856,0.18421052631578946,0.625,0,1,2,1,2,0.07101460703535344,0.0715115074887822
0.24561403508771928,1,1,0.058379649688909394,0.1111111111111111,0.5625,0.6071428571428572,0.3157894736842105,0.75,1,1,2,0,2,0.058113909618635246,0.0593867979827382
0.0,0,6,0.034317668259708264,0.2222222222222222,0.5416666666666666,0.5952380952380953,0.2807017543859649,0.75,0,1,2,1,3,0.02250861452961707,0.02360336881535951
0.21052631578947367,1,6,0.04371568504838694,0.1111111111111111,0.40625,0.49999999999999994,0.4473684210526316,0.875,1,1,0,1,6,0.0434458065766936,0.04197588671532664
0.49122807017543857,1,6,0.004920983121820165,0.1111111111111111,0.59375,0.46428571428571425,0.3157894736842105,0.25,1,1,2,0,0,0.004640156175178494,0.004623428728404243
0.19298245614035092,0,7,0.00037716934113119583,0.0,0.9375,0.42857142857142855,0.3157894736842105,1.0,0,1,0,1,1,0.0007545515685008514,0.0004275210503056011
0.42105263157894735,1,5,0.0407086041830036,0.1111111111111111,0.59375,0.3214285714285714,0.42105263157894735,0.875,1,0,1,0,3,0.04043787706580231,0.03746407420897936
0.24561403508771928,1,3,0.05541583759550495,0.1111111111111111,0.53125,0.6428571428571428,0.13157894736842105,0.5,1,0,2,2,5,0.05514926109085073,0.05033517092916085
0.3508771929824561,1,9,0.03875143315458787,0.3333333333333333,0.515625,0.625,0.381578947368421,0.75,0,1,2,1,4,0.018957861121009084,0.030380994984368505
0.05263157894736842,0,2,0.0012152795271335706,0.0,0.8125,0.49999999999999994,0.21052631578947367,1.0,0,0,2,1,3,0.002431244996253922,0.0010042411551438486
0.3157894736842105,0,2,0.03876723909868975,0.2222222222222222,0.47916666666666663,0.49999999999999994,0.3508771929824561,1.0,0,1,2,1,0,0.025475832248179613,0.042068733295672116
0.0,1,2,0.04177372724116927,0.3333333333333333,0.484375,0.41071428571428564,0.3684210526315789,0.875,1,1,2,1,0,0.020469434633758884,0.04004117650030406
0.24561403508771928,0,7,0.04668779526244486,0.6666666666666665,0.4196428571428571,0.6122448979591837,0.24812030075187969,0.7857142857142858,1,1,2,1,3,0.012859336268478516,0.04442033859214274
0.0,0,2,0.02483548481868705,0.0,0.3125,0.49999999999999994,0.10526315789473684,0.75,0,0,2,1,7,0.049684987566104774,0.023954330631027518
0.543859649122807,0,6,0.21586276647092983,0.1111111111111111,0.5,0.3214285714285714,0.2631578947368421,0.625,0,1,3,1,2,0.21564147061270653,0.14965409858425516
0.45614035087719296,0,9,0.05465003960376869,0.2222222222222222,0.27083333333333337,0.4761904761904761,0.2631578947368421,1.0,1,1,2,1,1,0.03606735416894352,0.03834171826793921
0.38596491228070173,1,0,0.035233425146111136,0.1111111111111111,0.5,0.17857142857142855,0.47368421052631576,0.5,1,1,0,1,1,0.03496115284728591,0.03766949509054109
0.6140350877192983,1,6,0.029100718834580326,0.2222222222222222,0.47916666666666663,0.4523809523809524,0.21052631578947367,0.5,1,1,2,1,3,0.019029666709420634,0.02482840366766638
0.08771929824561403,0,0,0.15518809369842695,0.6666666666666665,0.6517857142857142,0.6326530612244898,0.2781954887218045,0.7142857142857143,0,1,3,0,5,0.04386817024745513,0.11339689927260889
0.6491228070175438,0,6,0.23481211770607546,0.4444444444444445,0.5125,0.4428571428571428,0.3368421052631579,0.65,1,1,3,0,0,0.09349980899054715,0.18864792036724742
0.49122807017543857,0,6,0.26440993348266,0.7777777777777777,0.4453125,0.5535714285714286,0.24342105263157893,0.90625,1,1,3,1,6,0.06562726101140345,0.18239601836237096
0.24561403508771928,0,6,0.09636982906069029,0.3333333333333333,0.40625,0.42857142857142855,0.2368421052631579,0.6875,0,1,2,0,5,0.047775189482760626,0.0763357844482152
0.5263157894736842,0,5,0.20475415138182482,0.2222222222222222,0.41666666666666663,0.4523809523809524,0.14035087719298245,0.8333333333333333,0,1,2,0,1,0.1361650031815146,0.15428375482719475
0.05263157894736842,0,0,0.0027348234782283982,0.0,0.75,0.5714285714285714,0.15789473684210525,1.0,1,1,4,1,0,0.005471190576840642,0.002783742546361886
0.12280701754385964,0,5,0.004378641664824287,0.0,0.4375,0.42857142857142855,0.05263157894736842,0.75,0,0,2,0,6,0.008759754772716538,0.002900584654742239
0.15789473684210525,0,6,0.22705712880678758,0.4444444444444445,0.5,0.5714285714285714,0.3052631578947368,0.8500000000000001,1,1,3,0,7,0.09039693799890473,0.16652530644161911
0.17543859649122806,0,7,0.015786976968961274,0.3333333333333333,0.625,0.39285714285714285,0.13157894736842105,0.75,0,1,2,1,1,0.007472392562864638,0.01161940984762535
0.07017543859649122,1,0,0.09600787294075716,0.2222222222222222,0.45833333333333337,0.5238095238095237,0.1929824561403509,0.41666666666666663,0,1,0,1,3,0.06364702428089504,0.06488839335873461
0.543859649122807,1,6,0.07000630459595363,0.1111111111111111,0.28125,0.46428571428571425,0.2631578947368421,0.5,0,1,3,0,5,0.0697438457505288,0.0639520016276894
0.22807017543859642,0,2,0.14717388731586817,0.3333333333333333,0.5625,0.48214285714285715,0.17105263157894735,0.5625,0,1,2,1,1,0.07318438746242804,0.122591715611447
0.36842105263157887,0,6,0.2618552977671931,0.6666666666666665,0.4910714285714286,0.4795918367346938,0.37593984962406013,0.5357142857142857,1,1,2,0,7,0.07435311517063958,0.25536067064147583
0.17543859649122806,0,6,0.016007272314881277,0.0,0.5625,0.6428571428571428,0.10526315789473684,1.0,0,1,0,0,0,0.03202357963770062,0.010704444250505998
0.0,0,7,0.03326677055123428,0.1111111111111111,0.6875,0.5357142857142856,0.28947368421052627,0.75,1,0,2,0,0,0.03299394323155582,0.022164464565268098
0.3508771929824561,1,2,0.01810333807709231,0.1111111111111111,0.65625,0.7142857142857142,0.4473684210526316,0.75,1,0,2,1,1,0.017826231398317655,0.011961792499912468
0.0,1,6,0.02301266431513733,0.3333333333333333,0.375,0.5178571428571428,0.13157894736842105,0.8125,1,1,2,0,0,0.011086255837250853,0.016739341325803878
0.2807017543859649,0,6,0.5053134644713,0.3333333333333333,0.53125,0.625,0.3157894736842105,0.5,0,1,2,0,2,0.252304712350436,0.4442550786469763
0.0,1,6,0.0239904595321401,0.0,0.6875,0.6428571428571428,0.10526315789473684,0.5,0,0,2,1,3,0.04799446003416232,0.020962205867520647
0.7017543859649124,1,6,0.00322046111075877,0.0,0.5625,0.49999999999999994,0.3684210526315789,1.0,1,1,3,1,1,0.006442739951054939,0.002851112930880859
0.4736842105263158,1,6,0.005043479188609762,0.0,0.5,0.6428571428571428,0.3684210526315789,0.75,0,0,4,1,4,0.01008980507549567,0.004955577353308065
0.3157894736842105,1,1,0.04798743901622223,0.4444444444444445,0.475,0.5571428571428572,0.21052631578947367,0.75,1,0,1,0,3,0.018748847569713508,0.032730466377257086
0.5614035087719298,0,2,0.028969134349932143,0.3333333333333333,0.59375,0.44642857142857145,0.22368421052631576,0.75,0,1,0,1,4,0.014065331359404295,0.02159087999222388
0.10526315789473684,1,7,0.04719259760219877,0.1111111111111111,0.4375,0.49999999999999994,0.3947368421052631,0.625,0,1,3,0,4,0.046923700369904175,0.03491201262295422
0.4035087719298246,0,0,0.011411496492957366,0.1111111111111111,0.59375,0.49999999999999994,0.3947368421052631,0.5,1,1,2,1,4,0.01113250127125536,0.008077652490056446
0.33333333333333337,1,0,0.14248623944385205,0.4444444444444445,0.6375,0.47142857142857136,0.3263157894736842,0.75,0,1,2,1,5,0.05655903535977267,0.13861319435262853
0.3508771929824561,0,6,0.058276318329343324,0.2222222222222222,0.4375,0.7142857142857142,0.17543859649122803,0.9166666666666667,1,1,2,1,5,0.03848555558124745,0.054694082711496415
0.5614035087719298,1,6,0.0847350736072938,0.4444444444444445,0.525,0.5571428571428572,0.3894736842105263,0.75,0,1,4,1,3,0.03345204971028421,0.0775368237724872
0.4385964912280701,0,9,0.11279101953673963,0.5555555555555556,0.5729166666666666,0.46428571428571425,0.15789473684210525,0.625,1,1,3,1,7,0.03713725743627566,0.09134087184855103
0.3508771929824561,0,6,0.056217001387169174,0.2222222222222222,0.7083333333333333,0.23809523809523808,0.22807017543859648,0.75,1,1,4,2,4,0.03711229017204815,0.054757359485062065
0.0,1,6,0.17060837276422453,0.2222222222222222,0.5208333333333334,0.5238095238095237,0.22807017543859648,0.75,1,1,3,1,5,0.11339472645265834,0.11674151006862808
0.08771929824561403,0,6,0.1821105558614664,0.1111111111111111,0.53125,0.6071428571428572,0.34210526315789475,0.5,0,1,3,0,2,0.18187973459863999,0.16830054002567305
0.26315789473684215,0,2,0.03764165830433437,0.2222222222222222,0.7291666666666667,0.3095238095238095,0.2807017543859649,0.9166666666666667,1,1,3,0,3,0.024725233280875728,0.031302536488444783
0.3157894736842105,1,3,0.0027166466425112327,0.1111111111111111,0.59375,0.35714285714285715,0.2631578947368421,0.375,0,1,2,0,1,0.0024351975974508883,0.0017812433533258324
0.05263157894736842,1,4,0.18718268332376087,0.2222222222222222,0.5416666666666666,0.5952380952380953,0.3333333333333333,0.5,0,1,0,1,1,0.12444738517973497,0.1405411109154307
0.7894736842105262,0,9,0.015400719209971495,0.3333333333333333,0.484375,0.46428571428571425,0.2368421052631579,0.9375,1,1,3,0,1,0.007279209179362915,0.01504833160966183
0.6140350877192983,0,7,0.04323182558456803,0.0,0.375,0.5714285714285714,0.21052631578947367,0.75,1,1,3,1,5,0.08648805257117695,0.028800512763966054
0.42105263157894735,1,1,0.04172690213176744,0.3333333333333333,0.484375,0.625,0.381578947368421,0.4375,1,0,0,1,6,0.02044601547166686,0.033046371205505715
0.29824561403508765,1,1,0.004872577418008147,0.0,0.625,0.6428571428571428,0.21052631578947367,0.75,0,0,3,0,7,0.009747905071958092,0.003499297031191399
0.24561403508771928,0,6,0.047653538447069946,0.4444444444444445,0.525,0.5857142857142856,0.2526315789473684,0.75,1,1,2,1,3,0.018615249649256052,0.04996800886589035
0.08771929824561403,0,6,0.06139878258667041,0.1111111111111111,0.40625,0.49999999999999994,0.34210526315789475,0.875,1,1,0,0,3,0.06113389456317728,0.06480064201755445
0.29824561403508765,0,6,0.01765998134503447,0.1111111111111111,0.5,0.6785714285714286,0.3157894736842105,0.875,0,1,0,0,1,0.017382749544018042,0.014525742977323312
0.3508771929824561,1,6,0.08273858529292465,0.0,0.6875,0.7142857142857142,0.631578947368421,0.75,1,1,3,0,5,0.1655238708455938,0.05822852382821258
0.03508771929824561,0,6,0.13542592178784196,0.7777777777777777,0.546875,0.44642857142857145,0.375,0.65625,1,1,2,1,7,0.03337215775859053,0.13998699276894108
0.36842105263157887,1,1,0.008046015845063812,0.0,0.5625,0.6428571428571428,0.2631578947368421,0.5,1,1,4,0,4,0.016096573114525236,0.008668961527547477
0.26315789473684215,1,4,0.2538958194660871,0.2222222222222222,0.41666666666666663,0.42857142857142855,0.2807017543859649,0.33333333333333337,1,0,4,2,2,0.16893536093869535,0.2779278768460661
0.0,0,3,0.034246739085551064,0.3333333333333333,0.515625,0.46428571428571425,0.2763157894736842,0.5625,0,1,4,0,0,0.016704878438738337,0.02731631749907197
0.10526315789473684,0,4,0.04653645334766933,0.6666666666666665,0.5089285714285714,0.39795918367346933,0.23308270676691728,0.7857142857142858,0,1,3,1,1,0.01281608351823743,0.04713762528409225
0.21052631578947367,1,1,0.014562806598270396,0.2222222222222222,0.5416666666666666,0.49999999999999994,0.3684210526315789,0.75,0,1,4,0,1,0.009334990000248355,0.010983854972596324
0.6842105263157895,1,7,0.0631060221239751,0.1111111111111111,0.6875,0.2857142857142857,0.49999999999999994,0.875,1,0,2,1,3,0.06284161591032654,0.05243345138610538
0.4035087719298246,0,1,0.0011670713976228255,0.0,0.75,0.2857142857142857,0.3157894736842105,0.75,1,0,2,0,4,0.002334801527047946,0.0008535614328195765
0.0,0,6,0.010597490371710363,0.1111111111111111,0.34375,0.5357142857142856,0.2631578947368421,0.75,0,1,0,0,0,0.010318265424680317,0.011518027652951677
0.38596491228070173,0,6,0.012444414940015453,0.1111111111111111,0.8125,0.5714285714285714,0.2631578947368421,0.375,1,0,2,1,3,0.012165711224142329,0.009922433911264104
0.0,0,8,0.031144822555556412,0.3333333333333333,0.4375,0.33928571428571425,0.19736842105263158,0.625,1,0,0,0,0,0.015153482468929093,0.022420010406481634
0.5087719298245613,1,4,0.032042600180543404,0.1111111111111111,0.375,0.3214285714285714,0.3684210526315789,1.0,0,0,2,1,3,0.03176942738073569,0.031010714286336415
0.19298245614035092,2,6,0.23345972161385803,0.7777777777777777,0.6015625,0.43749999999999994,0.2631578947368421,0.78125,1,1,4,1,0,0.057887524385079,0.21422462740736986
0.26315789473684215,0,6,0.0011775428355903235,0.0,0.5625,0.5714285714285714,0.15789473684210525,0.5,1,0,0,1,1,0.002355750313391867,0.0007870620293545002
0.5614035087719298,0,7,0.0668796912782998,0.1111111111111111,0.5625,0.35714285714285715,0.34210526315789475,1.0,1,1,2,0,0,0.0666163500534293,0.0684227038282927
0.017543859649122806,0,6,0.11718191080824289,0.5555555555555556,0.5729166666666666,0.4047619047619047,0.1929824561403509,0.5416666666666666,1,1,2,0,4,0.03860130091963195,0.12268970098001046
0.0,0,1,0.11689305717978095,0.1111111111111111,0.46875,0.39285714285714285,0.13157894736842105,1.0,0,1,2,1,0,0.11664383051325118,0.08912570573417346
0.15789473684210525,1,6,0.19803168578099248,0.2222222222222222,0.35416666666666663,0.5714285714285714,0.2982456140350877,0.5833333333333334,1,1,0,1,2,0.13168209465728872,0.14558570253244707
0.5087719298245613,1,7,0.028113440051116424,0.2222222222222222,0.5625,0.6428571428571428,0.2631578947368421,0.6666666666666666,0,1,2,1,3,0.018371295103379294,0.022088166624946677
0.0,0,1,0.030172756993290577,0.2222222222222222,0.625,0.5476190476190474,0.2807017543859649,0.6666666666666666,1,1,3,1,0,0.019744560512578595,0.03029829533330094
0.0,1,1,0.00842990271243831,0.1111111111111111,0.65625,0.5357142857142856,0.49999999999999994,0.875,1,1,2,1,0,0.008150066038084498,0.006609831668975637
0.19298245614035092,1,6,0.08771864313082559,0.8888888888888888,0.48611111111111116,0.5317460317460316,0.32748538011695905,0.8055555555555556,0,1,2,1,1,0.018996816201694737,0.06192191898726504
0.4035087719298246,0,7,0.1455680033951168,0.0,0.375,0.6428571428571428,0.10526315789473684,0.5,1,0,0,0,2,0.29121816994959837,0.14584921785030378
0.543859649122807,0,4,0.001613786892802309,0.0,0.5,0.49999999999999994,0.3684210526315789,0.25,0,1,2,1,4,0.0032284846576820085,0.0016532962365082859
0.19298245614035092,1,1,0.056627560785215594,0.1111111111111111,0.5625,0.42857142857142855,0.13157894736842105,0.75,1,1,0,0,2,0.05636132624790041,0.04616269264141205
0.21052631578947367,0,9,0.03923292172679149,0.1111111111111111,0.625,0.5357142857142856,0.3157894736842105,0.875,1,1,3,0,2,0.03896177814879527,0.03757634366682676
0.5263157894736842,0,5,0.039206446770420844,0.4444444444444445,0.6,0.42857142857142855,0.3894736842105263,0.55,1,1,3,0,0,0.015235459417754175,0.03912159470359905
0.0,0,8,0.029155249341731825,0.2222222222222222,0.375,0.6190476190476191,0.5087719298245614,0.8333333333333333,1,1,4,1,0,0.019066030640432725,0.03033478943945924
0.21052631578947367,0,5,0.03303027411260985,0.3333333333333333,0.578125,0.5357142857142856,0.35526315789473684,0.875,1,1,0,1,4,0.016096474299495313,0.030852413479790543
0.33333333333333337,1,2,0.1409670906413598,0.2222222222222222,0.625,0.5714285714285714,0.22807017543859648,0.8333333333333333,1,0,0,0,2,0.09362829488012321,0.10995739509076756
0.38596491228070173,1,9,0.013222067389828125,0.1111111111111111,0.5,0.5357142857142856,0.3684210526315789,0.625,1,1,2,0,4,0.012943583139705282,0.009975041166919513
0.17543859649122806,1,6,0.02059257669883769,0.1111111111111111,0.375,0.6785714285714286,0.2368421052631579,0.5,1,0,4,1,3,0.020316172522346524,0.01923012939468733
0.29824561403508765,0,7,0.02812944356951958,0.1111111111111111,0.625,0.35714285714285715,0.28947368421052627,0.875,1,1,2,0,5,0.027855166415380044,0.02728557186786939
0.0,0,4,0.1188567481601387,0.4444444444444445,0.6875,0.4142857142857142,0.3052631578947368,0.65,1,1,4,0,6,0.04710457140067735,0.08315469511917895
0.15789473684210525,0,0,0.18824484276740744,0.7777777777777777,0.3984375,0.46428571428571425,0.21710526315789475,0.6875,1,1,2,1,0,0.046580614586007506,0.14193703225051227
0.38596491228070173,0,4,0.0049373817888258694,0.0,0.5625,0.2857142857142857,0.21052631578947367,1.0,1,0,4,0,0,0.009877550391218584,0.003495421165501555
0.08771929824561403,0,0,0.05977077034417641,0.2222222222222222,0.375,0.5476190476190474,0.3333333333333333,0.75,0,0,2,0,4,0.03948213809637587,0.04242548713534854
0.29824561403508765,0,9,0.0078114951494521155,0.0,0.4375,0.7142857142857142,0.3684210526315789,1.0,1,1,3,1,3,0.015627399352445344,0.007085909913036026
0.38596491228070173,1,0,0.008031790495372119,0.0,0.6875,0.42857142857142855,0.42105263157894735,0.75,0,0,4,2,1,0.01606811438590708,0.008226503152167533
0.21052631578947367,1,0,0.11223623089876353,0.1111111111111111,0.28125,0.6785714285714286,0.2631578947368421,0.5,1,1,2,0,1,0.11198569000262651,0.12078360249260843
0.33333333333333337,0,3,0.02923368633933742,0.2222222222222222,0.6666666666666667,0.42857142857142855,0.5438596491228069,0.6666666666666666,0,1,3,1,1,0.01911833672960591,0.029619365601787812
0.08771929824561403,1,8,0.03434434079038019,0.4444444444444445,0.44999999999999996,0.42857142857142855,0.2631578947368421,0.8500000000000001,0,1,3,0,4,0.01329006816063134,0.03131111565182568
0.24561403508771928,1,5,0.19185709371759166,0.5555555555555556,0.48958333333333337,0.4880952380952381,0.22807017543859648,0.5416666666666666,1,1,2,1,2,0.0635000533930545,0.13252795457241537
0.42105263157894735,0,5,0.5620838714763364,0.5555555555555556,0.5,0.46428571428571425,0.2192982456140351,0.875,1,1,2,0,5,0.1869438072521931,0.6076200738835807
0.3157894736842105,1,2,0.0054297369475995415,0.0,0.6875,0.35714285714285715,0.47368421052631576,1.0,1,0,4,0,0,0.010862538609502568,0.0048590726525362185
0.15789473684210525,0,1,0.0026026462706763972,0.0,0.3125,0.5714285714285714,0.10526315789473684,0.75,1,0,3,1,7,0.005206761556763601,0.002302656161241587
0.33333333333333337,1,6,0.06813626383439954,0.6666666666666665,0.4910714285714286,0.38775510204081637,0.3383458646616541,0.6428571428571429,1,1,4,0,6,0.018989199601927888,0.05832803341362037
0.4385964912280701,1,8,0.16169520331087112,0.8888888888888888,0.5902777777777778,0.4126984126984126,0.23391812865497075,0.7222222222222222,0,1,2,1,0,0.035440691208060066,0.1507609413075481
0.0,1,3,0.14157147042895557,0.2222222222222222,0.5625,0.4047619047619047,0.24561403508771928,0.75,0,1,0,1,2,0.09403132844884053,0.12041426297670317
0.5263157894736842,0,1,0.12426396163739307,0.3333333333333333,0.5,0.2857142857142857,0.2763157894736842,0.6875,0,1,3,1,0,0.06172619185254267,0.11991819571745584
0.21052631578947367,1,6,0.014826173141868031,0.0,0.5625,0.49999999999999994,0.631578947368421,0.25,1,1,0,0,6,0.029660714642154213,0.014528225273326922
0.38596491228070173,0,5,0.39315171908411667,0.4444444444444445,0.5125,0.5571428571428572,0.17894736842105263,0.75,0,0,2,1,0,0.15685352391195262,0.36939565063417007
0.543859649122807,0,5,0.04847347179735516,0.4444444444444445,0.75,0.49999999999999994,0.28421052631578947,0.8999999999999999,1,1,4,1,1,0.018943315548604248,0.049929424405202684
0.0,0,5,0.10204752175638812,0.1111111111111111,0.40625,0.42857142857142855,0.13157894736842105,0.5,0,1,1,2,2,0.10179410544630894,0.07844765220960054
0.14035087719298245,1,2,0.2203113494384049,0.6666666666666665,0.4821428571428571,0.4795918367346938,0.3533834586466165,0.6785714285714286,0,1,2,0,6,0.06248006583226689,0.22750264647593227
0.22807017543859642,1,1,0.16929193519483887,0.3333333333333333,0.46875,0.42857142857142855,0.19736842105263158,0.75,0,1,2,0,3,0.08424653243237741,0.12345655624891454
0.12280701754385964,0,1,0.4682917943243621,0.6666666666666665,0.3392857142857143,0.5612244897959184,0.2857142857142857,0.6785714285714286,1,1,2,0,2,0.13335161693715586,0.3439050836202781
0.6491228070175438,0,6,0.02140085316534776,0.2222222222222222,0.6041666666666666,0.5238095238095237,0.2807017543859649,0.9166666666666667,1,1,4,2,0,0.01389497424781505,0.021232427739492358
0.10526315789473684,2,5,0.027874177572274166,0.1111111111111111,0.375,0.46428571428571425,0.28947368421052627,1.0,1,1,1,0,1,0.027599828378056027,0.02408341002321513
0.17543859649122806,1,6,0.23581520243364126,0.7777777777777777,0.53125,0.5089285714285714,0.2631578947368421,0.78125,0,0,2,1,2,0.0584765607784569,0.16668552340648354
0.33333333333333337,0,2,0.06233607507191211,0.3333333333333333,0.6875,0.5535714285714286,0.19736842105263158,0.6875,0,1,4,0,5,0.030753510058085454,0.06733497913913278
0.03508771929824561,1,7,0.04508388708470623,0.1111111111111111,0.65625,0.6785714285714286,0.15789473684210525,0.5,1,1,2,0,0,0.044814394741143154,0.04212016472690476
0.21052631578947367,1,3,0.09714293730157365,0.4444444444444445,0.48750000000000004,0.4857142857142857,0.3368421052631579,0.65,0,1,3,0,2,0.03841659586569771,0.10053020100674957
0.3508771929824561,1,8,0.1099907989647897,0.0,0.6875,0.7857142857142856,0.21052631578947367,1.0,1,0,2,0,2,0.22004368019582765,0.08653309998008937
0.22807017543859642,1,6,0.12016093612284538,0.0,0.6875,0.49999999999999994,0.42105263157894735,0.75,1,0,2,0,2,0.2403896948572113,0.08426611049300488
0.26315789473684215,0,0,0.13478301501149786,0.2222222222222222,0.47916666666666663,0.6904761904761905,0.22807017543859648,0.5,0,1,2,0,0,0.08950441429795511,0.0971674738048093
0.17543859649122806,1,6,0.004924144310640542,0.0,0.375,0.49999999999999994,0.2631578947368421,1.0,1,0,0,0,7,0.009851067963198911,0.004046273133039046
0.0,0,6,0.026207440766730542,0.1111111111111111,0.46875,0.6071428571428572,0.15789473684210525,0.5,0,1,3,0,4,0.025932621193175673,0.02146262803203747
0.3508771929824561,1,7,0.03386028375226001,0.2222222222222222,0.5625,0.49999999999999994,0.4385964912280702,1.0,0,1,1,0,7,0.02220360547058451,0.025648301682752818
0.6666666666666666,0,6,0.22878728696304,0.3333333333333333,0.4375,0.42857142857142855,0.2631578947368421,0.75,0,1,1,2,2,0.11400260357840844,0.21462323188668606
0.29824561403508765,1,5,0.14074244866081176,0.1111111111111111,0.5625,0.6071428571428572,0.21052631578947367,0.625,0,0,2,0,2,0.14049995266760065,0.09623099497565869
0.33333333333333337,1,3,0.07042792815487138,0.3333333333333333,0.625,0.39285714285714285,0.2368421052631579,0.9375,0,1,4,1,1,0.034800578423659155,0.06000833006279948
0.4385964912280701,1,6,0.03037369005768577,0.4444444444444445,0.5875,0.45714285714285713,0.3368421052631579,0.8999999999999999,0,1,3,1,4,0.011701359635522738,0.031237604850876725
0.017543859649122806,1,6,0.013089890182276123,0.2222222222222222,0.45833333333333337,0.4047619047619047,0.2982456140350877,0.8333333333333333,1,1,2,1,0,0.008352768602802249,0.014029719267128671
0.6491228070175438,0,3,0.02199772512949514,0.2222222222222222,0.6458333333333333,0.5238095238095237,0.2631578947368421,0.75,0,1,2,0,3,0.01429300118834955,0.016166932577182425
0.33333333333333337,1,5,0.019314468543899132,0.3333333333333333,0.46875,0.46428571428571425,0.34210526315789475,0.6875,1,0,3,1,1,0.009236636107130512,0.020185900454181782
0.631578947368421,0,7,0.0007492017504292796,0.0,0.4375,0.8571428571428572,0.5263157894736843,0.75,1,0,0,1,0,0.0014988263738895907,0.0008181125039259472
0.14035087719298245,1,3,0.25646487810554697,0.3333333333333333,0.59375,0.33928571428571425,0.21052631578947367,0.875,0,1,3,1,6,0.12784530467539362,0.23087948357094568
0.6666666666666666,0,5,0.011081547409830545,0.0,0.625,0.42857142857142855,0.3684210526315789,1.0,0,0,3,0,3,0.022169349593544135,0.009272725594109243
0.45614035087719296,0,3,0.07672225024484394,0.3333333333333333,0.46875,0.46428571428571425,0.4473684210526316,0.5625,1,1,2,1,5,0.0379486276469829,0.06888833029970631
0.4035087719298246,1,6,0.12947735472509808,0.5555555555555556,0.5625,0.5238095238095237,0.3157894736842105,0.9166666666666667,1,1,2,2,7,0.042700938881125305,0.10054553027329817
0.33333333333333337,1,3,0.02987600039277771,0.2222222222222222,0.5208333333333334,0.49999999999999994,0.24561403508771928,0.6666666666666666,1,0,0,0,0,0.019546666945983813,0.026065414509464344
0.24561403508771928,1,2,0.08789310123885014,0.3333333333333333,0.484375,0.42857142857142855,0.28947368421052627,0.9375,1,1,0,0,7,0.04353562943889465,0.06678103518885395
0.543859649122807,0,0,0.23414451414207213,0.2222222222222222,0.5625,0.4047619047619047,0.2982456140350877,0.5,1,1,2,1,4,0.1557641079700448,0.2365561025897228
0.3157894736842105,1,2,0.03977783164970393,0.1111111111111111,0.46875,0.42857142857142855,0.18421052631578946,1.0,1,1,3,1,1,0.03950684185385692,0.03522517386088307
0.0,0,4,0.012686641033376819,0.3333333333333333,0.578125,0.625,0.2368421052631579,0.75,1,1,3,0,0,0.0059217871132947915,0.010553067743338607
0.05263157894736842,0,6,0.5811349734766379,0.1111111111111111,0.53125,0.6071428571428572,0.3157894736842105,0.5,1,1,0,1,2,0.5810167631793063,0.6335881127112194
0.24561403508771928,0,8,0.05393837697058139,0.6666666666666665,0.5982142857142857,0.5816326530612244,0.3007518796992481,0.7857142857142858,1,1,2,1,1,0.014931515678853749,0.053561415399955375
0.3508771929824561,0,3,0.01962248687958459,0.2222222222222222,0.6041666666666666,0.5476190476190474,0.2631578947368421,0.5833333333333334,1,1,3,1,3,0.012709062135351952,0.016687866345518533
0.2807017543859649,0,2,0.06913421163013221,0.2222222222222222,0.5416666666666666,0.3809523809523809,0.24561403508771928,0.8333333333333333,1,1,0,1,0,0.045726193960596635,0.07031356014725154
0.543859649122807,1,6,0.3663359470437649,0.7777777777777777,0.5,0.5803571428571428,0.26973684210526316,0.78125,1,1,3,1,2,0.09111595568264486,0.37029559180810967
0.0,0,1,0.03347461871617405,0.1111111111111111,0.8125,0.42857142857142855,0.5526315789473684,0.5,0,1,4,0,3,0.033201850054516244,0.02586443563127749
0.3157894736842105,0,0,0.018353071993902067,0.0,0.5625,0.35714285714285715,0.3157894736842105,0.5,0,0,2,1,7,0.03671650303885861,0.015066448015582897
0.0,1,0,0.002645322319751483,0.0,0.3125,0.42857142857142855,0.21052631578947367,0.25,0,1,2,0,7,0.005292137742618072,0.0022918559961732574
0.45614035087719296,0,6,0.08569627258298962,0.2222222222222222,0.4375,0.5476190476190474,0.22807017543859648,0.9166666666666667,1,1,3,1,1,0.056770683978532896,0.0666810901129192
0.26315789473684215,1,3,0.07933596067639168,0.2222222222222222,0.625,0.4047619047619047,0.2631578947368421,0.25,0,1,3,1,2,0.05252927938744167,0.0742720819391104
0.38596491228070173,0,6,0.050225165552446396,0.3333333333333333,0.53125,0.5357142857142856,0.3289473684210526,0.625,0,1,4,0,0,0.024696346353794564,0.051763144367025844
0.10526315789473684,0,4,0.057769737820877964,0.4444444444444445,0.6625000000000001,0.5571428571428572,0.15789473684210525,0.8500000000000001,1,1,2,1,1,0.02266287137899734,0.04967906090125984
0.5614035087719298,1,9,0.02037959160206481,0.2222222222222222,0.5833333333333334,0.6428571428571428,0.22807017543859648,0.33333333333333337,1,1,2,1,4,0.01321394106157777,0.01904731047147424
0.5087719298245613,0,6,0.07262910344535993,0.6666666666666665,0.5446428571428571,0.4795918367346938,0.22556390977443608,0.6428571428571429,1,1,2,1,3,0.020273230333628055,0.07542430277531145
0.42105263157894735,1,9,0.17951838102875753,0.3333333333333333,0.453125,0.5892857142857142,0.381578947368421,0.6875,1,1,3,1,5,0.0893611983812517,0.1896026897985299
0.26315789473684215,1,8,0.07128698121680875,0.1111111111111111,0.5625,0.5357142857142856,0.10526315789473684,0.5,1,1,3,0,1,0.07102488379846557,0.06145080533521187
0.4035087719298246,1,1,0.01840266314352173,0.3333333333333333,0.3125,0.5892857142857142,0.35526315789473684,0.875,0,1,2,1,3,0.008780604744030534,0.015651137597064307
0.14035087719298245,0,0,0.020215407357706494,0.3333333333333333,0.53125,0.5892857142857142,0.2368421052631579,0.6875,0,1,4,1,4,0.009687232643584662,0.01997163911492299
0.4736842105263158,1,7,0.06590644027022632,0.2222222222222222,0.5625,0.4523809523809524,0.5614035087719298,0.5833333333333334,1,1,2,1,0,0.04357373910210208,0.050741440041751344
0.631578947368421,1,2,0.12411261972261754,0.7777777777777777,0.5390625,0.47321428571428564,0.375,0.71875,0,1,4,0,4,0.030543034044347,0.10233901091043127
0.5087719298245613,0,1,0.04165636810621279,0.5555555555555556,0.5208333333333334,0.46428571428571425,0.21052631578947367,0.5416666666666666,1,1,2,1,0,0.013419015187013703,0.027612581704555217
0.14035087719298245,1,1,0.022344072879627662,0.4444444444444445,0.5375,0.5285714285714285,0.2210526315789474,0.55,0,1,2,1,4,0.008488606330604656,0.017722417641338018
0.36842105263157887,1,7,0.011118691378469972,0.1111111111111111,0.375,0.6428571428571428,0.2368421052631579,0.875,0,1,0,1,3,0.010839613522560161,0.009697154661673507
0.017543859649122806,1,6,0.00481646631644646,0.1111111111111111,0.46875,0.42857142857142855,0.2368421052631579,0.75,0,1,0,0,1,0.004535609873518738,0.004202614232213652
0.4035087719298246,1,5,0.024064549895117682,0.1111111111111111,0.34375,0.5357142857142856,0.2368421052631579,0.5,1,0,2,0,5,0.023789125564060893,0.02434008813979873
0.38596491228070173,1,1,0.07664815988186637,0.1111111111111111,0.6875,0.5357142857142856,0.13157894736842105,0.625,1,1,4,1,5,0.07638757547244947,0.05645464026479218
0.0,1,7,0.002549498783633814,0.0,0.1875,0.5714285714285714,0.3684210526315789,0.75,1,1,3,1,4,0.00510043658456521,0.0020654009221599003
0.05263157894736842,0,9,0.030061522661673567,0.2222222222222222,0.5625,0.5476190476190474,0.2982456140350877,0.5833333333333334,0,0,2,1,1,0.019670383363448857,0.030616595359447784
0.22807017543859642,0,7,0.007480953343421477,0.1111111111111111,0.40625,0.39285714285714285,0.18421052631578946,0.625,1,0,2,1,1,0.007200848860633061,0.007848323178565228
0.22807017543859642,1,3,0.2960799085310015,0.5555555555555556,0.6041666666666666,0.49999999999999994,0.14035087719298245,0.7916666666666667,1,0,2,1,0,0.09825079610328859,0.2575307634863142
0.03508771929824561,1,8,0.031006718118966204,0.1111111111111111,0.5625,0.3214285714285714,0.15789473684210525,0.875,0,1,2,0,5,0.030733252976951,0.025528803082158075
0.36842105263157887,1,9,0.007538052316489531,0.1111111111111111,0.4375,0.42857142857142855,0.21052631578947367,0.625,0,1,2,2,0,0.007257963947929222,0.00576511069385312
0.3508771929824561,0,6,0.19208963867019063,0.4444444444444445,0.625,0.4857142857142857,0.3368421052631579,0.44999999999999996,0,1,2,0,0,0.07640599459402735,0.12865548570868157
0.24561403508771928,1,7,0.09368894336670955,0.6666666666666665,0.5892857142857143,0.38775510204081637,0.16541353383458648,0.5,1,1,2,1,6,0.026292025573442675,0.08748190319115264
0.12280701754385964,1,4,0.12188852581318124,0.8888888888888888,0.5486111111111112,0.48412698412698413,0.29239766081871343,0.8888888888888888,1,1,2,0,0,0.02659226641515826,0.09042198683668914
0.5087719298245613,0,1,0.01205460084360275,0.1111111111111111,0.40625,0.3214285714285714,0.10526315789473684,0.75,0,1,2,0,0,0.011775787116061611,0.009760692729555332
0.631578947368421,1,1,0.003989617865616678,0.0,0.75,0.8571428571428572,0.5263157894736843,0.5,0,1,3,1,5,0.007981487597033888,0.002618735185701
0.19298245614035092,1,6,0.05093979180015281,0.2222222222222222,0.41666666666666663,0.5714285714285714,0.15789473684210525,0.75,1,0,2,1,0,0.0335931575730159,0.0423391729129073
0.15789473684210525,0,6,0.10968199033189914,0.5555555555555556,0.40625,0.3809523809523809,0.46491228070175444,0.7916666666666667,0,1,2,0,3,0.03610062189568466,0.09595759402284026
0.38596491228070173,0,0,0.6755247128899647,0.8888888888888888,0.4722222222222222,0.5238095238095237,0.30994152046783624,0.75,1,1,0,0,2,0.14965725128514984,0.6487419636755609
0.21052631578947367,1,0,0.032681357896560764,0.3333333333333333,0.625,0.5357142857142856,0.35526315789473684,1.0,0,1,2,0,0,0.015921966956649252,0.022779072345950887
0.26315789473684215,0,4,0.031409572119262964,0.0,0.6875,0.49999999999999994,0.5263157894736843,1.0,1,0,0,1,5,0.06283687278889018,0.024031543101455534
0.4385964912280701,1,0,0.0033022568714860174,0.0,0.4375,0.7142857142857142,0.736842105263158,0.75,0,0,3,0,0,0.00660637764060934,0.0030903714263865105
0.0,0,6,0.10645421897199325,0.3333333333333333,0.671875,0.6428571428571428,0.15789473684210525,0.6875,1,0,2,0,1,0.05281880742511944,0.09101421040428676
0.5614035087719298,0,6,0.5210470963789176,0.1111111111111111,0.46875,0.46428571428571425,0.34210526315789475,0.75,0,0,0,1,1,0.5209119283377592,0.4517004859900085
0.29824561403508765,0,4,0.11416356820768693,0.3333333333333333,0.5625,0.44642857142857145,0.22368421052631576,0.8125,1,1,2,0,0,0.056674569892759985,0.0903296192959233
0.21052631578947367,0,1,0.012193495577398055,0.1111111111111111,0.5625,0.6785714285714286,0.5263157894736843,0.75,0,0,0,1,1,0.011914721048134975,0.008936483358252102
0.26315789473684215,0,1,0.009334793012271142,0.0,0.5625,0.42857142857142855,0.2631578947368421,1.0,0,0,4,1,0,0.0186748548753063,0.007319637678849427
0.2807017543859649,0,9,0.08700006539709373,0.2222222222222222,0.5833333333333334,0.4761904761904761,0.21052631578947367,0.75,1,1,0,1,3,0.05764012448849223,0.08579472579164775
0.0,0,3,0.17028000427550788,0.5555555555555556,0.47916666666666663,0.39285714285714285,0.15789473684210525,0.8333333333333333,1,1,3,0,4,0.05630566044770981,0.14051175885391434
0.5964912280701754,1,6,0.0076087839163454605,0.2222222222222222,0.6458333333333333,0.5238095238095237,0.21052631578947367,1.0,1,1,1,1,0,0.004697666522594353,0.006227601633472708
0.29824561403508765,1,9,0.467401129374221,1.0,0.575,0.39285714285714285,0.3210526315789473,0.65,0,1,2,1,6,0.09299861915877185,0.4461563867385818
0.38596491228070173,0,4,0.03730558441786807,0.1111111111111111,0.3125,0.42857142857142855,0.15789473684210525,1.0,0,1,2,1,2,0.037033896914974995,0.027283307317129253
0.49122807017543857,0,6,0.0917529127885301,1.0,0.56875,0.4857142857142857,0.3052631578947368,0.55,0,1,3,1,0,0.017847773074841117,0.06872576168599634
0.07017543859649122,1,9,0.07548128605854482,0.2222222222222222,0.625,0.4761904761904761,0.22807017543859648,0.5833333333333334,0,1,2,1,0,0.04995877107568131,0.06169245902861574
0.38596491228070173,0,1,0.018950536680953263,0.1111111111111111,0.4375,0.8571428571428572,0.3157894736842105,0.75,0,1,0,2,3,0.01867366909494721,0.014520647738158012
0.22807017543859642,0,3,0.17503087592393154,0.8888888888888888,0.625,0.5714285714285714,0.40935672514619886,0.9166666666666667,1,1,4,0,0,0.0384050103524115,0.17275508552772656
0.4736842105263158,0,8,0.17209353878689776,0.4444444444444445,0.48750000000000004,0.47142857142857136,0.2526315789473684,0.55,0,1,2,1,7,0.0684052973551762,0.15803572346212183
0.0,0,4,0.0419258594531499,0.3333333333333333,0.359375,0.41071428571428564,0.13157894736842105,0.8125,0,1,4,1,1,0.020545522206800487,0.028435005564697954
0.26315789473684215,1,1,0.07963568089142363,0.2222222222222222,0.5416666666666666,0.5952380952380953,0.24561403508771928,0.75,1,1,0,1,0,0.05272914925463493,0.06944144681798395
0.15789473684210525,1,6,0.08264750354003755,0.1111111111111111,0.625,0.6785714285714286,0.2368421052631579,0.625,1,1,1,0,1,0.08238861223974345,0.08817097985194366
0.38596491228070173,1,6,0.1244362464281036,0.3333333333333333,0.546875,0.46428571428571425,0.15789473684210525,0.625,0,0,2,1,7,0.06181235855863653,0.1111248145463591
0.38596491228070173,1,3,0.052135906620062844,0.1111111111111111,0.46875,0.49999999999999994,0.47368421052631576,0.375,1,1,2,1,4,0.051868404467308914,0.0404054643260967
0.14035087719298245,0,6,0.1859075387833414,0.2222222222222222,0.47916666666666663,0.5238095238095237,0.3508771929824561,0.8333333333333333,0,1,1,1,0,0.12359704890889431,0.15179762650694967
0.14035087719298245,0,7,0.0011982881372240458,0.0,0.5625,0.21428571428571425,0.2631578947368421,0.75,0,1,3,1,4,0.002397252625960013,0.0009930925976539603
0.26315789473684215,0,6,0.7867473876231951,0.5555555555555556,0.46875,0.5119047619047619,0.2192982456140351,0.625,1,1,4,0,2,0.26185278049354416,0.5724214213957889
0.10526315789473684,0,7,0.07800075354838505,0.3333333333333333,0.5625,0.48214285714285715,0.3289473684210526,0.875,0,0,2,0,0,0.03858805970562211,0.07469198190519441
0.4736842105263158,1,6,0.17131450331697617,0.5555555555555556,0.47916666666666663,0.4047619047619047,0.22807017543859648,0.7916666666666667,1,1,2,0,4,0.056650590778831736,0.14590735583565143
0.21052631578947367,1,5,0.00616609636844604,0.0,0.4375,0.2857142857142857,0.05263157894736842,0.5,0,1,1,0,4,0.012335673075611876,0.006159055424530972
0.0,1,6,0.02502199495908928,0.4444444444444445,0.5625,0.5714285714285714,0.23157894736842105,0.8,1,1,2,0,0,0.009560077463078258,0.024216408830145284
0.21052631578947367,1,1,0.18376603093183747,0.3333333333333333,0.546875,0.48214285714285715,0.40789473684210525,0.875,1,1,2,1,2,0.09148562270959111,0.1721785831681518
0.07017543859649122,0,9,0.027261894812627446,0.2222222222222222,0.5416666666666666,0.3809523809523809,0.08771929824561403,0.33333333333333337,1,1,0,1,0,0.017803438064748482,0.029377929653647418
0.0,1,0,0.002206312222321668,0.0,0.1875,0.42857142857142855,0.21052631578947367,1.0,0,0,0,1,4,0.0044138697566521775,0.0016829966904461915
0.03508771929824561,1,6,0.044139877073221236,0.4444444444444445,0.5875,0.5857142857142856,0.34736842105263155,0.7,0,1,2,0,0,0.017209388455519104,0.04208057863800513
0.3157894736842105,1,6,0.0729975795172351,0.6666666666666665,0.5,0.4693877551020407,0.2556390977443609,0.8214285714285714,0,1,3,1,0,0.02037853892266151,0.06504094569032477
0.5614035087719298,0,0,0.23561486209214985,0.8888888888888888,0.4444444444444444,0.5079365079365079,0.2573099415204678,0.8055555555555556,1,1,2,1,1,0.05187191789059511,0.19411297808803285
0.3508771929824561,1,1,0.011663008578478587,0.0,0.375,0.5714285714285714,0.05263157894736842,1.0,1,1,1,0,5,0.023332600125811294,0.01129157257893832
0.15789473684210525,0,0,0.010288089015915993,0.1111111111111111,0.71875,0.17857142857142855,0.2631578947368421,0.5,0,1,0,0,0,0.010008776750957862,0.0074880418656205145
0.38596491228070173,1,7,0.16995776059013074,0.4444444444444445,0.525,0.39999999999999997,0.4421052631578947,0.6,1,1,3,1,3,0.0675507449763921,0.13347262062347262
0.19298245614035092,0,1,0.0725255745114926,0.4444444444444445,0.5625,0.5285714285714285,0.2526315789473684,0.8500000000000001,1,1,2,0,0,0.02856687178690578,0.053063911021969105
0.14035087719298245,1,7,0.03337029948510162,0.3333333333333333,0.453125,0.35714285714285715,0.28947368421052627,0.75,1,0,2,0,0,0.016266534965994783,0.03339014742747907
0.05263157894736842,0,0,0.025723581302911632,0.1111111111111111,0.40625,0.42857142857142855,0.3684210526315789,0.875,0,0,2,0,3,0.02544862517660716,0.023510086744487086
0.0,0,9,0.2409730771426884,0.1111111111111111,0.40625,0.49999999999999994,0.21052631578947367,0.75,1,1,0,0,0,0.24075886780900793,0.21350824549053912
0.21052631578947367,0,6,0.11792656834974287,0.3333333333333333,0.53125,0.5357142857142856,0.2368421052631579,0.5625,1,1,2,1,6,0.05855660095269546,0.09393256307252851
0.3157894736842105,0,3,0.02854909138542459,0.2222222222222222,0.8541666666666667,0.5714285714285714,0.21052631578947367,0.8333333333333333,1,1,0,1,1,0.01866181129135631,0.0266352538639768
0.26315789473684215,1,6,0.4312404880322331,0.1111111111111111,0.4375,0.49999999999999994,0.15789473684210525,0.5,0,0,2,1,2,0.4310799751539488,0.41388601610304615
0.21052631578947367,1,7,0.0701612028481521,0.7777777777777777,0.6171875,0.5892857142857142,0.24342105263157893,0.6875,1,1,2,1,1,0.017051373341167388,0.0630712655859882
0.08771929824561403,1,9,0.0014187810574453209,0.0,0.5625,0.35714285714285715,0.5263157894736843,0.75,1,1,2,1,4,0.0028383629195414426,0.0013143104103313685
0.42105263157894735,0,1,0.039754715456454925,0.1111111111111111,0.53125,0.5357142857142856,0.42105263157894735,0.5,0,1,0,1,0,0.03948371913685466,0.041497761665789584
0.017543859649122806,1,8,0.10816106336069539,0.7777777777777777,0.46875,0.48214285714285715,0.21052631578947367,0.78125,1,1,2,0,6,0.026554019508853725,0.10475572204068073
0.45614035087719296,1,2,0.0009027169825188235,0.1111111111111111,0.59375,0.6071428571428572,0.3157894736842105,0.75,0,1,3,1,0,0.0006207560179835449,0.0008408015603799778
0.07017543859649122,0,8,0.31125401001741226,0.3333333333333333,0.671875,0.6428571428571428,0.3289473684210526,0.6875,1,1,2,0,2,0.15524760180863126,0.3236361351226072
0.12280701754385964,0,0,0.11703531067669791,0.8888888888888888,0.5972222222222222,0.5714285714285714,0.29239766081871343,0.8333333333333333,1,1,4,0,0,0.025513469795132946,0.09441216878985718
0.0,1,6,0.12865070384856958,0.5555555555555556,0.47916666666666663,0.4404761904761904,0.32456140350877194,0.6666666666666666,1,1,2,0,4,0.042425310824323534,0.098575937267067
0.17543859649122806,0,6,0.08854885034477704,0.4444444444444445,0.55,0.6000000000000001,0.2736842105263158,0.8999999999999999,0,1,2,1,0,0.03497799092838499,0.07914434995461317
0.49122807017543857,0,1,0.03363050483987887,0.2222222222222222,0.5208333333333334,0.4523809523809524,0.22807017543859648,0.75,0,1,2,1,1,0.02205037629751545,0.028282279036897024
0.4035087719298246,1,6,0.014130909175686428,0.1111111111111111,0.53125,0.5714285714285714,0.07894736842105263,0.75,0,0,0,0,2,0.013852681415007511,0.010322388411213848
0.49122807017543857,1,7,0.027622665486752938,0.3333333333333333,0.59375,0.5178571428571428,0.14473684210526316,0.5625,0,1,2,0,0,0.013391906930471174,0.02290384038192171
0.4035087719298246,0,7,0.06124921884060635,0.1111111111111111,0.625,0.6785714285714286,0.07894736842105263,0.875,1,0,2,0,2,0.06098428860787211,0.06458211287113155
0.05263157894736842,0,8,0.08806499088095812,0.1111111111111111,0.46875,0.7142857142857142,0.28947368421052627,0.5,0,0,4,1,2,0.08780762848078413,0.06086859804973407
0.22807017543859642,1,7,0.08015233768925395,0.3333333333333333,0.46875,0.5535714285714286,0.21052631578947367,0.75,1,1,2,0,5,0.03966415538149617,0.06144070195498665
0.12280701754385964,1,5,0.029306591256507357,0.0,0.9375,0.5714285714285714,0.47368421052631576,0.5,1,0,2,2,5,0.05862972407483933,0.03196504822709194
0.5614035087719298,0,8,0.11899327200231873,0.0,0.5625,0.5714285714285714,0.15789473684210525,0.75,0,1,1,0,2,0.23805370754980423,0.0946023475029757
0.03508771929824561,0,9,0.06797840196768198,0.3333333333333333,0.625,0.49999999999999994,0.2631578947368421,0.5625,1,1,2,1,6,0.03357546968265948,0.04511703633715538
0.4736842105263158,0,6,0.031679853763405166,0.1111111111111111,0.5625,0.3214285714285714,0.3947368421052631,1.0,0,1,2,0,0,0.03140657859085418,0.03170562652018856
0.4736842105263158,1,7,0.018004550926455535,0.2222222222222222,0.5208333333333334,0.49999999999999994,0.14035087719298245,0.5833333333333334,1,1,2,2,0,0.011630133761953407,0.013267697943073725
0.6666666666666666,1,1,0.013552806770160037,0.1111111111111111,0.59375,0.42857142857142855,0.2368421052631579,0.625,1,0,3,1,7,0.013274415859891354,0.014351938708018062
0.21052631578947367,0,1,0.07837021749176659,0.0,0.6875,0.2857142857142857,0.10526315789473684,1.0,1,1,2,1,2,0.15678466959910148,0.05562511790906017
0.4385964912280701,1,1,0.05497544447796623,0.0,1.0,0.35714285714285715,0.42105263157894735,0.5,0,0,2,0,2,0.10998191882582448,0.04577654319116658
0.7719298245614034,2,5,0.023078061408858874,0.2222222222222222,0.4375,0.5952380952380953,0.22807017543859648,0.5833333333333334,1,1,3,1,0,0.015013428633183256,0.02367975385378632
0.15789473684210525,0,7,0.026474758796353647,0.1111111111111111,0.5,0.5714285714285714,0.2368421052631579,0.75,1,1,3,0,5,0.026200014664150437,0.026529821607402505
0.0,1,3,0.06678623863379742,0.3333333333333333,0.65625,0.42857142857142855,0.15789473684210525,0.625,0,1,3,1,0,0.03297921979209713,0.06871496152092801
0.0,0,4,0.03971045881296965,0.1111111111111111,0.53125,0.5357142857142856,0.13157894736842105,0.625,0,1,3,1,3,0.03943945000344863,0.03662671302376228
0.4385964912280701,1,6,0.07241196928826032,0.4444444444444445,0.6375,0.5571428571428572,0.29473684210526313,0.7,1,1,2,0,0,0.02852141687314067,0.05422958851545286
0.0,0,7,0.11885951420035655,0.6666666666666665,0.6696428571428572,0.5612244897959184,0.2857142857142857,0.7857142857142858,1,1,3,1,4,0.033485646820458424,0.12838339122744397
0.21052631578947367,1,0,0.20085442982328758,0.0,0.4375,0.5714285714285714,0.10526315789473684,1.0,1,0,2,1,2,0.4018222282038253,0.15800088421996594
0.38596491228070173,1,6,0.006460482077343621,0.1111111111111111,0.65625,0.21428571428571425,0.4473684210526316,0.875,0,1,2,1,1,0.0061800896015165325,0.005177503325841154
0.33333333333333337,0,3,0.019332250231013752,0.0,0.5625,0.35714285714285715,0.3684210526315789,0.75,1,0,2,1,5,0.038675412192075063,0.019121039017686667
0.38596491228070173,0,6,0.02670374741152969,0.1111111111111111,0.375,0.49999999999999994,0.3947368421052631,0.75,1,1,1,1,4,0.02642906790351463,0.019528266209436453
0.33333333333333337,1,9,0.09316319815102066,0.2222222222222222,0.5416666666666666,0.4523809523809524,0.2982456140350877,0.75,0,1,4,1,0,0.0617500392130977,0.06488660784757413
0.5614035087719298,0,1,0.09036594119358982,0.3333333333333333,0.578125,0.44642857142857145,0.381578947368421,0.9375,1,1,0,1,0,0.044772398353425384,0.08044973280914208
0.08771929824561403,1,1,0.14458724456359495,0.3333333333333333,0.359375,0.6607142857142856,0.3157894736842105,0.6875,1,1,3,1,1,0.07189070109066101,0.14104122823657866
0.14035087719298245,1,3,0.23392836785647886,0.1111111111111111,0.5625,0.5357142857142856,0.18421052631578946,0.875,0,1,2,0,2,0.2337121703950565,0.2264792872866554
0.12280701754385964,1,6,0.06301928700571602,0.3333333333333333,0.484375,0.5714285714285714,0.15789473684210525,0.375,1,1,2,1,1,0.031095212431563175,0.05773472111970537
0.45614035087719296,1,1,0.03100434722735092,0.3333333333333333,0.609375,0.5714285714285714,0.35526315789473684,0.875,1,1,3,1,7,0.01508322498265302,0.022723460205659532
0.4736842105263158,1,7,0.046045876357607124,0.2222222222222222,0.6041666666666666,0.5238095238095237,0.14035087719298245,0.6666666666666666,0,1,1,1,4,0.03032962651805413,0.035591726237415855
0.38596491228070173,1,1,0.045817875613937444,0.3333333333333333,0.640625,0.44642857142857145,0.2763157894736842,0.875,1,1,2,1,4,0.022492079481276423,0.04160872465205614
0.543859649122807,1,3,0.03081862738415379,0.3333333333333333,0.59375,0.5535714285714286,0.3157894736842105,0.6875,1,1,0,0,0,0.014990338854524313,0.03184759643197385
0.03508771929824561,1,3,0.0225827426355661,0.0,0.625,0.49999999999999994,0.21052631578947367,1.0,0,0,3,2,2,0.04517823168132389,0.014911631133252612
0.6491228070175438,1,3,0.012126122740663775,0.0,0.4375,0.5714285714285714,0.2631578947368421,0.25,0,1,0,1,0,0.024259089846380175,0.011432061822931992
0.6140350877192983,0,2,0.0019249664173081411,0.1111111111111111,0.75,0.39285714285714285,0.28947368421052627,0.75,1,1,2,1,1,0.0016432939476387063,0.00212541151677344
0.4385964912280701,1,1,0.10952531391098921,0.0,0.5,0.42857142857142855,0.3684210526315789,1.0,1,1,2,1,2,0.2191124473538224,0.10969914920828693
0.6666666666666666,0,6,0.08010610530275594,0.0,0.375,0.49999999999999994,0.42105263157894735,1.0,1,0,2,2,2,0.16025742501075602,0.08194324757131287
0.0,0,0,0.06424819915963746,0.4444444444444445,0.5,0.4857142857142857,0.2631578947368421,0.75,0,1,3,1,6,0.025254987243967787,0.06681552603858829
0.17543859649122806,0,9,0.12114900520351438,0.1111111111111111,0.78125,0.46428571428571425,0.3157894736842105,0.625,0,0,2,1,5,0.12090097963244366,0.11668833667528763
0.14035087719298245,0,1,0.04139280398831388,0.6666666666666665,0.5089285714285714,0.489795918367347,0.22556390977443608,0.5714285714285714,0,1,2,1,3,0.011346054667354305,0.029815336338914755
0.4385964912280701,0,7,0.0427809610290618,0.4444444444444445,0.44999999999999996,0.4142857142857142,0.3578947368421052,0.75,1,0,3,1,7,0.016665668634864433,0.044154036134913574
0.07017543859649122,1,7,0.14106449477188765,0.3333333333333333,0.5,0.42857142857142855,0.3684210526315789,0.8125,0,1,2,0,0,0.07012882910711332,0.13201024343397869
0.45614035087719296,0,3,0.15062630065632207,0.5555555555555556,0.5,0.4761904761904761,0.4298245614035087,0.8333333333333333,0,1,2,0,6,0.0497525770465729,0.1599612012779731
0.5789473684210525,0,2,0.03541302018596879,0.2222222222222222,0.39583333333333337,0.3809523809523809,0.3157894736842105,0.75,0,0,2,1,5,0.023239055230816427,0.027528619130959494
0.4385964912280701,0,6,0.05460064602845031,0.2222222222222222,0.5,0.6666666666666667,0.4385964912280702,0.75,0,1,3,1,0,0.03603441582563547,0.059999750899418586
0.3508771929824561,0,0,0.020483120535932146,0.2222222222222222,0.45833333333333337,0.4047619047619047,0.3508771929824561,0.9166666666666667,1,0,2,1,7,0.013282979829151446,0.01480097299035493
0.08771929824561403,1,6,0.14612555807331076,0.2222222222222222,0.27083333333333337,0.5714285714285714,0.4385964912280702,0.9166666666666667,1,1,2,0,3,0.0970682437018429,0.15321257877805886
0.10526315789473684,0,7,0.1993906018251519,0.8888888888888888,0.5694444444444444,0.5555555555555556,0.391812865497076,0.8333333333333333,1,1,2,1,1,0.04381981048550876,0.20197780635756943
0.543859649122807,0,5,0.024098532674936734,0.1111111111111111,0.625,0.49999999999999994,0.3684210526315789,0.875,1,1,2,0,4,0.023823117934354803,0.021548637411109853
0.45614035087719296,1,7,0.009580773017356705,0.0,0.5,0.49999999999999994,0.15789473684210525,0.5,1,0,1,0,6,0.019166953724328594,0.010450988763821816
0.2807017543859649,1,6,0.09842479936823642,0.7777777777777777,0.46875,0.47321428571428564,0.28947368421052627,0.6875,0,1,1,0,0,0.0241192665790375,0.08360194389035533
0.19298245614035092,0,4,0.044512897354025686,0.2222222222222222,0.5416666666666666,0.5238095238095237,0.22807017543859648,0.5833333333333334,1,1,2,1,1,0.02930735209514543,0.03382023787189367
0.0,0,9,0.11836182453544848,0.2222222222222222,0.5208333333333334,0.42857142857142855,0.24561403508771928,1.0,0,1,2,1,0,0.07855386443513342,0.11806705613455473
0.07017543859649122,0,0,0.01766847703998924,0.1111111111111111,0.5625,0.5714285714285714,0.28947368421052627,0.75,1,0,0,0,5,0.01739124763659152,0.017031729665597278
0.6842105263157895,0,7,0.05452833383418419,0.1111111111111111,0.46875,0.5357142857142856,0.42105263157894735,0.75,1,1,2,1,2,0.054261506862012115,0.037220635004415005
0.017543859649122806,1,6,0.10063526065088484,0.1111111111111111,0.5,0.5357142857142856,0.3947368421052631,1.0,1,0,0,0,1,0.10038144577851323,0.09822876421898345
0.33333333333333337,1,8,0.0015292250918572323,0.0,0.375,0.35714285714285715,0.3684210526315789,1.0,0,0,4,1,4,0.003059313326451855,0.001641929933754923
0.5087719298245613,1,3,0.07880389308306202,0.1111111111111111,0.5,0.46428571428571425,0.5526315789473684,0.75,0,0,2,0,3,0.0785439170554544,0.07462395828488501
0.017543859649122806,1,9,0.024230512308187457,0.1111111111111111,0.46875,0.6071428571428572,0.2368421052631579,0.625,0,1,2,0,3,0.02395513481433347,0.02061803770407304
0.33333333333333337,1,1,0.012895872218425503,0.1111111111111111,0.5625,0.49999999999999994,0.13157894736842105,0.625,1,1,2,1,4,0.01261729591089572,0.013287077271522946
0.49122807017543857,1,1,0.04151925154112894,0.4444444444444445,0.5625,0.5142857142857142,0.21052631578947367,0.75,1,1,3,1,1,0.016160842409987903,0.03597774504050323
0.29824561403508765,0,4,0.03921553518827942,0.2222222222222222,0.5833333333333334,0.49999999999999994,0.3859649122807018,0.6666666666666666,0,0,2,0,4,0.02577478065204349,0.03160568144425382
0.8947368421052632,0,3,0.04133965650127129,0.2222222222222222,0.39583333333333337,0.7380952380952381,0.4035087719298245,0.5,0,1,2,1,4,0.027191261167662947,0.035950396235410846
0.0,1,6,0.053758386782121186,0.2222222222222222,0.39583333333333337,0.5238095238095237,0.3859649122807018,0.6666666666666666,0,1,2,0,5,0.03547275119554657,0.04581447441606382
0.5087719298245613,1,6,0.048827722519538624,0.1111111111111111,0.53125,0.3214285714285714,0.18421052631578946,0.75,0,1,2,0,6,0.048559286745208805,0.05169647076734999
0.24561403508771928,1,7,0.040469736852763886,0.4444444444444445,0.35,0.5428571428571427,0.23157894736842105,0.8,0,0,2,0,6,0.015740918058822218,0.040369797651939605
0.45614035087719296,0,6,0.02110528201064254,0.1111111111111111,0.6875,0.5714285714285714,0.42105263157894735,0.625,1,1,1,0,5,0.02082902252765289,0.017767447361824517
0.38596491228070173,1,7,0.02713169334808818,0.0,0.625,0.6428571428571428,0.8421052631578947,1.0,1,1,4,1,5,0.05427870067721892,0.025809738021092724
0.14035087719298245,1,7,0.07442742473555174,0.7777777777777777,0.4765625,0.5982142857142856,0.29605263157894735,0.53125,1,1,0,0,1,0.018118229811743533,0.07723328687520392
0.33333333333333337,0,0,0.1343487466972986,0.2222222222222222,0.5208333333333334,0.5238095238095237,0.14035087719298245,0.6666666666666666,1,1,2,1,1,0.08921482038359071,0.11980893114424439
0.0,0,1,0.0016060814950526407,0.0,0.3125,0.7142857142857142,0.7894736842105263,0.75,0,0,4,1,6,0.00321306951301384,0.0016314781611081529
0.42105263157894735,1,4,0.005991243111818954,0.1111111111111111,0.34375,0.3214285714285714,0.3684210526315789,1.0,1,1,0,1,0,0.005710718209376794,0.00621976280398763
0.3508771929824561,1,6,0.008794229723986725,0.3333333333333333,0.546875,0.35714285714285715,0.18421052631578946,0.6875,1,1,3,2,4,0.003975032208759003,0.008374961872804365
0.42105263157894735,1,3,0.05599097638651224,0.4444444444444445,0.5125,0.5142857142857142,0.23157894736842105,0.8500000000000001,1,1,2,1,0,0.0219511660074716,0.058019357728119086
0.5087719298245613,0,6,0.07956712260888171,0.0,0.25,0.49999999999999994,0.2631578947368421,0.75,1,0,3,2,5,0.15917915540422362,0.08315878873013226
0.36842105263157887,0,0,0.010262404356750434,0.1111111111111111,0.625,0.42857142857142855,0.10526315789473684,0.75,1,0,3,0,1,0.009983084843177583,0.007290024323016911
0.3157894736842105,1,4,0.19741268549510246,0.6666666666666665,0.5089285714285714,0.49999999999999994,0.13533834586466165,0.7142857142857143,0,1,3,1,3,0.05593574403044993,0.19794298662538914
0.10526315789473684,0,5,0.34778431287708295,0.2222222222222222,0.5833333333333334,0.3333333333333333,0.1929824561403509,0.33333333333333337,1,1,3,0,2,0.2315453544188797,0.2583977815764165
0.14035087719298245,1,3,0.2805776361301754,0.6666666666666665,0.5982142857142857,0.5306122448979591,0.3684210526315789,0.7142857142857143,1,1,2,1,6,0.07970386434243551,0.20835486833989095
0.543859649122807,1,7,0.0035432975190397417,0.0,0.75,0.6428571428571428,0.2631578947368421,1.0,0,1,2,1,1,0.00708859498663922,0.0034382412593131828
0.5964912280701754,1,5,0.23616945315582472,0.2222222222222222,0.47916666666666663,0.6428571428571428,0.3157894736842105,0.5833333333333334,0,1,2,1,2,0.15711444829230173,0.18815607736611148
0.24561403508771928,0,8,0.10525237449734628,0.0,0.75,0.35714285714285715,0.21052631578947367,1.0,1,1,2,1,2,0.2105641567451436,0.11469161260922756
0.29824561403508765,1,4,0.011860385305450858,0.3333333333333333,0.3125,0.5357142857142856,0.3289473684210526,0.6875,1,0,3,1,1,0.005508542658151974,0.011168633603180685
0.10526315789473684,1,1,0.18750235854322148,0.6666666666666665,0.5267857142857143,0.5816326530612244,0.3233082706766917,0.6428571428571429,1,1,2,1,1,0.0531034229441667,0.15503580341818257
0.543859649122807,1,4,0.10501311201850401,0.2222222222222222,0.5833333333333334,0.5238095238095237,0.3508771929824561,0.75,1,1,0,0,3,0.06965221127944579,0.09608606372829015
0.42105263157894735,1,6,0.04237613128575231,0.2222222222222222,0.6875,0.5238095238095237,0.3859649122807018,1.0,1,1,2,0,1,0.027882439363639107,0.0312998364471777
0.7017543859649124,0,1,0.2996346653595151,0.2222222222222222,0.6041666666666666,0.4761904761904761,0.2982456140350877,0.6666666666666666,0,1,2,1,5,0.19943653034869782,0.21688656325334416
0.10526315789473684,1,6,0.01969776268836981,0.2222222222222222,0.5833333333333334,0.5238095238095237,0.3859649122807018,0.6666666666666666,1,1,2,0,0,0.012759260170553422,0.01817432616115275
0.21052631578947367,1,1,0.010073720899034197,0.0,0.5,0.2857142857142857,0.21052631578947367,0.75,1,0,0,1,3,0.020153127722971665,0.009450057336682778
0.33333333333333337,0,0,0.16608332854215654,0.2222222222222222,0.5,0.5238095238095237,0.15789473684210525,0.8333333333333333,1,1,2,1,4,0.11037717894552108,0.13822721909859384
0.42105263157894735,0,9,0.0018726092274706518,0.1111111111111111,0.78125,0.5357142857142856,0.2631578947368421,0.875,0,0,2,0,1,0.0015909219817789037,0.0016840854167635634
0.24561403508771928,0,0,0.015936738289326624,0.2222222222222222,0.5833333333333334,0.8095238095238095,0.3684210526315789,0.8333333333333333,0,0,2,0,3,0.010251202957705126,0.01667811135771488
0.10526315789473684,0,2,0.09133385769552892,0.3333333333333333,0.484375,0.48214285714285715,0.22368421052631576,0.625,1,1,4,1,0,0.045256493185023824,0.09484988031849338
0.4736842105263158,1,7,0.017051452497111957,0.1111111111111111,0.6875,0.5357142857142856,0.3684210526315789,0.5,1,0,3,1,1,0.016774048959685244,0.011962663480966364
0.4385964912280701,0,0,0.009648738576994805,0.1111111111111111,0.6875,0.49999999999999994,0.42105263157894735,0.875,0,1,2,1,4,0.00936924587728873,0.00751586971029254
0.10526315789473684,0,1,0.02340899836349206,0.0,0.625,0.21428571428571425,0.736842105263158,0.75,1,0,3,1,6,0.04683120950189516,0.016196676580173024
0.5789473684210525,1,5,0.009937592205456725,0.0,0.625,0.5714285714285714,0.2631578947368421,1.0,1,1,2,2,3,0.019880793500500694,0.009140859062549156
0.543859649122807,0,2,0.018060662028017222,0.0,0.6875,0.35714285714285715,0.3684210526315789,1.0,1,0,3,0,7,0.036131518061707606,0.014055195462955174
0.3157894736842105,1,2,0.04555944842787165,0.5555555555555556,0.48958333333333337,0.6309523809523809,0.22807017543859648,0.625,0,1,2,0,0,0.01472040913111483,0.04437426369439156
0.29824561403508765,2,3,0.2438390899569624,0.0,0.8125,0.6428571428571428,0.21052631578947367,0.75,1,0,3,1,2,0.4878158103652618,0.1670046944136843
0.4035087719298246,0,9,0.03574553773501216,0.4444444444444445,0.6125,0.39999999999999997,0.34736842105263155,0.65,0,1,3,1,1,0.013850705114409029,0.033939780021541105
0.10526315789473684,0,1,0.02549716115365215,0.3333333333333333,0.625,0.46428571428571425,0.18421052631578946,0.875,1,1,2,0,3,0.01232885483854711,0.024913367869474085
0.29824561403508765,0,1,0.10486335069813867,0.3333333333333333,0.578125,0.41071428571428564,0.4473684210526316,0.625,1,1,3,1,0,0.05202314880417014,0.10141511775750946
0.0,0,0,0.060283278081679985,0.3333333333333333,0.59375,0.39285714285714285,0.2368421052631579,0.625,1,0,3,1,0,0.02972682189717347,0.04873835781399782
0.4736842105263158,1,7,0.3986357889645664,0.7777777777777777,0.5234375,0.43749999999999994,0.25,0.8125,0,1,2,0,6,0.09919319504367524,0.4202706556205366
0.0,1,9,0.24107048127321626,1.0,0.55625,0.5571428571428572,0.2526315789473684,0.65,1,1,2,1,6,0.04771971472496121,0.1632206301269211
0.6140350877192983,1,1,0.1619874157024547,0.2222222222222222,0.5,0.5952380952380953,0.24561403508771928,0.75,1,0,2,0,1,0.10764579976504421,0.15718320720656692
0.22807017543859642,1,1,0.0018334895158184903,0.0,0.375,0.5714285714285714,0.21052631578947367,1.0,1,0,4,0,4,0.0036680139107846525,0.0012753340081694538
0.24561403508771928,0,9,0.18530671533316856,0.2222222222222222,0.4375,0.4523809523809524,0.2982456140350877,0.8333333333333333,1,1,2,1,2,0.12319638690089516,0.16520476851675236
0.15789473684210525,1,7,0.027032906197451412,0.1111111111111111,0.4375,0.6428571428571428,0.34210526315789475,0.875,0,1,3,0,5,0.026758319583221918,0.028331141074020676
0.22807017543859642,1,7,0.41635701834299577,0.3333333333333333,0.703125,0.48214285714285715,0.2763157894736842,0.625,1,1,3,1,1,0.2078139368322945,0.4365378816660753
0.5964912280701754,0,1,0.1946871480090339,0.2222222222222222,0.4375,0.4523809523809524,0.2631578947368421,0.9166666666666667,1,1,3,0,2,0.1294517735552139,0.1944252247958551
0.0,0,1,0.018315137728057547,0.0,0.375,0.8571428571428572,0.05263157894736842,1.0,0,0,4,1,6,0.03664061309587686,0.015669341101090764
0.5614035087719298,1,2,0.00020409425321557117,0.0,0.4375,0.49999999999999994,0.15789473684210525,0.5,1,0,3,0,1,0.00040830370364661054,0.0002619475519596813
0.36842105263157887,1,6,0.015120953999368155,0.1111111111111111,0.71875,0.6428571428571428,0.28947368421052627,0.5,0,1,1,1,0,0.014843005644907396,0.012260495452346625
0.03508771929824561,1,9,0.2581164016898925,0.2222222222222222,0.6458333333333333,0.6190476190476191,0.3859649122807018,1.0,1,0,2,1,2,0.17174987649768175,0.17181939058152443
0.07017543859649122,0,0,0.03054557969979375,0.1111111111111111,0.46875,0.5714285714285714,0.21052631578947367,0.75,1,1,2,1,3,0.030271984417265037,0.02358425078122646
0.6491228070175438,1,6,0.22825759026132558,0.7777777777777777,0.5078125,0.49999999999999994,0.35526315789473684,0.78125,1,1,2,1,0,0.05658662451612749,0.19162828688652667
0.08771929824561403,0,2,0.017610390195414816,0.0,0.375,0.49999999999999994,0.15789473684210525,0.25,0,0,2,0,7,0.035230720248919004,0.013055526958344287
0.05263157894736842,1,3,0.0007857529961648852,0.0,0.875,0.42857142857142855,0.6842105263157894,1.0,1,0,2,1,1,0.0015719494960334656,0.0005056045017875144
0.5263157894736842,1,6,0.02196393992397736,0.0,0.875,0.42857142857142855,0.2631578947368421,1.0,0,0,2,0,7,0.043940276986434074,0.021503694788728742
0.36842105263157887,0,1,0.02566608718124103,0.2222222222222222,0.5625,0.5476190476190474,0.24561403508771928,0.9166666666666667,0,1,0,1,1,0.01673926606915194,0.017286665820073085
0.08771929824561403,1,7,0.020486874447656345,0.5555555555555556,0.47916666666666663,0.6190476190476191,0.34210526315789475,0.5833333333333334,0,1,2,0,4,0.006360525846158042,0.018410710419180534
0.33333333333333337,1,2,0.0764494001347852,0.5555555555555556,0.5416666666666666,0.5714285714285714,0.3771929824561403,0.75,1,1,2,1,3,0.02501996557679618,0.06014424665626019
0.07017543859649122,1,2,0.00786187659627687,0.0,0.75,0.35714285714285715,0.42105263157894735,1.0,1,0,2,1,3,0.015728190682967984,0.006671932618118531
0.5263157894736842,0,3,0.09774218015733632,0.5555555555555556,0.47916666666666663,0.5714285714285714,0.3157894736842105,0.5833333333333334,0,1,2,0,5,0.03211956197010028,0.07534290959582472
0.5087719298245613,0,0,0.1319043574419423,0.2222222222222222,0.5625,0.4761904761904761,0.2807017543859649,0.75,1,0,0,1,1,0.08758476764996183,0.13242439492510696
0.4035087719298246,1,0,0.024468391766920807,0.2222222222222222,0.35416666666666663,0.49999999999999994,0.2631578947368421,0.5,0,1,0,1,0,0.0159405771206183,0.02013838843769167
0.36842105263157887,1,3,0.1431125499788892,0.6666666666666665,0.5089285714285714,0.510204081632653,0.2932330827067669,0.7142857142857143,1,1,2,1,0,0.040417041210921156,0.12265608111133001
0.6666666666666666,1,5,0.004049878027505109,0.1111111111111111,0.5,0.49999999999999994,0.07894736842105263,0.875,1,1,2,1,1,0.0037688052413072915,0.003223021840895104
0.2807017543859649,0,1,0.025920365306980084,0.2222222222222222,0.5416666666666666,0.35714285714285715,0.6666666666666665,0.41666666666666663,1,1,3,2,1,0.016908832660501794,0.020440270470972553
0.03508771929824561,0,9,0.19898261089302205,0.7777777777777777,0.515625,0.46428571428571425,0.21710526315789475,0.8125,1,1,2,1,2,0.049265814209166515,0.1647590004133676
0.38596491228070173,0,3,0.10204040908154229,0.5555555555555556,0.53125,0.5952380952380953,0.3070175438596491,0.7083333333333334,0,1,2,0,1,0.03355270928743362,0.09457674065999111
0.7368421052631579,0,5,0.011865917385886517,0.0,0.1875,0.35714285714285715,0.42105263157894735,0.25,0,1,3,1,7,0.023738532268739725,0.010879119500865146
0.07017543859649122,1,3,0.048698113777903174,0.3333333333333333,0.5,0.46428571428571425,0.42105263157894735,0.625,0,1,2,0,1,0.023932604987510767,0.04338435017758433
0.21052631578947367,1,6,0.02285203640820194,0.2222222222222222,0.6041666666666666,0.42857142857142855,0.14035087719298245,0.8333333333333333,1,1,2,1,2,0.014862702774205611,0.016660735285689628
0.36842105263157887,1,3,0.005488614089379057,0.0,0.8125,0.49999999999999994,0.47368421052631576,1.0,1,0,2,0,7,0.01098032612517216,0.005892665869196414
0.2807017543859649,1,1,0.1557231249062757,0.3333333333333333,0.375,0.5357142857142856,0.35526315789473684,0.875,1,0,4,1,2,0.07746021262227619,0.10696304932557324
0.08771929824561403,1,2,0.10212595875399373,0.4444444444444445,0.32499999999999996,0.6714285714285715,0.3684210526315789,0.6,1,1,0,1,2,0.04041036696147142,0.10458762269727852
0.5263157894736842,0,7,0.1587744624151443,0.8888888888888888,0.4930555555555556,0.4603174603174603,0.40935672514619886,0.75,0,1,2,1,1,0.034791454502562824,0.15387082270954192
0.7719298245614034,0,5,0.1306043185395624,0.1111111111111111,0.34375,0.35714285714285715,0.13157894736842105,1.0,1,0,0,1,0,0.13035896140660427,0.09564408439248984
0.33333333333333337,0,2,0.5189148745195734,0.6666666666666665,0.4821428571428571,0.5408163265306123,0.2631578947368421,0.7142857142857143,1,1,1,0,2,0.1478194360298741,0.4290009777633312
0.10526315789473684,1,2,0.0026885910917303895,0.0,0.0625,0.49999999999999994,0.631578947368421,0.5,1,0,4,1,1,0.005378699708831633,0.0023366244223435905
0.0,0,6,0.03381266834565309,0.4444444444444445,0.4125,0.49999999999999994,0.2526315789473684,0.8999999999999999,0,1,3,1,4,0.01307733916421062,0.029988313176218806
0.3508771929824561,0,4,0.06077049630862054,0.4444444444444445,0.4,0.5285714285714285,0.21052631578947367,0.8,0,1,4,1,1,0.023863513518587794,0.05096467248586529
0.5263157894736842,0,5,0.21610973434752176,0.6666666666666665,0.7232142857142858,0.5306122448979591,0.24060150375939848,0.8571428571428572,1,1,1,1,3,0.06127926558862856,0.18977901991289145
0.38596491228070173,1,5,0.0027721650211690978,0.1111111111111111,0.46875,0.35714285714285715,0.3157894736842105,1.0,1,1,1,0,0,0.0024907316442682632,0.0019493862457807501
0.2807017543859649,1,1,0.014712172770033196,0.3333333333333333,0.546875,0.5357142857142856,0.2631578947368421,0.9375,0,1,3,1,0,0.006934838800077234,0.015082169223605748
0.15789473684210525,1,3,0.03408788934732713,0.0,0.5,0.35714285714285715,0.5263157894736843,0.75,1,0,3,2,5,0.06819501897149759,0.026362462597896093
0.05263157894736842,1,6,0.1075859245696881,0.4444444444444445,0.5375,0.45714285714285713,0.3052631578947368,0.7,1,1,2,0,3,0.04259496964303465,0.10377726192473224
0.4736842105263158,0,3,0.04026761834256105,0.5555555555555556,0.48958333333333337,0.5833333333333333,0.3333333333333333,0.6666666666666666,0,1,2,1,0,0.012955967956789109,0.0375912809919011
0.4736842105263158,1,6,0.015986724587548826,0.1111111111111111,0.75,0.6428571428571428,0.21052631578947367,0.75,1,1,2,1,6,0.015709020567162696,0.01440480725798964
0.0,1,3,0.005269306614965424,0.0,0.5625,0.6428571428571428,0.5263157894736843,0.75,1,0,3,2,1,0.010541587392308911,0.004807162181723925
0.631578947368421,0,2,0.06906940725931449,0.3333333333333333,0.546875,0.5892857142857142,0.2763157894736842,0.9375,1,0,1,1,0,0.03412112627790066,0.07012660406403243
0.4035087719298246,0,1,0.004207542319921397,0.0,0.5625,0.49999999999999994,0.15789473684210525,0.5,0,0,0,1,0,0.008417459509059264,0.004685137736072882
0.5789473684210525,1,7,0.13684035621065926,0.3333333333333333,0.515625,0.49999999999999994,0.3684210526315789,0.75,1,1,2,0,0,0.06801616376733487,0.10061285710876446
0.0,0,9,0.039621352803095276,0.4444444444444445,0.375,0.5285714285714285,0.2736842105263158,0.8500000000000001,0,1,4,0,4,0.015401468668026753,0.028439447568072835
0.0,1,6,0.026402249027786255,0.2222222222222222,0.5208333333333334,0.4761904761904761,0.4385964912280702,0.9166666666666667,1,1,2,0,3,0.017230179137815146,0.019153570160049736
0.26315789473684215,1,5,0.019332250231013752,0.2222222222222222,0.45833333333333337,0.49999999999999994,0.24561403508771928,0.6666666666666666,1,1,0,1,7,0.01251551643007384,0.01989743152913092
0.4035087719298246,1,6,0.08351524987123096,0.1111111111111111,0.78125,0.39285714285714285,0.2368421052631579,0.625,1,1,1,0,4,0.08325660346259722,0.08478813298765837
0.6666666666666666,0,6,0.010781432046196034,0.2222222222222222,0.45833333333333337,0.5952380952380953,0.3333333333333333,0.75,0,0,3,0,0,0.0068133621899571385,0.010542441774481057
0.4385964912280701,0,6,0.23347098334903063,0.7777777777777777,0.6796875,0.39285714285714285,0.381578947368421,0.6875,0,1,2,0,5,0.05789034061343184,0.19763348350788665
0.24561403508771928,1,0,0.04080185925320471,0.3333333333333333,0.484375,0.46428571428571425,0.43421052631578944,0.8125,1,1,0,0,0,0.01998336350156197,0.04271060278334189
0.07017543859649122,0,7,0.09516265007990893,0.1111111111111111,0.5,0.35714285714285715,0.5789473684210527,0.875,1,1,1,1,4,0.09490729075077485,0.08768497242386886
0.543859649122807,1,9,0.01549575244888407,0.2222222222222222,0.4375,0.3333333333333333,0.21052631578947367,0.8333333333333333,0,1,3,2,0,0.009957129428650837,0.010803039305807198
0.08771929824561403,0,3,0.05092121981583309,0.1111111111111111,0.3125,0.35714285714285715,0.2368421052631579,0.75,1,0,4,1,5,0.0506533748593615,0.0529943196357627
0.631578947368421,1,6,0.06264271038748864,0.1111111111111111,0.46875,0.42857142857142855,0.28947368421052627,0.625,0,1,0,1,2,0.062378173419982245,0.053638018183645664
0.22807017543859642,1,0,0.1358886408014246,0.2222222222222222,0.4375,0.5476190476190474,0.4385964912280702,0.8333333333333333,1,1,2,1,2,0.09024170617456254,0.12058162198620959
0.631578947368421,0,6,0.14783655152233965,0.3333333333333333,0.484375,0.44642857142857145,0.42105263157894735,0.75,0,0,4,0,0,0.07351581307279367,0.15129145586747708
0.4385964912280701,0,5,0.02641133744564484,0.1111111111111111,0.5625,0.5357142857142856,0.13157894736842105,0.75,1,0,2,1,0,0.02613657541493913,0.025062958865480985
0.26315789473684215,1,6,0.1272996907764611,0.7777777777777777,0.5546875,0.49107142857142855,0.3223684210526316,0.65625,0,1,2,1,6,0.03134002666820027,0.12164448016628074
0.17543859649122806,1,1,0.11004849066076157,0.0,0.375,0.6428571428571428,0.42105263157894735,0.75,1,1,3,1,5,0.22015909615077908,0.1034929737087401
0.21052631578947367,1,0,0.03041814427547232,0.3333333333333333,0.71875,0.6071428571428572,0.17105263157894735,0.5625,1,0,2,1,4,0.014790040788868052,0.02660459533087961
0.38596491228070173,1,8,0.16957367614845498,0.5555555555555556,0.6458333333333333,0.6071428571428572,0.24561403508771928,0.625,1,1,2,1,1,0.05607015129305724,0.17019470607263668
0.29824561403508765,0,1,0.08059095263808122,0.2222222222222222,0.5,0.49999999999999994,0.2631578947368421,0.75,1,1,1,0,0,0.05336617681421264,0.0850174622991496
0.15789473684210525,0,5,0.08524461773027828,0.2222222222222222,0.3125,0.4047619047619047,0.2807017543859649,0.75,1,0,0,0,3,0.05646949576732406,0.08342212985177819
0.26315789473684215,1,6,0.07062056309861309,0.4444444444444445,0.6625000000000001,0.49999999999999994,0.2210526315789474,0.6,0,1,2,1,3,0.027804652172082812,0.04821785953618866
0.29824561403508765,1,5,0.08802527844640214,0.5555555555555556,0.5625,0.49999999999999994,0.3157894736842105,0.7083333333333334,1,1,3,0,0,0.028879680645633687,0.08354489463132504
0.0,0,2,0.37876119727655677,0.7777777777777777,0.4453125,0.6071428571428572,0.28947368421052627,0.5625,1,1,3,1,2,0.09422314489109496,0.3992483956093497
0.38596491228070173,1,6,0.02305909427593662,0.2222222222222222,0.45833333333333337,0.3809523809523809,0.3684210526315789,0.8333333333333333,1,1,0,1,3,0.015000780309352967,0.020672953059521278
0.08771929824561403,0,1,0.0889673127148744,0.1111111111111111,0.34375,0.7142857142857142,0.34210526315789475,0.875,1,0,2,1,2,0.08871020496411137,0.0762236020884732
0.05263157894736842,1,6,0.1327027551933887,0.6666666666666665,0.5089285714285714,0.5510204081632653,0.2857142857142857,0.7142857142857143,1,1,3,0,6,0.037441974755696064,0.1409424589850667
0.0,0,1,0.039028432324973376,0.6666666666666665,0.4375,0.5204081632653061,0.2932330827067669,0.6428571428571429,1,1,2,1,4,0.010670329259867236,0.0417560946463756
0.0,0,6,0.019222596493806934,0.1111111111111111,0.65625,0.46428571428571425,0.21052631578947367,1.0,1,1,0,0,2,0.018945805687358337,0.019157097633318024
0.0,0,2,0.22724403409579233,1.0,0.575,0.4857142857142857,0.33157894736842103,0.875,0,1,4,0,5,0.04495364488131227,0.22441741383776373
0.14035087719298245,0,4,0.01352277547636646,0.0,0.8125,0.21428571428571425,0.42105263157894735,0.75,1,0,0,1,6,0.027053183632515597,0.009474139962823046
0.7017543859649124,1,6,0.04468439184753113,0.2222222222222222,0.6666666666666667,0.5714285714285714,0.2982456140350877,0.8333333333333333,1,1,2,1,1,0.029421714023110994,0.0315310383679348
0.17543859649122806,0,3,0.11265647143757235,0.4444444444444445,0.5125,0.49999999999999994,0.29473684210526313,0.6,1,1,0,1,7,0.04462376078541347,0.11344898393963196
0.33333333333333337,0,3,0.004638451870998997,0.1111111111111111,0.3125,0.5714285714285714,0.15789473684210525,0.625,1,1,0,1,4,0.00435754518959541,0.005100856993098172
0.36842105263157887,1,8,0.0018651014040222574,0.0,0.6875,0.14285714285714285,0.21052631578947367,0.25,1,1,2,0,4,0.003731255529936112,0.002098672398418786
0.3157894736842105,1,7,0.025280224570853802,0.2222222222222222,0.5833333333333334,0.3809523809523809,0.3859649122807018,0.8333333333333333,1,1,4,1,1,0.016481951731229443,0.024135625337396285
0.2807017543859649,1,3,0.17425717496014434,0.7777777777777777,0.4765625,0.5089285714285714,0.21052631578947367,0.875,1,1,2,1,1,0.043082710749237293,0.17934562496635836
0.03508771929824561,1,7,0.012463777221540262,0.1111111111111111,0.375,0.6071428571428572,0.21052631578947367,0.875,0,1,3,1,5,0.012185078970007463,0.01069660542102092
0.5964912280701754,1,1,0.0063128940742922844,0.0,0.5,0.21428571428571425,0.0,0.25,1,0,2,0,0,0.012629351344546466,0.004333435586509061
0.6666666666666666,0,6,0.061049076073416246,0.6666666666666665,0.4821428571428571,0.5816326530612244,0.3233082706766917,0.75,1,1,2,0,1,0.01696371735140824,0.061535464693650704
0.0,1,7,0.20103896422067707,0.2222222222222222,0.7916666666666667,0.4523809523809524,0.3157894736842105,0.5833333333333334,0,0,2,0,6,0.13368751275125615,0.15766141935420935
0.07017543859649122,0,6,0.019677412535338633,0.1111111111111111,0.625,0.3214285714285714,0.15789473684210525,0.75,0,1,3,0,3,0.019400750085129148,0.020128546351782628
0.22807017543859642,1,3,0.01132476137469828,0.1111111111111111,0.75,0.5714285714285714,0.05263157894736842,0.875,0,1,2,0,3,0.011045741674981952,0.011873997609679597
0.08771929824561403,1,1,0.146364820552153,0.3333333333333333,0.53125,0.49999999999999994,0.19736842105263158,0.6875,0,1,0,0,5,0.07277973991488863,0.1555719358059092
0.4035087719298246,0,3,0.05203099466608659,0.1111111111111111,0.625,0.75,0.5263157894736843,0.875,0,1,2,1,0,0.05176346290552946,0.049493933878253925
0.14035087719298245,0,6,0.05546266270490678,0.2222222222222222,0.45833333333333337,0.4761904761904761,0.14035087719298245,0.5,1,1,4,1,1,0.03660925579304759,0.05570716432433732
0.7368421052631579,1,8,0.011786097368172004,0.1111111111111111,0.5625,0.5714285714285714,0.18421052631578946,0.875,0,1,3,0,3,0.011507207864727755,0.012489084429942031
0.543859649122807,1,9,0.07465305458760611,0.4444444444444445,0.5,0.49999999999999994,0.1894736842105263,0.5,1,1,0,1,4,0.029418103980684424,0.07330598975412726
0.33333333333333337,1,6,0.04018858862205163,0.1111111111111111,0.71875,0.35714285714285715,0.15789473684210525,0.75,1,1,2,0,5,0.039917714748281555,0.034006235875953486
0.5087719298245613,0,1,0.010664468059842095,0.1111111111111111,0.6875,0.6428571428571428,0.21052631578947367,1.0,1,0,2,0,0,0.010385262014968895,0.00849162978497394
0.5263157894736842,0,3,0.008797983635710922,0.1111111111111111,0.40625,0.42857142857142855,0.21052631578947367,0.625,0,0,1,0,0,0.0085182508395819,0.009074054815715217
0.17543859649122806,1,6,0.06034828002679899,0.5555555555555556,0.5520833333333334,0.5357142857142856,0.3684210526315789,0.7916666666666667,1,1,2,1,4,0.01965141087770342,0.05496683042852442
0.12280701754385964,0,1,0.03738915834730678,0.1111111111111111,0.59375,0.21428571428571425,0.18421052631578946,0.5,1,1,2,0,4,0.037117494430290825,0.03872799836534276
0.29824561403508765,0,1,0.20646909631687915,0.5555555555555556,0.625,0.6190476190476191,0.3508771929824561,0.6666666666666666,1,1,0,1,1,0.06837209550512167,0.1966761882315479
0.4736842105263158,1,8,0.015496740320390438,0.1111111111111111,0.4375,0.49999999999999994,0.631578947368421,0.625,1,1,2,0,1,0.015218898018738887,0.0134472506873347
0.3157894736842105,0,9,0.01824519642540671,0.0,0.125,0.7142857142857142,0.15789473684210525,1.0,0,1,2,0,6,0.036500691013504255,0.01683384277015176
0.0,0,3,0.14363710974877045,0.1111111111111111,0.46875,0.5357142857142856,0.28947368421052627,0.375,0,1,2,0,2,0.14339543067443825,0.09802774179174391
0.12280701754385964,1,3,0.07785632673415409,0.3333333333333333,0.328125,0.48214285714285715,0.19736842105263158,0.6875,1,1,2,0,1,0.038515825918747554,0.08314267558063516
0.2807017543859649,1,8,0.022790393226204596,0.1111111111111111,0.5625,0.2857142857142857,0.3157894736842105,0.25,1,1,2,0,3,0.022514609308099134,0.022320021781494198
0.2807017543859649,1,8,0.05778989039960786,0.1111111111111111,0.71875,0.39285714285714285,0.4473684210526316,0.75,1,0,2,1,2,0.057523983889988035,0.03898802975898387
0.7017543859649124,1,4,0.010441406673704263,0.0,0.375,0.2857142857142857,0.05263157894736842,0.0,0,1,0,1,3,0.02088870680572708,0.009188283980933878
0.0,0,6,0.31937510409695996,0.5555555555555556,0.5416666666666666,0.5476190476190474,0.20175438596491224,0.625,1,1,2,1,3,0.1060180527154469,0.2905238306513214
0.4035087719298246,1,6,0.09055047559097931,0.1111111111111111,0.71875,0.5714285714285714,0.18421052631578946,0.75,1,0,1,1,1,0.09029381463367589,0.0938739024985485
0.5964912280701754,0,2,0.004343275864896322,0.1111111111111111,0.5,0.49999999999999994,0.3684210526315789,0.625,0,1,3,0,0,0.004062285880182032,0.0047423611913139496
0.7719298245614034,0,3,0.014974946590727008,0.2222222222222222,0.35416666666666663,0.3809523809523809,0.2807017543859649,0.75,0,1,3,1,3,0.00960982753681074,0.015939345227799
0.21052631578947367,0,6,0.13485908111748815,0.4444444444444445,0.5,0.47142857142857136,0.2421052631578947,0.7,0,1,3,1,4,0.053507311027618985,0.14100996001674374
0.38596491228070173,0,6,0.05324706449042526,0.2222222222222222,0.5416666666666666,0.3333333333333333,0.2982456140350877,0.75,1,0,4,0,1,0.035131773465621616,0.043354562625541035
0.4035087719298246,1,9,0.2367878607188109,0.2222222222222222,0.45833333333333337,0.3809523809523809,0.3333333333333333,0.75,0,1,4,1,0,0.1575268363505185,0.17950623387269704
0.33333333333333337,1,9,0.04292242422877366,0.6666666666666665,0.5089285714285714,0.489795918367347,0.39849624060150374,0.4642857142857143,0,1,4,1,7,0.011783212359738771,0.04711153940152802
0.26315789473684215,0,1,0.007480953343421476,0.2222222222222222,0.47916666666666663,0.3809523809523809,0.3508771929824561,0.5833333333333334,1,1,1,0,1,0.004612422090113115,0.008138664712881967
0.38596491228070173,1,9,0.020918969444541583,0.2222222222222222,0.6458333333333333,0.4523809523809524,0.5438596491228069,0.6666666666666666,0,1,2,0,3,0.013573627770501697,0.01746273464011847
0.0,1,3,0.08797509457387866,0.2222222222222222,0.625,0.4761904761904761,0.15789473684210525,0.33333333333333337,0,1,2,0,5,0.058290327385393165,0.0769418130655171
0.4385964912280701,0,5,0.13328026487601127,0.5555555555555556,0.5416666666666666,0.4880952380952381,0.1929824561403509,0.8333333333333333,1,1,2,1,3,0.04396893334511207,0.09591513369646275
0.3157894736842105,0,7,0.01839396987426569,0.1111111111111111,0.40625,0.6785714285714286,0.07894736842105263,0.875,1,0,2,1,0,0.018116945216354517,0.01603062404224746
0.24561403508771928,1,6,0.001452566262963097,0.0,0.625,0.7142857142857142,0.736842105263158,0.75,0,0,3,1,1,0.002905952400009565,0.0010413449480398834
0.719298245614035,0,7,0.051249588304549724,0.5555555555555556,0.59375,0.4404761904761904,0.13157894736842105,0.5,0,1,2,1,0,0.016617657705658616,0.04712874127734249
0.14035087719298245,0,7,0.049739527919916024,0.2222222222222222,0.6458333333333333,0.4047619047619047,0.3508771929824561,0.5833333333333334,0,1,3,1,0,0.03279275583063024,0.03830770645778451
0.21052631578947367,1,3,0.07032341134949767,0.2222222222222222,0.5416666666666666,0.5238095238095237,0.3859649122807018,0.75,0,1,4,1,1,0.0465192175140813,0.05940783217518983
0.7017543859649124,1,6,0.09033788564280898,0.7777777777777777,0.6328125,0.46428571428571425,0.34868421052631576,0.8125,1,1,4,1,0,0.02209696758412469,0.06680402908867684
0.12280701754385964,0,4,0.005948764637045142,0.1111111111111111,0.46875,0.42857142857142855,0.28947368421052627,0.875,1,1,0,0,4,0.005668227746509408,0.004828109276070162
0.17543859649122806,1,6,0.03181163582235463,0.0,0.625,0.42857142857142855,0.21052631578947367,0.0,0,1,3,1,6,0.06364122713247282,0.02201300095999532
0.26315789473684215,1,6,0.029179353406487193,0.1111111111111111,0.53125,0.5714285714285714,0.2368421052631579,0.75,0,1,3,1,3,0.028905372553413966,0.028010010359448657
0.4736842105263158,0,3,0.06952738448966657,0.4444444444444445,0.525,0.4142857142857142,0.45263157894736833,0.75,1,1,2,1,3,0.02736725732362653,0.06598439236790657
0.33333333333333337,0,3,0.015605998908994709,0.2222222222222222,0.45833333333333337,0.5476190476190474,0.3684210526315789,0.6666666666666666,1,1,1,0,1,0.01003064781091441,0.013289559567526553
0.017543859649122806,1,7,0.003923035326087493,0.0,0.5,0.7142857142857142,0.631578947368421,0.75,1,0,0,1,1,0.007848284936696127,0.0031921020134817414
0.17543859649122806,1,0,0.0026198352348871957,0.1111111111111111,0.5,0.42857142857142855,0.21052631578947367,0.875,1,1,0,0,0,0.002338358868125216,0.002120490473818919
0.15789473684210525,1,7,0.08840995561098174,0.6666666666666665,0.5178571428571429,0.4795918367346938,0.2857142857142857,0.9285714285714286,1,1,2,1,1,0.02478331769656067,0.06449627768826996
0.2807017543859649,2,3,0.009155593121016038,0.2222222222222222,0.6875,0.6428571428571428,0.21052631578947367,0.9166666666666667,1,1,1,1,1,0.005729163681629304,0.006238575994751816
0.38596491228070173,1,0,0.06110518717497793,0.2222222222222222,0.5833333333333334,0.5714285714285714,0.3684210526315789,0.75,0,1,2,0,1,0.0403720003791862,0.044998670011930704
0.38596491228070173,0,6,0.0406189054502254,0.1111111111111111,0.46875,0.42857142857142855,0.5789473684210527,0.75,1,1,2,0,1,0.04034815301863117,0.034712732157822467
0.0,0,3,0.2321373568154342,0.3333333333333333,0.453125,0.46428571428571425,0.21052631578947367,0.5625,1,1,2,0,0,0.1156781112258024,0.2391271951117756
0.5087719298245613,1,9,0.009290141220183321,0.1111111111111111,0.625,0.6428571428571428,0.21052631578947367,1.0,1,1,2,1,1,0.009010547318664044,0.006812596058322982
0.3508771929824561,0,6,0.012596547151996084,0.2222222222222222,0.5833333333333334,0.5238095238095237,0.2982456140350877,0.6666666666666666,1,1,3,1,4,0.008023780429841428,0.012227572368509299
0.5789473684210525,0,7,0.35531347435001515,0.5555555555555556,0.45833333333333337,0.5119047619047619,0.25438596491228066,0.7083333333333334,1,1,3,1,2,0.11800089025754291,0.2914294332021114
0.38596491228070173,0,8,0.11582595837860254,0.2222222222222222,0.5208333333333334,0.49999999999999994,0.24561403508771928,0.8333333333333333,0,1,3,0,0,0.07686280988969806,0.09093486403027669
0.5263157894736842,1,1,0.0944219440244344,0.2222222222222222,0.7291666666666667,0.42857142857142855,0.21052631578947367,1.0,1,1,2,2,0,0.0625894399539601,0.10143676163669882
0.38596491228070173,0,7,0.02235513704049898,0.2222222222222222,0.6041666666666666,0.5952380952380953,0.3333333333333333,0.8333333333333333,0,1,2,1,0,0.014531343040526612,0.022767183454565187
0.5789473684210525,0,4,0.01855183174098325,0.2222222222222222,0.6041666666666666,0.5476190476190474,0.3684210526315789,0.9166666666666667,1,0,2,0,0,0.01199509060580662,0.018060576035513733
0.4035087719298246,2,6,0.0199435451191541,0.0,0.25,0.49999999999999994,0.10526315789473684,0.0,0,0,3,1,5,0.039898347002416415,0.0185895228295457
0.26315789473684215,1,6,0.04947319776179929,0.6666666666666665,0.625,0.5204081632653061,0.19548872180451127,0.7857142857142858,0,1,2,0,1,0.013655390149547513,0.04936110926753455
0.7719298245614034,0,9,0.015274864380060248,0.1111111111111111,0.28125,0.42857142857142855,0.2631578947368421,0.875,1,1,2,0,4,0.014996959461529232,0.015218477758540712
0.4736842105263158,1,9,0.028655386359509753,0.3333333333333333,0.421875,0.6964285714285714,0.3026315789473684,0.375,0,1,2,0,1,0.013908413091884734,0.02498574639505297
0.4035087719298246,1,7,0.35220128395635436,0.1111111111111111,0.75,0.6071428571428572,0.28947368421052627,0.125,0,1,2,1,0,0.35201846497175177,0.325830005750217
0.017543859649122806,1,7,0.22239477044533446,0.3333333333333333,0.515625,0.41071428571428564,0.25,0.6875,0,1,2,1,2,0.11080544328521237,0.16476962638222517
0.017543859649122806,0,5,0.03016366857543199,0.1111111111111111,0.40625,0.46428571428571425,0.3157894736842105,0.625,1,1,3,0,3,0.029889965511578253,0.021255203894051774
0.3508771929824561,1,0,0.061188761104416636,0.3333333333333333,0.53125,0.41071428571428564,0.3947368421052631,0.75,1,0,3,1,1,0.030179691179315876,0.05053327556986984
0.3157894736842105,0,1,0.028100202572931096,0.1111111111111111,0.6875,0.5357142857142856,0.2368421052631579,1.0,0,0,0,1,1,0.027825917166522492,0.022167033959377098
0.15789473684210525,2,6,0.07768562253785376,0.4444444444444445,0.6875,0.47142857142857136,0.431578947368421,0.6,0,1,2,0,0,0.030631473496129116,0.056491308567161266
0.3157894736842105,1,7,0.07688999082662519,0.7777777777777777,0.5390625,0.5625,0.34868421052631576,0.875,0,1,2,1,0,0.01873404507823087,0.06539957213926709
0.631578947368421,0,9,0.01707812502778389,0.2222222222222222,0.6458333333333333,0.5714285714285714,0.2807017543859649,0.9166666666666667,1,1,2,0,0,0.011012342194867589,0.0178585519800622
0.4385964912280701,1,9,0.0025119596663918404,0.0,0.375,0.9285714285714286,0.21052631578947367,0.75,1,0,4,1,5,0.0050253371618228515,0.002841532139287987
0.05263157894736842,1,8,0.005575349207638144,0.0,0.5625,0.42857142857142855,0.2631578947368421,0.75,1,1,3,1,4,0.011153845317718979,0.005491012956191569
0.26315789473684215,0,9,0.042992958254328306,0.4444444444444445,0.5,0.39999999999999997,0.3894736842105263,0.7,1,0,2,1,1,0.016750491456551324,0.03687616199759853
0.12280701754385964,0,3,0.03477248430123996,0.1111111111111111,0.4375,0.5714285714285714,0.15789473684210525,0.875,1,1,3,1,2,0.0345000819176598,0.035456898370272515
0.21052631578947367,0,7,0.1613077601060737,0.1111111111111111,0.5625,0.49999999999999994,0.3947368421052631,0.75,0,0,3,0,1,0.16107106796715148,0.16712571723112335
0.21052631578947367,0,0,0.0006496243025874131,0.0,0.4375,0.5714285714285714,0.3684210526315789,0.0,1,0,4,0,1,0.001299615273562493,0.0005785491650514323
0.19298245614035092,1,0,0.005049801566250516,0.1111111111111111,0.5625,0.6071428571428572,0.28947368421052627,0.75,0,1,0,0,0,0.004769010974199593,0.004217725753498774
0.017543859649122806,1,3,0.04750575286971733,0.2222222222222222,0.47916666666666663,0.4523809523809524,0.12280701754385964,0.75,0,1,0,0,4,0.031303152192866904,0.04977621883782211
0.26315789473684215,0,6,0.06770476156041812,0.6666666666666665,0.5089285714285714,0.49999999999999994,0.3082706766917293,0.7857142857142858,1,1,2,0,3,0.018865878444582537,0.056113738280296685
0.17543859649122806,1,8,0.18128153409332265,0.4444444444444445,0.575,0.45714285714285713,0.16842105263157894,0.75,0,1,2,1,1,0.07208153267645054,0.1255409881071021
0.0,1,7,0.14463288422718912,0.5555555555555556,0.65625,0.5833333333333333,0.3508771929824561,0.75,0,1,2,0,7,0.04775420775807339,0.14002832081994854
0.719298245614035,0,1,0.1878516699078731,0.8888888888888888,0.5763888888888888,0.4603174603174603,0.1637426900584795,0.7222222222222222,1,1,2,1,1,0.04125487973321522,0.20075521025221346
0.5263157894736842,1,2,0.0052086513044744456,0.0,0.625,0.6428571428571428,0.42105263157894735,1.0,1,0,4,0,3,0.010420242535562048,0.003484359706117057
0.21052631578947367,1,2,0.046692537045675435,0.3333333333333333,0.5,0.42857142857142855,0.3289473684210526,0.6875,1,1,0,0,0,0.022929533618750664,0.042404148099528055
0.29824561403508765,0,6,0.01734643092891336,0.0,0.4375,0.42857142857142855,0.2631578947368421,0.75,0,0,1,1,5,0.03470265272900432,0.017354166851750143
0.03508771929824561,0,5,0.09448299448352794,0.2222222222222222,0.41666666666666663,0.42857142857142855,0.2982456140350877,1.0,0,1,2,1,3,0.06263015174628886,0.06900186268008186
0.6491228070175438,0,1,0.16591993459500332,0.2222222222222222,0.5,0.5238095238095237,0.22807017543859648,0.6666666666666666,1,1,0,0,0,0.11026821890585804,0.12198019981350554
0.6842105263157895,0,6,0.1484049727871036,0.2222222222222222,0.6458333333333333,0.42857142857142855,0.1929824561403509,0.9166666666666667,0,1,4,1,2,0.09858828236882286,0.14402307542364953
0.3157894736842105,1,7,0.21497901662133329,0.4444444444444445,0.475,0.47142857142857136,0.34736842105263155,0.75,1,1,2,0,2,0.08556432967144595,0.17240063978784295
0.5087719298245613,0,0,0.10785225472780485,0.8888888888888888,0.41666666666666663,0.48412698412698413,0.29239766081871343,0.6388888888888888,0,1,0,1,0,0.023472214783646358,0.11670884827910692
0.33333333333333337,0,4,0.0033923507528667535,0.0,0.8125,0.49999999999999994,0.05263157894736842,0.75,0,0,4,1,7,0.006786616255190999,0.003552122032110284
0.0,1,5,0.08126645917413547,0.5555555555555556,0.5520833333333334,0.4880952380952381,0.4561403508771929,0.5416666666666666,1,1,3,1,0,0.026626105073183394,0.05853388978570905
0.21052631578947367,1,8,0.0013792661971906122,0.0,0.5,0.5714285714285714,0.21052631578947367,0.75,0,0,2,2,1,0.0027593108956021186,0.0009974910519761429
0.3157894736842105,0,6,0.03481219673579594,0.1111111111111111,0.625,0.6071428571428572,0.07894736842105263,0.375,1,1,0,1,3,0.03453980555968931,0.03698590561038962
0.19298245614035092,0,6,0.0017366781081944538,0.0,0.3125,0.35714285714285715,0.5263157894736843,0.75,1,0,3,1,0,0.0034743364521333075,0.0016734158988533187
0.24561403508771928,0,3,0.2642350802260329,0.4444444444444445,0.6625000000000001,0.49999999999999994,0.2526315789473684,0.8500000000000001,0,1,3,0,5,0.10527231544761528,0.25089497658193244
0.26315789473684215,0,1,0.008675092420318779,0.0,0.375,0.49999999999999994,0.2631578947368421,0.25,1,1,2,1,5,0.01735508133563928,0.00892637997802689
0.2807017543859649,0,5,0.0073379095492994316,0.0,0.8125,0.42857142857142855,0.3684210526315789,0.75,1,0,3,0,7,0.014679960845532542,0.005667517266763903
0.29824561403508765,2,2,0.14213258144457241,0.1111111111111111,0.375,0.5357142857142856,0.3157894736842105,0.5,0,0,2,0,2,0.14189047776869337,0.1516016557698227
0.07017543859649122,0,4,0.003739291225903097,0.1111111111111111,0.625,0.7857142857142856,0.18421052631578946,0.875,1,0,2,0,1,0.003458130787225746,0.0030266591622939063
0.14035087719298245,1,1,0.005552628162991686,0.0,0.0,0.21428571428571425,0.631578947368421,1.0,1,0,3,0,0,0.011108390403953864,0.004607794618486782
0.017543859649122806,0,7,0.007906330814063417,0.1111111111111111,0.28125,0.5357142857142856,0.2368421052631579,0.875,0,0,1,0,0,0.007626346379486474,0.006672890697277819
0.49122807017543857,1,7,0.24403686183253723,1.0,0.58125,0.49999999999999994,0.2263157894736842,0.825,1,1,2,1,4,0.04831315826867371,0.224473896959109
0.0,0,6,0.13424087112880323,0.1111111111111111,0.6875,0.39285714285714285,0.05263157894736842,0.875,0,0,2,0,2,0.1339965402881723,0.14742220963364275
0.5263157894736842,0,3,0.03392311238006499,0.4444444444444445,0.575,0.5428571428571427,0.2526315789473684,0.75,1,1,4,0,3,0.0131215292455927,0.02881005000650623
0.5789473684210525,0,7,0.016143203434157472,0.1111111111111111,0.46875,0.5357142857142856,0.18421052631578946,0.875,1,0,2,1,0,0.015865543574562557,0.015644779435370855
0.22807017543859642,0,7,0.48509924255940123,0.6666666666666665,0.4285714285714286,0.489795918367347,0.3007518796992481,0.8928571428571428,1,1,2,1,1,0.13815510024036615,0.45754820923682377
0.0,1,1,0.023726697839939925,0.3333333333333333,0.46875,0.5357142857142856,0.43421052631578944,0.6875,1,1,2,1,1,0.011443373355396753,0.01941534351579864
0.21052631578947367,1,6,0.02468927983574463,0.1111111111111111,0.625,0.49999999999999994,0.3157894736842105,0.75,1,1,0,0,1,0.024414031813301255,0.02239496970118208
0.2807017543859649,1,3,0.004849658799060416,0.0,0.4375,0.5714285714285714,0.2631578947368421,1.0,1,0,2,1,4,0.009702054898073284,0.0038739930805781154
0.07017543859649122,0,1,0.0030716876618997915,0.0,0.1875,0.6428571428571428,0.3684210526315789,1.0,0,0,2,2,1,0.006145109080923382,0.0025075980032236746
0.17543859649122806,0,6,0.14789602138702299,0.2222222222222222,0.5833333333333334,0.6428571428571428,0.3157894736842105,0.41666666666666663,0,1,0,0,2,0.09824888567937672,0.10650722139101598
0.6140350877192983,0,1,0.08819776081141394,0.7777777777777777,0.53125,0.5178571428571428,0.26973684210526316,0.78125,1,1,2,1,7,0.021561785382055464,0.07502826769010423
0.42105263157894735,1,1,0.03552148847736797,0.1111111111111111,0.53125,0.39285714285714285,0.4473684210526316,1.0,1,1,2,1,3,0.03524929747454475,0.03815297667355961
0.08771929824561403,0,1,0.0463343348374665,0.4444444444444445,0.625,0.49999999999999994,0.19999999999999996,0.65,1,1,2,1,0,0.018087419285413183,0.04194657820286299
0.0,0,6,0.030328247968392855,0.0,0.5625,0.5714285714285714,0.42105263157894735,1.0,1,0,2,1,2,0.060673614153790564,0.024460849662921624
0.22807017543859642,1,7,0.004367775078254242,0.1111111111111111,0.5625,0.5714285714285714,0.5526315789473684,0.75,1,0,2,0,0,0.004086792007603222,0.004123398505361672
0.24561403508771928,0,2,0.07842296983020662,0.2222222222222222,0.41666666666666663,0.3809523809523809,0.2982456140350877,0.75,0,1,2,1,6,0.05192044704973564,0.06023613515744638
0.38596491228070173,0,2,0.052682199563084196,0.1111111111111111,0.34375,0.46428571428571425,0.28947368421052627,0.5,0,0,2,0,1,0.052414851582789496,0.03978149349908452
0.17543859649122806,0,5,0.06140372194420225,0.1111111111111111,0.375,0.49999999999999994,0.2631578947368421,1.0,1,1,2,0,5,0.061138835314673484,0.043507898840079696
0.4035087719298246,1,7,0.05703318082573019,0.2222222222222222,0.625,0.5952380952380953,0.3859649122807018,0.6666666666666666,0,1,4,1,0,0.03765656335687041,0.04921691835406181
0.7017543859649124,0,7,0.012251977570575022,0.0,0.5625,0.14285714285714285,0.2631578947368421,1.0,0,1,3,1,3,0.024510870542626923,0.00969536915051302
0.45614035087719296,1,5,0.0325511564320215,0.0,0.4375,0.7857142857142856,0.7894736842105263,0.75,0,1,3,1,2,0.06512068576049726,0.03290135286003178
0.2807017543859649,2,7,0.033854554097523075,0.0,0.8125,0.5714285714285714,0.5789473684210527,0.75,0,1,2,1,6,0.06772821677013588,0.03008982601805056
0.24561403508771928,1,0,0.17796268098052967,1.0,0.44999999999999996,0.4785714285714285,0.2368421052631579,0.7749999999999999,1,1,0,1,7,0.03509459266369549,0.11979508254548742
0.21052631578947367,1,7,0.12981579950317967,0.0,0.5,0.42857142857142855,0.15789473684210525,1.0,0,0,2,0,5,0.2597048711264261,0.12844375021447907
0.543859649122807,0,7,0.05461664954685346,0.6666666666666665,0.5982142857142857,0.5306122448979591,0.2631578947368421,0.6785714285714286,0,0,2,1,0,0.01512536253469925,0.057814459435189695
0.15789473684210525,1,0,0.006235444948193054,0.1111111111111111,0.65625,0.3214285714285714,0.15789473684210525,0.5,1,1,2,1,0,0.005954988963349308,0.006536887005711719
0.29824561403508765,0,6,0.044770731817187666,0.2222222222222222,0.375,0.5952380952380953,0.12280701754385964,0.6666666666666666,1,0,3,1,2,0.029479290247213463,0.043641725079011054
0.29824561403508765,0,1,0.05493395387469877,0.4444444444444445,0.7,0.5857142857142856,0.2210526315789474,0.8,1,1,2,1,7,0.02152823767939621,0.03927789225372096
0.17543859649122806,0,6,0.22627295640503287,0.1111111111111111,0.53125,0.49999999999999994,0.2631578947368421,0.5,0,1,2,0,1,0.22605459846611403,0.221162514090296
0.0,2,1,0.025493999964831777,0.1111111111111111,0.65625,0.46428571428571425,0.15789473684210525,0.875,0,1,3,1,4,0.025218979047063425,0.01945789094028153
0.3508771929824561,1,6,0.13195473888876708,0.4444444444444445,0.575,0.4428571428571428,0.2736842105263158,0.7,1,1,2,1,0,0.052345246275710924,0.09743939408983611
0.2807017543859649,0,3,0.00820861949501194,0.0,0.25,0.7142857142857142,0.2631578947368421,0.0,0,1,4,0,3,0.016421872193035553,0.008660730756588145
0.4035087719298246,1,5,0.02096539940534087,0.1111111111111111,0.625,0.49999999999999994,0.21052631578947367,0.875,1,1,0,1,0,0.020689100445280287,0.019412556376426165
0.17543859649122806,1,5,0.028529333955297234,0.2222222222222222,0.6041666666666666,0.4523809523809524,0.3157894736842105,0.75,1,1,2,1,2,0.01864863595403309,0.02075826565375054
0.543859649122807,0,1,0.05192390939479633,0.1111111111111111,0.625,0.39285714285714285,0.18421052631578946,0.875,0,1,2,0,6,0.05165634741309168,0.05161011299585605
0.10526315789473684,1,4,0.3233720322117238,0.1111111111111111,0.53125,0.5357142857142856,0.18421052631578946,0.625,1,0,0,0,2,0.3231810771589256,0.30812944973333173
0.6491228070175438,0,3,0.002014862724387604,0.0,0.625,0.6428571428571428,0.42105263157894735,0.75,1,0,2,1,1,0.0040308627006661515,0.0019332730962836459
0.0,0,1,0.005842272088658702,0.1111111111111111,0.3125,0.6428571428571428,0.34210526315789475,0.875,1,0,3,1,4,0.005561705144251168,0.003950465217110319
0.38596491228070173,0,5,0.03502202064374845,0.4444444444444445,0.475,0.5428571428571427,0.29473684210526313,0.8500000000000001,0,1,2,1,6,0.013561216602743224,0.03609101612656261
0.38596491228070173,0,0,0.030687438048108157,0.1111111111111111,0.5625,0.39285714285714285,0.3157894736842105,0.5,0,1,2,1,1,0.030413882800236127,0.026977288123842362
0.12280701754385964,1,0,0.03836201420677771,0.2222222222222222,0.6875,0.5238095238095237,0.4561403508771929,0.75,1,1,3,0,0,0.025205606079680355,0.026725313304949802
0.38596491228070173,0,6,0.010644908204016012,0.0,0.1875,0.42857142857142855,0.5789473684210527,0.25,1,0,0,1,0,0.0212958247290146,0.008184521865369672
0.5614035087719298,0,7,0.026326973219001036,0.2222222222222222,0.5416666666666666,0.4047619047619047,0.3859649122807018,0.9166666666666667,0,1,2,0,7,0.017179981102613675,0.019402496545253653
0.0,0,9,0.05519988888421296,0.2222222222222222,0.5,0.6428571428571428,0.4385964912280702,1.0,1,1,4,1,0,0.03643402380664875,0.05333134575456834
0.4035087719298246,1,7,0.1022298828364636,0.1111111111111111,0.46875,0.5357142857142856,0.3684210526315789,1.0,0,1,1,0,2,0.10197651799154893,0.085500247097325
0.0,0,2,0.005370267082916204,0.0,0.625,0.6428571428571428,0.10526315789473684,1.0,1,1,2,1,4,0.010743565313473882,0.0036981420057962044
0.08771929824561403,1,3,0.18625447925637775,0.8888888888888888,0.5833333333333334,0.43650793650793646,0.34502923976608185,0.6944444444444444,1,1,2,0,1,0.0408998483101455,0.18045168380670285
0.631578947368421,1,5,0.012204362163968098,0.1111111111111111,0.5625,0.6071428571428572,0.6052631578947367,0.25,1,0,3,1,1,0.011925590701426632,0.01099561321682394
0.17543859649122806,0,1,0.014717902424770129,0.2222222222222222,0.625,0.7142857142857142,0.2982456140350877,0.8333333333333333,1,1,0,1,1,0.009438416398235639,0.013426042298672296
0.03508771929824561,0,3,0.12558099192968253,0.3333333333333333,0.734375,0.41071428571428564,0.22368421052631576,0.6875,1,1,0,0,3,0.062384892842017085,0.1365871182250521
0.24561403508771928,0,6,0.02122679020592577,0.2222222222222222,0.5416666666666666,0.3333333333333333,0.24561403508771928,0.8333333333333333,1,1,0,1,0,0.013778899525997477,0.01925438621703838
0.719298245614035,0,2,0.0028752988064338885,0.0,0.625,0.21428571428571425,0.15789473684210525,1.0,0,0,2,1,3,0.005752220521944941,0.002139869802268139
0.0,0,0,0.10213702291486504,0.6666666666666665,0.3392857142857143,0.5612244897959184,0.2706766917293233,0.7142857142857143,0,0,3,0,1,0.028706443781743796,0.10252426858059528
0.07017543859649122,1,6,0.014879518203211886,0.1111111111111111,0.4375,0.42857142857142855,0.05263157894736842,1.0,1,0,0,0,1,0.014601501711772762,0.014210186541496238
0.5964912280701754,1,2,0.07334195152435488,0.3333333333333333,0.484375,0.46428571428571425,0.2368421052631579,0.75,0,0,2,1,6,0.03625800130001053,0.05115611412151196
0.6842105263157895,1,7,0.056106557352757255,0.4444444444444445,0.6375,0.47142857142857136,0.2210526315789474,0.6,1,1,3,1,0,0.021997411441476104,0.03968703560378933
0.26315789473684215,0,6,0.04018463713602615,0.1111111111111111,0.21875,0.5357142857142856,0.2631578947368421,0.75,0,0,2,1,4,0.03991376214708458,0.038093575765683806
0.03508771929824561,1,7,0.06960898267609254,0.3333333333333333,0.515625,0.41071428571428564,0.42105263157894735,0.75,1,1,3,2,0,0.03439099012462353,0.07564431258952597
0.7368421052631579,1,6,0.02453596217795636,0.0,0.3125,0.49999999999999994,0.10526315789473684,0.75,1,1,0,1,2,0.049085773224644705,0.021657510042847043
0.631578947368421,0,7,0.01575536508075751,0.2222222222222222,0.7708333333333333,0.6190476190476191,0.1929824561403509,1.0,1,0,2,1,0,0.010130253361077958,0.01364809891836347
0.4385964912280701,1,1,0.09422772848628252,0.3333333333333333,0.34375,0.49999999999999994,0.15789473684210525,0.5625,1,1,2,1,3,0.04670383692832293,0.07095961034398003
0.12280701754385964,1,0,0.023591952166471364,0.2222222222222222,0.625,0.5714285714285714,0.1929824561403509,0.8333333333333333,1,1,3,1,3,0.015356119156960227,0.016567583861975287
0.2807017543859649,0,0,0.22692870551095976,0.5555555555555556,0.6145833333333334,0.5357142857142856,0.24561403508771928,0.9583333333333333,0,1,2,1,0,0.07519388991096568,0.2022074405124295
0.26315789473684215,1,3,0.021887281095083224,0.0,0.3125,0.49999999999999994,0.05263157894736842,0.25,1,0,0,1,5,0.04378691605999178,0.01760492229716724
0.3508771929824561,1,6,0.002007354900939209,0.0,0.5625,0.5714285714285714,0.42105263157894735,1.0,0,0,2,1,7,0.004015842816117679,0.0018695608321910417
0.5964912280701754,1,8,0.006575075172082277,0.1111111111111111,0.3125,0.42857142857142855,0.34210526315789475,0.75,1,1,0,1,4,0.006294715036228554,0.005898893383731781
0.4736842105263158,0,2,0.07391392912654181,0.3333333333333333,0.546875,0.46428571428571425,0.22368421052631576,0.8125,1,1,2,1,4,0.03654407081164096,0.07209262604794263
0.07017543859649122,0,6,0.05215922038761313,0.0,0.4375,0.2857142857142857,0.47368421052631576,0.5,1,1,4,1,5,0.10434788107966883,0.04398162543529456
0.5789473684210525,1,5,0.23552378033926274,0.7777777777777777,0.625,0.49999999999999994,0.3157894736842105,0.75,1,1,3,1,6,0.058403684693887827,0.203498757022938
0.3508771929824561,0,6,0.012319943130213121,0.0,0.5625,0.35714285714285715,0.05263157894736842,0.0,0,0,2,0,0,0.024646840023802564,0.008497683103298528
0.4385964912280701,1,3,0.019939593633128628,0.1111111111111111,0.4375,0.42857142857142855,0.13157894736842105,0.5,1,1,0,0,4,0.019663005174547856,0.014347975744222826
0.5964912280701754,0,7,0.33888378817901105,1.0,0.625,0.5142857142857142,0.2421052631578947,0.8,0,1,2,1,5,0.06728789699679384,0.27114650545852537
0.05263157894736842,1,7,0.017074173541758417,0.2222222222222222,0.5833333333333334,0.6666666666666667,0.42105263157894735,0.8333333333333333,1,1,2,1,5,0.011009707127402941,0.013009669805856583
0.2807017543859649,0,9,0.079506664872692,0.1111111111111111,0.5,0.5357142857142856,0.47368421052631576,0.375,0,1,3,1,0,0.07924688717833483,0.06855160902426953
0.17543859649122806,0,7,0.26592473565052427,0.2222222222222222,0.6041666666666666,0.42857142857142855,0.14035087719298245,1.0,0,1,3,0,0,0.17695690156119182,0.2302679677730042
0.0,0,6,0.16866720525421197,0.3333333333333333,0.5625,0.5357142857142856,0.2368421052631579,0.75,0,0,2,1,1,0.08393407930775723,0.11240833577643519
0.36842105263157887,1,8,0.253284722152248,0.4444444444444445,0.48750000000000004,0.5714285714285714,0.34736842105263155,0.75,0,1,3,1,2,0.10089093607280217,0.19093912312763026
0.8245614035087719,1,8,0.06871713228014376,0.3333333333333333,0.515625,0.44642857142857145,0.22368421052631576,0.6875,0,1,3,1,1,0.03394493907954589,0.0695056381216562
0.0,0,2,0.11295382076098905,0.5555555555555556,0.6666666666666667,0.4880952380952381,0.24561403508771928,0.875,0,1,3,1,3,0.03719153982604733,0.11489790447184318
0.2807017543859649,1,7,0.012260473265529783,0.1111111111111111,0.40625,0.8214285714285714,0.3684210526315789,0.875,0,0,2,1,0,0.01198171763842355,0.012960198081995201
0.42105263157894735,0,6,0.2651941058844147,0.1111111111111111,0.5,0.46428571428571425,0.2368421052631579,0.75,1,1,2,0,0,0.2649867321059321,0.2305926695098972
0.3157894736842105,0,5,0.009253589974447715,0.0,0.125,0.2857142857142857,0.3157894736842105,0.75,0,1,4,0,7,0.018512402966110987,0.008424128753296883
0.26315789473684215,0,6,0.014276719010026303,0.1111111111111111,0.59375,0.6785714285714286,0.5526315789473684,0.125,0,1,4,0,1,0.013998532399175565,0.011062896503237525
0.017543859649122806,1,6,0.06912709895528636,0.1111111111111111,0.5,0.5357142857142856,0.3684210526315789,0.375,0,1,2,0,3,0.06886439198420381,0.06984100937645943
0.33333333333333337,0,3,0.0013166351436868986,0.0,0.625,0.6428571428571428,0.21052631578947367,1.0,1,0,3,0,0,0.002634013437658289,0.0009146172046977932
0.12280701754385964,0,6,0.21978106001378675,0.8888888888888888,0.5625,0.5396825396825395,0.3508771929824561,0.6944444444444444,0,1,2,1,7,0.048352302195860994,0.19564533860520744
0.0,0,6,0.0038155549061946858,0.0,0.0,0.42857142857142855,0.2631578947368421,0.5,1,0,2,1,3,0.007633263431581164,0.004130976040530581
0.543859649122807,1,7,0.018608337991147486,0.2222222222222222,0.6041666666666666,0.3809523809523809,0.3333333333333333,0.5833333333333334,0,1,2,0,0,0.012032772070551031,0.01479452773055609
0.49122807017543857,1,6,0.005696462254318827,0.0,0.5625,0.35714285714285715,0.3157894736842105,1.0,0,0,2,0,0,0.011396139771093007,0.005461922188991392
0.29824561403508765,1,6,0.11011428290308566,0.3333333333333333,0.5625,0.49999999999999994,0.07894736842105263,0.6875,1,1,2,0,7,0.054649355854464426,0.09184164240548941
0.33333333333333337,1,6,0.17871583421698442,0.3333333333333333,0.71875,0.49999999999999994,0.35526315789473684,0.75,1,1,0,1,1,0.08895981172969979,0.184445698076508
0.5087719298245613,0,6,0.004698119309983607,0.1111111111111111,0.53125,0.5357142857142856,0.3157894736842105,0.75,0,1,3,0,3,0.004417229467669599,0.004897613564171183
0.33333333333333337,0,0,0.12479622680502399,0.5555555555555556,0.5729166666666666,0.46428571428571425,0.2368421052631579,0.7916666666666667,1,1,2,1,2,0.04114012254512996,0.12418748354934535
0.4736842105263158,1,5,0.08463292769353539,0.1111111111111111,0.65625,0.6428571428571428,0.15789473684210525,0.625,1,0,2,1,1,0.08437459671115911,0.062359543417795864
0.22807017543859642,0,7,0.0020591193678728774,0.0,0.375,0.49999999999999994,0.42105263157894735,0.5,1,0,2,1,3,0.004119400967478195,0.0018986951484439142
0.5614035087719298,1,7,0.00249575857368741,0.0,0.75,0.6428571428571428,0.21052631578947367,1.0,1,0,3,0,0,0.004992925832007729,0.002588991182710399
0.3508771929824561,1,6,0.1864810969799385,0.5555555555555556,0.5520833333333334,0.4166666666666666,0.21052631578947367,0.875,1,1,3,1,1,0.06170754875023031,0.12442617590716597
0.33333333333333337,1,6,0.0010489219654612463,0.0,0.3125,0.5714285714285714,0.15789473684210525,0.5,1,0,3,1,1,0.0020984359754693664,0.0012109249592337319
0.017543859649122806,1,1,0.02727039050758221,0.1111111111111111,0.65625,0.46428571428571425,0.3157894736842105,0.625,1,1,3,0,6,0.026995870915159585,0.026212305464204163
0.3508771929824561,0,3,0.007681886407816672,0.0,0.75,0.5714285714285714,0.21052631578947367,1.0,1,1,3,1,0,0.015368108713924359,0.007241902619789073
0.12280701754385964,1,0,0.015412376093746634,0.1111111111111111,0.4375,0.35714285714285715,0.18421052631578946,1.0,0,0,0,0,3,0.015134509983183657,0.01602570299929294
0.15789473684210525,0,3,0.055351230798988495,0.2222222222222222,0.5208333333333334,0.6904761904761905,0.3508771929824561,0.75,1,1,2,1,6,0.03653494689054462,0.04522216375036081
0.12280701754385964,1,1,0.28622430966057333,0.0,0.5,0.35714285714285715,0.10526315789473684,0.25,1,0,3,0,2,0.5726101733235388,0.303178532128662
0.07017543859649122,0,6,0.222697059126283,1.0,0.54375,0.5642857142857143,0.21578947368421048,0.4,1,1,2,1,2,0.044043993241842466,0.16220942112334608
0.7368421052631579,1,5,0.004913277724070497,0.1111111111111111,0.53125,0.2857142857142857,0.21052631578947367,0.75,0,1,2,0,1,0.004632448602844409,0.0044793684620895915
0.5614035087719298,1,1,0.03419102313259192,0.2222222222222222,0.625,0.6190476190476191,0.15789473684210525,0.9166666666666667,0,0,2,1,0,0.022424160617375226,0.028598096767040265
0.7017543859649124,1,0,0.03614147663476435,0.2222222222222222,0.625,0.5714285714285714,0.17543859649122803,0.8333333333333333,1,1,2,0,4,0.023724829917923573,0.029850001384859878
0.03508771929824561,1,7,0.32401434626516407,1.0,0.49375,0.5642857142857143,0.23157894736842105,0.825,0,1,2,1,5,0.06431316933595706,0.3122683081524001
0.29824561403508765,1,0,0.00016596241306977714,0.0,0.75,0.6428571428571428,0.5263157894736843,0.75,1,1,0,1,7,0.0003320185005451625,0.00014501834547393823
0.017543859649122806,0,9,0.0011251856457528344,0.0,0.375,0.49999999999999994,0.3684210526315789,0.0,0,1,2,0,4,0.0022510063816722626,0.0012490739293944436
0.14035087719298245,0,8,0.1269104694029522,0.0,0.625,0.49999999999999994,0.5263157894736843,0.75,0,1,2,2,2,0.25389257106628726,0.09406403766261434
0.08771929824561403,0,3,0.09177543625887528,0.1111111111111111,0.53125,0.46428571428571425,0.3684210526315789,0.5,0,0,4,0,3,0.09151912100473542,0.08137671794480522
0.543859649122807,0,7,0.05417862732093001,0.4444444444444445,0.44999999999999996,0.5142857142857142,0.3157894736842105,0.5,0,1,4,1,1,0.021226021791876177,0.054506386294381495
0.21052631578947367,1,1,0.016215120479821047,0.2222222222222222,0.41666666666666663,0.2857142857142857,0.2631578947368421,0.75,1,1,0,1,0,0.010436843460589304,0.01626256629690037
0.5087719298245613,1,8,0.00961278005416302,0.1111111111111111,0.40625,0.5357142857142856,0.5526315789473684,0.875,0,0,2,0,0,0.009333277206396335,0.007330437843917756
0.42105263157894735,2,7,0.12421871712240143,0.3333333333333333,0.4375,0.46428571428571425,0.3026315789473684,0.8125,0,0,2,0,6,0.06170356321069004,0.10366756186099386
0.7719298245614034,0,6,0.16033767028682058,0.3333333333333333,0.4375,0.5357142857142856,0.5394736842105263,0.9375,1,1,3,0,0,0.07976813646118475,0.16465082456647354
0.0,0,7,0.08112776201464145,0.1111111111111111,0.5625,0.49999999999999994,0.3684210526315789,0.75,0,1,1,1,2,0.08086844181939024,0.07758507612287312
0.5614035087719298,0,6,0.00716503203568508,0.2222222222222222,0.5208333333333334,0.4761904761904761,0.4561403508771929,0.6666666666666666,1,1,2,1,4,0.004401748446314815,0.005713113124935438
0.5263157894736842,1,7,0.19860919546361502,1.0,0.5625,0.45,0.3684210526315789,0.8,1,1,3,0,0,0.039225060914525184,0.20018524025054293
0.08771929824561403,1,3,0.0909262619120016,0.3333333333333333,0.578125,0.5535714285714286,0.2368421052631579,0.9375,1,1,2,1,3,0.045052637778290286,0.06152174674205182
0.5087719298245613,1,1,0.008599619037232284,0.0,0.75,0.21428571428571425,0.2631578947368421,0.0,1,1,3,2,6,0.01720409196991517,0.008802918413636916
0.36842105263157887,1,6,0.04493333546713579,0.1111111111111111,0.65625,0.5357142857142856,0.15789473684210525,0.75,0,1,2,0,1,0.04466380063553874,0.03275681355413749
0.24561403508771928,1,8,0.11505087439470643,0.3333333333333333,0.546875,0.41071428571428564,0.35526315789473684,0.6875,0,1,3,0,2,0.05711834819214937,0.09044663560051444
0.12280701754385964,1,0,0.021084339134707544,0.2222222222222222,0.375,0.6428571428571428,0.24561403508771928,0.5833333333333334,1,1,3,1,0,0.013683905343897055,0.018464014459679066
0.14035087719298245,0,5,0.08651423019026208,0.1111111111111111,0.65625,0.75,0.2368421052631579,0.875,1,0,3,0,1,0.08625643014103475,0.09210720452882276
0.719298245614035,0,1,0.07866065171463871,0.2222222222222222,0.6041666666666666,0.5476190476190474,0.3508771929824561,1.0,0,1,0,1,0,0.05207894635773399,0.08136953235111058
0.29824561403508765,0,0,0.05605143412270195,0.1111111111111111,0.65625,0.3214285714285714,0.13157894736842105,0.875,1,0,0,0,6,0.05578503699338275,0.04825182779729066
0.45614035087719296,0,7,0.1647072235337863,0.4444444444444445,0.5375,0.4857142857142857,0.28421052631578947,0.7,1,1,2,1,2,0.06544993744020455,0.15479728525657271
0.12280701754385964,1,6,0.095421274840276,0.0,0.75,0.5714285714285714,0.2631578947368421,1.0,0,0,3,1,2,0.19089640844915937,0.07211592479113438
0.12280701754385964,1,6,0.0033945240701807626,0.0,0.5,0.21428571428571425,0.3684210526315789,0.5,1,0,2,1,7,0.006790964116507663,0.003665872157749301
0.5087719298245613,0,1,0.22842770173472213,0.5555555555555556,0.5625,0.42857142857142855,0.2807017543859649,0.5416666666666666,0,1,2,1,1,0.07569369633232205,0.2051237028261419
0.0,1,6,0.21023387462764653,0.1111111111111111,0.78125,0.5714285714285714,0.4473684210526316,0.875,0,0,0,1,2,0.21001099020762812,0.21774517637627636
0.21052631578947367,1,4,0.019558670380273233,0.2222222222222222,0.5416666666666666,0.4047619047619047,0.21052631578947367,0.5833333333333334,1,0,0,0,1,0.01266650579579795,0.01824757566778553
0.29824561403508765,1,6,0.009125759401523733,0.0,0.625,0.7142857142857142,0.3157894736842105,0.5,1,1,2,1,0,0.018256669668667274,0.00733117817781357
0.3157894736842105,1,7,0.16853641106676887,0.2222222222222222,0.625,0.5476190476190474,0.4035087719298245,0.8333333333333333,1,1,1,1,2,0.11201302882757218,0.16998397220664618
0.24561403508771928,0,7,0.08953020189920273,0.1111111111111111,0.53125,0.35714285714285715,0.34210526315789475,0.625,1,0,2,1,2,0.0892732530046192,0.06885658304029176
0.36842105263157887,1,1,0.14934977309579373,0.2222222222222222,0.6041666666666666,0.4047619047619047,0.21052631578947367,1.0,0,1,2,1,3,0.0992183269996193,0.16207298194125302
0.4385964912280701,0,3,0.00804305223054471,0.0,0.5,0.49999999999999994,0.10526315789473684,1.0,1,0,2,1,3,0.016090644212729786,0.005663118812441721
0.4385964912280701,0,6,0.335870384935987,0.7777777777777777,0.5546875,0.48214285714285715,0.3289473684210526,0.8125,0,1,2,0,2,0.08349741569052241,0.31698397377441206
0.08771929824561403,1,5,0.046490813684075136,0.1111111111111111,0.71875,0.49999999999999994,0.6052631578947367,0.875,1,1,2,0,2,0.04622171839732297,0.04984946834445489
0.22807017543859642,1,1,0.12869634351216377,0.5555555555555556,0.5416666666666666,0.4880952380952381,0.22807017543859648,0.5833333333333334,1,1,2,1,6,0.04244052833893185,0.11299010757138604
0.543859649122807,1,3,0.0041119163581050016,0.0,0.5625,0.42857142857142855,0.21052631578947367,0.5,0,0,4,2,1,0.008226153611126098,0.004279347663062025
0.4736842105263158,1,0,0.12886744285706667,0.1111111111111111,0.5,0.6785714285714286,0.3157894736842105,0.75,1,1,1,0,2,0.12862159555047778,0.09352333262435475
0.0,0,9,0.09162784825582394,0.2222222222222222,0.6458333333333333,0.4523809523809524,0.1929824561403509,0.9166666666666667,0,1,3,1,1,0.06072618374971022,0.06820456662334407
0.36842105263157887,0,5,0.0278044338439246,0.1111111111111111,0.625,0.46428571428571425,0.15789473684210525,1.0,0,0,2,1,4,0.02753006496692957,0.026992007703653228
0.0,0,3,0.03069632889166547,0.0,0.5625,0.35714285714285715,0.10526315789473684,0.75,1,1,3,1,6,0.06140998375678537,0.03107451364853441
0.29824561403508765,1,1,0.007500118050645011,0.0,0.4375,0.7142857142857142,0.3684210526315789,1.0,1,1,2,1,0,0.015004469403803468,0.006039164882461978
0.6842105263157895,0,7,0.03460257040214471,0.1111111111111111,0.75,0.5357142857142856,0.3684210526315789,0.75,1,0,3,0,1,0.03433012006619025,0.024136931808977136
0.08771929824561403,0,0,0.06468681410846475,0.2222222222222222,0.5416666666666666,0.2857142857142857,0.5263157894736843,0.41666666666666663,1,1,2,1,5,0.04276042552913966,0.06942829500407009
0.10526315789473684,0,9,0.05134205307754574,0.3333333333333333,0.59375,0.44642857142857145,0.21052631578947367,0.625,1,1,2,0,1,0.025254947717955813,0.0547698145141328
0.45614035087719296,0,6,0.11262742801528514,0.2222222222222222,0.5,0.42857142857142855,0.24561403508771928,0.9166666666666667,0,1,2,1,7,0.07472985453044184,0.09232351267355822
0.0,0,1,0.06030441853191625,0.5555555555555556,0.38541666666666663,0.42857142857142855,0.3157894736842105,0.7916666666666667,1,1,2,1,1,0.019636786253274644,0.058590547103265084
0.15789473684210525,0,0,0.0016173432302252328,0.0,0.875,0.6428571428571428,0.15789473684210525,0.0,0,1,2,1,1,0.003235599339836548,0.0016633125186281074
0.42105263157894735,0,7,0.026132560106547867,0.1111111111111111,0.78125,0.7142857142857142,0.2368421052631579,0.875,1,0,2,0,0,0.02585771940049316,0.02019099569334708
0.15789473684210525,1,1,0.0768666770590749,0.1111111111111111,0.34375,0.39285714285714285,0.3947368421052631,1.0,0,1,1,0,5,0.0766061543186417,0.06035171434329858
0.24561403508771928,0,7,0.01713680459526213,0.1111111111111111,0.40625,0.35714285714285715,0.3157894736842105,0.375,0,1,2,0,1,0.016859425145539716,0.018766811023066543
0.4385964912280701,1,3,0.011175790351538026,0.1111111111111111,0.53125,0.42857142857142855,0.6052631578947367,0.625,0,1,2,0,1,0.010896728609856323,0.00761276635253864
0.38596491228070173,1,4,0.057967904845055325,0.4444444444444445,0.5,0.7285714285714284,0.3684210526315789,0.8,0,1,1,1,4,0.022742160559008483,0.04832843058098094
0.3508771929824561,0,7,0.13964314524852575,0.5555555555555556,0.4375,0.5238095238095237,0.2631578947368421,0.7916666666666667,0,1,1,0,2,0.04609049203758369,0.10678123203057213
0.21052631578947367,0,6,0.01127517022507862,0.1111111111111111,0.375,0.5714285714285714,0.2631578947368421,0.875,1,1,2,0,1,0.010996136529960026,0.00959411760299743
0.36842105263157887,1,6,0.12259920057486219,0.4444444444444445,0.5,0.39999999999999997,0.3368421052631579,0.8500000000000001,0,1,2,1,1,0.04860197483813604,0.13034954385851227
0.26315789473684215,1,6,0.008690898364420663,0.3333333333333333,0.609375,0.49999999999999994,0.2631578947368421,0.6875,1,1,2,0,4,0.00392335194810867,0.008558434031807881
0.38596491228070173,1,3,0.017242111697840925,0.1111111111111111,0.5625,0.49999999999999994,0.3157894736842105,0.875,1,1,2,0,0,0.016964761967438863,0.017972389203806605
0.19298245614035092,0,3,0.003548632025174127,0.0,0.6875,0.7142857142857142,0.15789473684210525,0.5,1,0,4,1,7,0.007099267009871027,0.0026342386484603754
0.24561403508771928,0,6,0.11026799570947647,0.5555555555555556,0.53125,0.5952380952380953,0.34210526315789475,0.8333333333333333,0,1,3,1,2,0.03629601214818802,0.11848403831410817
0.08771929824561403,0,2,0.011138448808597327,0.0,0.1875,0.7857142857142856,0.3157894736842105,1.0,1,0,2,2,6,0.02228318450801676,0.011773747690375992
0.2807017543859649,0,0,0.03262465407209526,0.2222222222222222,0.5208333333333334,0.5952380952380953,0.5263157894736843,0.9166666666666667,0,0,2,1,0,0.02137961987439029,0.030326994159026857
0.12280701754385964,1,1,0.024806836545002386,0.3333333333333333,0.40625,0.5535714285714286,0.3026315789473684,0.8125,0,1,2,1,4,0.01198359512399211,0.018782096740562443
0.05263157894736842,0,1,0.13129997765434653,0.0,0.625,0.35714285714285715,0.5263157894736843,0.75,1,0,3,0,2,0.2626740651455871,0.09886205454327233
0.3508771929824561,1,4,0.021959790863650616,0.1111111111111111,0.65625,0.35714285714285715,0.47368421052631576,0.625,1,1,2,0,4,0.021683772536496837,0.015660413545288316
0.33333333333333337,0,1,0.07643991656832407,0.2222222222222222,0.6041666666666666,0.2857142857142857,0.21052631578947367,0.5833333333333334,1,1,3,0,0,0.05059803844260398,0.057606948199098604
0.45614035087719296,0,0,0.13094513420925927,0.2222222222222222,0.5416666666666666,0.4047619047619047,0.12280701754385964,0.33333333333333337,0,0,2,0,2,0.08694510502291948,0.12899891353823337
0.19298245614035092,0,7,0.007691567548579074,0.0,0.4375,0.42857142857142855,0.10526315789473684,0.75,1,0,0,0,3,0.015387476459789495,0.00656314708448673
0.36842105263157887,1,5,0.0382171922439442,0.0,0.5,0.42857142857142855,0.15789473684210525,0.75,1,1,4,1,2,0.07645595547315699,0.0283258280895919
0.4035087719298246,1,0,0.21099809202497263,0.6666666666666665,0.5,0.4489795918367347,0.16541353383458648,0.7142857142857143,1,1,2,1,5,0.05981838418622985,0.18705006207481972
0.38596491228070173,1,2,0.22101688726825275,0.1111111111111111,0.40625,0.6071428571428572,0.2368421052631579,0.75,1,0,0,0,2,0.2207970459839694,0.15801974095978277
0.12280701754385964,0,9,0.02968573634065129,0.4444444444444445,0.5,0.4857142857142857,0.21052631578947367,0.8500000000000001,0,1,2,1,7,0.011426100488166011,0.02653887981036304
0.3157894736842105,1,8,0.0459219972707086,0.5555555555555556,0.6354166666666667,0.5595238095238095,0.12280701754385964,0.8333333333333333,1,1,2,1,4,0.014841292851055376,0.050069957198249054
0.36842105263157887,1,3,0.114067547097268,0.3333333333333333,0.53125,0.6071428571428572,0.3026315789473684,0.9375,1,1,3,1,2,0.05662654578821685,0.09677383391750033
0.29824561403508765,1,6,0.05757394168831588,0.2222222222222222,0.625,0.5714285714285714,0.4561403508771929,0.8333333333333333,0,1,3,0,5,0.03801717233940696,0.0458868529416427
0.0,0,1,0.006791616606278081,0.1111111111111111,0.46875,0.42857142857142855,0.42105263157894735,0.125,1,1,3,0,0,0.006511317581822303,0.006645106401658488
0.3157894736842105,1,0,0.007675366455874645,0.2222222222222222,0.39583333333333337,0.5476190476190474,0.1929824561403509,0.75,1,1,2,0,0,0.004742067409373607,0.005853645917981805
0.7543859649122807,0,2,0.23758171426132801,0.1111111111111111,0.875,0.5357142857142856,0.21052631578947367,0.875,1,0,3,1,2,0.23736654783171168,0.16499582016192232
0.21052631578947367,0,6,0.007797269799760422,0.1111111111111111,0.34375,0.7142857142857142,0.28947368421052627,0.75,1,1,0,1,0,0.007517254586450207,0.0071831113986509905
0.14035087719298245,0,6,0.03464386343111089,0.2222222222222222,0.6875,0.5238095238095237,0.14035087719298245,0.5833333333333334,1,1,2,1,0,0.022726139348823445,0.02539040419269376
0.36842105263157887,1,2,0.11784101867729142,0.2222222222222222,0.625,0.3809523809523809,0.15789473684210525,0.6666666666666666,0,1,0,0,3,0.07820656254329333,0.11973228481150142
0.3508771929824561,1,1,0.037278121589991046,0.5555555555555556,0.5833333333333334,0.46428571428571425,0.3157894736842105,0.75,0,1,2,0,0,0.011959187811600843,0.04114566757475152
0.543859649122807,1,7,0.05059206102991137,0.3333333333333333,0.40625,0.46428571428571425,0.2763157894736842,1.0,0,1,2,0,7,0.02487984586436372,0.0429272593204989
0.017543859649122806,1,0,0.09241478669779647,0.5555555555555556,0.5520833333333334,0.46428571428571425,0.2368421052631579,0.75,1,1,2,0,3,0.030343262992183664,0.08650836411815868
0.4385964912280701,1,3,0.005830220056281016,0.2222222222222222,0.41666666666666663,0.6666666666666667,0.3684210526315789,0.75,0,0,0,1,1,0.0035116226567580224,0.005442847703911036
0.42105263157894735,0,6,0.22192513633120725,0.4444444444444445,0.44999999999999996,0.6428571428571428,0.3368421052631579,0.75,1,1,2,0,6,0.08834356167708078,0.23224034791860787
0.26315789473684215,1,6,0.05471919060921444,0.3333333333333333,0.671875,0.48214285714285715,0.22368421052631576,0.6875,0,1,3,2,1,0.026943993024449404,0.04702139286244962
0.36842105263157887,0,6,0.016674085581679488,0.1111111111111111,0.625,0.39285714285714285,0.5526315789473684,1.0,0,0,0,0,0,0.01639657554537497,0.0140320273669215
0.5087719298245613,1,1,0.018763631391948494,0.2222222222222222,0.4375,0.42857142857142855,0.5614035087719298,0.5833333333333334,1,1,1,1,0,0.012136330221911547,0.01766758938399517
0.4736842105263158,0,3,0.12865188929437724,0.3333333333333333,0.578125,0.35714285714285715,0.35526315789473684,0.5,1,1,2,1,2,0.06392077485212824,0.09310600205237976
0.05263157894736842,0,7,0.006033524012291493,0.0,0.8125,0.6428571428571428,0.6842105263157894,0.75,1,0,4,0,3,0.012070453535295443,0.005963258883614808
0.45614035087719296,0,6,0.20560984568064053,0.7777777777777777,0.5078125,0.48214285714285715,0.13157894736842105,0.59375,1,1,2,1,5,0.050923090483539483,0.18144063924435078
0.2807017543859649,0,6,0.006176172657810991,0.0,0.5,0.7142857142857142,0.2631578947368421,1.0,1,1,2,2,6,0.012355831341716405,0.00523551066403073
0.29824561403508765,0,6,0.12885677384479788,0.1111111111111111,0.5,0.3214285714285714,0.21052631578947367,1.0,1,1,2,0,4,0.12861092352724596,0.13550074355652572
0.29824561403508765,0,4,0.07573753992729661,0.1111111111111111,0.6875,0.49999999999999994,0.21052631578947367,0.75,1,1,2,0,2,0.07547669852660861,0.05763695349640538
0.26315789473684215,1,7,0.18416414314890367,0.5555555555555556,0.44791666666666663,0.4523809523809524,0.28947368421052627,0.625,1,1,4,1,2,0.06093501284628327,0.1472702234397376
0.543859649122807,0,9,0.21494266294989894,0.4444444444444445,0.6125,0.5142857142857142,0.23157894736842105,0.8,1,1,2,1,6,0.08554978409904111,0.18690190819755176
0.26315789473684215,1,5,0.03265191932567101,0.2222222222222222,0.25,0.5238095238095237,0.1929824561403509,0.75,0,1,4,1,4,0.02139780183989633,0.030641505417589254
0.05263157894736842,1,7,0.0646437429107871,0.6666666666666665,0.6607142857142858,0.5918367346938775,0.37593984962406013,0.7857142857142858,0,1,4,1,4,0.017991054868231143,0.05047944894073897
0.21052631578947367,1,0,0.022315424605942998,0.1111111111111111,0.5625,0.39285714285714285,0.13157894736842105,1.0,1,1,0,0,0,0.022039506644223796,0.016951251016217146
0.33333333333333337,1,6,0.1031537402692187,0.0,0.5625,0.2857142857142857,0.10526315789473684,1.0,1,1,2,0,2,0.20636570375372604,0.08992295824185856
0.543859649122807,1,2,0.09521243880382986,0.0,0.75,0.5714285714285714,0.15789473684210525,0.5,0,0,0,0,2,0.19047861850264003,0.08900511840726133
0.42105263157894735,1,1,0.5708241634160754,0.7777777777777777,0.5703125,0.37499999999999994,0.375,0.53125,1,1,2,1,2,0.14225243722330555,0.4096509142775221
0.10526315789473684,1,5,0.015541787261080808,0.1111111111111111,0.75,0.35714285714285715,0.3157894736842105,0.75,1,0,0,1,0,0.0152639576723843,0.012938946144280103
0.8070175438596491,0,6,0.083417055443498,0.2222222222222222,0.4375,0.42857142857142855,0.21052631578947367,0.75,0,1,2,0,5,0.05525077706492615,0.06307287690093792
0.3508771929824561,1,0,0.006970816497533187,0.1111111111111111,0.75,0.39285714285714285,0.18421052631578946,0.75,0,1,2,0,3,0.006690568046104722,0.007326649076333303
0.5614035087719298,0,6,0.01255130263700444,0.1111111111111111,0.59375,0.3214285714285714,0.7894736842105263,0.125,1,0,3,1,1,0.012272629086520265,0.009570470467384112
0.26315789473684215,1,9,0.30608368812738485,0.4444444444444445,0.5125,0.5428571428571427,0.2526315789473684,0.7,1,1,0,1,0,0.12201648274225146,0.20780244860645644
0.4035087719298246,0,1,0.41327150048000677,0.3333333333333333,0.5,0.39285714285714285,0.17105263157894735,0.8125,0,1,3,1,5,0.20627074250996894,0.3188118581631742
0.4736842105263158,0,2,0.10365478869724841,0.3333333333333333,0.640625,0.48214285714285715,0.22368421052631576,0.5625,1,1,2,1,5,0.05141869726612409,0.09990888667195177
0.543859649122807,0,7,0.10879626473928984,0.8888888888888888,0.48611111111111116,0.6666666666666667,0.28654970760233917,0.7777777777777777,1,0,2,1,0,0.023682053989414188,0.09878684532926828
0.5087719298245613,0,1,0.06725034066748897,0.5555555555555556,0.5416666666666666,0.5119047619047619,0.2631578947368421,0.625,1,1,4,0,5,0.021952747047950385,0.055964147284289785
0.4736842105263158,1,2,0.143018504611483,0.5555555555555556,0.5208333333333334,0.4880952380952381,0.3771929824561403,0.75,0,1,3,1,6,0.04721592935173321,0.12307079874014332
0.22807017543859642,2,8,0.015938714032339357,0.1111111111111111,0.5,0.6071428571428572,0.631578947368421,0.375,1,1,2,1,1,0.015660996462619557,0.013780052548028944
0.17543859649122806,0,6,0.007246630222111054,0.0,0.625,1.0,0.42105263157894735,1.0,1,1,2,1,1,0.014497350670232702,0.00479148452275377
0.3508771929824561,0,8,0.04664176045024813,0.4444444444444445,0.5875,0.6142857142857143,0.3368421052631579,0.7,1,1,4,1,0,0.01821042423466277,0.042233392263911436
0.49122807017543857,0,3,0.003571945792724405,0.1111111111111111,0.34375,0.6428571428571428,0.5263157894736843,0.875,1,1,1,0,1,0.0032907381265342263,0.0034329718239371025
0.24561403508771928,1,5,0.16468055100311438,1.0,0.40625,0.46428571428571425,0.3105263157894737,0.675,0,1,2,0,3,0.03243741698302298,0.1286807006101919
0.5087719298245613,0,1,0.001701707456869036,0.1111111111111111,0.5,0.35714285714285715,0.18421052631578946,0.625,0,0,2,1,1,0.0014199719800101146,0.0014910324661671765
0.5964912280701754,1,7,0.04505089217639355,0.3333333333333333,0.515625,0.39285714285714285,0.3026315789473684,0.875,1,1,3,1,7,0.022108479535110855,0.038887910486838345
0.10526315789473684,0,9,0.036379751242100244,0.1111111111111111,0.5,0.35714285714285715,0.21052631578947367,0.875,0,1,3,0,5,0.036107802454525814,0.03366829522704125
0.10526315789473684,1,7,0.00405106347331275,0.0,0.625,0.49999999999999994,0.15789473684210525,1.0,1,1,3,1,4,0.008104413494259537,0.0031295220247592043
0.26315789473684215,0,3,0.00483543344936872,0.1111111111111111,0.4375,0.5714285714285714,0.34210526315789475,0.625,1,1,3,0,1,0.004554582359264175,0.004396276869547767
0.3508771929824561,1,6,0.35913416618804295,0.3333333333333333,0.46875,0.48214285714285715,0.3289473684210526,0.8125,1,1,0,0,2,0.17919443616045108,0.378864521161617
0.17543859649122806,1,6,0.08317640994454682,0.0,0.4375,0.42857142857142855,0.15789473684210525,0.5,1,1,2,0,2,0.1663997672708415,0.08439536408140327
0.5789473684210525,0,2,0.04568688385219309,0.0,0.8125,0.42857142857142855,0.0,0.75,1,1,2,0,5,0.09139955481852718,0.036903641449849006
0.38596491228070173,0,0,0.037208773010244035,0.1111111111111111,0.5,0.5714285714285714,0.21052631578947367,1.0,0,1,2,1,3,0.036937058185649324,0.026231075105915654
0.29824561403508765,0,3,0.04022652288789615,0.3333333333333333,0.390625,0.49999999999999994,0.17105263157894735,0.9375,1,1,0,1,2,0.019695614134422827,0.03462332595263989
0.0,1,6,0.02187147515098134,0.0,0.4375,0.2857142857142857,0.3684210526315789,0.25,0,0,3,0,5,0.04375529525041605,0.017313187193164263
0.017543859649122806,1,7,0.11571610706709445,0.4444444444444445,0.5875,0.5714285714285714,0.28421052631578947,0.95,1,1,2,1,0,0.045847960428137845,0.07989583240791596
0.3508771929824561,0,1,0.06747715596535099,0.2222222222222222,0.625,0.49999999999999994,0.17543859649122803,0.9166666666666667,1,1,2,1,3,0.04462117841929812,0.059028607024322846
0.0,2,7,0.031268701642454926,0.1111111111111111,0.6875,0.75,0.2368421052631579,0.75,1,1,2,0,6,0.03099531043630985,0.03410343736156845
0.5087719298245613,0,9,0.06555772162847852,0.2222222222222222,0.6458333333333333,0.5476190476190474,0.2631578947368421,0.8333333333333333,1,1,3,1,3,0.04334119439834722,0.05803229179676946
0.26315789473684215,1,0,0.024327323715811495,0.2222222222222222,0.6666666666666667,0.49999999999999994,0.3859649122807018,0.6666666666666666,1,1,2,1,0,0.015846505212130504,0.020565909487997275
0.9649122807017544,0,6,0.021443134065820296,0.0,0.375,0.49999999999999994,0.42105263157894735,1.0,1,0,3,1,5,0.04289837131091377,0.022036081957923604
0.7719298245614034,1,9,0.11613595245730074,0.6666666666666665,0.4732142857142857,0.5306122448979591,0.24060150375939848,0.9285714285714286,1,1,2,0,5,0.032707266713313,0.08937306435348034
0.24561403508771928,0,7,0.04896483908462246,0.4444444444444445,0.6125,0.5142857142857142,0.3368421052631579,0.8500000000000001,0,1,2,2,1,0.019139917932141346,0.048196259206052
0.26315789473684215,1,0,0.00034931136465162616,0.0,0.4375,0.5714285714285714,0.5263157894736843,0.75,1,0,2,0,1,0.0006988198916236278,0.0002449634214086794
0.49122807017543857,1,6,0.03823398605955246,0.1111111111111111,0.6875,0.7857142857142856,0.05263157894736842,0.75,1,1,0,1,6,0.03796256056620221,0.037989319333532265
0.6491228070175438,0,2,0.007422076201641961,0.0,0.4375,0.49999999999999994,0.05263157894736842,0.5,1,1,2,0,4,0.014848341656523302,0.005343338118503243
0.0,0,6,0.08484788853332101,0.2222222222222222,0.4375,0.49999999999999994,0.1929824561403509,0.5833333333333334,1,1,2,1,2,0.05620493499387379,0.09189307383672206
0.0,1,7,0.130858991813904,0.2222222222222222,0.47916666666666663,0.5714285714285714,0.42105263157894735,0.75,0,0,1,0,2,0.08688766055219024,0.1262361180862177
0.15789473684210525,1,6,0.06236986027742989,0.2222222222222222,0.4375,0.2619047619047619,0.4385964912280702,0.5833333333333334,0,1,2,1,0,0.04121535372124556,0.045522129625323114
0.4035087719298246,1,6,0.10240078460706523,0.6666666666666665,0.5535714285714286,0.4489795918367347,0.21052631578947367,0.8928571428571428,0,1,1,0,5,0.028781825533143082,0.08379377746747625
0.38596491228070173,0,6,0.03198866239629572,0.2222222222222222,0.35416666666666663,0.35714285714285715,0.3333333333333333,0.8333333333333333,1,1,4,1,1,0.020955505765955805,0.02235211743333032
0.5087719298245613,1,6,0.11619147083595861,0.7777777777777777,0.578125,0.39285714285714285,0.26973684210526316,0.6875,1,1,2,0,0,0.028562187954487377,0.120016224635072
0.03508771929824561,1,6,0.24455747011639298,0.1111111111111111,0.375,0.6071428571428572,0.2368421052631579,0.875,1,0,3,1,0,0.24434427235477596,0.2668142892454918
0.0,0,2,0.06600858618398474,0.5555555555555556,0.5833333333333334,0.4404761904761904,0.3859649122807018,0.45833333333333337,1,1,3,1,0,0.021538712072568172,0.0649837657841364
0.4736842105263158,0,6,0.0866470001207179,0.1111111111111111,0.40625,0.2857142857142857,0.34210526315789475,0.625,0,1,3,1,3,0.0863892375412528,0.06092429728813081
0.12280701754385964,0,3,0.021889454412397237,0.1111111111111111,0.4375,0.42857142857142855,0.10526315789473684,0.75,0,1,2,0,4,0.02161341623519084,0.015025642553207798
0.0,0,6,0.009495223344905261,0.1111111111111111,0.4375,0.49999999999999994,0.3157894736842105,0.75,1,0,2,0,3,0.00921568732078659,0.009975128265024903
0.3157894736842105,0,8,0.018869728791732387,0.0,0.5,0.5714285714285714,0.10526315789473684,0.75,1,0,4,1,5,0.037750108251865276,0.019823528786707716
0.45614035087719296,0,8,0.3593511027708413,0.1111111111111111,0.53125,0.49999999999999994,0.3947368421052631,1.0,0,1,0,1,2,0.3591703015775424,0.3570924335611298
0.26315789473684215,0,6,0.07960446415182242,0.3333333333333333,0.484375,0.5714285714285714,0.13157894736842105,0.8125,0,1,4,1,1,0.03939014130351648,0.05905255900330503
0.19298245614035092,0,3,0.2850353075155091,0.7777777777777777,0.484375,0.46428571428571425,0.2631578947368421,0.75,1,1,2,1,1,0.07078505972083962,0.286322174498267
0.26315789473684215,1,6,0.02045822617397168,0.0,0.375,0.5714285714285714,0.21052631578947367,0.0,1,1,2,1,3,0.040927999614226114,0.01505181553387742
0.21052631578947367,2,8,0.11589668997845848,0.4444444444444445,0.525,0.5571428571428572,0.39999999999999997,0.8999999999999999,0,1,3,1,6,0.0459202139780184,0.10011321882719613
0.0,1,3,0.16341765606937386,0.2222222222222222,0.5208333333333334,0.7142857142857142,0.22807017543859648,0.5,1,1,0,1,4,0.10859956243387214,0.1258011501479013
0.14035087719298245,1,6,0.02261237878075713,0.1111111111111111,0.59375,0.6071428571428572,0.47368421052631576,0.875,0,1,2,1,4,0.022336544624175805,0.020546660806706137
0.4035087719298246,1,1,0.07422728196836163,0.4444444444444445,0.525,0.6000000000000001,0.1894736842105263,0.8500000000000001,0,1,2,1,0,0.02924774686909518,0.06755903901524792
0.3508771929824561,1,6,0.0019376111725896478,0.0,0.25,0.6428571428571428,0.10526315789473684,1.0,1,1,4,0,4,0.003876315993864772,0.0012374027832722167
0.33333333333333337,0,1,0.01810235020558594,0.2222222222222222,0.45833333333333337,0.5952380952380953,0.3859649122807018,0.6666666666666666,1,1,2,1,0,0.01169535168170335,0.012128454724575759
0.08771929824561403,0,2,0.007139742525122066,0.1111111111111111,0.40625,0.5714285714285714,0.34210526315789475,0.75,1,0,2,1,5,0.006859541747275027,0.006282604087026337
0.24561403508771928,0,7,0.09574490154576207,0.2222222222222222,0.625,0.42857142857142855,0.3508771929824561,0.9166666666666667,1,1,2,0,0,0.06347166054112297,0.09917221089656525
0.0,0,1,0.021483044074677552,0.3333333333333333,0.46875,0.625,0.3026315789473684,0.5625,0,1,2,0,0,0.010321229875578042,0.022952223379465717
0.33333333333333337,0,6,0.020302932773170673,0.1111111111111111,0.5,0.3214285714285714,0.15789473684210525,0.875,1,1,2,0,0,0.020026446854608897,0.018544754403375368
0.5964912280701754,1,6,0.0011641077831037224,0.0,0.375,0.5714285714285714,0.47368421052631576,0.75,0,1,0,1,1,0.002328872625252497,0.0007286627496906711
0.0,0,6,0.22600386020669833,0.8888888888888888,0.5138888888888888,0.48412698412698413,0.2222222222222222,0.6944444444444444,1,1,2,1,5,0.04973553694363487,0.1916653035813173
0.15789473684210525,0,5,0.009090196027294495,0.0,0.5,0.49999999999999994,0.05263157894736842,0.5,1,0,2,1,6,0.018185522847121882,0.00852912551934423
0.3508771929824561,1,6,0.022535719951863,0.0,0.8125,0.35714285714285715,0.3684210526315789,0.25,1,0,4,1,6,0.0450841597728361,0.023054433006140594
0.5614035087719298,0,3,0.11343313601587865,0.2222222222222222,0.5208333333333334,0.5238095238095237,0.2982456140350877,0.75,0,0,2,1,6,0.07526714478648279,0.09678376310151475
0.19298245614035092,1,1,0.0013470615860830242,0.0,0.4375,0.49999999999999994,0.05263157894736842,0.75,0,0,2,1,7,0.0026948834960915688,0.0014219636685931026
0.14035087719298245,1,6,0.16058127940029088,0.5555555555555556,0.5208333333333334,0.5119047619047619,0.2807017543859649,0.75,1,1,0,1,0,0.0530718397784119,0.14556675869452482
0.0,1,2,0.05700947190957736,0.1111111111111111,0.4375,0.6071428571428572,0.18421052631578946,1.0,0,1,2,1,7,0.056743345153587206,0.056900364819124236
0.3157894736842105,1,7,0.031605170677523775,0.4444444444444445,0.5375,0.42857142857142855,0.3368421052631579,0.65,1,1,2,1,0,0.012194090900736547,0.02463426199075262
0.719298245614035,0,7,0.21549685886497122,0.6666666666666665,0.5267857142857143,0.5510204081632653,0.44360902255639095,0.6785714285714286,0,1,2,1,6,0.06110410888987157,0.16685985026442116
0.3508771929824561,0,3,0.08939565380003543,0.3333333333333333,0.5625,0.5535714285714286,0.3157894736842105,0.6875,0,1,3,0,4,0.04428711774146785,0.09605845362888159
0.2807017543859649,1,7,0.1092417947886617,0.3333333333333333,0.609375,0.5714285714285714,0.28947368421052627,0.75,0,1,3,1,0,0.05421298868231936,0.08881014929834637
0.3508771929824561,0,1,0.11741149214632274,0.6666666666666665,0.4464285714285714,0.49999999999999994,0.2857142857142857,0.6785714285714286,1,1,3,1,5,0.033071809475136056,0.11861281286292692
0.2807017543859649,0,3,0.047153873039149155,0.2222222222222222,0.375,0.5476190476190474,0.22807017543859648,0.9166666666666667,0,1,0,0,7,0.03106849943514035,0.03424566856766992
0.12280701754385964,1,2,0.1991780118769816,0.0,0.5625,0.7142857142857142,0.2631578947368421,1.0,1,0,4,0,5,0.39846844608819953,0.2188872938322522
0.45614035087719296,1,6,0.0005915374580129913,0.0,0.375,0.2857142857142857,0.42105263157894735,0.75,0,0,3,1,7,0.0011834087983716862,0.0004353163307379839
0.33333333333333337,0,7,0.005322651676309281,0.1111111111111111,0.40625,0.8571428571428572,0.28947368421052627,0.875,0,0,0,1,0,0.00504193808685011,0.005809400080443811
0.29824561403508765,0,6,0.1451768062785952,0.5555555555555556,0.6145833333333334,0.3809523809523809,0.12280701754385964,0.7916666666666667,1,0,3,1,4,0.04793556627632753,0.1087185116397037
0.08771929824561403,2,6,0.01639708641129398,0.0,0.3125,0.35714285714285715,0.42105263157894735,1.0,1,0,4,1,0,0.032803427853862054,0.016449957870646424
0.5614035087719298,1,3,0.07450151509852931,0.5555555555555556,0.48958333333333337,0.4523809523809524,0.25438596491228066,0.6666666666666666,0,1,2,0,0,0.024370487323448008,0.06505557817203025
0.42105263157894735,0,9,0.05024413268536866,0.1111111111111111,0.5625,0.5357142857142856,0.3684210526315789,0.5,1,0,2,0,5,0.049976096644261336,0.045373888649949755
0.17543859649122806,1,9,0.009742388795798465,0.1111111111111111,0.375,0.21428571428571425,0.47368421052631576,0.625,0,0,0,1,0,0.009462922525656827,0.010126069281665344
0.5087719298245613,1,6,0.21388208410066253,0.4444444444444445,0.5125,0.45714285714285713,0.2736842105263158,0.7,1,1,2,1,1,0.08512543283453483,0.22623414966903593
0.19298245614035092,0,7,0.04694246853678646,0.1111111111111111,0.375,0.39285714285714285,0.42105263157894735,0.375,1,0,2,0,4,0.04667350071413621,0.04662392065850349
0.12280701754385964,1,3,0.22866755693646823,0.7777777777777777,0.5546875,0.43749999999999994,0.4539473684210526,0.84375,0,1,3,1,1,0.05668914510967381,0.2077526284901735
0.12280701754385964,1,6,0.07602994989318146,0.6666666666666665,0.4285714285714286,0.510204081632653,0.24812030075187969,0.75,1,1,3,1,7,0.02124517496796205,0.0702815080444681
0.0,1,0,0.08904772545549273,0.1111111111111111,0.28125,0.6428571428571428,0.18421052631578946,0.75,1,1,2,0,2,0.08879064039846962,0.09275848061187464
0.38596491228070173,1,0,0.010373441114066163,0.2222222222222222,0.5416666666666666,0.5714285714285714,0.3859649122807018,1.0,1,1,2,1,0,0.006541291474232628,0.011426705289450523
0.0,0,9,0.05020323480500504,0.1111111111111111,0.6875,0.6428571428571428,0.3157894736842105,1.0,1,1,2,0,5,0.04993518722187274,0.042367697542422436
0.03508771929824561,0,6,0.10949350444848419,0.1111111111111111,0.59375,0.42857142857142855,0.28947368421052627,0.5,1,0,1,0,6,0.10924218951181225,0.10877495121199628
0.0,1,6,0.004471896735025399,0.1111111111111111,0.5625,0.35714285714285715,0.3947368421052631,0.625,0,1,2,1,1,0.004190943049143284,0.00469994441398914
0.26315789473684215,1,5,0.026820711397883622,0.1111111111111111,0.6875,0.42857142857142855,0.2631578947368421,0.75,0,1,2,0,4,0.02654606489894483,0.024645454097295204
0.26315789473684215,1,2,0.04516548527113221,0.2222222222222222,0.5416666666666666,0.4047619047619047,0.3333333333333333,0.75,1,1,2,0,3,0.029742533486931417,0.04806657012712665
0.22807017543859642,0,9,0.045281658960281045,0.2222222222222222,0.41666666666666663,0.5714285714285714,0.22807017543859648,0.9166666666666667,1,0,2,1,1,0.029820004470391948,0.04372176823786423
0.07017543859649122,1,6,0.11975492093372825,0.4444444444444445,0.48750000000000004,0.45714285714285713,0.23157894736842105,0.65,0,1,2,1,1,0.04746394190150552,0.07921720751977171
0.03508771929824561,0,3,0.00028826090555810103,0.0,0.4375,0.14285714285714285,0.5789473684210527,1.0,1,1,2,1,4,0.0005766845146373716,0.00033031956469063717
0.38596491228070173,1,3,0.2819031621174196,1.0,0.45625000000000004,0.49999999999999994,0.33157894736842103,0.8,1,1,2,1,1,0.05588855561873129,0.19900884969009625
0.17543859649122806,1,6,0.08720949415644368,0.1111111111111111,0.15625,0.42857142857142855,0.21052631578947367,0.625,1,1,2,0,3,0.08695189032164094,0.0911710740920937
0.3508771929824561,0,7,0.026323021732975568,0.2222222222222222,0.375,0.4047619047619047,0.2631578947368421,1.0,0,1,2,1,0,0.017177346035149036,0.021865630965675856
0.10526315789473684,0,3,0.018698827021130772,0.2222222222222222,0.5,0.5714285714285714,0.14035087719298245,1.0,1,1,2,0,3,0.012093115115491384,0.013101166365568517
0.33333333333333337,1,6,0.08670884087701651,0.1111111111111111,0.59375,0.6071428571428572,0.34210526315789475,1.0,1,0,2,0,0,0.08645109574998532,0.08343140580000219
0.5614035087719298,0,1,0.009556273803998785,0.0,0.375,0.35714285714285715,0.5263157894736843,0.0,0,1,1,1,4,0.019117941469486213,0.00990910790113947
0.42105263157894735,0,2,0.0014355748730535722,0.0,0.3125,0.49999999999999994,0.21052631578947367,1.0,0,0,3,1,1,0.0028719600297156555,0.0016491590765022725
0.21052631578947367,0,7,0.05775017796505188,0.2222222222222222,0.5833333333333334,0.4523809523809524,0.2631578947368421,0.8333333333333333,1,1,3,1,1,0.03813469634833009,0.049197234182243726
0.3508771929824561,0,9,0.010538020507027027,0.0,0.5625,0.5714285714285714,0.2631578947368421,1.0,1,0,2,1,3,0.021081989004258728,0.010821025064570182
0.24561403508771928,0,1,0.01195976517899145,0.0,0.4375,0.49999999999999994,0.47368421052631576,1.0,0,0,2,1,6,0.02392628082559562,0.00792453402078126
0.29824561403508765,2,1,0.8390138908563998,0.2222222222222222,0.39583333333333337,0.5238095238095237,0.3157894736842105,0.75,1,1,2,1,2,0.5591241615462365,0.7516971501325721
0.22807017543859642,1,4,0.061973526229075156,0.7777777777777777,0.453125,0.45535714285714285,0.256578947368421,0.75,0,1,3,0,0,0.015003876513623924,0.04673144326960714
0.26315789473684215,0,8,0.05907313548637953,0.3333333333333333,0.59375,0.48214285714285715,0.2763157894736842,0.5625,0,1,3,0,1,0.029121579838888023,0.05191338859882317
0.33333333333333337,1,6,0.14556978156382827,1.0,0.5,0.36428571428571427,0.2578947368421053,0.725,1,1,3,1,5,0.028614184423233466,0.11645082014188977
0.08771929824561403,1,0,0.01466277919471481,0.1111111111111111,0.625,0.5714285714285714,0.3684210526315789,0.75,1,1,2,0,0,0.014384701536119166,0.015395548206798077
0.07017543859649122,1,6,0.07321214520841816,0.2222222222222222,0.6458333333333333,0.5952380952380953,0.3157894736842105,0.8333333333333333,0,1,1,1,1,0.04844558358410941,0.05714977024390779
0.0,1,6,0.00986488486258806,0.1111111111111111,0.625,0.49999999999999994,0.42105263157894735,0.625,1,1,2,1,1,0.00958545316276278,0.0065402838318219195
0.0,0,1,0.007492017504292796,0.0,0.5,0.42857142857142855,0.2631578947368421,0.75,1,1,0,0,0,0.014988263738895908,0.0072641126366634595
0.03508771929824561,0,1,0.07062767577345894,0.6666666666666665,0.4642857142857143,0.4795918367346938,0.2631578947368421,0.6785714285714286,0,1,3,1,1,0.01970123247469566,0.0760163521466983
0.3157894736842105,0,5,0.015298573296213074,0.1111111111111111,0.625,0.3214285714285714,0.2631578947368421,0.5,1,0,2,1,0,0.01502067506871103,0.014382074652482915
0.10526315789473684,1,0,0.06132903885832085,0.4444444444444445,0.5375,0.45714285714285713,0.34736842105263155,0.6,0,1,4,1,6,0.024086993590264266,0.04214289733241149
0.4035087719298246,1,4,0.10570225118134613,0.3333333333333333,0.5,0.5357142857142856,0.21052631578947367,0.875,0,1,3,0,5,0.05244271742122811,0.0977625280608321
0.29824561403508765,0,0,0.2492004661963213,0.3333333333333333,0.328125,0.5535714285714286,0.35526315789473684,0.6875,0,0,2,1,0,0.12421207365514227,0.2711622266665482
0.0,1,7,0.036055729388011624,0.1111111111111111,0.875,0.49999999999999994,0.28947368421052627,0.5,1,0,2,0,7,0.035783689156374573,0.030960894170053477
0.42105263157894735,0,2,0.3372968713911819,0.2222222222222222,0.33333333333333337,0.6428571428571428,0.2807017543859649,0.33333333333333337,1,1,0,0,5,0.22455175361434088,0.35066154494967733
0.45614035087719296,0,4,0.11326539543409742,0.3333333333333333,0.453125,0.5357142857142856,0.2368421052631579,0.6875,1,1,2,0,0,0.05622535676672478,0.12040198214384322
0.08771929824561403,0,0,0.20492999250995825,0.3333333333333333,0.53125,0.46428571428571425,0.19736842105263158,0.75,1,1,4,1,2,0.10207058990003673,0.19110321595818455
0.38596491228070173,0,0,0.1385219110887984,0.5555555555555556,0.5416666666666666,0.5119047619047619,0.2192982456140351,0.625,1,1,2,1,4,0.045716641841037305,0.0995381535863603
0.10526315789473684,0,8,0.03150223446656026,0.5555555555555556,0.5416666666666666,0.5238095238095237,0.1929824561403509,0.7916666666666667,1,1,2,0,0,0.010033348755065669,0.029030930801774643
0.3157894736842105,1,6,0.004274322433751855,0.0,0.8125,0.49999999999999994,0.2631578947368421,1.0,1,0,4,0,0,0.008551057429516722,0.004609536580594577
0.017543859649122806,0,0,0.421251328934144,1.0,0.5375,0.45714285714285713,0.3,0.7749999999999999,0,1,2,1,2,0.08376605423087422,0.28979416627341875
0.0,1,9,0.01084643399131503,0.0,0.25,0.2857142857142857,0.21052631578947367,0.5,1,1,3,0,3,0.021698990051105156,0.011147120371149415
0.21052631578947367,1,8,0.10274239057396717,0.1111111111111111,0.53125,0.39285714285714285,0.07894736842105263,0.875,1,0,2,0,6,0.10248917036679545,0.091285782296892
0.26315789473684215,1,6,0.00830720907134744,0.0,0.6875,0.42857142857142855,0.3157894736842105,0.5,1,0,2,1,5,0.01661910699276417,0.006358771380189676
0.21052631578947367,0,7,0.025204158464863485,0.3333333333333333,0.546875,0.5357142857142856,0.35526315789473684,0.75,0,1,3,0,4,0.012182312149169587,0.02499432555843386
0.03508771929824561,1,2,0.03056672015003002,0.2222222222222222,0.6875,0.5476190476190474,0.3684210526315789,0.75,1,0,0,1,7,0.02000727673880361,0.025008391902454304
0.21052631578947367,1,6,0.003482642208548763,0.1111111111111111,0.375,0.6071428571428572,0.34210526315789475,0.125,1,0,2,0,4,0.0032014093394827896,0.0032496303120916736
0.3508771929824561,1,3,0.16048901220159614,0.4444444444444445,0.42500000000000004,0.42857142857142855,0.39999999999999997,0.7,1,1,0,1,4,0.06376217672909998,0.13243475959964834
0.2807017543859649,0,1,0.027265846298652918,0.2222222222222222,0.41666666666666663,0.5952380952380953,0.3508771929824561,1.0,0,1,0,1,1,0.017806073132213125,0.021338339035646293
0.33333333333333337,0,1,0.2017162489254428,0.3333333333333333,0.40625,0.6428571428571428,0.3157894736842105,0.6875,1,1,4,0,4,0.10046326462329042,0.173712424353118
0.14035087719298245,0,7,0.08422414646420043,0.6666666666666665,0.5,0.3673469387755102,0.2706766917293233,0.7142857142857143,0,1,0,1,0,0.023587034711433152,0.08834709222104176
0.543859649122807,0,3,0.12492623069526197,0.3333333333333333,0.5,0.5714285714285714,0.6578947368421053,0.625,0,1,4,1,7,0.06205741983284844,0.08706810009244592
0.03508771929824561,1,7,0.00936699762337873,0.2222222222222222,0.6041666666666666,0.49999999999999994,0.1929824561403509,0.8333333333333333,1,1,2,1,4,0.005870139790987765,0.008709462146553711
0.38596491228070173,1,7,0.05128772014469552,0.0,0.25,0.42857142857142855,0.5263157894736843,0.75,1,0,2,0,2,0.10260438869168702,0.04070682377074525
0.543859649122807,0,1,0.22600366263239705,0.0,1.0,0.5714285714285714,0.2631578947368421,0.5,0,0,2,0,2,0.45213488884000835,0.15783792366478167
0.38596491228070173,1,6,0.022546586538433038,0.1111111111111111,0.28125,0.6071428571428572,0.13157894736842105,0.875,1,1,3,1,5,0.022270733814246317,0.022592029164626395
0.24561403508771928,1,6,0.05710075123676574,0.1111111111111111,0.59375,0.46428571428571425,0.21052631578947367,0.875,1,0,3,0,3,0.05683465024123712,0.03773281541315945
0.17543859649122806,1,6,0.23459636656908475,1.0,0.5125,0.45,0.2736842105263158,0.8,0,1,4,0,1,0.046424526364739316,0.2465076272681871
0.5087719298245613,0,3,0.14776048541634934,1.0,0.5625,0.49999999999999994,0.2421052631578947,0.725,1,1,3,0,0,0.029052448843953083,0.12649301394806478
0.0,1,5,0.01071939371559614,0.0,0.4375,0.5714285714285714,0.2631578947368421,0.5,0,1,4,0,5,0.02144483779414023,0.010195486471660978
0.08771929824561403,0,6,0.12910789078171658,0.5555555555555556,0.6354166666666667,0.4047619047619047,0.3070175438596491,0.7083333333333334,1,1,2,0,4,0.042577749477153204,0.13667582764539157
0.21052631578947367,1,6,0.025916018672352065,0.1111111111111111,0.65625,0.6071428571428572,0.13157894736842105,0.625,0,1,2,1,0,0.025641116854899414,0.01735246843869504
0.543859649122807,0,0,0.005177434564873225,0.1111111111111111,0.59375,0.42857142857142855,0.13157894736842105,0.25,0,1,2,1,3,0.004896679992861601,0.0036561171699456487
0.36842105263157887,1,1,0.03132422002111279,0.1111111111111111,0.5625,0.6785714285714286,0.42105263157894735,0.75,1,1,3,0,5,0.03105084448312723,0.02390185402253019
0.08771929824561403,1,8,0.11190805998434816,0.6666666666666665,0.5357142857142857,0.5408163265306123,0.3082706766917293,0.75,1,1,2,1,4,0.03149895652740043,0.08148789867633525
0.22807017543859642,1,0,0.08550600853086317,0.3333333333333333,0.40625,0.5357142857142856,0.3289473684210526,0.5,0,1,2,1,1,0.04234174624735101,0.09027653300068825
0.15789473684210525,0,1,0.06988598184647805,0.4444444444444445,0.575,0.5571428571428572,0.5894736842105261,0.65,0,1,3,1,0,0.02751073674707641,0.07206505949758676
0.14035087719298245,1,1,0.003670535369059904,0.0,0.5625,0.5714285714285714,0.10526315789473684,0.0,1,0,0,1,3,0.007343142503723844,0.0038237374737682276
0.49122807017543857,0,3,0.05200116094659429,0.4444444444444445,0.5125,0.4857142857142857,0.17894736842105263,0.5,1,1,2,0,0,0.020354789436040882,0.04716471279486846
0.0,0,6,0.06788435660027578,0.6666666666666665,0.5,0.4081632653061224,0.21804511278195488,0.8214285714285714,0,1,2,0,1,0.018917205794411713,0.05283545269153178
0.631578947368421,0,6,0.004761935809294962,0.2222222222222222,0.6458333333333333,0.42857142857142855,0.1929824561403509,0.5,1,1,2,1,1,0.0027992321676914775,0.003432754078673628
0.45614035087719296,1,6,0.07249277717748119,0.3333333333333333,0.515625,0.5357142857142856,0.21052631578947367,0.4375,1,1,0,1,2,0.03583329430139651,0.0788372855840616
0.5263157894736842,1,0,0.006434599843876787,0.0,0.75,0.5714285714285714,0.21052631578947367,1.0,1,0,2,0,5,0.012872831578279585,0.0067231898531404
0.19298245614035092,1,7,0.03440005674333933,0.2222222222222222,0.41666666666666663,0.42857142857142855,0.3684210526315789,0.5833333333333334,1,1,3,1,0,0.0225635556862549,0.03791890051532465
0.26315789473684215,0,6,0.28316408130814735,0.2222222222222222,0.41666666666666663,0.5952380952380953,0.3157894736842105,0.6666666666666666,1,0,2,1,2,0.18845304214256808,0.22334136029472607
0.0,0,2,0.02067555790537258,0.0,0.25,0.6428571428571428,0.3157894736842105,0.5,1,0,2,0,5,0.0413627857458924,0.013663645930175541
0.17543859649122806,0,7,0.08223239993306183,0.2222222222222222,0.4375,0.49999999999999994,0.2982456140350877,1.0,0,1,1,0,1,0.054460783839025834,0.06477716907815191
0.38596491228070173,0,7,0.012194878597506969,0.1111111111111111,0.625,0.2857142857142857,0.28947368421052627,0.75,1,1,3,1,0,0.011916104458553912,0.009905841722187355
0.5614035087719298,1,6,0.04159551522142054,0.3333333333333333,0.4375,0.46428571428571425,0.43421052631578944,0.875,1,1,0,1,0,0.0203803034767673,0.041115923571760915
0.05263157894736842,1,3,0.03410764677745448,0.0,0.625,0.49999999999999994,0.47368421052631576,0.75,0,0,3,2,6,0.06823454498346725,0.023050339395187275
0.21052631578947367,0,4,0.10288701496249941,0.5555555555555556,0.48958333333333337,0.46428571428571425,0.18421052631578946,0.875,0,1,3,1,2,0.03383499088958362,0.0893410557997496
0.26315789473684215,1,6,0.2868470638581875,0.0,0.625,0.7142857142857142,0.42105263157894735,1.0,0,1,2,0,2,0.5738560332208225,0.2353083351319092
0.0,1,1,0.024131330008948144,0.2222222222222222,0.39583333333333337,0.4761904761904761,0.3859649122807018,0.8333333333333333,0,1,2,1,0,0.01571580586588416,0.02465551392846772
0.42105263157894735,0,6,0.043892909196629304,0.5555555555555556,0.5,0.5595238095238095,0.2631578947368421,0.75,1,1,2,1,0,0.014164739279507994,0.033100546227058145
0.14035087719298245,1,6,0.012791157838750525,0.1111111111111111,0.5625,0.6428571428571428,0.2631578947368421,0.625,0,1,2,1,1,0.012512551979176115,0.009664884813626606
0.24561403508771928,0,1,0.00028075308210970626,0.0,0.3125,0.2857142857142857,0.21052631578947367,0.75,0,1,2,1,4,0.0005616646300888998,0.0003482617744009262
0.19298245614035092,0,5,0.08151382219932995,0.4444444444444445,0.55,0.5285714285714285,0.4105263157894737,0.65,0,1,2,1,0,0.032163185511977464,0.08514384165007012
0.12280701754385964,0,8,0.012889747415086025,0.1111111111111111,0.5625,0.46428571428571425,0.15789473684210525,0.875,1,0,2,1,0,0.012611169379040424,0.014115293155674103
0.2807017543859649,1,6,0.20891822735546603,0.2222222222222222,0.41666666666666663,0.4523809523809524,0.3333333333333333,0.5833333333333334,0,1,2,0,0,0.13894183727575657,0.20057683333237525
0.24561403508771928,1,3,0.0679865025140342,0.3333333333333333,0.546875,0.46428571428571425,0.2368421052631579,0.8125,1,1,0,0,6,0.03357952109888637,0.07290159325080264
0.21052631578947367,0,2,0.14772946625104938,0.3333333333333333,0.46875,0.5535714285714286,0.22368421052631576,0.5625,1,1,1,1,2,0.07346225532657477,0.14858492579154323
0.14035087719298245,1,3,0.06721398699605464,0.2222222222222222,0.45833333333333337,0.5476190476190474,0.12280701754385964,0.41666666666666663,0,1,0,1,1,0.04444568292615282,0.05536891883205621
0.3508771929824561,1,7,0.2477842536047926,0.5555555555555556,0.6041666666666666,0.5833333333333333,0.22807017543859648,0.7916666666666667,0,1,4,0,6,0.08214770119678837,0.21059085090145668
0.631578947368421,1,6,0.06949715562157172,0.2222222222222222,0.6666666666666667,0.4523809523809524,0.1929824561403509,0.6666666666666666,1,1,3,1,5,0.04596822490722421,0.07176892593926161
0.3157894736842105,1,7,0.00735845727663188,0.1111111111111111,0.5625,0.49999999999999994,0.42105263157894735,0.625,0,1,2,0,4,0.007078318223527107,0.006223725767782864
0.49122807017543857,1,7,0.0051807933279948756,0.0,0.5,0.6428571428571428,0.15789473684210525,0.75,0,0,4,1,7,0.010364510858684823,0.004414044883047277
0.0,0,5,0.20695315335499934,0.6666666666666665,0.5892857142857143,0.39795918367346933,0.22556390977443608,0.75,0,1,3,1,1,0.058662361267579996,0.14753051612769488
0.3157894736842105,1,0,0.03300617004785447,0.1111111111111111,0.5,0.5357142857142856,0.42105263157894735,0.625,0,1,2,0,0,0.0327332691826159,0.02219656021710422
0.05263157894736842,1,6,0.03983414032556689,0.2222222222222222,0.75,0.5714285714285714,0.2631578947368421,0.6666666666666666,0,1,1,1,6,0.02618730046363353,0.030644989341804846
0.0,0,6,0.10975588312057544,0.3333333333333333,0.5625,0.33928571428571425,0.2631578947368421,0.6875,1,1,2,0,0,0.054470105390182,0.08301777689750627
0.14035087719298245,0,9,0.04304452514696071,0.3333333333333333,0.59375,0.46428571428571425,0.22368421052631576,0.6875,1,1,0,0,2,0.021105012906231055,0.03166525654834041
0.543859649122807,1,3,0.07234716491744259,0.4444444444444445,0.5875,0.5428571428571427,0.3894736842105263,0.95,1,0,2,0,0,0.028495487809288567,0.07515630190502717
0.49122807017543857,1,9,0.0009706825421569227,0.0,0.75,0.49999999999999994,0.47368421052631576,1.0,0,1,0,0,7,0.001941912968069504,0.0008637083620974826
0.33333333333333337,0,6,0.006769488284535445,0.1111111111111111,0.75,0.46428571428571425,0.2368421052631579,0.875,1,1,2,0,1,0.006489183015119292,0.0045142512532981875
0.0,0,3,0.004894705739750783,0.0,0.4375,0.42857142857142855,0.15789473684210525,0.75,0,0,4,1,7,0.009792174205364114,0.004338487276621667
0.24561403508771928,0,3,0.06612950165636416,0.1111111111111111,0.53125,0.5357142857142856,0.13157894736842105,0.875,1,0,4,1,6,0.06586594871618526,0.05220133493524169
0.3508771929824561,0,9,0.17169187023240864,0.5555555555555556,0.45833333333333337,0.49999999999999994,0.2982456140350877,0.75,1,1,3,0,1,0.0567764152502685,0.12355454161747802
0.33333333333333337,1,6,0.19011784714348062,0.8888888888888888,0.5277777777777778,0.5079365079365079,0.2982456140350877,0.8055555555555556,1,1,2,0,6,0.041758616796873024,0.1520522142690039
0.0,0,6,0.13893661954717157,0.3333333333333333,0.6875,0.44642857142857145,0.2763157894736842,0.75,0,1,2,1,6,0.06906459123483016,0.1005674789958564
0.10526315789473684,1,7,0.030975106230762436,0.5555555555555556,0.59375,0.46428571428571425,0.2982456140350877,0.7083333333333334,1,0,0,1,3,0.009857589755173906,0.028533252227577598
0.2807017543859649,0,9,0.08668236592064585,0.1111111111111111,0.65625,0.2857142857142857,0.3684210526315789,0.625,0,0,0,0,2,0.08642461332196565,0.09488297759854149
0.4035087719298246,0,8,0.004874750735322155,0.1111111111111111,0.375,0.5714285714285714,0.3684210526315789,0.75,0,1,0,0,4,0.00459391074117399,0.004123921093994011
0.0,0,4,0.013777053602105509,0.1111111111111111,0.5625,0.5714285714285714,0.42105263157894735,0.875,1,0,2,1,0,0.013498725977819185,0.013636166477925074
0.26315789473684215,1,8,0.11914935570032484,0.1111111111111111,0.53125,0.49999999999999994,0.15789473684210525,0.75,0,1,0,0,1,0.1189007657967189,0.09761041121976889
0.3157894736842105,1,6,0.3456433977484828,0.1111111111111111,0.75,0.5714285714285714,0.21052631578947367,0.75,0,0,3,0,2,0.3454587280252666,0.23666854624378098
0.4736842105263158,0,6,0.05210785106928201,0.4444444444444445,0.44999999999999996,0.6000000000000001,0.2631578947368421,0.8,0,1,2,1,3,0.020397477528968123,0.040417832257062046
0.4385964912280701,0,6,0.013222067389828125,0.1111111111111111,0.53125,0.49999999999999994,0.28947368421052627,0.75,1,0,0,1,0,0.012943583139705282,0.012004993160185785
0.4035087719298246,0,1,0.06849229272529447,0.3333333333333333,0.5625,0.48214285714285715,0.2631578947368421,0.5625,0,1,0,1,3,0.033832487575492204,0.06690427900798045
0.12280701754385964,1,5,0.019911538082347784,0.0,0.375,0.7142857142857142,0.2631578947368421,1.0,1,1,2,0,2,0.03983431486302556,0.016593190704959872
0.0,1,9,0.0349192820070862,0.2222222222222222,0.6041666666666666,0.3809523809523809,0.2807017543859649,0.5833333333333334,0,0,2,0,4,0.02290980355110914,0.03571997819760226
0.21052631578947367,0,6,0.008810825965293702,0.1111111111111111,0.375,0.3214285714285714,0.28947368421052627,0.875,1,1,2,1,1,0.00853109679347204,0.006196202766479701
0.5087719298245613,1,3,0.00322046111075877,0.0,0.375,0.42857142857142855,0.3157894736842105,1.0,1,1,2,1,7,0.006442739951054939,0.003005581420789586
0.5789473684210525,0,8,0.00023234737829768798,0.0,0.375,0.14285714285714285,0.15789473684210525,0.75,1,1,3,1,4,0.00046482590076322755,0.00010900327889527549
0.4385964912280701,1,7,0.08344886490600303,0.3333333333333333,0.4375,0.46428571428571425,0.22368421052631576,0.8125,0,1,2,0,6,0.0413128841557807,0.06859589841086022
0.38596491228070173,0,6,0.003306603506114035,0.0,0.5625,0.6428571428571428,0.15789473684210525,0.25,1,1,3,1,1,0.006615073363242666,0.0034731240505217783
0.36842105263157887,0,7,0.06973128116858086,0.1111111111111111,0.34375,0.46428571428571425,0.2631578947368421,0.75,1,1,2,0,5,0.06946874470721996,0.0672141305179045
0.17543859649122806,0,1,0.023275635710132418,0.0,0.8125,0.35714285714285715,0.42105263157894735,1.0,0,0,0,0,0,0.04656440892109994,0.017468396016968802
0.26315789473684215,1,3,0.004927700648063466,0.1111111111111111,0.59375,0.46428571428571425,0.21052631578947367,0.5,0,1,1,1,0,0.004646875597213336,0.004874663213400984
0.6491228070175438,0,7,0.02279730832674917,0.1111111111111111,0.6875,0.46428571428571425,0.2631578947368421,0.875,1,1,2,0,4,0.022521526360193826,0.022223734825985827
0.08771929824561403,1,6,0.09562714726220303,0.6666666666666665,0.5178571428571429,0.5204081632653061,0.3082706766917293,0.8214285714285714,0,1,2,1,3,0.0268459543983318,0.06643137984476678
0.631578947368421,0,4,0.018035570091755482,0.1111111111111111,0.65625,0.42857142857142855,0.15789473684210525,0.625,1,1,2,1,4,0.017758444287789683,0.01213363706184645
0.22807017543859642,1,3,0.6867504895397251,0.5555555555555556,0.42708333333333337,0.5357142857142856,0.3333333333333333,1.0,1,1,2,1,1,0.22851107423334197,0.6915847813828846
0.5614035087719298,1,7,0.013272843985255427,0.0,0.5,0.7142857142857142,0.736842105263158,1.0,1,0,4,1,6,0.026553179581099373,0.011171420742553156
0.0,1,8,0.022446811516289904,0.4444444444444445,0.44999999999999996,0.42857142857142855,0.19999999999999996,0.75,1,1,2,1,4,0.008529713383053104,0.0156044530125754
0.42105263157894735,1,6,0.001906394432988428,0.1111111111111111,0.5625,0.42857142857142855,0.21052631578947367,0.625,1,1,4,0,1,0.0016247167220129646,0.0012588724662507907
0.14035087719298245,0,6,0.08467619646551429,0.4444444444444445,0.42500000000000004,0.5142857142857142,0.3894736842105263,0.7,1,1,4,0,7,0.03342849220715029,0.07739494095880729
0.0,1,5,0.08388155262579211,0.3333333333333333,0.484375,0.42857142857142855,0.381578947368421,0.6875,1,1,2,1,0,0.041529289071314604,0.0732682762744935
0.33333333333333337,0,1,0.00921980476892994,0.0,0.875,0.7857142857142856,0.42105263157894735,1.0,0,0,3,1,0,0.018444813485642867,0.00997403953870753
0.5087719298245613,2,5,0.15692971116415325,0.3333333333333333,0.65625,0.48214285714285715,0.34210526315789475,0.5,0,1,2,1,5,0.07806367601002301,0.15880972077566785
0.10526315789473684,1,1,0.006881117764754997,0.1111111111111111,0.59375,0.46428571428571425,0.2631578947368421,0.25,1,1,3,0,4,0.006600843998933587,0.006482886180370073
0.0,0,6,0.04904090519061277,0.4444444444444445,0.5,0.5571428571428572,0.2526315789473684,0.65,0,1,2,0,7,0.019170352961357984,0.04061140779629077
0.26315789473684215,1,7,0.03555053189965518,0.4444444444444445,0.4625,0.45714285714285713,0.4105263157894737,0.44999999999999996,0,1,2,1,0,0.013772680766780915,0.03648191242355182
0.26315789473684215,1,6,0.029408539595964504,0.3333333333333333,0.640625,0.42857142857142855,0.3157894736842105,0.8125,1,1,3,0,7,0.014285095985955617,0.02772942381293557
0.4035087719298246,1,0,0.12463243770926823,0.3333333333333333,0.4375,0.46428571428571425,0.28947368421052627,0.8125,0,1,2,0,0,0.061910481883351215,0.10580168318830628
0.49122807017543857,0,2,0.02231246099142389,0.1111111111111111,0.25,0.35714285714285715,0.21052631578947367,0.75,1,0,2,0,3,0.02203654219332607,0.018579767841742048
0.2807017543859649,1,8,0.027274341993607683,0.1111111111111111,0.5,0.42857142857142855,0.4473684210526316,0.875,0,1,2,0,3,0.026999823516356554,0.025248172986592293
0.6842105263157895,0,5,0.06488379568683444,0.4444444444444445,0.5125,0.4857142857142857,0.2210526315789474,0.65,1,1,2,0,6,0.02550929760498059,0.06950912204587179
0.33333333333333337,0,6,0.007840143423136782,0.0,0.3125,0.35714285714285715,0.10526315789473684,0.5,0,0,4,1,1,0.015684712069801356,0.007222087800812903
0.21052631578947367,0,5,0.76256844220764,1.0,0.5,0.6000000000000001,0.34210526315789475,0.8500000000000001,0,1,2,1,2,0.1520487418969205,0.535188636205672
0.0,1,2,0.13911996849875344,0.4444444444444445,0.5625,0.47142857142857136,0.3684210526315789,0.8,1,1,4,1,2,0.05521214697589446,0.1434928657070894
0.22807017543859642,0,2,0.03057620371649115,0.1111111111111111,0.53125,0.46428571428571425,0.34210526315789475,0.625,1,1,2,0,0,0.030302617076541524,0.028036401085381753
0.21052631578947367,0,5,0.1625175075527716,0.1111111111111111,0.5625,0.5714285714285714,0.18421052631578946,0.375,1,1,0,1,2,0.1622811568236027,0.16530906849795657
0.49122807017543857,0,3,0.10135996318795619,0.2222222222222222,0.39583333333333337,0.4523809523809524,0.15789473684210525,0.6666666666666666,1,0,3,0,0,0.06721609140838229,0.07451630502662328
0.38596491228070173,0,7,0.0807322182634918,0.5555555555555556,0.625,0.49999999999999994,0.2719298245614035,0.7916666666666667,1,1,3,1,0,0.02644797451257345,0.0653672151931148
0.03508771929824561,0,2,0.1677633028258855,0.2222222222222222,0.7083333333333333,0.5714285714285714,0.21052631578947367,0.16666666666666669,1,1,3,1,6,0.11149747787811455,0.17050629954466853
0.33333333333333337,1,1,0.0007899020564916296,0.0,0.5,0.35714285714285715,0.15789473684210525,0.5,0,0,3,0,7,0.0015802499585470947,0.0009355207499913338
0.4385964912280701,1,6,0.10432199711264917,0.2222222222222222,0.6041666666666666,0.4523809523809524,0.15789473684210525,0.5,0,1,2,1,5,0.06919133797987954,0.07705900356631902
0.6140350877192983,1,3,5.334506134385697e-05,0.0,0.6875,0.35714285714285715,0.7894736842105263,0.75,1,0,2,0,1,0.00010672023231808798,0.0
0.4736842105263158,1,6,0.41377175861083143,0.6666666666666665,0.4910714285714286,0.38775510204081637,0.3157894736842105,0.8214285714285714,1,1,2,0,0,0.11777006775859535,0.30173483748277424
0.45614035087719296,1,6,0.012149634082515327,0.0,0.4375,0.21428571428571425,0.3157894736842105,0.75,1,1,2,1,3,0.024306125800624075,0.011785331738392829
0.29824561403508765,1,6,0.06534394623450054,0.4444444444444445,0.475,0.5571428571428572,0.1368421052631579,0.8,0,0,3,0,0,0.025693409768735277,0.05638139075815939
0.36842105263157887,1,3,0.017432375749967352,0.1111111111111111,0.71875,0.35714285714285715,0.49999999999999994,0.875,1,1,3,0,6,0.01715507971507279,0.011925254844701466
0.543859649122807,0,1,0.02916018869926366,0.0,0.375,0.35714285714285715,0.10526315789473684,0.75,0,0,2,1,5,0.058336836326144136,0.022320979860653487
0.017543859649122806,1,0,0.06762316337399214,0.0,0.5625,0.2857142857142857,0.2631578947368421,0.75,1,0,3,1,6,0.13528449538820372,0.0708188162566175
0.21052631578947367,0,1,0.03601917814227603,0.5555555555555556,0.39583333333333337,0.5952380952380953,0.22807017543859648,0.7083333333333334,1,0,2,1,4,0.011539421564483033,0.034386593302190537
0.12280701754385964,0,7,0.00903645581734809,0.2222222222222222,0.375,0.5952380952380953,0.17543859649122803,0.9166666666666667,1,1,2,2,1,0.005649716397570283,0.007717414726164427
0.36842105263157887,0,7,0.008497868272076409,0.0,0.625,0.07142857142857142,0.10526315789473684,0.75,0,0,2,2,2,0.01700053300827141,0.008087189732596624
0.543859649122807,0,2,0.05287621752693482,0.2222222222222222,0.5625,0.42857142857142855,0.24561403508771928,0.8333333333333333,0,1,3,1,0,0.034884472384064766,0.04113112219115143
0.15789473684210525,1,1,0.29656001408309624,0.6666666666666665,0.6339285714285714,0.49999999999999994,0.21052631578947367,0.5357142857142857,1,1,0,1,2,0.08427154675138106,0.2944011334599043
0.0,1,4,0.016670134095654016,0.0,0.4375,0.6428571428571428,0.42105263157894735,0.25,0,0,0,1,2,0.033349677339282784,0.017805160841458282
0.21052631578947367,1,8,0.04024489729791459,0.1111111111111111,0.71875,0.35714285714285715,0.3947368421052631,0.625,1,1,2,1,0,0.03997403931533832,0.028269257870141257
0.4736842105263158,1,5,0.012325080062046235,0.1111111111111111,0.375,0.42857142857142855,0.2368421052631579,0.75,1,0,2,0,0,0.01204634266799395,0.012222128736922439
0.4035087719298246,0,8,0.2587820295108831,0.4444444444444445,0.475,0.47142857142857136,0.28421052631578947,0.65,1,1,2,0,0,0.10309047958688992,0.24177445492699176
0.38596491228070173,0,7,0.0040810947671063285,0.1111111111111111,0.6875,0.5714285714285714,0.18421052631578946,0.875,1,1,3,0,1,0.0038000307907633236,0.0032994504283746116
0.22807017543859642,1,3,0.23204746050835476,0.8888888888888888,0.6458333333333333,0.5396825396825395,0.25146198830409355,0.6111111111111112,1,1,2,1,3,0.05107893825490153,0.2061345198882427
0.017543859649122806,1,0,0.28810304369138345,0.7777777777777777,0.6015625,0.5267857142857142,0.2631578947368421,0.5,1,1,0,1,2,0.07155221020565582,0.24462966146882592
0.4035087719298246,1,2,0.028873705962417024,0.1111111111111111,0.59375,0.5357142857142856,0.5789473684210527,0.125,0,1,2,0,3,0.028599638850828633,0.020725124824649742
0.10526315789473684,1,9,0.05550415330817422,0.1111111111111111,0.65625,0.39285714285714285,0.3684210526315789,0.75,1,1,3,1,1,0.05523760172760292,0.052991358300179446
0.7543859649122807,0,0,0.05250003605730998,0.4444444444444445,0.6375,0.5142857142857142,0.3052631578947368,0.8,0,1,2,1,1,0.020554395796487674,0.04622444519813339
0.4035087719298246,1,4,0.015721382300938457,0.1111111111111111,0.59375,0.42857142857142855,0.3157894736842105,0.875,0,1,4,0,0,0.015443603396786416,0.011600074068228826
0.17543859649122806,0,1,0.02024326533418606,0.3333333333333333,0.59375,0.46428571428571425,0.17105263157894735,0.6875,0,0,2,1,1,0.009701165562803966,0.01689868730961443
0.15789473684210525,1,5,0.0014355748730535722,0.0,0.625,0.2857142857142857,0.5263157894736843,1.0,0,1,4,1,1,0.0028719600297156555,0.0012533417365585414
0.26315789473684215,1,2,0.10462171732768114,0.4444444444444445,0.6125,0.5285714285714285,0.28421052631578947,0.8,0,0,4,1,3,0.04140895212787297,0.06918563968245424
0.24561403508771928,0,2,0.5983792584917929,0.3333333333333333,0.609375,0.625,0.25,0.75,0,1,4,0,2,0.2988507416759701,0.6028161343317564
0.5263157894736842,0,1,0.03776119075660486,0.0,0.4375,0.42857142857142855,0.3157894736842105,0.25,0,0,2,0,2,0.0755436951168972,0.041012668767821364
0.33333333333333337,0,5,0.03608694612761285,0.4444444444444445,0.55,0.47142857142857136,0.2421052631578947,0.8999999999999999,0,1,3,0,1,0.013987307011776182,0.02983414952967894
0.14035087719298245,0,9,0.4049190468936677,0.3333333333333333,0.375,0.5714285714285714,0.42105263157894735,0.75,0,0,3,0,0,0.20209333711992525,0.3174905363553589
0.6842105263157895,1,6,0.12742929951809653,0.1111111111111111,0.40625,0.39285714285714285,0.49999999999999994,0.625,1,0,0,0,2,0.12718304634484193,0.09598320086582485
0.29824561403508765,1,2,0.057971658756779516,0.5555555555555556,0.5520833333333334,0.5952380952380953,0.2192982456140351,0.7083333333333334,1,1,2,2,4,0.01885898021439831,0.061134029525909336
0.45614035087719296,0,1,0.008672721528703495,0.1111111111111111,0.40625,0.49999999999999994,0.3684210526315789,0.5,0,1,2,0,4,0.008392953381638072,0.006771572850684408
0.15789473684210525,0,4,0.030896274084554292,0.3333333333333333,0.625,0.5357142857142856,0.4473684210526316,0.9375,1,1,2,0,0,0.015029173161284506,0.032712829010915656
0.36842105263157887,0,7,0.025504668977100547,0.1111111111111111,0.53125,0.42857142857142855,0.47368421052631576,1.0,0,1,2,0,5,0.025229651070295234,0.026220928176637747
0.3508771929824561,1,6,0.2374649478492753,0.1111111111111111,0.53125,0.39285714285714285,0.2631578947368421,0.5,0,1,2,1,2,0.23724974846634128,0.25200221124669964
0.0,2,1,0.11444451886409793,1.0,0.64375,0.5214285714285714,0.3789473684210526,0.7,1,1,2,1,7,0.022387375075568795,0.11449464024388863
0.719298245614035,1,2,0.115315623958413,0.3333333333333333,0.5,0.5535714285714286,0.28947368421052627,0.8125,1,1,0,1,0,0.05725076033224775,0.07710655913186182
0.5614035087719298,0,6,0.0791184313706895,0.3333333333333333,0.40625,0.41071428571428564,0.25,0.8125,0,1,3,0,7,0.03914705632990306,0.05842249130891555
0.21052631578947367,0,3,0.39360772057145604,0.7777777777777777,0.4375,0.5089285714285714,0.17105263157894735,0.6875,0,1,2,0,5,0.09793582319540534,0.3009073183834662
0.05263157894736842,1,8,0.07238865552071004,0.1111111111111111,0.375,0.2857142857142857,0.10526315789473684,0.625,0,0,2,0,1,0.07212686901217974,0.07002774771441507
0.36842105263157887,0,9,0.024172227889311764,0.2222222222222222,0.5625,0.5238095238095237,0.2807017543859649,0.75,1,1,2,1,0,0.015743078814143222,0.02437044182952706
0.3157894736842105,1,6,0.06442166939615564,0.2222222222222222,0.5625,0.6428571428571428,0.3157894736842105,0.6666666666666666,0,1,2,1,4,0.04258361250226203,0.059417500064888086
0.36842105263157887,0,4,0.0034480667058258935,0.0,0.375,0.2857142857142857,0.3157894736842105,0.75,1,0,2,1,4,0.0068980796089454476,0.0034111537485369695
0.33333333333333337,1,2,0.027946884915142824,0.1111111111111111,0.5,0.46428571428571425,0.2631578947368421,1.0,0,0,2,0,4,0.027672556240080203,0.025391580017116524
0.4035087719298246,0,6,0.06806572980884489,0.4444444444444445,0.48750000000000004,0.4428571428571428,0.23157894736842105,0.6,1,1,3,0,0,0.02678243045052341,0.07376543226005822
0.5964912280701754,1,6,0.014056818812708849,0.1111111111111111,0.5,0.46428571428571425,0.3684210526315789,0.75,1,1,2,1,3,0.013778570142564395,0.009348196102429464
0.4035087719298246,0,6,0.12325870359251326,0.2222222222222222,0.5208333333333334,0.49999999999999994,0.2982456140350877,1.0,0,1,3,1,1,0.08181937179069368,0.12337285496963499
0.07017543859649122,0,5,0.11978455707891927,0.6666666666666665,0.4017857142857143,0.4489795918367347,0.3834586466165414,0.8571428571428572,1,1,2,0,4,0.033750019374804076,0.10859505007531373
0.5789473684210525,1,6,0.08055084505492269,0.3333333333333333,0.515625,0.5535714285714286,0.2368421052631579,0.875,0,1,3,0,0,0.03986346529685319,0.08346742086658086
0.631578947368421,1,6,0.023644309356308853,0.4444444444444445,0.4375,0.5857142857142856,0.29473684210526313,0.7,1,1,3,0,0,0.009008847700149349,0.02293920221270995
0.9473684210526315,0,0,0.283693975584163,0.4444444444444445,0.42500000000000004,0.49999999999999994,0.19999999999999996,0.65,1,1,4,1,2,0.11305807023337539,0.22865386568392132
0.05263157894736842,1,3,0.414465639556904,0.2222222222222222,0.5,0.6428571428571428,0.2807017543859649,0.41666666666666663,1,0,0,1,2,0.2760121178847496,0.30234979365587855
0.33333333333333337,0,5,0.2677521003630033,0.6666666666666665,0.4732142857142857,0.6428571428571428,0.2631578947368421,0.8214285714285714,1,1,2,1,2,0.0760383913895632,0.2468662101680767
0.0,1,0,0.09094404359911622,0.1111111111111111,0.34375,0.6785714285714286,0.15789473684210525,0.5,0,0,0,1,3,0.09068749371289372,0.08972685685757352
0.4035087719298246,0,6,0.13061676572054262,0.1111111111111111,0.65625,0.42857142857142855,0.3157894736842105,0.75,0,0,2,0,2,0.13037141210037473,0.13013201634030136
0.17543859649122806,1,9,0.02712398795033852,0.0,0.6875,0.49999999999999994,0.3684210526315789,1.0,1,1,3,1,6,0.054263285532550755,0.023633374112666278
0.7017543859649124,1,6,0.04288784872605079,0.2222222222222222,0.45833333333333337,0.5238095238095237,0.3157894736842105,1.0,0,0,2,1,1,0.028223680600310528,0.030443966914565298
0.12280701754385964,1,3,0.06993478269889263,0.3333333333333333,0.515625,0.5714285714285714,0.18421052631578946,0.75,1,1,2,1,6,0.03455393610896847,0.06180215909235413
0.0,1,2,0.08741971321299874,0.5555555555555556,0.46875,0.4761904761904761,0.28947368421052627,0.6666666666666666,1,1,2,1,3,0.028677768601155333,0.060868336755417904
0.19298245614035092,1,6,0.5294418308657292,0.2222222222222222,0.5625,0.49999999999999994,0.1929824561403509,0.9166666666666667,0,0,4,1,2,0.3526845441501272,0.45591102614981266
0.0,0,4,0.014583354325602843,0.1111111111111111,0.6875,0.46428571428571425,0.18421052631578946,0.75,1,0,2,0,3,0.014305254252060143,0.012275432777420967
0.45614035087719296,0,7,0.060267669711879385,0.1111111111111111,0.4375,0.5357142857142856,0.3684210526315789,1.0,0,0,1,0,1,0.060002462470545706,0.06375450667371813
0.0,0,6,0.0351814631048762,0.2222222222222222,0.625,0.4523809523809524,0.47368421052631576,0.9166666666666667,0,1,3,0,0,0.023084640277388283,0.031906039260690376
0.29824561403508765,0,8,0.04292558541759403,0.1111111111111111,0.53125,0.6785714285714286,0.3947368421052631,0.75,1,1,2,1,5,0.0426554839673602,0.04156069004693368
0.0,1,3,0.04091269843621917,0.1111111111111111,0.375,0.49999999999999994,0.13157894736842105,0.75,0,1,2,1,3,0.04064202891762561,0.032912457868468976
0.22807017543859642,0,2,0.004257133469541057,0.0,0.375,0.7142857142857142,0.10526315789473684,1.0,0,0,2,0,1,0.008516669799103115,0.004297507618035787
0.631578947368421,1,3,0.004599924882250655,0.1111111111111111,0.6875,0.49999999999999994,0.13157894736842105,0.25,1,1,4,0,4,0.004319007327924989,0.004653782418132571
0.36842105263157887,0,5,0.06352231117675847,0.3333333333333333,0.65625,0.6428571428571428,0.34210526315789475,0.75,1,1,2,0,5,0.031346795497750074,0.04268203460477406
0.10526315789473684,1,6,0.2649076231475681,0.5555555555555556,0.5104166666666666,0.4404761904761904,0.47368421052631576,0.8333333333333333,1,1,4,0,4,0.08785710187243281,0.26377412987686244
0.2807017543859649,1,1,0.020307872130702516,0.1111111111111111,0.40625,0.42857142857142855,0.34210526315789475,0.75,0,0,2,1,3,0.02003138760610511,0.01752383396104938
0.29824561403508765,1,7,0.05982431297982155,0.4444444444444445,0.48750000000000004,0.4857142857142857,0.23157894736842105,0.8500000000000001,0,0,2,1,0,0.023484933375942374,0.05944428273229544
0.38596491228070173,0,6,0.25299606609808734,0.5555555555555556,0.5208333333333334,0.3333333333333333,0.2631578947368421,0.875,1,1,2,0,5,0.08388546231303455,0.1909879416157012
0.0,1,0,0.06591730685679636,0.1111111111111111,1.0,0.49999999999999994,0.42105263157894735,0.875,1,0,3,0,1,0.06565369403190817,0.045329773459569844
0.42105263157894735,0,1,0.013016985265106185,0.1111111111111111,0.84375,0.5714285714285714,0.42105263157894735,0.875,1,1,2,0,7,0.012738443137582734,0.01271449432669071
0.0,1,1,0.0097884236079952,0.2222222222222222,0.5208333333333334,0.6190476190476191,0.1929824561403509,0.5833333333333334,1,1,3,0,3,0.006151169736092064,0.007308402023254149
0.15789473684210525,0,6,0.11394900251650388,0.3333333333333333,0.5625,0.5178571428571428,0.35526315789473684,0.5625,1,1,3,1,0,0.056567256770262364,0.09370175309324566
0.19298245614035092,0,0,0.03076231870829083,0.2222222222222222,0.39583333333333337,0.7380952380952381,0.2631578947368421,0.33333333333333337,0,1,0,0,0,0.020137712578303497,0.031204420472723225
0.42105263157894735,1,5,0.1581084394455512,0.2222222222222222,0.47916666666666663,0.5476190476190474,0.2982456140350877,0.9166666666666667,1,0,4,0,1,0.10505908578837628,0.11572694778799554
0.29824561403508765,0,1,0.4568834590202251,0.8888888888888888,0.5138888888888888,0.5317460317460316,0.30994152046783624,0.75,0,1,3,1,2,0.10105659398074612,0.4822117797400401
0.0,0,3,0.034563450690492555,0.0,0.625,0.2857142857142857,0.10526315789473684,0.75,1,1,3,1,3,0.06914641007960737,0.02709452217369697
0.08771929824561403,0,6,0.027852641973435344,0.0,0.4375,0.5714285714285714,0.15789473684210525,1.0,0,1,2,0,3,0.05572100485399189,0.028130249293939213
0.33333333333333337,0,2,0.31554808988129146,0.2222222222222222,0.45833333333333337,0.5476190476190474,0.3157894736842105,0.41666666666666663,1,0,2,0,1,0.21004847404231275,0.2944308339138422
0.2807017543859649,0,6,0.024926171422971606,0.2222222222222222,0.6041666666666666,0.49999999999999994,0.2982456140350877,0.9166666666666667,1,1,2,1,1,0.016245849686397324,0.027270373248478873
0.17543859649122806,0,7,0.042689484127572154,0.2222222222222222,0.47916666666666663,0.5952380952380953,0.6140350877192982,0.9166666666666667,1,1,0,0,3,0.02809140021358539,0.04045471830469461
0.19298245614035092,1,2,0.024862157349358982,0.2222222222222222,0.5625,0.3809523809523809,0.5789473684210527,0.5833333333333334,1,1,2,0,7,0.016203161593470093,0.025047411853668912
0.4385964912280701,0,8,0.5605052528091609,0.5555555555555556,0.42708333333333337,0.5595238095238095,0.3859649122807018,0.7083333333333334,1,1,3,0,2,0.18641745252613048,0.4189178913966756
0.17543859649122806,1,1,0.0851936435605497,0.2222222222222222,0.6041666666666666,0.4761904761904761,0.4561403508771929,0.9166666666666667,0,1,2,1,3,0.05643550339703016,0.06871522281524418
0.26315789473684215,1,0,0.15918047760426146,0.5555555555555556,0.42708333333333337,0.5238095238095237,0.16666666666666669,0.6666666666666666,1,1,4,0,1,0.05260477407030373,0.12041021291480254
0.7543859649122807,0,3,0.1250017040783485,0.4444444444444445,0.5875,0.5142857142857142,0.19999999999999996,0.8500000000000001,0,1,2,1,0,0.04956324744923822,0.09005107955488686
0.0,1,8,0.0435345094141191,0.3333333333333333,0.546875,0.5357142857142856,0.34210526315789475,0.5625,0,1,2,1,0,0.021350074180442963,0.04447708300780417
0.0,1,1,0.00751789973775963,0.1111111111111111,0.40625,0.39285714285714285,0.2631578947368421,0.5,1,0,2,0,0,0.007237805681824694,0.0049897198106208475
0.45614035087719296,0,1,0.0436688599389851,0.4444444444444445,0.5625,0.6285714285714286,0.2421052631578947,0.8500000000000001,0,1,2,0,7,0.017020928430447755,0.03527059552284383
0.14035087719298245,0,9,0.01965884055101892,0.2222222222222222,0.5625,0.42857142857142855,0.42105263157894735,0.75,0,1,0,1,0,0.012733304756026678,0.01364605211288681
0.22807017543859642,0,6,0.013357405786200503,0.1111111111111111,0.90625,0.46428571428571425,0.34210526315789475,0.75,0,1,2,0,1,0.013078959730701376,0.013177420756837246
0.12280701754385964,0,6,0.06556918093795239,0.2222222222222222,0.6458333333333333,0.42857142857142855,0.24561403508771928,0.41666666666666663,0,0,2,1,1,0.043348836093994696,0.06914675037839771
0.22807017543859642,0,6,0.00442625707143121,0.1111111111111111,0.59375,0.6071428571428572,0.2631578947368421,1.0,1,1,3,1,1,0.004145290505318323,0.004197344796837572
0.631578947368421,1,5,0.035349203686657435,0.4444444444444445,0.475,0.5714285714285714,0.3368421052631579,0.5,0,1,4,0,0,0.013692126754386743,0.03661909193954068
0.45614035087719296,1,6,0.019123809343170164,0.0,0.625,0.49999999999999994,0.3684210526315789,0.75,0,0,3,1,2,0.038258412765795134,0.014433462534662869
0.4736842105263158,0,9,0.015639981688813757,0.1111111111111111,0.34375,0.6071428571428572,0.4473684210526316,0.875,0,0,2,0,0,0.015362179812128913,0.015989775030819664
0.0,1,7,0.0036324035289141098,0.0,0.75,0.6428571428571428,0.21052631578947367,1.0,1,1,2,1,4,0.007266857300622397,0.0037452185317593664
0.05263157894736842,0,6,0.09375078412300818,0.7777777777777777,0.5234375,0.5625,0.25,0.5625,1,1,2,1,1,0.022950432997579623,0.07234403472915014
0.0,0,7,0.026513088210800718,0.1111111111111111,0.625,0.6428571428571428,0.47368421052631576,0.625,1,1,2,1,1,0.026238354895761012,0.026351923727143935
0.12280701754385964,1,6,0.15787194300692678,0.6666666666666665,0.4017857142857143,0.5612244897959184,0.3082706766917293,0.6428571428571429,1,1,0,1,2,0.04463520074259211,0.1560833758807578
0.49122807017543857,0,2,0.004237968762317522,0.1111111111111111,0.6875,0.5357142857142856,0.3157894736842105,1.0,1,1,2,1,0,0.003956949058282883,0.004314230454270621
0.4035087719298246,0,2,0.1526927302733421,0.3333333333333333,0.484375,0.5178571428571428,0.3289473684210526,0.75,0,1,3,1,6,0.0759445876932995,0.1013256244542215
0.24561403508771928,1,7,0.0023542953739755525,0.0,0.5,0.49999999999999994,0.15789473684210525,0.75,1,1,2,1,4,0.004709919586304947,0.002202623987201456
0.2807017543859649,2,6,0.055056054792885833,0.2222222222222222,0.75,0.5238095238095237,0.4035087719298245,0.6666666666666666,1,1,2,1,0,0.036338107350935706,0.0413820518327793
0.14035087719298245,0,2,0.020187944529829475,0.3333333333333333,0.453125,0.41071428571428564,0.19736842105263158,0.75,1,1,3,1,0,0.009673497354425204,0.01879198237552418
0.33333333333333337,1,5,0.02967506732838252,0.2222222222222222,0.47916666666666663,0.5714285714285714,0.24561403508771928,0.8333333333333333,0,1,0,1,3,0.019412673765406663,0.022925266515847587
0.45614035087719296,0,0,0.09166795583898248,0.3333333333333333,0.4375,0.5178571428571428,0.4473684210526316,0.9375,1,1,1,1,0,0.04542358940062557,0.0629082179326986
0.0,0,5,0.01771214096057069,0.0,0.3125,0.49999999999999994,0.5789473684210527,1.0,1,0,3,0,5,0.03543427921056277,0.015754000459529606
0.3508771929824561,0,6,0.019145147367707706,0.3333333333333333,0.53125,0.5535714285714286,0.4473684210526316,0.625,1,1,1,0,0,0.009151951626485511,0.01628129238955917
0.49122807017543857,0,9,0.05325299171946346,0.5555555555555556,0.59375,0.5238095238095237,0.34210526315789475,0.75,0,1,3,1,7,0.017285647307945906,0.05312792812943057
0.21052631578947367,0,1,0.11446585688863545,0.4444444444444445,0.575,0.5714285714285714,0.15789473684210525,0.75,1,1,0,0,1,0.04534771922064979,0.11296585074903501
0.4385964912280701,1,6,0.16016933698213554,0.3333333333333333,0.625,0.5535714285714286,0.381578947368421,0.75,1,1,2,0,3,0.07968394605568938,0.11310559965913286
0.8771929824561403,0,5,0.09396614011139635,0.1111111111111111,0.3125,0.39285714285714285,0.21052631578947367,0.75,1,1,0,1,4,0.09371044310833349,0.06855369937879889
0.26315789473684215,0,8,0.16296007398762435,0.3333333333333333,0.671875,0.48214285714285715,0.17105263157894735,0.4375,1,1,4,0,2,0.08107970835336807,0.10981533808087686
0.36842105263157887,1,2,0.002481928372598262,0.0,0.3125,0.42857142857142855,0.10526315789473684,0.0,0,0,2,1,4,0.004965257623628965,0.0024528568439862153
0.14035087719298245,1,6,0.04040058584731814,0.0,0.5,0.9285714285714286,0.10526315789473684,1.0,1,1,0,0,6,0.08082397505592437,0.035929666886328086
0.33333333333333337,0,1,0.013226018875853595,0.0,0.4375,0.2857142857142857,0.21052631578947367,0.0,0,0,4,1,3,0.026459502932731273,0.011750361849078843
0.38596491228070173,0,7,0.012306705652027794,0.0,0.8125,0.5714285714285714,0.10526315789473684,0.75,1,1,2,0,6,0.024620357595782887,0.013107872919683529
0.33333333333333337,0,9,0.10858426751402332,0.5555555555555556,0.5208333333333334,0.4047619047619047,0.2192982456140351,0.9166666666666667,0,0,2,1,0,0.035734611024845576,0.0926584919868872
0.07017543859649122,0,6,0.003050349637362249,0.1111111111111111,0.4375,0.5714285714285714,0.2631578947368421,1.0,1,0,2,0,1,0.002768994768534686,0.0030892827000691386
0.33333333333333337,0,5,0.16115720848850326,0.4444444444444445,0.5125,0.5285714285714285,0.39999999999999997,0.6,0,0,0,1,3,0.06402953067406277,0.11460150961920186
0.5964912280701754,0,1,0.04540790893879484,0.1111111111111111,0.875,0.49999999999999994,0.28947368421052627,0.5,0,1,2,0,1,0.045138508039294374,0.035835383187243684
0.38596491228070173,0,5,0.02919101029026234,0.2222222222222222,0.5625,0.49999999999999994,0.24561403508771928,0.75,1,0,2,1,0,0.019089878000987756,0.024348754401285012
0.49122807017543857,1,8,0.03978652491895997,0.0,0.625,0.5714285714285714,0.21052631578947367,1.0,1,0,0,0,5,0.07959550660390725,0.036395032063425536
0.24561403508771928,0,7,0.0973211493213224,0.4444444444444445,0.5875,0.5428571428571427,0.23157894736842105,0.8,1,1,2,1,1,0.03848790079129099,0.08038318985662432
0.4385964912280701,0,1,0.039164165869948295,0.2222222222222222,0.5416666666666666,0.4523809523809524,0.3859649122807018,0.41666666666666663,1,1,2,1,1,0.02574052477500311,0.02784831272679258
0.3508771929824561,0,5,0.021725270168038918,0.5555555555555556,0.41666666666666663,0.5238095238095237,0.34210526315789475,0.75,0,1,2,1,1,0.006773440917867779,0.02394244173964182
0.08771929824561403,0,3,0.0029472158520974586,0.1111111111111111,0.5625,0.5357142857142856,0.21052631578947367,0.75,1,0,0,1,1,0.002665831877293867,0.002310146598305106
0.3508771929824561,0,2,0.07354545305466664,0.5555555555555556,0.53125,0.5714285714285714,0.32456140350877194,0.8333333333333333,1,1,4,1,0,0.024051710036912685,0.0591471475457583
0.08771929824561403,1,2,0.06679690764606619,0.1111111111111111,0.625,0.5714285714285714,0.3684210526315789,0.5,0,0,1,1,4,0.06653354305835284,0.06882113411139813
0.15789473684210525,1,6,0.026083561679832033,0.0,0.125,0.35714285714285715,0.15789473684210525,1.0,1,1,4,0,3,0.05218184574222834,0.021159221781912266
0.33333333333333337,1,5,0.07529003413491203,0.3333333333333333,0.5,0.5178571428571428,0.34210526315789475,0.6875,0,0,2,1,0,0.0372323174950627,0.051333445864085496
0.3508771929824561,1,6,0.031031414906625397,0.0,0.5625,0.35714285714285715,0.0,0.75,0,1,0,1,6,0.06208034491979084,0.027908933008143847
0.03508771929824561,0,8,0.0477412614368354,0.1111111111111111,0.625,0.35714285714285715,0.2368421052631579,0.5,1,0,4,0,5,0.04747251904610294,0.04541181987484699
0.5087719298245613,1,1,0.02989279420838596,0.3333333333333333,0.53125,0.49999999999999994,0.14473684210526316,0.6875,1,1,2,0,7,0.01452729162429972,0.024460414172394675
0.4035087719298246,1,0,0.4055024838053285,0.7777777777777777,0.5703125,0.5357142857142856,0.23026315789473684,0.625,0,1,2,1,2,0.10091035322618228,0.3708649521230425
0.14035087719298245,0,1,0.03012948822131167,0.0,0.6875,0.6428571428571428,0.3684210526315789,1.0,0,0,0,0,5,0.06027598247337576,0.03205745931691047
0.0,0,1,0.11966146828922584,0.2222222222222222,0.6458333333333333,0.5238095238095237,0.17543859649122803,0.8333333333333333,1,0,2,1,2,0.07942053812425488,0.12459048648298374
0.26315789473684215,1,1,0.14395145046209665,0.2222222222222222,0.5416666666666666,0.5714285714285714,0.3684210526315789,0.5833333333333334,1,0,2,1,2,0.09561842958279568,0.157703574837218
0.19298245614035092,0,0,0.29817241795578964,0.4444444444444445,0.6,0.39999999999999997,0.3684210526315789,0.75,1,1,4,1,0,0.11885108159967303,0.25832104814556817
0.3157894736842105,0,3,0.0026445320225463886,0.0,0.3125,0.42857142857142855,0.2631578947368421,0.75,0,1,2,1,4,0.005290556702139286,0.0024539455703035873
0.21052631578947367,1,9,0.05895459090561541,0.2222222222222222,0.47916666666666663,0.5238095238095237,0.3157894736842105,0.9166666666666667,1,1,2,1,0,0.03893786491155363,0.039669093394079036
0.0,1,1,0.19332349018164388,0.4444444444444445,0.525,0.5714285714285714,0.3052631578947368,0.8500000000000001,1,1,2,1,0,0.07689967448352841,0.19142290955401764
0.21052631578947367,0,2,0.006004283015703008,0.0,0.5,0.21428571428571425,0.15789473684210525,1.0,0,0,2,0,7,0.012011955037580343,0.004154318332775034
0.22807017543859642,0,0,0.03203726567440902,0.2222222222222222,0.625,0.3809523809523809,0.22807017543859648,0.75,1,1,4,1,0,0.02098791709577093,0.035370801893094744
0.42105263157894735,0,6,0.02128823581362184,0.2222222222222222,0.5416666666666666,0.5476190476190474,0.14035087719298245,0.5,1,1,2,0,0,0.013819874825072694,0.017285881937124575
0.14035087719298245,1,7,0.044723709133484564,0.1111111111111111,0.4375,0.42857142857142855,0.3947368421052631,0.625,1,1,3,0,1,0.04445411514203968,0.04197697544164401
0.6491228070175438,1,7,0.2165661309834636,1.0,0.55625,0.5571428571428572,0.2736842105263158,0.8,1,1,2,1,1,0.04281746156441187,0.22590160910265783
0.0,0,1,0.11255096676069228,0.5555555555555556,0.59375,0.4761904761904761,0.5175438596491229,0.375,0,0,0,1,0,0.0370572172620371,0.07637676410680108
0.5614035087719298,1,1,0.10084903604486281,0.2222222222222222,0.5208333333333334,0.6190476190476191,0.22807017543859648,0.8333333333333333,1,1,2,0,0,0.06687537718520381,0.09048874753447038
0.24561403508771928,1,2,0.05060233489357759,0.2222222222222222,0.5416666666666666,0.3333333333333333,0.2631578947368421,0.6666666666666666,1,0,1,0,6,0.03336812281153529,0.05541377435633194
0.4736842105263158,0,6,0.03507951476541905,0.3333333333333333,0.5625,0.49999999999999994,0.35526315789473684,0.5625,1,1,2,1,0,0.01712138378986865,0.030264675464620493
0.29824561403508765,1,0,0.05828046738967007,0.3333333333333333,0.546875,0.5714285714285714,0.2763157894736842,0.625,1,1,3,1,4,0.028725133938832307,0.03894509039302672
0.5263157894736842,0,8,0.06473818342679585,0.1111111111111111,0.28125,0.6071428571428572,0.3947368421052631,1.0,1,1,2,1,2,0.06447423783473344,0.06550539633731563
0.21052631578947367,0,3,0.06505370958592971,0.1111111111111111,0.46875,0.5357142857142856,0.21052631578947367,0.5,1,0,2,0,2,0.0647898530403112,0.051487870804941535
0.05263157894736842,1,3,0.270657628037532,0.7777777777777777,0.640625,0.5357142857142856,0.3026315789473684,0.78125,1,1,3,0,0,0.06718962544953427,0.2903261615011394
0.5964912280701754,0,6,0.258959648807728,0.8888888888888888,0.5069444444444444,0.5476190476190474,0.3684210526315789,0.7777777777777777,1,1,2,1,5,0.05706111233092775,0.18677095619609826
0.26315789473684215,1,9,0.0985018533457331,0.1111111111111111,0.59375,0.2857142857142857,0.18421052631578946,0.625,0,0,3,0,2,0.09824743639227115,0.08779454184044916
0.33333333333333337,0,1,0.105973718271296,1.0,0.56875,0.5785714285714285,0.2368421052631579,0.55,1,1,2,0,0,0.020692736838381496,0.11351674626562519
0.543859649122807,1,3,0.4096873050806034,0.3333333333333333,0.6875,0.6428571428571428,0.3157894736842105,0.75,1,1,2,1,1,0.20447813905211482,0.2855983021443728
0.07017543859649122,1,4,0.06636026844025164,0.1111111111111111,0.6875,0.49999999999999994,0.15789473684210525,0.75,1,1,2,0,1,0.06609678062608806,0.05084857071138074
0.42105263157894735,0,3,0.2018025888950993,0.5555555555555556,0.5104166666666666,0.3809523809523809,0.25438596491228066,0.75,1,1,2,1,4,0.06681615404393593,0.1483589062080568
0.15789473684210525,1,0,0.03537172715700262,0.1111111111111111,0.34375,0.42857142857142855,0.13157894736842105,0.625,0,0,2,1,4,0.035099493889179725,0.03753518981203009
0.26315789473684215,0,7,0.11836676389298034,0.1111111111111111,0.4375,0.6071428571428572,0.5789473684210527,0.75,0,1,0,1,2,0.11811795312965975,0.0892060101873428
0.29824561403508765,1,6,0.005987884348697304,0.1111111111111111,0.34375,0.5357142857142856,0.4473684210526316,0.625,1,0,2,1,3,0.005707358498359374,0.00606472817639387
0.0,1,5,0.09558269304441648,0.1111111111111111,0.40625,0.49999999999999994,0.3157894736842105,0.625,0,1,3,0,0,0.09532745225801237,0.10024212402317298
0.12280701754385964,0,6,0.2130311315850774,0.1111111111111111,0.5625,0.6428571428571428,0.34210526315789475,0.5,1,0,3,0,2,0.21280903659496053,0.2022706737369425
0.5789473684210525,1,0,0.0012281218567163506,0.0,0.8125,0.49999999999999994,0.2631578947368421,1.0,0,0,2,0,0,0.0024569369040342024,0.0009470612489554759
0.4736842105263158,1,6,0.011478474181089098,0.1111111111111111,0.5,0.5357142857142856,0.2368421052631579,0.75,0,1,2,0,3,0.011199497861543936,0.009212671450443008
0.2807017543859649,0,9,0.02663815274350687,0.2222222222222222,0.5208333333333334,0.4761904761904761,0.2807017543859649,0.5,1,0,3,1,1,0.017387492665454404,0.021040594162371425
0.33333333333333337,0,6,0.18685490755794806,0.3333333333333333,0.671875,0.35714285714285715,0.19736842105263158,0.6875,1,1,2,0,5,0.09303049688742536,0.20559333581040343
0.22807017543859642,0,7,0.02208584326786314,0.2222222222222222,0.5625,0.4523809523809524,0.21052631578947367,0.5,0,1,2,0,1,0.014351763192811116,0.02172679658568459
0.5789473684210525,0,3,0.30896293841984424,0.4444444444444445,0.5,0.5285714285714285,0.21052631578947367,0.8500000000000001,1,0,2,0,2,0.12316850788711924,0.24307596191583083
0.24561403508771928,1,7,0.5030099456927518,0.2222222222222222,0.41666666666666663,0.5714285714285714,0.3508771929824561,0.6666666666666666,1,1,2,1,2,0.335058314372376,0.43532813253126434
0.33333333333333337,0,1,0.07298849109937652,0.1111111111111111,0.21875,0.5714285714285714,0.49999999999999994,0.625,1,0,2,1,0,0.07272687387387922,0.05694169287013168
0.5263157894736842,1,7,0.01223399830915913,0.1111111111111111,0.8125,0.42857142857142855,0.47368421052631576,0.625,1,0,3,1,1,0.011955235210403878,0.008705020143178834
0.12280701754385964,0,1,0.02275542257487918,0.1111111111111111,0.5625,0.3214285714285714,0.28947368421052627,0.75,1,0,2,0,4,0.022479628787505982,0.02302625676904701
0.6140350877192983,1,7,0.016022880684681887,0.1111111111111111,0.625,0.2857142857142857,0.18421052631578946,0.5,0,0,0,1,0,0.01574518686811494,0.015837048503018734
0.0,2,1,0.09743475454455468,0.3333333333333333,0.609375,0.5178571428571428,0.40789473684210525,0.8125,0,1,4,0,6,0.04830780249405182,0.0791118188122501
0.631578947368421,0,3,0.014801081205606291,0.1111111111111111,0.53125,0.6071428571428572,0.2368421052631579,0.75,1,0,2,0,3,0.014523042578012985,0.010227451476339017
0.21052631578947367,0,6,0.1411796805895301,0.7777777777777777,0.515625,0.5267857142857142,0.34210526315789475,0.6875,0,1,4,0,3,0.03481100340931615,0.13002745506478094
0.24561403508771928,0,4,0.02621218254996111,0.0,0.5625,0.42857142857142855,0.15789473684210525,1.0,0,1,0,1,5,0.052439160080150836,0.01747989296688025
0.0,0,7,0.13512936276163037,0.1111111111111111,0.71875,0.39285714285714285,0.21052631578947367,0.5,1,1,2,0,5,0.13488528266731015,0.10768722652283634
0.19298245614035092,0,6,0.0700551054483682,0.1111111111111111,0.5,0.49999999999999994,0.47368421052631576,0.75,1,0,2,0,5,0.06979266037531134,0.07667472672533943
0.07017543859649122,1,7,0.09262500575435151,0.1111111111111111,0.59375,0.39285714285714285,0.4473684210526316,0.75,0,0,2,0,5,0.09236893026208313,0.10057248713691631
0.15789473684210525,1,9,0.01262420755417438,0.1111111111111111,0.375,0.46428571428571425,0.3157894736842105,1.0,1,1,2,0,4,0.012345554578604293,0.009455283223006164
0.26315789473684215,1,6,0.0180974108480541,0.1111111111111111,0.5625,0.7142857142857142,0.34210526315789475,0.5,1,0,2,1,1,0.017820302496522205,0.01700120177965817
0.49122807017543857,1,2,0.1715658178281961,0.4444444444444445,0.48750000000000004,0.42857142857142855,0.3263157894736842,0.8,1,1,2,0,1,0.06819414939923425,0.13028726871315857
0.33333333333333337,0,3,0.08157072359809674,0.4444444444444445,0.575,0.5571428571428572,0.17894736842105263,0.8500000000000001,1,1,2,1,1,0.032185952494871994,0.06971937687228263
0.3508771929824561,0,6,0.01145022105600698,0.0,0.5,0.6428571428571428,0.05263157894736842,0.25,1,1,0,0,7,0.022906904976898033,0.009013390985311252
0.05263157894736842,0,5,0.0054919728525007075,0.2222222222222222,0.5208333333333334,0.6904761904761905,0.21052631578947367,0.9166666666666667,1,1,1,1,4,0.0032860608817844835,0.004751724237643347
0.10526315789473684,0,1,0.06066321346302901,0.4444444444444445,0.5375,0.5142857142857142,0.4105263157894737,0.8500000000000001,1,1,0,1,6,0.02382058826958874,0.058982880518993225
0.6666666666666666,0,1,0.03360837651813624,0.1111111111111111,0.375,0.42857142857142855,0.2368421052631579,0.25,1,1,1,1,3,0.03333564560503355,0.03251672762663063
0.14035087719298245,1,5,0.09089148883497744,0.5555555555555556,0.5729166666666666,0.6666666666666667,0.46491228070175444,0.7916666666666667,1,1,3,0,4,0.0298353537383735,0.06940138168950466
0.631578947368421,1,2,0.040249046358241336,0.4444444444444445,0.55,0.5285714285714285,0.2526315789473684,0.65,0,1,3,1,0,0.01565261694808199,0.03717869726666984
0.24561403508771928,1,9,0.05410177091773461,0.5555555555555556,0.4375,0.4404761904761904,0.4035087719298245,0.6666666666666666,0,1,2,1,0,0.017568653553648686,0.05518688379179163
0.29824561403508765,1,2,0.0878411391976152,0.3333333333333333,0.40625,0.42857142857142855,0.17105263157894735,0.75,1,1,3,1,1,0.043509641086024606,0.07335785667588686
0.5087719298245613,0,0,0.0790421676903979,0.4444444444444445,0.5375,0.4857142857142857,0.3157894736842105,0.8,0,1,3,1,1,0.03117424469249652,0.06986012741059248
0.5614035087719298,0,5,0.008523157782639424,0.1111111111111111,0.53125,0.3214285714285714,0.3157894736842105,0.875,1,0,3,0,2,0.008243347426332901,0.005656542905484794
0.26315789473684215,0,6,0.22679415741179246,0.7777777777777777,0.5546875,0.48214285714285715,0.41447368421052627,0.875,0,1,0,0,6,0.05622066305280338,0.1726308836294408
0.21052631578947367,0,0,0.012991893328844446,0.2222222222222222,0.6875,0.6190476190476191,0.1929824561403509,0.9166666666666667,1,1,4,0,1,0.008287418929679075,0.011257517219730928
0.2807017543859649,0,3,0.017396022078533017,0.0,0.5625,0.35714285714285715,0.15789473684210525,0.75,1,1,2,1,2,0.03480186301904817,0.01559043021760765
0.36842105263157887,1,6,0.012425250232791922,0.1111111111111111,0.40625,0.42857142857142855,0.6052631578947367,0.875,1,0,3,1,0,0.012146541108337044,0.011441076476839831
0.4736842105263158,0,7,0.17024029184095194,0.2222222222222222,0.4375,0.21428571428571425,0.24561403508771928,0.8333333333333333,1,1,0,1,2,0.11314926991832676,0.13093344955704517
0.29824561403508765,1,6,0.10824937907336467,0.1111111111111111,0.34375,0.46428571428571425,0.34210526315789475,0.5,1,1,2,1,2,0.10799771302494743,0.10974326439866684
0.42105263157894735,1,0,0.09456656841296664,0.7777777777777777,0.65625,0.46428571428571425,0.21052631578947367,0.875,1,1,2,0,4,0.02315443662685804,0.08952100048548484
0.631578947368421,1,3,0.006656673358508251,0.0,0.625,0.42857142857142855,0.21052631578947367,1.0,1,1,4,1,3,0.013317103952818588,0.005548149313327247
0.36842105263157887,0,8,0.1862975504540554,0.4444444444444445,0.36250000000000004,0.5428571428571427,0.2526315789473684,0.8999999999999999,0,1,2,0,0,0.07408850546022211,0.13161190024897865
0.3508771929824561,1,6,0.16899083195969805,0.3333333333333333,0.71875,0.44642857142857145,0.3684210526315789,0.9375,1,1,2,0,2,0.084095938326773,0.15791396031078697
0.0,1,3,0.05535083565038596,0.4444444444444445,0.4375,0.6142857142857143,0.29473684210526313,0.95,1,1,2,0,1,0.02169503744990819,0.05613324825590399
0.0,0,6,0.001392306101074666,0.0,0.0625,0.35714285714285715,0.10526315789473684,0.25,1,1,0,1,7,0.002785398063502095,0.0009207140720750759
0.36842105263157887,0,3,0.1433253375013608,0.2222222222222222,0.5833333333333334,0.4761904761904761,0.2982456140350877,0.5833333333333334,0,1,2,0,6,0.09520090314302282,0.14360369804619788
0.26315789473684215,1,0,0.10572635524610151,0.6666666666666665,0.5625,0.4795918367346938,0.3082706766917293,0.8214285714285714,0,1,2,0,1,0.0297322567238193,0.10974674832288242
0.17543859649122806,1,0,0.020564718722358117,0.2222222222222222,0.45833333333333337,0.4523809523809524,0.24561403508771928,0.75,0,0,2,0,4,0.013337393972296349,0.01671721840703488
0.33333333333333337,0,5,0.08329317635659948,0.4444444444444445,0.42500000000000004,0.5571428571428572,0.34736842105263155,0.8500000000000001,1,1,3,1,4,0.03287512803957501,0.07759243591277856
0.2807017543859649,1,9,0.03643783808667466,0.2222222222222222,0.5208333333333334,0.2619047619047619,0.24561403508771928,0.5,0,1,3,1,3,0.023922459977771884,0.04009077887132352
0.5263157894736842,0,6,0.05457298562627201,0.4444444444444445,0.36250000000000004,0.3714285714285714,0.2631578947368421,0.8999999999999999,0,1,2,0,0,0.021383809631659065,0.04596445735354497
0.3157894736842105,0,1,0.014010388851909568,0.1111111111111111,0.71875,0.6428571428571428,0.2631578947368421,0.625,1,1,0,1,3,0.013732127078500043,0.01316540121829346
0.14035087719298245,1,2,0.4035216038607599,0.3333333333333333,0.5,0.49999999999999994,0.2763157894736842,0.625,1,0,2,1,5,0.20139441841327171,0.32016344656261236
0.49122807017543857,1,7,0.06415731498105164,0.4444444444444445,0.5625,0.5142857142857142,0.3894736842105263,0.55,0,1,2,1,2,0.0252186233129557,0.05893867823050793
0.24561403508771928,1,6,0.12091507723080648,0.3333333333333333,0.515625,0.44642857142857145,0.3289473684210526,0.6875,1,1,4,1,1,0.060051277095328225,0.10977196322439277
0.4035087719298246,1,3,0.14707766863114796,0.2222222222222222,0.5625,0.6666666666666667,0.1929824561403509,0.9166666666666667,1,1,3,1,0,0.09770316320744891,0.14233263184519251
0.19298245614035092,1,7,0.1092939544041979,0.2222222222222222,0.7083333333333333,0.5952380952380953,0.4385964912280702,0.75,1,0,2,0,3,0.07250691161726804,0.08634562130823793
0.15789473684210525,0,1,0.10697265393853503,0.5555555555555556,0.45833333333333337,0.49999999999999994,0.2631578947368421,0.75,1,1,2,1,4,0.03519725489211802,0.11379306500497416
0.3157894736842105,1,5,0.14882126183988698,0.5555555555555556,0.45833333333333337,0.4404761904761904,0.22807017543859648,0.75,0,1,2,1,2,0.049150727637648176,0.12726688061445274
0.29824561403508765,0,7,0.1255721010861252,0.2222222222222222,0.39583333333333337,0.4761904761904761,0.3333333333333333,0.9166666666666667,0,1,2,1,0,0.0833620720378696,0.10788589730123037
0.38596491228070173,0,6,0.0667609491232344,0.1111111111111111,0.5,0.42857142857142855,0.4473684210526316,0.875,1,1,2,1,1,0.06649757438746044,0.055395178910831226
0.22807017543859642,1,6,0.008358775963979834,0.0,0.4375,0.6428571428571428,0.3684210526315789,0.75,1,0,0,0,0,0.01672226988400499,0.0058434554396512035
0.0,1,9,0.018809666204145228,0.1111111111111111,0.59375,0.5714285714285714,0.28947368421052627,0.375,1,0,2,1,5,0.018532758862275362,0.012711445893002068
0.19298245614035092,1,4,0.010104937638635418,0.1111111111111111,0.46875,0.49999999999999994,0.15789473684210525,0.875,1,1,2,1,3,0.009825573685478478,0.00888313576870088
0.45614035087719296,1,2,0.014353377838920439,0.1111111111111111,0.625,0.46428571428571425,0.3684210526315789,0.75,1,1,2,1,0,0.01407521286239671,0.013903688308629699
0.22807017543859642,0,1,0.0721499857647716,0.4444444444444445,0.5625,0.38571428571428573,0.2631578947368421,0.65,0,1,3,1,1,0.028416593889397126,0.050746753026180126
0.24561403508771928,1,8,0.003945558796432677,0.0,0.5625,0.42857142857142855,0.47368421052631576,1.0,0,1,2,0,0,0.007893344590341541,0.003656857503841462
0.49122807017543857,0,2,0.04685000376379044,0.4444444444444445,0.5,0.4428571428571428,0.3263157894736842,0.8,1,1,3,1,0,0.01829374506789482,0.03937435340544012
0.14035087719298245,1,5,0.015511163244383407,0.4444444444444445,0.6125,0.5285714285714285,0.14736842105263157,0.55,0,0,2,1,4,0.0057546711346870595,0.012110904456339723
0.0,1,0,0.2614878095668243,0.5555555555555556,0.5416666666666666,0.42857142857142855,0.28947368421052627,0.7083333333333334,0,1,4,1,1,0.08671684230379469,0.19278821590505468
0.26315789473684215,0,1,0.4745572705663487,0.2222222222222222,0.5208333333333334,0.6666666666666667,0.15789473684210525,0.5833333333333334,0,1,2,0,2,0.3160845110932058,0.40235218014396623
0.19298245614035092,0,7,0.03384665112547214,0.3333333333333333,0.671875,0.37499999999999994,0.21052631578947367,0.75,1,1,4,0,0,0.016504778003141922,0.031791069761575905
0.08771929824561403,1,6,0.16731283341898182,0.4444444444444445,0.4,0.657142857142857,0.2631578947368421,0.55,1,1,2,1,1,0.06649247553191637,0.13457031804569966
0.24561403508771928,1,1,0.030929861715770796,0.0,0.6875,0.5714285714285714,0.2631578947368421,1.0,1,1,2,1,2,0.061877181218266776,0.032899741545082066
0.38596491228070173,0,0,0.10769261469237582,0.3333333333333333,0.4375,0.44642857142857145,0.3026315789473684,0.5,1,1,2,1,2,0.053438180032684045,0.08505661289752228
0.2807017543859649,1,9,0.025701057832566453,0.4444444444444445,0.4,0.49999999999999994,0.3157894736842105,0.75,0,1,3,1,4,0.009831779269357717,0.022373064527676557
0.3508771929824561,1,0,0.09648738576994804,0.3333333333333333,0.5,0.41071428571428564,0.18421052631578946,0.5625,1,1,2,0,0,0.047833984425565496,0.09405145198638552
0.6666666666666666,0,7,0.36054366125332843,1.0,0.55625,0.5214285714285714,0.3263157894736842,0.625,1,1,2,1,2,0.07162109416301594,0.2991187587892876
0.21052631578947367,0,6,0.10590061577982478,0.2222222222222222,0.5833333333333334,0.49999999999999994,0.3333333333333333,0.8333333333333333,1,1,2,2,6,0.07024404743200488,0.07047861105696511
0.3508771929824561,0,6,0.0077696093975821254,0.0,0.75,0.49999999999999994,0.5263157894736843,1.0,0,0,0,1,3,0.015543604207069659,0.006680076290972474
0.17543859649122806,0,1,0.0022051267765140267,0.0,0.5,0.42857142857142855,0.05263157894736842,0.5,0,1,2,1,1,0.004411498195933998,0.0019299633682788354
0.10526315789473684,0,7,0.05685220276576362,0.1111111111111111,0.4375,0.6428571428571428,0.21052631578947367,0.5,1,1,2,1,5,0.05658603162594795,0.046665074513300146
0.15789473684210525,0,3,0.14534296626596624,0.5555555555555556,0.5208333333333334,0.4404761904761904,0.24561403508771928,0.875,1,1,4,0,0,0.04799096856977167,0.1501541723563504
0.19298245614035092,0,6,0.14574819115787827,0.5555555555555556,0.5520833333333334,0.4047619047619047,0.2192982456140351,0.875,0,1,2,1,1,0.0481260816540213,0.159637936659819
0.36842105263157887,0,4,0.036370465249940385,0.3333333333333333,0.515625,0.46428571428571425,0.5263157894736843,0.625,1,1,3,1,0,0.017767041195393084,0.02755252756088898
0.7894736842105262,0,1,0.03674605399666139,0.0,0.4375,0.21428571428571425,0.15789473684210525,1.0,0,0,3,0,6,0.07351284862189594,0.03173493503265221
0.14035087719298245,1,5,0.02199693483229004,0.1111111111111111,0.65625,0.5357142857142856,0.2631578947368421,0.5,1,0,2,1,1,0.021720926987748315,0.01969915269221115
0.21052631578947367,1,3,0.03221528011985648,0.1111111111111111,0.59375,0.5357142857142856,0.3684210526315789,0.5,1,1,2,0,4,0.03194215605304311,0.03179093911441783
0.2807017543859649,0,6,0.021313722898486126,0.0,0.625,0.35714285714285715,0.2631578947368421,0.5,0,0,2,1,3,0.04263947593251249,0.017504323985442077
0.36842105263157887,0,5,0.01386576446337733,0.1111111111111111,0.34375,0.7142857142857142,0.15789473684210525,0.75,0,1,4,0,3,0.013587461874691077,0.009729119666351548
0.3508771929824561,1,0,0.2065817136686051,0.3333333333333333,0.5,0.49999999999999994,0.25,0.625,1,1,2,1,0,0.10289668355020268,0.21737074162120582
0.5614035087719298,0,3,0.1397369930416307,0.5555555555555556,0.5833333333333334,0.4761904761904761,0.21052631578947367,0.625,0,1,2,0,1,0.04612178346372634,0.14178117019091732
0.0,1,7,0.07811929812914918,0.0,1.0,0.5714285714285714,0.3157894736842105,0.5,1,0,2,1,2,0.15628268924708677,0.06854742831521082
0.0,0,6,0.01871166935071355,0.1111111111111111,0.4375,0.5357142857142856,0.42105263157894735,0.75,1,0,2,0,1,0.018434734352590604,0.01902614563186453
0.19298245614035092,0,2,0.0013369852967180737,0.0,0.5625,0.6428571428571428,0.05263157894736842,0.0,1,1,2,1,3,0.0026747252299870413,0.0008496420180770375
0.5263157894736842,0,8,0.006351025914438078,0.0,0.375,0.7142857142857142,0.21052631578947367,0.75,0,1,4,1,6,0.012705636547647916,0.004392313905752533
0.0,1,6,0.034640899816591776,0.3333333333333333,0.59375,0.5357142857142856,0.14473684210526316,0.875,1,0,3,1,7,0.016902014423437025,0.03380456021292351
0.0,0,1,0.303762387661722,0.5555555555555556,0.39583333333333337,0.46428571428571425,0.2982456140350877,0.7916666666666667,1,1,3,1,5,0.10081234518566914,0.20245832660500468
0.4035087719298246,1,9,0.09760822478107287,0.6666666666666665,0.5535714285714286,0.510204081632653,0.24812030075187969,0.7857142857142858,1,1,4,0,3,0.02741213628693152,0.07952222508484662
0.33333333333333337,1,1,0.004008782572840212,0.1111111111111111,0.65625,0.3214285714285714,0.5526315789473684,0.875,0,1,3,1,0,0.003727698188858842,0.004395275241335785
0.05263157894736842,1,2,0.03385554196902944,0.0,0.875,0.7142857142857142,0.3684210526315789,0.75,0,0,3,1,2,0.06773019307073436,0.02518223972081225
0.08771929824561403,0,3,0.0042468596058748325,0.1111111111111111,0.46875,0.39285714285714285,0.28947368421052627,0.875,1,1,2,1,0,0.003965842410976058,0.00364692831982703
0.08771929824561403,1,3,0.06578236360902653,0.1111111111111111,0.6875,0.5357142857142856,0.2631578947368421,0.625,1,1,2,0,4,0.06551871270103177,0.04852326904273783
0.3157894736842105,1,7,0.19935484087662136,0.4444444444444445,0.6125,0.42857142857142855,0.4105263157894737,0.65,0,0,2,1,6,0.07931289561832418,0.1940666418959655
0.15789473684210525,0,1,0.030573437676273324,0.1111111111111111,0.46875,0.42857142857142855,0.3157894736842105,0.625,1,1,0,1,1,0.030299850255703652,0.02462481184631783
0.38596491228070173,0,6,0.014444262017506268,0.2222222222222222,0.41666666666666663,0.49999999999999994,0.21052631578947367,0.5833333333333334,0,1,0,1,4,0.00925593797630903,0.014180050597031384
0.0,0,0,0.09175864244326704,0.3333333333333333,0.40625,0.5178571428571428,0.25,0.8125,1,1,2,0,0,0.04546894549936076,0.07835458788399159
0.10526315789473684,0,0,0.07096513268003414,0.3333333333333333,0.53125,0.5357142857142856,0.19736842105263158,0.875,1,1,2,0,1,0.03506925649002293,0.05482368469231637
0.05263157894736842,1,2,0.0471773843810007,0.1111111111111111,0.6875,0.6785714285714286,0.3947368421052631,0.5,0,1,1,1,6,0.04690848285529585,0.051770155764509725
0.22807017543859642,0,2,0.04876113998000944,0.4444444444444445,0.6499999999999999,0.45714285714285713,0.3052631578947368,0.8500000000000001,0,1,2,1,0,0.019058415295459902,0.047895335251930404
0.17543859649122806,0,6,0.040650714912730444,0.1111111111111111,0.5625,0.49999999999999994,0.10526315789473684,1.0,1,0,2,0,0,0.04037997145826675,0.036093411324460825
0.45614035087719296,1,6,0.08646977597247553,0.6666666666666665,0.4464285714285714,0.4795918367346938,0.24060150375939848,0.5357142857142857,0,1,2,1,0,0.024228824214357694,0.09406699899819759
0.0,1,5,0.2567112532592351,0.5555555555555556,0.5416666666666666,0.5714285714285714,0.2982456140350877,0.6666666666666666,1,1,2,0,4,0.08512420752816377,0.27524090029479226
0.29824561403508765,1,7,0.03206769211680514,0.2222222222222222,0.25,0.4761904761904761,0.10526315789473684,0.9166666666666667,1,0,0,0,1,0.02100820711524869,0.023581986230486324
0.4035087719298246,1,1,0.003866331501621986,0.0,0.375,0.42857142857142855,0.3684210526315789,1.0,1,1,0,1,1,0.007734845282343196,0.004268503948941
0.6842105263157895,0,6,0.10201610744248563,0.2222222222222222,0.75,0.2619047619047619,0.3333333333333333,0.8333333333333333,0,1,2,0,2,0.06765364436088646,0.06813262358829213
0.19298245614035092,0,6,0.024069094104046975,0.2222222222222222,0.5416666666666666,0.5714285714285714,0.2631578947368421,0.9166666666666667,0,1,0,1,3,0.015674303553316008,0.018518755618916527
0.3508771929824561,0,1,0.8020352919071393,0.7777777777777777,0.5390625,0.5446428571428572,0.30921052631578944,0.59375,1,1,2,1,5,0.20007153220016208,0.7713664281746345
0.0,0,5,0.07397280626832131,0.1111111111111111,0.75,0.5714285714285714,0.47368421052631576,0.625,1,1,4,0,6,0.07371146683204349,0.0701278234375079
0.0,1,8,0.12538420792561408,0.5555555555555556,0.5520833333333334,0.5238095238095237,0.3157894736842105,0.7083333333333334,0,1,3,1,3,0.041336171564499494,0.11900754147655328
0.4736842105263158,0,9,0.03338195636887676,0.3333333333333333,0.375,0.6071428571428572,0.14473684210526316,0.875,1,1,4,0,0,0.01627236505276031,0.03017230792385466
0.2807017543859649,1,8,0.0678849493231796,0.5555555555555556,0.5208333333333334,0.5119047619047619,0.2631578947368421,0.75,1,1,2,0,6,0.022164342965361312,0.046214995053698596
0.543859649122807,0,9,0.13354837320283947,1.0,0.44999999999999996,0.43571428571428567,0.2526315789473684,0.8500000000000001,1,1,2,0,0,0.02620922422493937,0.12778376432088823
0.0,1,3,0.2991913086274573,0.7777777777777777,0.578125,0.44642857142857145,0.375,0.90625,1,1,2,1,0,0.07432505876035754,0.22788709751312264
0.4035087719298246,0,6,0.0924519306664359,0.1111111111111111,0.5,0.5714285714285714,0.18421052631578946,0.5,0,0,0,1,2,0.09219580632965603,0.08924054458612983
0.6842105263157895,1,5,0.3031878415936185,0.5555555555555556,0.5833333333333334,0.4523809523809524,0.3859649122807018,0.875,0,1,2,0,4,0.1006207757809895,0.2236265630408248
0.38596491228070173,1,6,0.005705353097876136,0.0,0.4375,0.7142857142857142,0.15789473684210525,1.0,1,0,3,1,1,0.011413926476479354,0.005906949958480334
0.3508771929824561,1,1,0.42277265105395023,0.6666666666666665,0.6785714285714286,0.42857142857142855,0.21052631578947367,0.7857142857142858,1,1,0,1,0,0.1203424770833123,0.44430476811610115
0.29824561403508765,0,6,0.11413669810271374,0.2222222222222222,0.375,0.5238095238095237,0.3333333333333333,0.9166666666666667,1,1,1,0,0,0.07573631854856266,0.1181352104020222
0.0,0,7,0.1325051808921152,0.2222222222222222,0.6041666666666666,0.6190476190476191,0.21052631578947367,0.5,1,0,2,0,3,0.087985429657961,0.1355976837478245
0.5789473684210525,1,1,0.15050874394706432,0.3333333333333333,0.546875,0.6071428571428572,0.15789473684210525,0.75,0,1,2,0,1,0.07485228635251787,0.15746000498549553
0.15789473684210525,0,6,0.14322338916190366,0.7777777777777777,0.6796875,0.47321428571428564,0.3026315789473684,0.71875,1,1,2,0,6,0.03532207474408389,0.10301576318930963
0.4035087719298246,0,7,0.006006653907318291,0.0,0.3125,0.35714285714285715,0.3157894736842105,1.0,1,1,4,1,1,0.012016698159016704,0.0050276074864653904
0.0,0,9,0.13078035724199713,0.4444444444444445,0.5625,0.45714285714285713,0.3368421052631579,0.7,1,1,0,0,1,0.051875361045415576,0.13427322640821523
0.03508771929824561,0,3,0.07110244681941925,0.2222222222222222,0.5625,0.4047619047619047,0.5263157894736843,1.0,1,1,3,0,2,0.04703872106473589,0.05507378690194304
0.5964912280701754,1,9,0.1131511974879613,0.3333333333333333,0.46875,0.44642857142857145,0.25,1.0,0,1,4,0,0,0.05616824167942862,0.11319430907947232
0.21052631578947367,1,6,0.04076392498736019,0.3333333333333333,0.609375,0.37499999999999994,0.2763157894736842,0.375,1,1,4,1,4,0.01996439101581653,0.044493762294986305
0.5964912280701754,0,6,0.09262875966607571,0.1111111111111111,0.59375,0.6071428571428572,0.21052631578947367,0.5,1,1,4,1,6,0.09237268523322026,0.06972016075523114
0.2807017543859649,0,3,0.10231444463740869,0.6666666666666665,0.6071428571428571,0.5306122448979591,0.24060150375939848,0.8214285714285714,1,1,3,1,4,0.028757150008527736,0.07938195358611642
0.0,0,7,0.05809771116099204,0.1111111111111111,0.5625,0.46428571428571425,0.34210526315789475,0.75,0,1,0,1,0,0.0578318915232317,0.04845106471336972
0.4736842105263158,0,2,0.014742796786730595,0.1111111111111111,0.65625,0.5714285714285714,0.3157894736842105,0.625,1,1,2,0,3,0.014464741710357732,0.01336786076427194
0.15789473684210525,1,5,0.48503186972266693,0.2222222222222222,0.5416666666666666,0.4761904761904761,0.1929824561403509,0.6666666666666666,1,0,2,1,0,0.32306954792848447,0.39921764997814707
0.4385964912280701,0,0,0.01192183091314693,0.1111111111111111,0.5,0.49999999999999994,0.21052631578947367,1.0,0,1,3,0,4,0.011642979715843545,0.009704558000631636
0.29824561403508765,1,8,0.13059621799321017,0.5555555555555556,0.5520833333333334,0.6428571428571428,0.16666666666666669,0.7083333333333334,1,1,2,0,2,0.043073998557432304,0.09319292596155873
0.0,2,1,0.7168197175991482,0.8888888888888888,0.4930555555555556,0.5634920634920635,0.3333333333333333,0.8333333333333333,0,1,2,1,2,0.1588365087982377,0.7250284070470729
0.3157894736842105,1,6,0.0502423545166572,0.4444444444444445,0.5,0.4857142857142857,0.29473684210526313,0.8,1,1,2,1,6,0.01965106831893302,0.04560069211638467
0.7543859649122807,0,3,0.021789284241651545,0.1111111111111111,0.5625,0.42857142857142855,0.05263157894736842,0.5,0,0,4,1,5,0.02151321779484774,0.019282606003184655
0.38596491228070173,0,6,0.06291635079475251,0.1111111111111111,0.5,0.6071428571428572,0.34210526315789475,0.875,1,1,2,0,3,0.06265189105287217,0.05879679541682802
0.2807017543859649,1,1,0.06889415885408486,0.3333333333333333,0.484375,0.6428571428571428,0.3157894736842105,0.625,0,1,4,1,2,0.03403347734635794,0.07385823529135101
0.5087719298245613,1,6,0.03319999043740383,0.2222222222222222,0.5,0.42857142857142855,0.21052631578947367,0.6666666666666666,1,0,2,1,3,0.021763285697242472,0.03555396920872939
0.33333333333333337,0,1,0.018690133751874734,0.1111111111111111,0.40625,0.75,0.2368421052631579,0.75,1,1,2,0,4,0.018413192676067138,0.013966181199246846
0.33333333333333337,0,6,0.05299199606748111,0.3333333333333333,0.5,0.42857142857142855,0.2368421052631579,0.6875,1,0,2,1,1,0.026080152032852435,0.044951027348282505
0.05263157894736842,1,6,0.07915083355609835,0.6666666666666665,0.4553571428571429,0.4693877551020407,0.3007518796992481,0.6428571428571429,0,1,2,0,1,0.022137107660923167,0.06914008737333541
0.33333333333333337,0,2,0.32663773783747424,1.0,0.5875,0.4071428571428571,0.2578947368421053,0.75,1,1,2,1,4,0.06483799572289024,0.2889912523888833
0.5087719298245613,0,3,0.029919664313359167,0.0,0.375,0.35714285714285715,0.5789473684210527,0.75,1,1,3,2,2,0.059856216226257954,0.03005498677589466
0.10526315789473684,1,0,0.015799029001338963,0.1111111111111111,0.46875,0.35714285714285715,0.13157894736842105,0.625,1,0,3,1,5,0.015521272010306803,0.012071797407019724
0.5964912280701754,1,2,0.055735117666363,0.3333333333333333,0.59375,0.5535714285714286,0.2763157894736842,0.625,1,1,3,0,0,0.027452099908319413,0.059671173296835744
0.26315789473684215,0,6,0.11639042815734106,0.0,0.25,0.14285714285714285,0.3157894736842105,0.75,0,0,3,1,5,0.23284655073292093,0.07883793881985203
0.10526315789473684,0,1,0.003340191137330538,0.1111111111111111,0.71875,0.25,0.21052631578947367,0.875,0,0,1,1,0,0.003058918066332158,0.0027425886915652276
0.49122807017543857,0,6,0.030521080486435835,0.2222222222222222,0.5416666666666666,0.4047619047619047,0.5614035087719298,0.6666666666666666,0,1,0,1,2,0.019976841709586975,0.023519362692711092
0.22807017543859642,0,5,0.002800615720552489,0.0,0.6875,0.49999999999999994,0.42105263157894735,0.75,1,1,4,1,0,0.005602812196699617,0.002576928095113918
0.45614035087719296,1,0,0.017724192992948376,0.1111111111111111,0.65625,0.49999999999999994,0.28947368421052627,0.375,1,0,2,0,3,0.017446979313468745,0.01344002154458735
0.22807017543859642,1,6,0.03985587349870698,0.2222222222222222,0.5208333333333334,0.4761904761904761,0.3859649122807018,0.75,0,1,2,0,1,0.026201793334689073,0.02719429305342093
0.2807017543859649,1,1,0.04447476551387989,0.1111111111111111,0.3125,0.49999999999999994,0.18421052631578946,0.625,0,1,2,0,0,0.044205101266630804,0.03691370128102152
0.38596491228070173,1,4,0.038590805247652474,0.1111111111111111,0.6875,0.46428571428571425,0.2368421052631579,0.875,0,1,3,0,3,0.038319480454288256,0.027793005429870087
0.3508771929824561,0,3,0.07528311903436745,0.4444444444444445,0.5375,0.5714285714285714,0.3157894736842105,0.8,1,1,4,1,3,0.02967020088502693,0.08241749675516008
0.0,0,5,0.23065238836706226,0.7777777777777777,0.4609375,0.5089285714285714,0.2039473684210526,0.59375,0,1,4,0,1,0.05718549300498284,0.20155585958600877
0.05263157894736842,1,1,0.23967698972633392,0.5555555555555556,0.5625,0.5357142857142856,0.3596491228070175,0.5833333333333334,0,1,4,1,1,0.07944451723818315,0.2217016513626586
0.49122807017543857,1,6,0.07128421517659092,0.2222222222222222,0.41666666666666663,0.42857142857142855,0.42105263157894735,0.75,0,1,2,0,6,0.04715993416810953,0.06646682877366042
0.26315789473684215,0,5,0.06602696059400318,0.2222222222222222,0.41666666666666663,0.5476190476190474,0.1929824561403509,0.8333333333333333,0,1,0,0,0,0.04365410865977372,0.07170360236021929
0.17543859649122806,0,2,0.04291570670253036,0.0,0.4375,0.21428571428571425,0.05263157894736842,0.75,1,0,1,0,2,0.08585563637966236,0.0438478862944686
0.0,0,2,0.0007871360162738001,0.0,0.3125,0.35714285714285715,0.21052631578947367,0.25,0,1,4,1,1,0.001574716316871342,0.0005019899304138397
0.07017543859649122,0,3,0.0066224930043879285,0.1111111111111111,0.40625,0.49999999999999994,0.2631578947368421,0.875,1,1,3,0,1,0.006342146250592149,0.0073050051971439494
0.0,0,3,0.3502421371849258,0.7777777777777777,0.453125,0.47321428571428564,0.30921052631578944,0.875,0,1,0,1,2,0.08709136773637888,0.30057460362087735
0.26315789473684215,0,0,0.009183253523194334,0.1111111111111111,0.625,0.7142857142857142,0.07894736842105263,0.5,1,0,2,2,0,0.008903629456286108,0.007432734568698021
0.15789473684210525,1,1,0.03600929942721235,0.6666666666666665,0.4017857142857143,0.49999999999999994,0.24060150375939848,0.6071428571428571,1,1,3,0,1,0.009807476418569513,0.02502729219132388
0.08771929824561403,1,1,0.08935001413644125,0.1111111111111111,0.40625,0.6785714285714286,0.34210526315789475,0.5,0,1,0,1,3,0.08909301439003754,0.06783766585438973
0.2807017543859649,1,9,0.035214853161791425,0.3333333333333333,0.703125,0.42857142857142855,0.43421052631578944,0.75,1,0,2,0,6,0.017189072085366696,0.025928060797264705
0.36842105263157887,0,1,0.00563146030919983,0.1111111111111111,0.6875,0.39285714285714285,0.4473684210526316,0.875,0,1,2,1,4,0.005350833870393021,0.004137072907907864
0.7368421052631579,0,3,0.1254974180002438,0.8888888888888888,0.6111111111111112,0.5396825396825395,0.22807017543859648,0.8888888888888888,1,1,3,1,4,0.027394468786978092,0.08519061333266442
0.0,0,0,0.03965948464324107,0.3333333333333333,0.53125,0.6785714285714286,0.13157894736842105,0.6875,0,1,0,0,7,0.0194120149985405,0.04318581004634839
0.5263157894736842,1,4,0.029706876790887557,0.0,0.375,0.7142857142857142,0.3157894736842105,0.0,0,1,4,0,2,0.059430521077344686,0.028330400740124863
0.49122807017543857,1,7,0.0986318572359711,0.3333333333333333,0.5,0.6607142857142856,0.2631578947368421,0.625,0,1,2,0,2,0.04890652276036228,0.08750572452297674
0.12280701754385964,1,7,0.017496784972182527,0.0,0.3125,0.7142857142857142,0.15789473684210525,0.75,0,1,0,1,6,0.03500344568009345,0.018239040053457334
0.33333333333333337,1,5,0.07476093015610148,0.5555555555555556,0.48958333333333337,0.46428571428571425,0.2807017543859649,0.6666666666666666,1,1,2,0,4,0.024456983412974954,0.06456835137047998
0.19298245614035092,0,5,0.05201222510746561,0.1111111111111111,0.65625,0.5714285714285714,0.15789473684210525,0.75,1,0,2,0,2,0.051744688049843876,0.052830618746682656
0.33333333333333337,0,0,0.19300519798229224,0.4444444444444445,0.5375,0.5285714285714285,0.28421052631578947,0.35,1,1,3,0,5,0.07677232167296218,0.1435747814752085
0.6140350877192983,0,7,0.08314756409656089,0.2222222222222222,0.5416666666666666,0.42857142857142855,0.3333333333333333,0.5833333333333334,0,0,3,0,4,0.05507106546383742,0.059550629518976335
0.42105263157894735,0,1,0.26850564874806054,0.5555555555555556,0.47916666666666663,0.3214285714285714,0.16666666666666669,0.7083333333333334,0,1,2,1,3,0.08905678221239867,0.2359840857825756
0.4035087719298246,0,3,0.07515212727262309,0.1111111111111111,0.5625,0.2857142857142857,0.34210526315789475,0.75,0,1,2,0,5,0.07489112065927807,0.07741475577778346
0.19298245614035092,0,9,0.18569613428097873,0.7777777777777777,0.625,0.40178571428571425,0.2631578947368421,0.625,0,1,2,1,6,0.045943257642996706,0.17482196711767808
0.0,1,9,0.025944864520338003,0.0,0.625,0.42857142857142855,0.3684210526315789,0.5,1,0,0,0,0,0.05190437313820131,0.026581819176320187
0.24561403508771928,0,6,0.2128388917899382,0.3333333333333333,0.71875,0.5357142857142856,0.3684210526315789,0.875,0,0,3,1,2,0.10602615554790067,0.23461969396164514
0.543859649122807,0,7,0.039314519913217466,0.1111111111111111,0.40625,0.5714285714285714,0.15789473684210525,0.625,0,0,4,1,1,0.03904339936351262,0.03211564085131082
0.0,0,7,0.03434236504736746,0.2222222222222222,0.4375,0.5714285714285714,0.42105263157894735,0.8333333333333333,1,1,4,0,0,0.022525083701271095,0.028376257892612566
0.07017543859649122,1,4,0.05498473047012608,0.1111111111111111,0.5,0.46428571428571425,0.3947368421052631,1.0,0,0,2,0,3,0.05471803230026171,0.03637708985371525
0.3157894736842105,1,2,0.0013806492172995267,0.0,0.3125,0.7142857142857142,0.10526315789473684,1.0,0,0,3,0,1,0.0027620777164399945,0.000948846760115966
0.08771929824561403,1,7,0.07211600298495255,0.1111111111111111,0.5625,0.35714285714285715,0.13157894736842105,0.875,0,1,0,0,2,0.07185413952958908,0.04832573053971387
0.12280701754385964,0,6,0.002144669040324322,0.0,0.5625,0.5714285714285714,0.3684210526315789,1.0,0,1,4,1,4,0.0042905485993068315,0.0015678094460682436
0.19298245614035092,1,3,0.1435598581969725,0.3333333333333333,0.46875,0.48214285714285715,0.3026315789473684,0.5,1,1,2,2,5,0.0713768629350554,0.13974033093447732
0.0,0,6,0.06062053741395393,0.0,0.25,0.42857142857142855,0.10526315789473684,0.75,0,0,0,0,2,0.12127529096579635,0.0548794710288185
0.08771929824561403,0,5,0.03948739742683182,0.2222222222222222,0.5833333333333334,0.4761904761904761,0.17543859649122803,0.5833333333333334,0,1,3,1,5,0.025956073293611003,0.026209257030515517
0.4385964912280701,1,0,0.05392118800637059,0.0,0.375,0.5714285714285714,0.42105263157894735,0.5,0,0,2,2,5,0.1078728108271233,0.04536099813035207
0.017543859649122806,0,7,0.2482841165870146,0.4444444444444445,0.4375,0.4142857142857142,0.21052631578947367,0.8999999999999999,0,1,3,1,3,0.09889012934689785,0.26213185155068597
0.0,0,7,0.18050190590049725,0.4444444444444445,0.5375,0.42857142857142855,0.3368421052631579,0.65,1,1,2,0,3,0.07176959338998597,0.16896927927885555
0.15789473684210525,1,9,0.46648794095373464,0.7777777777777777,0.5234375,0.48214285714285715,0.2631578947368421,0.65625,1,1,3,1,4,0.11616102027704177,0.31753012244425854
0.4385964912280701,0,1,0.039630243646652595,0.2222222222222222,0.45833333333333337,0.5714285714285714,0.3333333333333333,0.5833333333333334,0,0,0,0,0,0.026051330982457894,0.039772957884756314
0.24561403508771928,1,6,0.022161119076648358,0.3333333333333333,0.671875,0.33928571428571425,0.25,0.6875,1,0,0,0,0,0.010660363058277745,0.015056039791988822
0.19298245614035092,1,8,0.02800516933401852,0.1111111111111111,0.28125,0.39285714285714285,0.34210526315789475,0.625,1,0,2,1,0,0.027730857107735457,0.022078498735248413
0.29824561403508765,0,5,0.12319449194459937,0.4444444444444445,0.5125,0.49999999999999994,0.46315789473684216,0.7,0,1,2,1,1,0.04884015858626521,0.10541379177595302
0.0,0,5,0.028363964265131276,0.3333333333333333,0.484375,0.48214285714285715,0.35526315789473684,0.75,1,1,4,1,0,0.013762660922746604,0.022581925784401186
0.38596491228070173,2,6,0.06270040208346052,0.1111111111111111,0.59375,0.5357142857142856,0.3947368421052631,0.25,0,0,3,0,2,0.06243588139745795,0.042503265743461596
0.36842105263157887,0,6,0.024708049394365616,0.2222222222222222,0.6041666666666666,0.5952380952380953,0.1929824561403509,0.75,0,1,2,0,1,0.016100393962348965,0.027257308532670412
0.21052631578947367,0,6,0.054073517792652494,0.6666666666666665,0.5714285714285714,0.5408163265306123,0.23308270676691728,0.7142857142857143,1,1,2,1,1,0.014970138239121248,0.0541561648126093
0.5087719298245613,0,6,0.028964392566701577,0.1111111111111111,0.65625,0.49999999999999994,0.21052631578947367,0.75,1,0,0,1,0,0.028690351048299007,0.019330248666832854
0.05263157894736842,0,0,0.07307068200870631,0.4444444444444445,0.5125,0.5285714285714285,0.2526315789473684,0.8,1,1,3,1,0,0.028784976320954378,0.07412336192415742
0.5263157894736842,0,6,0.0008175624586699258,0.0,0.5625,0.49999999999999994,0.3157894736842105,1.0,0,1,4,1,1,0.0016355863753046217,0.0005788104593676016
0.3157894736842105,1,0,0.03220105477016478,0.2222222222222222,0.6666666666666667,0.3809523809523809,0.12280701754385964,0.6666666666666666,0,1,3,1,4,0.02109714064218043,0.025278047636740977
0.21052631578947367,0,1,0.010474204007715671,0.0,0.6875,0.42857142857142855,0.3157894736842105,0.75,1,0,2,1,2,0.020954319985596718,0.01077886958156154
0.2807017543859649,1,1,0.032575062922475605,0.2222222222222222,0.6875,0.3809523809523809,0.17543859649122803,0.75,1,1,0,0,3,0.021346549777709,0.029846212617275422
0.26315789473684215,0,4,0.00649387213425885,0.0,0.5,0.35714285714285715,0.3684210526315789,1.0,0,0,2,0,3,0.012991409614188572,0.004995337638418486
0.543859649122807,1,6,0.006402790381371747,0.0,0.5,0.49999999999999994,0.5789473684210527,1.0,0,0,3,0,0,0.01280919469900843,0.004957667707837419
0.07017543859649122,0,1,0.15050558275824394,0.2222222222222222,0.7291666666666667,0.4047619047619047,0.2631578947368421,0.6666666666666666,0,1,0,1,2,0.0999890842330277,0.1024109974945359
0.12280701754385964,1,1,0.011380082179054871,0.1111111111111111,0.59375,0.42857142857142855,0.42105263157894735,0.625,0,1,2,0,0,0.011101078091739477,0.011828880791087706
0.5087719298245613,1,6,0.10777697891901963,0.4444444444444445,0.5,0.42857142857142855,0.3263157894736842,0.7,1,1,2,1,2,0.04267141295018397,0.09721372289877127
0.15789473684210525,0,7,0.31637098684609577,0.2222222222222222,0.45833333333333337,0.5952380952380953,0.22807017543859648,0.8333333333333333,1,0,1,0,5,0.21059722684182483,0.33971897447903576
0.4736842105263158,1,1,0.025892112181897967,0.0,0.5,0.5714285714285714,0.42105263157894735,1.0,0,1,3,1,5,0.05179883868624231,0.02714294872029367
0.6491228070175438,0,2,0.00321038482139382,0.0,0.375,0.42857142857142855,0.2631578947368421,0.75,1,1,3,1,0,0.006422581684950411,0.0033463092090742987
0.21052631578947367,1,5,0.008110425067278989,0.1111111111111111,0.5,0.7857142857142856,0.2368421052631579,0.5,1,1,2,1,3,0.007830498231309779,0.006143290667455428
0.4385964912280701,1,3,0.02051413970123209,0.2222222222222222,0.6458333333333333,0.6666666666666667,0.2631578947368421,0.41666666666666663,1,0,2,1,0,0.013303665108748901,0.015939911365484033
0.05263157894736842,1,6,0.1554767497525876,0.2222222222222222,0.625,0.6428571428571428,0.3333333333333333,0.8333333333333333,1,1,2,0,0,0.10330413085692328,0.11360737184428321
0.45614035087719296,0,3,0.004692192080945401,0.0,0.5,0.6428571428571428,0.2631578947368421,0.0,1,1,2,1,0,0.009387032582675077,0.003181955084203835
0.33333333333333337,1,6,0.05412014532775304,0.2222222222222222,0.625,0.5714285714285714,0.4035087719298245,0.9166666666666667,1,1,4,1,0,0.03571399162193474,0.054594355380825146
0.38596491228070173,0,3,0.008841252407689829,0.0,0.4375,0.7142857142857142,0.47368421052631576,0.75,1,1,3,0,6,0.01768749509630414,0.008297444559007487
0.15789473684210525,1,2,0.06320974863214372,0.2222222222222222,0.5208333333333334,0.5714285714285714,0.17543859649122803,0.8333333333333333,1,0,3,1,5,0.04177543731085567,0.0638838473602219
0.0,1,6,0.03016801521006001,0.0,0.8125,0.42857142857142855,0.3157894736842105,0.5,1,0,3,2,2,0.06035305819671661,0.030230576556360404
0.4035087719298246,1,5,0.01566408575356913,0.1111111111111111,0.34375,0.39285714285714285,0.6052631578947367,0.875,1,0,0,0,1,0.015386290679430405,0.01258140842165517
0.0,1,8,0.11788013838894358,0.4444444444444445,0.6499999999999999,0.45714285714285713,0.29473684210526313,0.75,1,1,2,0,6,0.04671381724634526,0.08538910991484767
0.22807017543859642,0,5,0.04453838443888997,0.1111111111111111,0.53125,0.39285714285714285,0.3684210526315789,1.0,1,0,2,0,1,0.044268738145901966,0.03820257904457908
0.49122807017543857,0,1,0.03078681792164875,0.2222222222222222,0.625,0.5238095238095237,0.22807017543859648,0.9166666666666667,1,0,1,0,1,0.02015404999658429,0.02353721780431599
0.33333333333333337,0,3,0.44900360316253235,0.2222222222222222,0.4375,0.5476190476190474,0.24561403508771928,0.6666666666666666,1,1,0,1,0,0.2990439250594718,0.43393247249049893
0.7017543859649124,1,8,0.008968095109107444,0.1111111111111111,0.75,0.49999999999999994,0.21052631578947367,0.625,1,1,1,1,4,0.008688410321111298,0.006152348870415962
0.5087719298245613,1,1,0.1619192525685153,0.1111111111111111,0.59375,0.49999999999999994,0.4473684210526316,0.375,0,1,3,1,2,0.161682733002382,0.10852066829331088
0.15789473684210525,1,5,0.04716730809163575,0.7777777777777777,0.5625,0.6071428571428572,0.381578947368421,0.75,1,1,2,1,1,0.011301277342365816,0.050445698424900445
0.29824561403508765,0,6,0.04093660492667326,0.2222222222222222,0.7291666666666667,0.42857142857142855,0.24561403508771928,0.6666666666666666,0,1,3,1,3,0.026922484286269244,0.02710109808065389
0.2807017543859649,1,6,0.21736354086340365,0.1111111111111111,0.6875,0.49999999999999994,0.3947368421052631,0.5,1,1,0,1,2,0.2171426685473143,0.20465411339093303
0.0,0,0,0.05429282526706613,0.1111111111111111,0.625,0.75,0.3684210526315789,0.875,1,1,3,0,6,0.054025931830672926,0.05774020830034493
0.08771929824561403,1,0,0.022143930112437562,0.3333333333333333,0.65625,0.5357142857142856,0.40789473684210525,0.875,0,1,2,1,7,0.010651766150674345,0.02092366495588568
0.17543859649122806,1,5,0.030168805507265105,0.2222222222222222,0.6041666666666666,0.42857142857142855,0.2807017543859649,0.5,0,0,1,0,1,0.019741925445113946,0.03004122527524308
0.0,1,8,0.09995224629138218,0.4444444444444445,0.5125,0.5571428571428572,0.3263157894736842,0.55,0,1,2,1,0,0.039540636594090975,0.06614208348771472
0.29824561403508765,1,6,0.01940950178281171,0.2222222222222222,0.33333333333333337,0.5476190476190474,0.42105263157894735,0.8333333333333333,1,1,3,0,3,0.012567031999007633,0.018306105594607446
0.24561403508771928,0,6,0.07325007947426268,0.5555555555555556,0.39583333333333337,0.5952380952380953,0.2807017543859649,0.9166666666666667,1,1,0,1,1,0.023953224390421607,0.054039017860860086
0.0,1,9,0.02765605554366817,0.5555555555555556,0.625,0.6071428571428572,0.34210526315789475,0.6666666666666666,1,1,2,0,1,0.008750927296709978,0.020008220319186684
0.36842105263157887,0,6,0.006348457448521522,0.0,0.6875,0.35714285714285715,0.05263157894736842,0.75,1,0,4,1,7,0.01270049816609186,0.0044518019117337345
0.4385964912280701,1,2,0.042183298767709335,0.7777777777777777,0.5078125,0.5625,0.3026315789473684,0.875,1,1,2,1,0,0.010054923369932444,0.036539832663636
0.33333333333333337,0,3,0.02993053089992921,0.1111111111111111,0.46875,0.35714285714285715,0.10526315789473684,0.625,0,0,3,1,2,0.029656762040957248,0.021942059553155365
0.22807017543859642,1,6,0.0033824720378030767,0.1111111111111111,0.5625,0.5357142857142856,0.2631578947368421,0.375,0,0,2,1,1,0.003101210899139697,0.00262909986024238
0.42105263157894735,0,1,0.0686533157808324,0.0,0.5,0.5714285714285714,0.2631578947368421,0.25,1,0,2,1,2,0.13734538165230192,0.06766747615645816
0.4385964912280701,0,3,0.008599223888629739,0.2222222222222222,0.75,0.5476190476190474,0.7719298245614035,0.6666666666666666,0,1,2,1,1,0.005358146182607408,0.009192464689992587
0.3508771929824561,0,9,0.05460617810888597,0.1111111111111111,0.3125,0.6428571428571428,0.28947368421052627,0.25,0,1,2,1,5,0.05433937310559235,0.04935074459299316
0.12280701754385964,1,0,0.0703732000734186,0.1111111111111111,0.4375,0.42857142857142855,0.13157894736842105,0.875,1,1,2,0,2,0.07011084477166711,0.057902036580159084
0.3508771929824561,0,2,0.0028869556902090276,0.0,0.5,0.2857142857142857,0.5263157894736843,0.75,0,0,2,0,4,0.005775540869007041,0.0026298837431908877
0.543859649122807,1,7,0.02754343819194225,0.2222222222222222,0.5,0.4761904761904761,0.1929824561403509,1.0,1,1,4,1,1,0.01799118662160438,0.029423830355187818
0.15789473684210525,1,1,0.10563863225633607,0.8888888888888888,0.5763888888888888,0.5634920634920635,0.2573099415204678,0.6111111111111112,0,1,2,1,0,0.022980159852415142,0.09861121199974986
0.7368421052631579,1,6,0.011324563800397007,0.2222222222222222,0.47916666666666663,0.4761904761904761,0.4035087719298245,0.8333333333333333,1,1,3,1,1,0.007175552212972476,0.00850913650415728
0.17543859649122806,1,7,0.17018161227347367,0.2222222222222222,0.7083333333333333,0.6904761904761905,0.3508771929824561,1.0,0,1,4,0,0,0.11311013916647676,0.12852584017880894
0.29824561403508765,2,6,0.10831418344418238,0.4444444444444445,0.55,0.5714285714285714,0.45263157894736833,0.8,0,1,0,1,6,0.04288635540327499,0.08117926653988666
0.14035087719298245,1,6,0.13906583314020446,0.6666666666666665,0.4107142857142857,0.38775510204081637,0.37593984962406013,0.8214285714285714,0,1,3,1,6,0.03926051010068884,0.11881335625058682
0.33333333333333337,0,7,0.09082964807867884,0.0,0.3125,0.5714285714285714,0.5789473684210527,1.0,0,0,4,0,2,0.18171056326740986,0.08179309043762094
0.0,0,7,0.05135924204175654,0.1111111111111111,0.71875,0.39285714285714285,0.49999999999999994,0.875,0,1,2,0,3,0.05109152070204521,0.046069758962961185
0.17543859649122806,0,6,0.010128844129089518,0.1111111111111111,0.46875,0.5714285714285714,0.10526315789473684,1.0,1,0,2,0,1,0.009849486922720125,0.00864853702183358
0.05263157894736842,0,3,0.16252758384213659,0.1111111111111111,0.59375,0.46428571428571425,0.3157894736842105,0.625,0,0,0,0,2,0.16229123595665498,0.12852631921838858
0.3157894736842105,1,3,0.19327310873481915,0.2222222222222222,0.4375,0.5952380952380953,0.17543859649122803,0.5833333333333334,0,1,0,0,0,0.128508814662991,0.15554798382692703
0.49122807017543857,0,6,0.058130706069304726,0.2222222222222222,0.5416666666666666,0.4523809523809524,0.21052631578947367,0.9166666666666667,0,1,2,0,2,0.03838845334517532,0.05302118940127544
0.42105263157894735,1,8,0.2391387973296648,0.6666666666666665,0.4642857142857143,0.5510204081632653,0.2857142857142857,0.8214285714285714,1,1,3,0,0,0.0678608547731598,0.25266206649313244
0.0,0,6,0.35744806710097454,0.3333333333333333,0.484375,0.48214285714285715,0.2368421052631579,0.875,1,1,4,0,2,0.17835114869507834,0.29605456034357075
0.719298245614035,0,9,0.19065011231111156,1.0,0.58125,0.5142857142857142,0.2684210526315789,0.575,0,1,2,1,4,0.037632795048339315,0.16314685803165596
0.3508771929824561,0,6,0.31472795895670497,0.4444444444444445,0.42500000000000004,0.4428571428571428,0.3157894736842105,0.8999999999999999,0,1,3,0,3,0.12547516689364477,0.3060222417205848
0.12280701754385964,1,9,0.056608000929389515,0.4444444444444445,0.6125,0.5142857142857142,0.29473684210526313,0.75,1,1,2,1,0,0.022198045478234108,0.05138553053110857
0.3157894736842105,1,6,0.005377774906364599,0.1111111111111111,0.65625,0.5357142857142856,0.10526315789473684,0.625,0,0,2,0,1,0.005097076873547789,0.00454177425460135
0.33333333333333337,1,0,0.0032165096247332996,0.0,0.6875,0.49999999999999994,0.15789473684210525,0.75,1,0,3,1,1,0.006434834748661007,0.0021027660093721045
0.14035087719298245,1,1,0.25182306747142635,0.4444444444444445,0.48750000000000004,0.5285714285714285,0.2526315789473684,0.8,0,1,1,1,1,0.10030610919969904,0.22757145397919015
0.33333333333333337,1,0,0.06105144696503152,0.3333333333333333,0.546875,0.49999999999999994,0.28947368421052627,0.6875,0,1,0,1,3,0.030111014733518588,0.04840782050404371
0.15789473684210525,0,7,0.16200124590354384,0.5555555555555556,0.5,0.4404761904761904,0.2631578947368421,0.8333333333333333,1,0,0,0,2,0.053545295525121835,0.12558218551095146
0.21052631578947367,1,6,0.2012373288191557,0.3333333333333333,0.34375,0.49999999999999994,0.3026315789473684,0.8125,0,1,2,1,2,0.10022373699075426,0.17042251116728357
0.14035087719298245,0,0,0.40034520181918515,0.8888888888888888,0.5694444444444444,0.5396825396825395,0.27485380116959063,0.75,1,1,2,1,0,0.08848899105045449,0.40680154330874907
0.0,0,6,0.07624866464469127,0.1111111111111111,0.53125,0.42857142857142855,0.21052631578947367,0.5,1,1,3,0,2,0.07598796749143619,0.06450694720618019
0.3157894736842105,0,8,0.07035107175167597,0.7777777777777777,0.5546875,0.49107142857142855,0.24342105263157893,0.6875,0,1,3,1,5,0.017098853963045946,0.05809848635686568
0.42105263157894735,1,6,0.18984756549933846,0.1111111111111111,0.3125,0.42857142857142855,0.21052631578947367,1.0,1,0,2,0,2,0.18961892774229988,0.1259413345485261
0.4035087719298246,1,7,0.06986543411914559,0.6666666666666665,0.4732142857142857,0.49999999999999994,0.22556390977443608,0.8214285714285714,0,1,2,1,4,0.01948338768301143,0.06315858143664144
0.45614035087719296,1,0,0.0062601417358522475,0.0,0.5,0.6428571428571428,0.10526315789473684,1.0,0,1,2,1,4,0.01252381689258747,0.005839840868277529
0.3508771929824561,1,1,0.033967566597851544,0.2222222222222222,0.6041666666666666,0.42857142857142855,0.1929824561403509,0.5,0,0,0,0,1,0.0222751475522496,0.029844906145694575
0.17543859649122806,0,6,0.04642996079928288,0.3333333333333333,0.484375,0.5357142857142856,0.13157894736842105,0.6875,1,1,2,1,7,0.02279820844398146,0.03998464982990611
0.4736842105263158,1,0,0.09290990789678798,0.4444444444444445,0.5,0.5142857142857142,0.21052631578947367,0.75,1,1,3,0,3,0.0367229062527977,0.06729857213107986
0.0,0,5,0.2653492017109145,1.0,0.55625,0.6000000000000001,0.3631578947368421,0.675,1,1,2,1,0,0.05257682917984118,0.20587697079060518
0.10526315789473684,0,8,0.0007958292855298362,0.0,0.6875,0.5714285714285714,0.15789473684210525,1.0,1,0,4,2,1,0.0015921077621379935,0.0007896749725161928
0.08771929824561403,0,1,0.07748034283883054,0.2222222222222222,0.5625,0.3809523809523809,0.15789473684210525,0.75,1,1,3,1,2,0.05129185170604477,0.06926868772594337
0.5087719298245613,1,7,0.07150075661078673,0.4444444444444445,0.525,0.6285714285714286,0.17894736842105263,0.7,1,1,3,0,0,0.028156828938732507,0.05942089689099829
0.49122807017543857,1,1,0.1038385327974328,0.4444444444444445,0.4625,0.49999999999999994,0.3789473684210526,0.8,1,1,3,0,0,0.041095589904977484,0.10208729738585488
0.38596491228070173,0,1,0.06521690595878164,0.2222222222222222,0.6875,0.42857142857142855,0.24561403508771928,0.8333333333333333,0,1,3,1,6,0.04311391982952167,0.04615759740224675
0.5087719298245613,0,0,0.004580562600725848,0.0,0.5,0.49999999999999994,0.631578947368421,0.75,1,0,3,2,0,0.009163710615046484,0.005106605468053895
0.10526315789473684,1,1,0.023856109007274095,0.2222222222222222,0.5416666666666666,0.5238095238095237,0.47368421052631576,0.8333333333333333,1,1,2,1,0,0.015532273416971693,0.02487190917130856
0.36842105263157887,1,7,0.10116515492690047,0.3333333333333333,0.515625,0.5714285714285714,0.2631578947368421,0.5,1,0,1,0,0,0.050173529074049796,0.08431985002403036
0.26315789473684215,1,7,0.06311017118430184,0.2222222222222222,0.5,0.5714285714285714,0.42105263157894735,1.0,0,1,0,0,7,0.04170903361074664,0.0453531157518143
0.4736842105263158,0,0,0.08846488126673578,0.2222222222222222,0.45833333333333337,0.3809523809523809,0.2631578947368421,1.0,0,1,2,0,0,0.058616943997635805,0.09023058875009515
0.26315789473684215,1,8,0.3506238507349863,0.4444444444444445,0.575,0.5571428571428572,0.39999999999999997,0.8500000000000001,1,1,2,1,0,0.13983757575901304,0.28371972665827394
0.21052631578947367,0,2,0.004706417430637096,0.1111111111111111,0.625,0.46428571428571425,0.2631578947368421,0.625,1,0,2,1,1,0.004425529930183228,0.004375460422359616
0.4035087719298246,1,7,0.22517009665532395,0.4444444444444445,0.55,0.42857142857142855,0.3052631578947368,0.7,1,1,4,2,3,0.08964191211826025,0.1820031188089578
0.4736842105263158,0,0,0.02026144216990323,0.7777777777777777,0.4609375,0.43749999999999994,0.3355263157894737,0.75,0,1,2,0,1,0.004572912547315107,0.019620807946413063
0.14035087719298245,0,2,0.003794019307355869,0.2222222222222222,0.47916666666666663,0.5238095238095237,0.47368421052631576,0.9166666666666667,1,1,2,1,0,0.0021537723922268933,0.0031502078247892707
0.2807017543859649,0,6,0.07337751489858411,0.1111111111111111,0.59375,0.39285714285714285,0.34210526315789475,0.875,1,0,4,0,3,0.07311600746172053,0.07204406885418783
0.07017543859649122,1,6,0.039586382151769864,0.0,0.75,0.6428571428571428,0.15789473684210525,0.75,1,0,2,1,6,0.07919510810265458,0.03135470825357325
0.0,1,6,0.15972400450706498,0.4444444444444445,0.55,0.39999999999999997,0.4105263157894737,0.8500000000000001,0,1,2,0,1,0.06345608729240691,0.16740769734732266
0.33333333333333337,1,7,0.02491629270790793,0.2222222222222222,0.5208333333333334,0.6428571428571428,0.21052631578947367,0.5833333333333334,1,0,2,1,0,0.016239262017735713,0.018697088989702043
0.42105263157894735,0,5,0.012001650930861443,0.0,0.5625,0.2857142857142857,0.3684210526315789,1.0,1,1,3,0,6,0.024010075970971306,0.008850256233916247
0.3508771929824561,0,1,0.0466964885317009,0.3333333333333333,0.625,0.48214285714285715,0.21052631578947367,0.9375,1,1,3,0,0,0.022931509919349148,0.04780884683327838
0.0,0,1,0.029263322484528446,0.1111111111111111,0.4375,0.49999999999999994,0.28947368421052627,0.875,0,1,2,1,0,0.028989365328849496,0.02626674178007276
0.21052631578947367,1,9,0.26844894492359506,0.5555555555555556,0.5729166666666666,0.46428571428571425,0.3508771929824561,0.875,1,1,4,1,6,0.08903787560333987,0.21841848827999186
0.0,0,5,0.0007112674845847593,0.0,0.5,0.2857142857142857,0.3684210526315789,0.75,1,1,4,1,7,0.0014229364309078394,0.0006738780414005166
0.5789473684210525,1,2,0.31027305361158913,0.2222222222222222,0.5625,0.42857142857142855,0.17543859649122803,0.6666666666666666,1,0,2,1,2,0.20653079073038602,0.2527601389598013
0.05263157894736842,0,1,0.04250455458158011,0.1111111111111111,0.625,0.42857142857142855,0.47368421052631576,0.5,0,0,2,1,2,0.04223433430982345,0.03572128466918311
0.5614035087719298,1,6,0.19992484273579555,0.5555555555555556,0.44791666666666663,0.5952380952380953,0.3596491228070175,0.7083333333333334,1,1,2,0,6,0.06619006201433647,0.20470454319395373
0.49122807017543857,0,6,0.15492156596600895,0.2222222222222222,0.375,0.7142857142857142,0.22807017543859648,0.9166666666666667,1,0,0,1,2,0.10293390387814078,0.13008868503286997
0.10526315789473684,1,6,0.16637237974491975,0.4444444444444445,0.4125,0.45714285714285713,0.3263157894736842,0.6,1,1,2,1,2,0.06611618789796518,0.12337381304879427
0.05263157894736842,1,1,0.1140272419398082,0.1111111111111111,0.59375,0.5357142857142856,0.49999999999999994,0.75,1,0,4,1,5,0.11377720649515144,0.08216726389837532
0.36842105263157887,0,3,0.01584466866493315,0.1111111111111111,0.71875,0.6071428571428572,0.21052631578947367,0.625,0,0,2,0,1,0.01556692455413176,0.016187749024370573
0.10526315789473684,1,6,0.10696909760111212,0.4444444444444445,0.48750000000000004,0.47142857142857136,0.3263157894736842,0.8999999999999999,1,1,4,1,4,0.04234816922429608,0.08070166407898195
0.3157894736842105,0,6,0.006791419031976807,0.1111111111111111,0.6875,0.42857142857142855,0.28947368421052627,0.75,1,1,2,0,0,0.0065111199517624545,0.007495575851736728
0.19298245614035092,0,6,0.3812241585162328,0.5555555555555556,0.48958333333333337,0.5952380952380953,0.28947368421052627,0.625,1,1,2,1,2,0.12664022244712522,0.3049669610756825
0.0,0,2,0.016388985864941762,0.1111111111111111,0.5625,0.39285714285714285,0.3947368421052631,0.5,1,1,2,0,0,0.016111395369013858,0.01520541304273225
0.0,1,3,0.31990657896738584,0.6666666666666665,0.5535714285714286,0.42857142857142855,0.4060150375939849,0.75,1,1,4,0,2,0.09094387636624836,0.32421816821187416
0.33333333333333337,0,3,0.08371835625294015,0.2222222222222222,0.6041666666666666,0.6666666666666667,0.3157894736842105,0.41666666666666663,1,1,2,0,6,0.05545170095910526,0.06959495722873338
0.17543859649122806,0,1,0.017624417970805238,0.2222222222222222,0.6041666666666666,0.5238095238095237,0.3157894736842105,0.9166666666666667,0,1,0,0,0,0.01137664027185464,0.01682465392003314
0.17543859649122806,1,1,0.05286495579176222,0.5555555555555556,0.48958333333333337,0.42857142857142855,0.3333333333333333,0.75,1,1,3,1,7,0.017156265495431876,0.05754846182132939
0.4385964912280701,0,6,0.07101294566094235,0.3333333333333333,0.453125,0.5892857142857142,0.2763157894736842,0.625,1,0,2,1,2,0.03509316972726458,0.05268455522394404
0.543859649122807,1,6,0.06312380381108973,0.5555555555555556,0.46875,0.5119047619047619,0.3070175438596491,0.875,1,1,2,1,0,0.020576846571286445,0.05455829676519379
0.22807017543859642,1,9,0.14848123646739522,0.7777777777777777,0.59375,0.48214285714285715,0.29605263157894735,0.59375,1,1,2,0,6,0.0366369075322547,0.11824456207333904
0.21052631578947367,1,4,0.054671377628306234,0.2222222222222222,0.5833333333333334,0.5476190476190474,0.21052631578947367,0.75,0,1,0,1,0,0.0360815835332526,0.05386469100292249
0.4035087719298246,1,2,0.21691959140844203,0.8888888888888888,0.47916666666666663,0.5158730158730158,0.30994152046783624,0.7222222222222222,0,1,2,1,3,0.04771624082768698,0.14524963449280073
0.0,1,8,0.0020531921388346713,0.0,0.625,0.42857142857142855,0.15789473684210525,0.5,1,1,2,1,4,0.004107543163887296,0.002107469307063151
0.33333333333333337,0,2,0.001265265825355777,0.0,0.125,0.42857142857142855,0.2631578947368421,0.75,0,1,3,1,4,0.002531245806537167,0.0013697048053592509
0.4035087719298246,0,6,0.16912399703875639,0.3333333333333333,0.6875,0.46428571428571425,0.17105263157894735,0.75,1,1,2,0,4,0.08416253965694187,0.1604258261211747
0.4385964912280701,1,4,0.013019553731022742,0.1111111111111111,0.5,0.5714285714285714,0.4473684210526316,1.0,1,1,3,1,1,0.012741012328360762,0.012328649719814105
0.0,0,6,0.01924729328146613,0.2222222222222222,0.6041666666666666,0.7380952380952381,0.3157894736842105,0.9166666666666667,0,1,2,1,1,0.012458862479583992,0.01434558054632461
0.12280701754385964,0,2,0.004486912381922188,0.0,0.375,0.7857142857142856,0.7894736842105263,0.75,1,0,4,1,1,0.008976357318310287,0.003530347505762846
0.10526315789473684,0,1,0.01840977581836757,0.3333333333333333,0.578125,0.33928571428571425,0.2763157894736842,0.75,1,1,3,2,1,0.008784162085107803,0.013193011317702012
0.3157894736842105,0,1,0.001845343973894903,0.0,0.375,0.49999999999999994,0.2631578947368421,0.25,0,1,0,1,3,0.00369172951796645,0.001606742299177463
0.38596491228070173,0,2,0.11060327929873769,0.4444444444444445,0.5,0.4428571428571428,0.3263157894736842,0.8500000000000001,0,1,3,1,3,0.043802252152636015,0.09784975681337993
0.5964912280701754,1,7,0.1432941207617596,0.3333333333333333,0.546875,0.625,0.3157894736842105,0.625,0,1,2,0,0,0.0712439567198074,0.14543802769475878
0.19298245614035092,1,1,0.012182233842225462,0.0,0.5,0.35714285714285715,0.21052631578947367,1.0,1,1,0,0,0,0.024371343720374018,0.009787344749804597
0.19298245614035092,1,1,0.11083582425133663,0.4444444444444445,0.5125,0.5285714285714285,0.2736842105263158,0.7,1,0,0,1,3,0.04389529638481259,0.11490230292616538
0.5263157894736842,0,1,0.06468345534534307,0.3333333333333333,0.578125,0.41071428571428564,0.22368421052631576,0.75,0,1,1,1,0,0.031927531428614334,0.05753796649962992
0.3508771929824561,1,8,0.08425694379821184,0.6666666666666665,0.5625,0.5714285714285714,0.2706766917293233,0.75,1,0,2,1,3,0.023596408022843098,0.07536394378827635
0.5614035087719298,0,5,0.15551705491004741,0.2222222222222222,0.6041666666666666,0.49999999999999994,0.2631578947368421,0.75,1,1,2,0,0,0.10333100854506265,0.13722084403986792
0.3508771929824561,1,7,0.04141769835027435,0.5555555555555556,0.6041666666666666,0.42857142857142855,0.3333333333333333,0.6666666666666666,0,1,2,1,4,0.01333943614958145,0.03892549331931402
0.05263157894736842,0,6,0.03262998857822964,0.1111111111111111,0.5,0.49999999999999994,0.34210526315789475,1.0,1,1,2,0,1,0.03235698154866472,0.028691814328439643
0.017543859649122806,1,5,0.004249428071791388,0.0,0.3125,0.2857142857142857,0.0,0.5,1,1,4,1,0,0.008501254654434947,0.0035212457537496166
0.0,1,6,0.14113443607453846,0.8888888888888888,0.5138888888888888,0.4126984126984126,0.3216374269005848,0.7222222222222222,1,0,2,1,3,0.030870342361799103,0.15278862875007426
0.42105263157894735,1,6,0.035519117585752685,0.3333333333333333,0.4375,0.5535714285714286,0.2368421052631579,0.5625,1,1,1,2,0,0.017341247231449898,0.03372273154290984
0.543859649122807,1,1,0.09411570385746042,0.2222222222222222,0.6666666666666667,0.6428571428571428,0.14035087719298245,0.41666666666666663,0,0,4,0,0,0.06238522222545017,0.08229394809266473
0.6842105263157895,1,9,0.08600152487845722,0.1111111111111111,0.5625,0.5714285714285714,0.42105263157894735,0.75,1,0,1,0,5,0.08574358013572836,0.07604966717200987
0.4736842105263158,0,6,0.018011268452698834,0.1111111111111111,0.53125,0.46428571428571425,0.28947368421052627,0.5,1,0,2,0,1,0.01773413579042834,0.01598589916512982
0.5263157894736842,1,6,0.11147853345337946,0.2222222222222222,0.7916666666666667,0.5476190476190474,0.4035087719298245,0.5,1,1,0,1,2,0.07396370866509655,0.07837623176318095
0.17543859649122806,1,7,0.281134202936863,0.2222222222222222,0.625,0.3095238095238095,0.3333333333333333,0.9166666666666667,1,1,2,1,1,0.18709940798598038,0.28447913503916716
0.05263157894736842,0,1,0.0010625545922491207,0.0,0.8125,0.49999999999999994,0.10526315789473684,0.75,0,0,3,2,3,0.002125708923728433,0.0007917653270455469
0.4736842105263158,1,3,0.34021306807797946,0.5555555555555556,0.71875,0.4880952380952381,0.2982456140350877,0.7916666666666667,0,1,2,1,1,0.11296600097616075,0.2788448456996095
0.38596491228070173,0,7,0.05805207149739785,0.2222222222222222,0.625,0.3809523809523809,0.2631578947368421,0.75,1,1,2,1,6,0.0383360155026289,0.044147460227956646
0.3157894736842105,2,7,0.08954956418072754,0.1111111111111111,0.59375,0.42857142857142855,0.34210526315789475,1.0,1,0,2,0,6,0.08929262075048434,0.07961128289760763
0.36842105263157887,1,6,0.0012808741951563871,0.1111111111111111,0.9375,0.49999999999999994,0.28947368421052627,0.875,0,1,2,1,1,0.000999019952533212,0.0014571077541178678
0.3508771929824561,1,6,0.010238695440597608,0.0,0.5,0.42857142857142855,0.15789473684210525,0.75,1,0,2,0,5,0.020483169922918345,0.008898116642827917
0.5614035087719298,1,5,0.012138965070246555,0.1111111111111111,0.4375,0.42857142857142855,0.15789473684210525,0.75,1,1,2,1,4,0.01186017515161684,0.011771744433952028
0.5614035087719298,0,9,0.08542974485057159,0.1111111111111111,0.53125,0.6428571428571428,0.42105263157894735,0.625,1,0,1,0,2,0.08517163874252735,0.08708408259478495
0.4035087719298246,0,6,0.05656433700880807,0.1111111111111111,0.46875,0.6428571428571428,0.18421052631578946,0.875,0,0,2,0,4,0.05629808462874896,0.05108839534457143
0.4736842105263158,0,6,0.11374885974931377,0.3333333333333333,0.578125,0.49999999999999994,0.25,0.75,1,1,4,0,0,0.05646715714494919,0.10287030935330876
0.4035087719298246,0,6,0.34082357266891466,0.1111111111111111,0.34375,0.49999999999999994,0.10526315789473684,0.875,0,1,3,0,2,0.340637542715267,0.34062470767698383
0.19298245614035092,1,3,0.055801305057289634,0.1111111111111111,0.6875,0.46428571428571425,0.13157894736842105,0.875,1,0,0,0,5,0.05553483733761478,0.050312220578390646
0.45614035087719296,0,0,0.28066595184284465,1.0,0.54375,0.4928571428571428,0.2421052631578947,0.7,1,1,2,1,7,0.05564104373177726,0.3066775678655373
0.0,0,1,0.0865333948974856,0.4444444444444445,0.675,0.5142857142857142,0.2736842105263158,0.7,0,1,3,1,5,0.034171581232179934,0.07551431866723175
0.5087719298245613,0,2,0.004755218283051661,0.1111111111111111,0.5,0.5357142857142856,0.2368421052631579,0.875,1,0,3,1,4,0.004474344554965761,0.005101379581730511
0.03508771929824561,0,0,0.013748207754119572,0.0,0.5,0.49999999999999994,0.3684210526315789,1.0,1,0,2,1,3,0.027504175429089443,0.012320767341276333
0.3508771929824561,0,8,0.024130342137441772,0.1111111111111111,0.4375,0.46428571428571425,0.3684210526315789,1.0,1,1,4,1,4,0.023854936373990377,0.024774402842324735
0.10526315789473684,1,6,0.015216975109787098,0.1111111111111111,0.21875,0.7142857142857142,0.28947368421052627,0.875,1,1,1,1,3,0.014939053853993675,0.011500869326189895
0.4035087719298246,1,6,0.253813430982456,0.2222222222222222,0.47916666666666663,0.5714285714285714,0.21052631578947367,0.8333333333333333,0,1,3,1,5,0.1688804197820575,0.21963106810322797
0.2807017543859649,0,6,0.06327949236049328,0.1111111111111111,0.5,0.5714285714285714,0.28947368421052627,0.625,1,0,3,0,3,0.06301513510287336,0.045431895988139334
0.0,1,9,0.029188441824345775,0.0,0.5625,0.7857142857142856,0.10526315789473684,1.0,1,1,3,1,6,0.05839335852326075,0.031558300074921795
0.38596491228070173,0,5,0.04113753799106846,0.1111111111111111,0.5625,0.5714285714285714,0.28947368421052627,0.75,0,1,2,1,6,0.040866931925732985,0.03689571552225853
0.17543859649122806,1,3,0.4093097405908697,0.8888888888888888,0.48611111111111116,0.48412698412698413,0.25146198830409355,0.8611111111111112,1,1,2,1,3,0.09048167298500948,0.3358867013909394
0.4736842105263158,0,6,0.003058845332317011,0.0,0.3125,0.5714285714285714,0.21052631578947367,1.0,0,1,0,0,0,0.0061194171731431025,0.003289564793412875
0.29824561403508765,0,1,0.383136875326862,0.7777777777777777,0.46875,0.42857142857142855,0.25,0.78125,1,1,2,1,2,0.0953173731249601,0.345298958149883
0.36842105263157887,1,1,0.09103789139222115,0.5555555555555556,0.6666666666666667,0.5595238095238095,0.4912280701754386,0.9166666666666667,1,1,2,0,7,0.029884168363156036,0.0930767370889688
0.08771929824561403,0,3,0.03400767418101007,0.3333333333333333,0.515625,0.625,0.2368421052631579,0.75,1,1,2,1,0,0.01658531225253011,0.02424075275060172
0.15789473684210525,0,1,0.01609440258174291,0.0,0.8125,0.42857142857142855,0.2631578947368421,0.75,1,0,2,1,5,0.03219788935048683,0.01638659399897538
0.19298245614035092,0,6,0.02504115966631281,0.2222222222222222,0.39583333333333337,0.49999999999999994,0.3508771929824561,0.5833333333333334,1,1,0,1,0,0.016322530149618472,0.01833018822074771
0.4736842105263158,1,0,0.00435098126264599,0.1111111111111111,0.53125,0.6071428571428572,0.34210526315789475,0.75,1,0,4,0,0,0.0040699934525161175,0.0036324264852796366
0.6491228070175438,1,1,0.0892158611858765,0.4444444444444445,0.6375,0.38571428571428573,0.1368421052631579,0.8,1,1,2,0,2,0.035244870561204136,0.08981652435707227
0.12280701754385964,1,7,0.08207829197806846,0.6666666666666665,0.5357142857142857,0.4693877551020407,0.19548872180451127,0.5,0,1,3,0,0,0.02297376040285815,0.061425329139385365
0.5087719298245613,1,6,0.004933035154197851,0.1111111111111111,0.53125,0.49999999999999994,0.3684210526315789,0.875,0,0,1,1,1,0.00465221160882924,0.005417153762821059
0.0,0,5,0.20090125493268943,0.6666666666666665,0.4732142857142857,0.49999999999999994,0.45864661654135336,0.7142857142857143,0,1,2,1,0,0.05693275944951896,0.13971450634622926
0.03508771929824561,0,3,0.11450616204609528,0.4444444444444445,0.525,0.5142857142857142,0.3578947368421052,1.0,1,1,0,0,5,0.04536384583353343,0.11776160307895286
0.08771929824561403,0,9,0.46164954388984675,0.4444444444444445,0.44999999999999996,0.47142857142857136,0.2421052631578947,0.8500000000000001,1,1,3,1,0,0.18426038629957275,0.3302867287049052
0.0,0,7,0.19874927564321798,0.1111111111111111,0.71875,0.5357142857142856,0.2368421052631579,0.625,0,1,2,1,2,0.19852315008876553,0.1734193827775342
0.0,0,8,0.05704187409498622,0.6666666666666665,0.5357142857142857,0.5510204081632653,0.3308270676691729,0.6428571428571429,0,1,2,1,6,0.01581847938745297,0.06188320387941929
0.36842105263157887,1,9,0.25515199687358425,0.2222222222222222,0.6041666666666666,0.42857142857142855,0.4035087719298245,0.6666666666666666,1,0,0,0,2,0.1697730488857057,0.23470060810155222
0.24561403508771928,0,3,0.021102713544725978,0.1111111111111111,0.40625,0.42857142857142855,0.6842105263157894,0.5,0,0,3,1,3,0.02082645333687486,0.017241679648639277
0.36842105263157887,1,8,0.055961340241321204,0.2222222222222222,0.5833333333333334,0.4523809523809524,0.2982456140350877,0.5,1,1,2,0,0,0.03694180130708568,0.05449623936510359
0.4385964912280701,0,1,0.03385494924612562,0.4444444444444445,0.75,0.4428571428571428,0.21052631578947367,0.7,1,1,0,1,1,0.013094256297333634,0.03436438328531615
0.3508771929824561,1,1,0.04134597887891205,0.2222222222222222,0.7291666666666667,0.42857142857142855,0.1929824561403509,0.75,0,1,2,0,4,0.027195477275606384,0.028864660518585605
0.42105263157894735,1,6,0.08911569101513084,0.4444444444444445,0.5125,0.4142857142857142,0.2210526315789474,0.6,1,1,3,0,5,0.03520479118506691,0.07330254937896437
0.2807017543859649,0,3,0.09592291599120951,0.5555555555555556,0.7083333333333333,0.5238095238095237,0.18421052631578946,0.875,1,1,2,0,1,0.03151296943973919,0.07472220494776464
0.03508771929824561,0,0,0.013868135354992615,0.0,0.375,0.7142857142857142,0.5263157894736843,0.5,1,0,3,2,7,0.027744098321745295,0.011751450575396213
0.5087719298245613,0,0,0.02942829702609186,0.2222222222222222,0.5,0.3809523809523809,0.3333333333333333,0.75,1,1,2,0,3,0.019248113802239633,0.02159266550338437
0.15789473684210525,0,6,0.2748888792736062,1.0,0.59375,0.4785714285714285,0.34210526315789475,0.75,1,1,2,1,0,0.05448530314178433,0.1948180372511629
0.08771929824561403,1,7,0.0021583016671121967,0.0,0.625,0.5714285714285714,0.3684210526315789,1.0,0,1,4,1,1,0.004317821547565898,0.002233326069351344
0.24561403508771928,0,6,0.016271034007081457,0.1111111111111111,0.3125,0.6428571428571428,0.3947368421052631,0.625,1,0,2,0,3,0.015993410223284415,0.015338281202504316
0.10526315789473684,1,2,0.0383703123274312,0.0,0.5,0.5714285714285714,0.10526315789473684,0.25,0,0,1,0,3,0.07676228206592187,0.036896368758048956
0.19298245614035092,0,6,0.12272703114778616,0.2222222222222222,0.45833333333333337,0.6190476190476191,0.12280701754385964,0.9166666666666667,1,1,4,1,5,0.08146482346332581,0.12079806077810312
0.36842105263157887,0,9,0.5232538037498418,0.6666666666666665,0.4375,0.3673469387755102,0.18796992481203006,0.5714285714285714,1,1,4,1,6,0.14905947995682514,0.3622454187703037
0.36842105263157887,1,6,0.16188586251160011,0.2222222222222222,0.6458333333333333,0.4761904761904761,0.22807017543859648,0.75,1,1,2,0,2,0.10757807853120285,0.14683725875784515
0.10526315789473684,0,1,0.03482642208548764,0.1111111111111111,0.53125,0.46428571428571425,0.4473684210526316,0.875,1,1,2,0,1,0.03455403492399839,0.03454964095548015
0.19298245614035092,0,9,0.051507422767711704,0.1111111111111111,0.65625,0.46428571428571425,0.47368421052631576,0.5,1,0,3,0,2,0.05123974324693144,0.04335983206091712
0.5087719298245613,1,7,0.10908353777334158,0.3333333333333333,0.578125,0.48214285714285715,0.2763157894736842,0.6875,1,0,3,0,6,0.05413383784335011,0.08948389669258881
0.38596491228070173,0,6,0.539728339287235,0.4444444444444445,0.4375,0.5857142857142856,0.431578947368421,0.75,0,0,4,1,2,0.2155007184840826,0.36244435084301385
0.719298245614035,0,7,0.0537165010302512,0.5555555555555556,0.47916666666666663,0.39285714285714285,0.4298245614035087,0.5833333333333334,1,1,3,1,0,0.017440194014747286,0.0509407205068831
0.543859649122807,0,6,0.16131546550382336,0.2222222222222222,0.625,0.5714285714285714,0.2807017543859649,0.75,1,1,0,0,5,0.10719770654268147,0.1433410101603424
0.5263157894736842,1,4,0.0030288140385234326,0.0,0.75,0.49999999999999994,0.3684210526315789,1.0,1,1,3,2,4,0.006059337634949216,0.0027033509950871444
0.0,1,3,0.005336284303097155,0.0,0.25,0.2857142857142857,0.3684210526315789,1.0,1,0,2,1,7,0.010675580572886064,0.004276691170847637
0.45614035087719296,0,1,0.006556108039160017,0.1111111111111111,0.625,0.6785714285714286,0.2368421052631579,0.625,0,1,2,1,4,0.0062757425504831165,0.004501230086542419
0.2807017543859649,1,3,0.038035028738169996,0.3333333333333333,0.46875,0.3214285714285714,0.3947368421052631,0.875,1,1,2,0,6,0.018599557822504095,0.03755021423520983
0.17543859649122806,0,6,0.0029359541169248667,0.1111111111111111,0.625,0.35714285714285715,0.2631578947368421,0.875,0,0,1,1,1,0.0026545669638825134,0.002017671160406316
0.33333333333333337,1,5,0.018772127086903255,0.2222222222222222,0.6666666666666667,0.42857142857142855,0.2982456140350877,0.6666666666666666,1,0,2,2,0,0.012141995616960532,0.015421677638415003
0.49122807017543857,0,8,0.05611189185889165,0.0,0.8125,0.42857142857142855,0.21052631578947367,0.75,1,0,4,1,5,0.11225545503431944,0.03719084745237171
0.4035087719298246,0,9,0.1627216018059872,0.5555555555555556,0.5729166666666666,0.46428571428571425,0.25438596491228066,0.7916666666666667,1,1,2,0,0,0.053785481924524155,0.14619025048195736
0.10526315789473684,1,1,0.020366551698180753,0.2222222222222222,0.625,0.5714285714285714,0.3684210526315789,0.9166666666666667,0,0,1,0,4,0.013205245338944443,0.021519459545804285
0.4385964912280701,1,1,0.11656113235364139,0.5555555555555556,0.5104166666666666,0.5833333333333333,0.2807017543859649,0.7916666666666667,1,1,2,1,1,0.03839431637028415,0.10632701541096458
0.15789473684210525,0,6,0.12854045738845896,0.4444444444444445,0.5,0.35714285714285715,0.2210526315789474,0.7,1,1,2,0,3,0.050979148250015455,0.09369587397113184
0.33333333333333337,0,2,0.10504966326423962,1.0,0.44999999999999996,0.42857142857142855,0.2631578947368421,0.575,0,1,2,1,0,0.020507873680399386,0.09010647394991476
0.22807017543859642,1,3,0.006185458649970848,0.0,0.3125,0.5714285714285714,1.0,1.0,1,1,2,0,3,0.012374408567342147,0.0043097013527903525
0.24561403508771928,0,7,0.0025386321970637693,0.0,0.4375,0.5714285714285714,0.3157894736842105,0.75,1,0,2,0,1,0.005078697277981896,0.001939936101345962
0.45614035087719296,1,9,0.04941491334292359,0.1111111111111111,0.40625,0.35714285714285715,0.3157894736842105,0.75,0,0,2,0,0,0.04914664328307797,0.05407377000491059
0.07017543859649122,1,6,0.02558014236018704,0.0,0.375,0.2857142857142857,0.2631578947368421,0.25,1,1,4,0,5,0.05117472295724135,0.01692538287891639
0.7017543859649124,0,6,0.1474305363332225,0.1111111111111111,0.5,0.5357142857142856,0.15789473684210525,0.5,1,1,1,0,2,0.14718992782352583,0.12403131664638152
0.0,1,6,0.07577982082776914,0.4444444444444445,0.44999999999999996,0.4428571428571428,0.2736842105263158,0.7,0,1,2,0,0,0.029868937673210392,0.05214132434062815
0.15789473684210525,0,6,0.09429846008613844,0.3333333333333333,0.5,0.46428571428571425,0.17105263157894735,0.625,1,1,3,1,5,0.04673921270903578,0.10002411746538242
0.36842105263157887,1,6,0.29236156018103343,0.6666666666666665,0.6428571428571428,0.5306122448979591,0.2857142857142857,0.7857142857142858,1,1,2,1,6,0.08307164995944491,0.3196902861050825
0.42105263157894735,1,7,0.07491503811109484,0.4444444444444445,0.575,0.3714285714285714,0.3789473684210526,0.65,0,0,2,0,0,0.029522926964427973,0.06592773505035054
0.26315789473684215,1,1,0.01579843627843514,0.1111111111111111,0.40625,0.46428571428571425,0.3157894736842105,0.75,0,1,0,0,0,0.015520679120127258,0.013570450957408504
0.2807017543859649,0,6,0.12182253599655589,0.1111111111111111,0.5625,0.39285714285714285,0.15789473684210525,0.75,0,1,0,0,5,0.12157470050646656,0.12860061390228603
0.36842105263157887,0,0,0.1566161607480321,0.4444444444444445,0.675,0.49999999999999994,0.3263157894736842,0.7,1,1,0,1,0,0.062212598955841324,0.11205663362687136
0.24561403508771928,0,6,0.019563609737805073,0.1111111111111111,0.5,0.35714285714285715,0.13157894736842105,0.875,1,1,2,1,6,0.01928691517065652,0.013242483041563391
0.5789473684210525,1,2,0.0492730549946092,0.2222222222222222,0.47916666666666663,0.6190476190476191,0.3508771929824561,0.75,1,1,2,1,0,0.032481686116429,0.053666325067897334
0.4736842105263158,1,1,0.025223520746388294,0.1111111111111111,0.40625,0.5357142857142856,0.3947368421052631,1.0,1,1,2,1,4,0.024948423495131086,0.024594109764167944
0.4736842105263158,0,7,0.0055800909908687085,0.1111111111111111,0.46875,0.35714285714285715,0.28947368421052627,0.75,0,0,2,0,1,0.005299450054832459,0.00456794723527097
0.08771929824561403,1,8,0.04714932883021986,0.3333333333333333,0.6875,0.49999999999999994,0.3157894736842105,0.5625,0,1,2,1,0,0.023157993967935313,0.04005772514032812
0.2807017543859649,0,6,0.02665949076804441,0.1111111111111111,0.8125,0.5357142857142856,0.10526315789473684,0.625,1,0,0,0,6,0.026384798770108606,0.025387660602373983
0.22807017543859642,1,7,0.012756187187425107,0.1111111111111111,0.59375,0.42857142857142855,0.5789473684210527,0.75,1,0,2,0,0,0.012477571458582963,0.010318338349313224
0.07017543859649122,0,9,0.01930755344335456,0.0,0.4375,0.2857142857142857,0.21052631578947367,0.75,0,1,4,1,6,0.03862600467711299,0.014475138978091866
0.36842105263157887,1,3,0.05740224962050916,0.5555555555555556,0.5208333333333334,0.4523809523809524,0.4385964912280702,0.625,0,1,2,1,4,0.018669123603570696,0.06193938215739568
0.17543859649122806,0,1,0.04283015703007891,0.3333333333333333,0.4375,0.625,0.17105263157894735,0.875,0,1,2,1,0,0.020997798598763346,0.03195908200687274
0.42105263157894735,1,1,0.1376257140582216,0.0,0.625,0.9285714285714286,0.10526315789473684,1.0,1,0,1,0,2,0.27532910839791386,0.14561178841501132
0.07017543859649122,1,2,0.0009827345745346088,0.0,0.6875,0.21428571428571425,0.5789473684210527,1.0,0,0,3,1,4,0.0019660238353709975,0.0008651890298891085
0.6491228070175438,1,9,0.011170060696801093,0.4444444444444445,0.5875,0.5142857142857142,0.29473684210526313,0.7,0,0,4,1,4,0.004017740064692223,0.010715592807995887
0.10526315789473684,1,6,0.30041152751212263,0.3333333333333333,0.5625,0.5535714285714286,0.21052631578947367,0.625,1,1,0,0,0,0.14982483059645343,0.2511671581612754
0.33333333333333337,1,6,0.1637155981156944,0.2222222222222222,0.22916666666666663,0.6190476190476191,0.3859649122807018,0.6666666666666666,0,1,0,0,1,0.10879824652070631,0.11015702394832086
0.45614035087719296,0,1,0.06718573387097251,0.2222222222222222,0.47916666666666663,0.3095238095238095,0.4385964912280702,0.9166666666666667,1,1,2,1,1,0.04442684219378061,0.05238258609255776
0.17543859649122806,0,6,0.008742465257053057,0.0,0.3125,0.6428571428571428,0.21052631578947367,0.75,1,1,2,1,5,0.017489865036455828,0.009400629161874095
0.4736842105263158,0,1,0.12313284876260204,0.4444444444444445,0.5625,0.7,0.3789473684210526,0.8,1,0,3,1,5,0.04881549435479615,0.1020727084532021
0.03508771929824561,0,6,0.054010689164847504,0.2222222222222222,0.75,0.3095238095238095,0.17543859649122803,0.9166666666666667,1,1,4,0,0,0.03564100025316409,0.03951963304523022
0.5964912280701754,0,6,0.25268646716799176,1.0,0.64375,0.42857142857142855,0.2421052631578947,0.8,0,1,3,0,1,0.050043567546693556,0.22789489279355502
0.29824561403508765,1,6,0.1845685777436106,0.1111111111111111,0.5625,0.46428571428571425,0.18421052631578946,0.625,1,0,3,0,2,0.18433845017321285,0.14994095619435627
0.15789473684210525,1,8,0.04759960066282227,0.2222222222222222,0.6875,0.4523809523809524,0.3684210526315789,0.9166666666666667,0,1,2,1,2,0.03136573504515221,0.040082373904153416
0.22807017543859642,1,6,0.0758017515752105,0.2222222222222222,0.5208333333333334,0.5238095238095237,0.4385964912280702,0.75,0,1,2,0,6,0.05017247504706395,0.06567149242429389
0.45614035087719296,0,6,0.002616674046066819,0.0,0.5,0.35714285714285715,0.15789473684210525,0.75,0,0,1,0,3,0.005234825025262062,0.0024352194776447902
0.15789473684210525,1,6,0.13055512253854526,0.1111111111111111,0.75,0.49999999999999994,0.21052631578947367,0.625,1,0,4,1,2,0.13030975152170204,0.12191910049257462
0.14035087719298245,1,8,0.052304832647651726,0.6666666666666665,0.6160714285714286,0.510204081632653,0.2932330827067669,0.6785714285714286,1,1,2,1,1,0.014464657011760654,0.05574313584186329
0.24561403508771928,0,0,0.00590075408183567,0.1111111111111111,0.3125,0.5714285714285714,0.28947368421052627,0.625,1,0,2,1,0,0.005620203641966269,0.003961091185967868
0.03508771929824561,1,5,0.03481061614138575,0.1111111111111111,0.4375,0.6428571428571428,0.6052631578947367,0.375,0,1,2,1,4,0.03453822451921053,0.03581008118762796
0.6666666666666666,0,6,0.007160685401057062,0.0,0.625,0.5714285714285714,0.7894736842105263,0.75,0,0,2,1,7,0.014325412518164672,0.007236589635360298
0.17543859649122806,0,5,0.00681157161070671,0.1111111111111111,0.46875,0.42857142857142855,0.5526315789473684,0.5,0,0,2,0,4,0.006531278217866983,0.0072233071742883615
0.45614035087719296,1,7,0.18859296868625144,0.2222222222222222,0.6041666666666666,0.5714285714285714,0.2807017543859649,0.9166666666666667,1,0,2,0,0,0.1253878407578665,0.1976585677622389
0.33333333333333337,1,1,0.022922372859455323,0.1111111111111111,0.53125,0.5714285714285714,0.28947368421052627,1.0,1,1,3,0,0,0.022646626188077806,0.01969728008294527
0.08771929824561403,0,3,0.16877310507969456,0.1111111111111111,0.4375,0.46428571428571425,0.28947368421052627,0.75,0,1,0,0,2,0.1685385197785199,0.14073046219654803
0.2807017543859649,0,5,0.06345157957690253,0.1111111111111111,0.4375,0.6071428571428572,0.21052631578947367,0.75,1,1,0,0,2,0.06318727088500124,0.04516315478395925
0.45614035087719296,1,0,0.0035142540967525305,0.1111111111111111,0.46875,0.42857142857142855,0.28947368421052627,0.125,1,0,2,0,0,0.00323303014905852,0.003525208717544851
0.24561403508771928,0,9,0.04564559082322692,0.1111111111111111,0.59375,0.49999999999999994,0.21052631578947367,0.5,1,0,2,0,1,0.0453762570012919,0.032381725563276516
0.543859649122807,0,8,0.17784808788579098,0.6666666666666665,0.4642857142857143,0.4693877551020407,0.3458646616541353,0.75,0,1,2,0,4,0.05034428144575873,0.1191552598632943
0.5087719298245613,1,6,0.040738240328194626,0.5555555555555556,0.6041666666666666,0.42857142857142855,0.3070175438596491,0.75,0,1,3,1,0,0.013112886224308666,0.02803278651400808
0.49122807017543857,1,7,0.08732784116290652,0.3333333333333333,0.4375,0.5714285714285714,0.28947368421052627,0.6875,1,1,3,0,6,0.043252919638281644,0.05771029010114355
0.19298245614035092,0,6,0.09762165983355946,0.1111111111111111,0.5625,0.5357142857142856,0.2368421052631579,0.75,1,0,2,1,1,0.09736699447564694,0.09094235446734021
0.07017543859649122,1,9,0.02004588860721379,0.1111111111111111,0.46875,0.46428571428571425,0.4473684210526316,1.0,0,0,2,0,6,0.019769330146746245,0.018788106509834333
0.15789473684210525,0,6,0.08859607060278142,0.5555555555555556,0.46875,0.5238095238095237,0.2807017543859649,0.875,1,1,2,1,7,0.029069998393267613,0.06379187176093033
0.33333333333333337,1,9,0.11505047924610388,0.2222222222222222,0.5833333333333334,0.5952380952380953,0.4912280701754386,0.6666666666666666,1,1,2,1,5,0.07634567789976164,0.1087772593117891
0.4035087719298246,0,1,0.02655082490234396,0.1111111111111111,0.625,0.5714285714285714,0.21052631578947367,0.5,0,1,2,0,2,0.026276102237192036,0.025141913298016794
0.0,0,1,0.1717876937685263,0.5555555555555556,0.5,0.49999999999999994,0.2982456140350877,0.75,1,1,2,1,6,0.05680836544327729,0.182675472633514
0.2807017543859649,0,6,0.07738372900550777,0.2222222222222222,0.5,0.5714285714285714,0.3859649122807018,0.6666666666666666,0,1,2,1,3,0.05122742430653422,0.07965295934103664
0.3157894736842105,1,1,0.034247134234153605,0.1111111111111111,0.78125,0.49999999999999994,0.15789473684210525,0.625,1,1,2,1,1,0.033974583588523136,0.022882457797048523
0.22807017543859642,1,9,0.07639289388462095,0.2222222222222222,0.5625,0.2857142857142857,0.2631578947368421,0.75,0,0,2,1,6,0.0505666811397747,0.07062781011149777
0.5614035087719298,0,6,0.09738970760386433,0.3333333333333333,0.59375,0.5357142857142856,0.2763157894736842,0.75,1,1,3,1,4,0.048285272667229116,0.10143741487248924
0.38596491228070173,1,7,0.0637214660724422,0.4444444444444445,0.44999999999999996,0.4857142857142857,0.21052631578947367,0.75,0,1,2,1,4,0.025044234548145545,0.058280521397130254
0.5614035087719298,1,6,0.0031951716001957565,0.0,0.5,0.49999999999999994,0.42105263157894735,1.0,1,0,3,1,0,0.006392146655733771,0.002317462839157845
0.24561403508771928,0,1,0.09724626866113972,0.2222222222222222,0.47916666666666663,0.6190476190476191,0.3333333333333333,0.9166666666666667,0,0,2,1,6,0.06447285442431451,0.0840816367057894
0.49122807017543857,1,6,0.02361131444799617,0.1111111111111111,0.53125,0.5714285714285714,0.18421052631578946,1.0,1,1,0,0,6,0.023335762206768865,0.01914973784341259
0.631578947368421,1,1,0.008593691808194078,0.1111111111111111,0.375,0.49999999999999994,0.2368421052631579,0.625,0,0,2,1,0,0.008313901357698748,0.008732325399218522
0.5614035087719298,1,9,0.021170283955761534,0.1111111111111111,0.46875,0.46428571428571425,0.18421052631578946,0.625,1,1,1,0,3,0.020894042817342983,0.020149232151812694
0.05263157894736842,0,7,0.001833884664421037,0.0,0.5625,0.42857142857142855,0.42105263157894735,1.0,1,0,3,0,1,0.0036688044310240454,0.0015999486469570623
0.22807017543859642,0,1,0.08567058792382404,0.3333333333333333,0.484375,0.5535714285714286,0.3289473684210526,0.8125,0,1,0,1,0,0.042424059167277824,0.08220001278600186
0.21052631578947367,1,3,0.22801753748527828,0.2222222222222222,0.625,0.5476190476190474,0.3333333333333333,0.8333333333333333,1,0,4,0,2,0.15167830411274083,0.22374353579636325
0.38596491228070173,1,6,0.021417646980956013,0.1111111111111111,0.40625,0.42857142857142855,0.47368421052631576,0.75,0,0,2,1,1,0.021141475652273072,0.01825794034232691
0.4385964912280701,1,1,0.3614937960681529,0.5555555555555556,0.46875,0.4880952380952381,0.3157894736842105,0.875,1,1,4,1,2,0.12006157889158127,0.2970143379159131
0.10526315789473684,0,3,0.08146067471228735,0.1111111111111111,0.75,0.5357142857142856,0.2368421052631579,1.0,1,1,2,0,0,0.08120144847023462,0.08452013211737411
0.29824561403508765,1,6,0.06477315407812127,0.2222222222222222,0.5416666666666666,0.2619047619047619,0.5263157894736843,0.8333333333333333,1,0,3,0,2,0.04281800175324213,0.059021508528733585
0.0,0,2,0.02862002055958179,0.2222222222222222,0.20833333333333337,0.5952380952380953,0.47368421052631576,0.9166666666666667,1,1,3,1,1,0.018709110752346672,0.024484888740009196
0.5964912280701754,1,7,0.1076823408287096,0.3333333333333333,0.578125,0.44642857142857145,0.3026315789473684,0.625,1,1,3,1,3,0.05343304165112799,0.0897262907198885
0.17543859649122806,2,0,0.22465837921502546,0.2222222222222222,0.41666666666666663,0.5238095238095237,0.3684210526315789,0.8333333333333333,1,1,0,1,1,0.14943823326104685,0.17227500077081825
0.29824561403508765,1,8,0.0142296963263232,0.0,0.5625,0.6428571428571428,0.15789473684210525,1.0,1,1,1,1,3,0.02846742434079011,0.013824820974199278
0.22807017543859642,0,6,0.08506284937310662,0.6666666666666665,0.5357142857142857,0.489795918367347,0.3157894736842105,0.6785714285714286,1,1,0,0,3,0.02382673174116346,0.08691067026695395
0.5263157894736842,1,1,0.1997245023943042,0.3333333333333333,0.59375,0.26785714285714285,0.2368421052631579,0.875,1,1,2,1,1,0.09946711030662501,0.13541826165072163
0.0,1,1,0.06368076576637985,0.3333333333333333,0.46875,0.49999999999999994,0.17105263157894735,0.8125,0,1,4,0,6,0.03142604515174925,0.05698184509671635
0.2807017543859649,0,6,0.10209414929148868,0.2222222222222222,0.5833333333333334,0.5476190476190474,0.1929824561403509,0.5833333333333334,0,1,2,1,1,0.06770568694331318,0.07920801866965309
0.26315789473684215,0,5,0.008411330728118597,0.2222222222222222,0.6458333333333333,0.5714285714285714,0.10526315789473684,0.75,0,1,4,0,1,0.005232848724663579,0.00909944391343633
0.19298245614035092,1,0,0.06283060354799978,0.2222222222222222,0.39583333333333337,0.4761904761904761,0.4561403508771929,0.9166666666666667,0,1,4,1,0,0.04152260258762307,0.0604034070688474
0.6491228070175438,0,7,0.017603079946267693,0.1111111111111111,0.4375,0.6428571428571428,0.13157894736842105,0.875,0,1,2,0,5,0.01732583208678173,0.016953689763168057
0.10526315789473684,0,3,0.36275333223877176,0.3333333333333333,0.546875,0.5714285714285714,0.35526315789473684,0.8125,0,1,2,1,2,0.18100452987860177,0.24207115462300194
0.45614035087719296,0,6,0.06887578444406642,0.2222222222222222,0.6458333333333333,0.49999999999999994,0.1929824561403509,0.75,0,1,0,1,4,0.04555386054840892,0.048658053360828464
0.36842105263157887,1,3,0.023585629788830612,0.2222222222222222,0.39583333333333337,0.5238095238095237,0.3157894736842105,0.5833333333333334,1,1,0,1,0,0.015351903049016801,0.016355108033876985
0.5614035087719298,0,5,0.09651267528051105,0.2222222222222222,0.6041666666666666,0.5238095238095237,0.10526315789473684,0.75,1,1,2,0,0,0.06398365414950331,0.1045689837027251
0.14035087719298245,0,3,0.07516872351393007,0.4444444444444445,0.4625,0.5571428571428572,0.2736842105263158,0.55,1,1,3,0,0,0.029624429763166066,0.0637198851768257
0.14035087719298245,1,1,0.03533655893137593,0.0,0.625,0.42857142857142855,0.05263157894736842,0.75,0,0,2,1,6,0.07069306292798024,0.029461413187663498
0.5263157894736842,0,2,0.04348531341310198,0.2222222222222222,0.6875,0.49999999999999994,0.3508771929824561,0.5,1,0,2,1,1,0.02862210280096472,0.047472517499315844
0.38596491228070173,1,1,0.019341141074571064,0.0,0.625,0.5714285714285714,0.15789473684210525,1.0,0,0,2,1,7,0.038693198897461416,0.017173960871698743
0.0,1,3,0.02259933887687308,0.2222222222222222,0.6458333333333333,0.4047619047619047,0.3333333333333333,0.41666666666666663,1,0,2,1,0,0.01469419020984162,0.023984335928334287
0.17543859649122806,0,7,0.05726612092693169,0.3333333333333333,0.546875,0.5535714285714286,0.2368421052631579,0.75,1,1,2,0,0,0.02821781757520169,0.06186600200360482
0.36842105263157887,0,1,0.00339827798190496,0.1111111111111111,0.5625,0.49999999999999994,0.5789473684210527,0.75,0,1,1,0,1,0.0031170213039275613,0.0036702706120714836
0.4736842105263158,1,0,0.02767008331905859,0.3333333333333333,0.703125,0.5357142857142856,0.2631578947368421,0.8125,0,1,3,0,4,0.013415622537652973,0.020872973858548846
0.14035087719298245,1,9,0.0344555751219972,0.2222222222222222,0.3125,0.3333333333333333,0.5438596491228069,0.8333333333333333,0,1,0,1,2,0.022600578384133152,0.026198413316394494
0.0,0,6,0.007298197114743449,0.0,0.25,0.35714285714285715,0.3157894736842105,0.75,0,0,2,1,0,0.014600513561473521,0.006588318436944368
0.4035087719298246,1,8,0.01016124631449838,0.0,0.625,0.42857142857142855,0.21052631578947367,0.75,1,0,3,0,3,0.02032822795599727,0.010352742100942176
0.03508771929824561,0,7,0.016338406843815736,0.2222222222222222,0.75,0.2857142857142857,0.3157894736842105,0.6666666666666666,0,1,2,0,0,0.010519057565486201,0.014154226008783324
0.0,0,0,0.09537879636550219,0.6666666666666665,0.5357142857142857,0.38775510204081637,0.37593984962406013,0.6785714285714286,0,1,2,1,1,0.026774976973980565,0.09311475541197142
0.0,1,9,0.0330269153494882,0.3333333333333333,0.5625,0.44642857142857145,0.21052631578947367,0.8125,0,0,1,1,4,0.0160947944439866,0.0297070298448626
0.45614035087719296,0,7,0.032149685451833665,0.3333333333333333,0.4375,0.49999999999999994,0.28947368421052627,0.875,0,1,4,1,0,0.01565605571112335,0.021753622802144636
0.3157894736842105,0,5,0.0944802284433101,0.2222222222222222,0.39583333333333337,0.4523809523809524,0.12280701754385964,0.75,0,0,0,0,3,0.0626283071990636,0.07294932301255624
0.24561403508771928,1,6,0.6032506504639935,0.5555555555555556,0.5104166666666666,0.5833333333333333,0.49999999999999994,0.9166666666666667,1,0,0,1,7,0.20066993955221116,0.575149334056596
0.5789473684210525,0,6,0.011431056348783447,0.0,0.375,0.42857142857142855,0.631578947368421,1.0,1,0,0,1,0,0.02286856474528746,0.012338666001933927
0.42105263157894735,0,2,0.027797518743380028,0.1111111111111111,0.75,0.49999999999999994,0.34210526315789475,0.375,1,1,0,0,4,0.027523147914834883,0.019724672437090345
0.631578947368421,0,9,0.01057121298964098,0.1111111111111111,0.34375,0.5357142857142856,0.42105263157894735,1.0,1,1,2,1,0,0.01029198062672049,0.007062872464160436
0.0,0,9,0.06918301248254678,0.6666666666666665,0.5,0.510204081632653,0.3533834586466165,0.8571428571428572,0,1,2,0,0,0.019288355046806843,0.04952080364376666
0.2807017543859649,1,2,0.1283968208714331,0.4444444444444445,0.5875,0.39999999999999997,0.23157894736842105,0.55,0,1,0,0,6,0.05092167742861157,0.13477269049357277
0.0,1,3,0.04181245180421889,0.0,0.5625,0.42857142857142855,0.15789473684210525,0.75,0,1,2,2,6,0.08364850387127643,0.04325335462707814
0.24561403508771928,1,1,0.04560864442888877,0.0,0.5,0.5714285714285714,0.3684210526315789,1.0,0,1,2,1,2,0.09124303181112732,0.03389840842148097
0.24561403508771928,1,4,0.06243762826276671,0.2222222222222222,0.5625,0.7142857142857142,0.3157894736842105,0.5,1,1,2,1,0,0.0412605451282642,0.05424060642578466
0.42105263157894735,1,1,0.17656978215655117,0.3333333333333333,0.5625,0.5178571428571428,0.3026315789473684,0.9375,0,1,1,0,2,0.08788648287466361,0.17978743010594786
0.29824561403508765,0,0,0.2679893870988328,0.3333333333333333,0.359375,0.42857142857142855,0.28947368421052627,0.9375,1,1,2,1,0,0.13360918537086958,0.2343711159688628
0.42105263157894735,0,3,0.006760795015279408,0.2222222222222222,0.7708333333333333,0.6190476190476191,0.3684210526315789,0.75,1,0,1,1,4,0.004132181044681719,0.00538849848614783
0.4385964912280701,0,3,0.1869404572303995,0.4444444444444445,0.44999999999999996,0.5142857142857142,0.2736842105263158,0.8500000000000001,1,1,3,0,5,0.07434574074612067,0.13707534665481436
0.7368421052631579,0,1,0.032455728044506374,0.2222222222222222,0.4375,0.5714285714285714,0.2807017543859649,0.75,0,1,3,1,1,0.021266970740276746,0.0340638948217215
0.22807017543859642,0,4,0.10205423928263142,0.6666666666666665,0.6339285714285714,0.39795918367346933,0.18045112781954886,0.5714285714285714,0,1,4,0,6,0.028682784640293384,0.09394728265233938
0.08771929824561403,0,3,0.13354165567659618,0.5555555555555556,0.5520833333333334,0.5714285714285714,0.2631578947368421,0.875,0,1,2,1,2,0.04405608820150519,0.13950612412908428
0.33333333333333337,0,8,0.010362574527496119,0.1111111111111111,0.53125,0.42857142857142855,0.4473684210526316,0.5,0,1,3,0,1,0.010083283283520676,0.007492179025626528
0.12280701754385964,1,6,0.0408399910933505,0.1111111111111111,0.34375,0.6071428571428572,0.2631578947368421,0.875,0,1,2,0,1,0.04056930105560143,0.04133732695566167
0.5964912280701754,0,3,0.12451211495979264,0.2222222222222222,0.5416666666666666,0.4761904761904761,0.2982456140350877,0.41666666666666663,0,1,2,1,2,0.08265521519047882,0.11197693886043975
0.22807017543859642,0,0,0.1222666830258188,0.2222222222222222,0.41666666666666663,0.5476190476190474,0.2807017543859649,0.75,1,0,4,0,3,0.08115783810369478,0.13144445414136685
0.17543859649122806,1,0,0.014604297201537837,0.1111111111111111,0.6875,0.6428571428571428,0.21052631578947367,0.375,0,1,2,0,1,0.014326203038404064,0.01145418474170099
0.19298245614035092,0,9,0.010526561197553162,0.0,0.5625,0.5714285714285714,0.3684210526315789,0.75,1,0,3,1,2,0.021059063917316326,0.010962864329197394
0.4385964912280701,0,6,0.07390227224276665,0.3333333333333333,0.515625,0.5892857142857142,0.3026315789473684,0.8125,1,1,4,1,5,0.03653824072487543,0.05839993289961961
0.26315789473684215,1,6,0.1334914718040727,0.4444444444444445,0.6125,0.5714285714285714,0.2210526315789474,0.75,1,1,2,0,5,0.05296011291791099,0.08922904763621839
0.15789473684210525,0,7,0.10801248748613769,0.7777777777777777,0.6171875,0.5625,0.3157894736842105,0.75,1,1,0,1,3,0.026516865057602243,0.09393456632895247
0.631578947368421,1,6,0.0163498661532896,0.1111111111111111,0.59375,0.49999999999999994,0.3157894736842105,1.0,1,0,1,1,1,0.016072264617163892,0.014908190758089718
0.10526315789473684,1,4,0.12252728352919862,0.4444444444444445,0.44999999999999996,0.47142857142857136,0.4105263157894737,0.8500000000000001,1,1,3,1,1,0.04857319990142212,0.11374886271648887
0.29824561403508765,0,6,0.035704639854648536,0.1111111111111111,0.78125,0.5714285714285714,0.3684210526315789,0.625,0,1,3,0,6,0.03543250054002413,0.02741508675058395
0.42105263157894735,0,7,0.07595072259837077,0.4444444444444445,0.4625,0.5285714285714285,0.34736842105263155,0.55,1,1,2,0,7,0.02993731767391791,0.050179831458198224
0.0,0,6,0.4474376292506382,0.4444444444444445,0.6499999999999999,0.5142857142857142,0.23157894736842105,0.7,0,0,2,0,1,0.17857401611356927,0.3053113469843936
0.38596491228070173,0,3,0.08514128637071221,0.2222222222222222,0.6458333333333333,0.42857142857142855,0.14035087719298245,0.5833333333333334,0,0,2,0,1,0.05640058875312361,0.07702028845847328
0.07017543859649122,1,1,0.09123783658510996,0.1111111111111111,0.40625,0.49999999999999994,0.34210526315789475,0.875,0,1,0,1,0,0.09098136961188814,0.0984969392854785
0.45614035087719296,0,6,0.02449466914899019,0.4444444444444445,0.525,0.5142857142857142,0.2210526315789474,0.75,0,1,2,1,0,0.009349087611184201,0.021373831513592616
0.08771929824561403,0,1,0.006669910836693578,0.1111111111111111,0.53125,0.7142857142857142,0.18421052631578946,1.0,1,0,1,1,0,0.006389577464955743,0.005474159472798652
0.4385964912280701,0,1,0.04101721524159287,0.3333333333333333,0.46875,0.41071428571428564,0.3157894736842105,0.625,0,1,4,1,1,0.020091071884179298,0.043608540700857554
0.5263157894736842,1,4,0.10681182845729835,0.4444444444444445,0.48750000000000004,0.7,0.3263157894736842,0.35,1,1,2,1,2,0.04228524381324038,0.0785042224290512
0.4736842105263158,0,6,0.002093497296294474,0.0,0.6875,0.35714285714285715,0.42105263157894735,1.0,1,0,0,0,1,0.004188176228305406,0.0020132291570314387
0.3508771929824561,0,3,0.03786491726477347,0.3333333333333333,0.578125,0.41071428571428564,0.3157894736842105,0.875,1,1,4,1,3,0.018514478081739397,0.03918639569400902
0.24561403508771928,0,4,0.009438717094741027,0.3333333333333333,0.5625,0.46428571428571425,0.3289473684210526,0.6875,0,1,4,0,1,0.004297366836371599,0.010095323650462762
0.17543859649122806,0,5,0.07906152997192271,0.6666666666666665,0.5089285714285714,0.38775510204081637,0.3684210526315789,0.6071428571428571,1,1,2,1,6,0.022111585150337044,0.08058643328555132
0.5964912280701754,1,4,0.03746700262200856,0.1111111111111111,0.65625,0.42857142857142855,0.21052631578947367,0.625,1,1,0,1,1,0.03719536067387107,0.02644263640390736
0.14035087719298245,0,4,0.006137448094761377,0.0,0.5625,0.49999999999999994,0.15789473684210525,1.0,1,1,3,1,5,0.012278360358255866,0.005170840320778838
0.07017543859649122,0,7,0.14307876477337142,0.4444444444444445,0.5125,0.5285714285714285,0.1894736842105263,0.8500000000000001,1,1,0,0,1,0.05679611237956671,0.1256397138095614
0.42105263157894735,1,2,0.0012917407817264318,0.0,0.6875,0.21428571428571425,0.42105263157894735,0.5,0,1,3,2,1,0.0025842106625765145,0.0011955521436324405
0.12280701754385964,0,6,0.037749336298528446,0.2222222222222222,0.5,0.3809523809523809,0.3859649122807018,0.8333333333333333,1,1,2,0,3,0.024797038869287278,0.04046817496197733
0.08771929824561403,0,7,0.10229389691007623,0.7777777777777777,0.53125,0.49999999999999994,0.3223684210526316,0.71875,1,1,2,0,6,0.025086813944539866,0.07421795046661067
0.0,1,5,0.023153732366246644,0.1111111111111111,0.53125,0.5357142857142856,0.34210526315789475,0.75,1,1,2,1,1,0.02287805098816018,0.019457803842176144
0.19298245614035092,0,7,0.2888652853456968,0.7777777777777777,0.453125,0.5714285714285714,0.23026315789473684,0.65625,1,1,2,0,2,0.0717428243983795,0.19177556978274074
0.2807017543859649,1,0,0.0805299021789877,0.2222222222222222,0.5625,0.35714285714285715,0.21052631578947367,0.75,1,0,2,1,2,0.0533254650218839,0.06317648009729902
0.33333333333333337,1,0,0.049515281087970556,0.3333333333333333,0.71875,0.5714285714285714,0.3026315789473684,0.875,1,1,3,1,0,0.024341303951277073,0.04363732662468887
0.49122807017543857,0,1,0.036048221564563235,0.0,0.5,0.35714285714285715,0.2631578947368421,0.25,1,0,2,0,6,0.07211678987912748,0.025104286916488423
0.4035087719298246,1,9,0.009653677934526643,0.0,0.3125,0.42857142857142855,0.21052631578947367,0.5,0,0,3,0,3,0.019312804708496646,0.007407301921924214
0.24561403508771928,1,7,0.06631522149956129,0.6666666666666665,0.5357142857142857,0.5918367346938775,0.3082706766917293,0.6071428571428571,1,0,2,1,4,0.018468754955750205,0.0721812483701767
0.24561403508771928,1,6,0.13084654463292375,0.3333333333333333,0.578125,0.6428571428571428,0.35526315789473684,0.875,1,1,2,2,6,0.06501841220452577,0.10557217968060427
0.4035087719298246,1,9,0.1541863919909701,0.3333333333333333,0.515625,0.35714285714285715,0.19736842105263158,0.4375,1,1,3,1,2,0.0766916293195261,0.10554809705446401
0.5614035087719298,0,7,0.006243743068846543,0.0,0.625,0.5714285714285714,0.631578947368421,0.75,0,0,2,0,1,0.01249101030265265,0.0067989652048294855
0.3157894736842105,0,0,0.22235229197056067,0.5555555555555556,0.5625,0.4523809523809524,0.3596491228070175,0.625,1,1,2,1,1,0.07366798821887688,0.18863350563080541
0.19298245614035092,0,3,0.006111565861294543,0.1111111111111111,0.65625,0.46428571428571425,0.3157894736842105,1.0,1,1,3,1,1,0.005831074915824417,0.004802241138769405
0.08771929824561403,0,1,0.6383900302426982,0.6666666666666665,0.4910714285714286,0.6326530612244898,0.2781954887218045,0.6785714285714286,1,1,2,1,2,0.18196482845583756,0.6833754365574787
0.0,1,5,0.005496121912827452,0.1111111111111111,0.59375,0.35714285714285715,0.21052631578947367,0.5,1,1,0,0,0,0.005215457279396927,0.005506385771792861
0.42105263157894735,0,3,0.47815509859254,0.1111111111111111,0.65625,0.6071428571428572,0.28947368421052627,0.375,0,1,2,0,2,0.47800782575510986,0.4362854713566558
0.4035087719298246,0,1,0.24249973376862904,0.6666666666666665,0.5714285714285714,0.5204081632653061,0.2781954887218045,0.6428571428571429,1,1,0,0,0,0.06882139332975397,0.17737620615633795
0.4035087719298246,0,6,0.07233491531076364,0.1111111111111111,0.53125,0.5714285714285714,0.2368421052631579,0.875,0,1,2,0,5,0.072073113635901,0.049700922525712676
0.26315789473684215,0,9,0.20673918038672012,0.4444444444444445,0.5625,0.4857142857142857,0.39999999999999997,0.8999999999999999,1,1,3,1,5,0.08226746501305643,0.16009685657711764
0.5789473684210525,0,6,0.023094460075864576,0.2222222222222222,0.35416666666666663,0.5476190476190474,0.1929824561403509,1.0,1,1,1,0,3,0.01502436416316153,0.016897206641822805
0.19298245614035092,0,9,0.02651269306219817,0.2222222222222222,0.5208333333333334,0.5714285714285714,0.21052631578947367,0.9166666666666667,1,1,0,1,0,0.017303829273451952,0.02555314700261451
0.49122807017543857,1,1,0.043685258605990804,0.3333333333333333,0.703125,0.5178571428571428,0.40789473684210525,0.3125,0,1,1,1,5,0.02142547004827509,0.034368084954795215
0.2807017543859649,0,2,0.24391910754897822,0.6666666666666665,0.5535714285714286,0.42857142857142855,0.21804511278195488,0.75,0,1,2,1,3,0.06922704314402549,0.21478819569829427
0.15789473684210525,1,8,0.015706761802644215,0.1111111111111111,0.59375,0.49999999999999994,0.3947368421052631,0.75,0,1,2,1,1,0.015428978772357639,0.015040187936807888
0.42105263157894735,1,6,0.2682626323574941,0.6666666666666665,0.5446428571428571,0.4693877551020407,0.3082706766917293,0.75,0,1,2,1,2,0.07618429883946264,0.2890235657859829
0.36842105263157887,1,3,0.03071134453856226,0.1111111111111111,0.53125,0.42857142857142855,0.4473684210526316,0.625,1,1,4,1,2,0.03043779603747777,0.030805728895301632
0.36842105263157887,1,0,0.02838964892429684,0.1111111111111111,0.71875,0.5357142857142856,0.47368421052631576,0.875,0,1,0,1,3,0.02811544520420027,0.03072211471412747
0.29824561403508765,1,0,0.08853442742078406,0.4444444444444445,0.4375,0.38571428571428573,0.29473684210526313,0.95,1,1,2,1,3,0.034972220130637416,0.0714237996966547
0.2807017543859649,1,3,0.025865637225527312,0.4444444444444445,0.55,0.6285714285714286,0.3789473684210526,0.75,1,1,3,1,0,0.009897629605299172,0.02347742495496593
0.7894736842105262,0,2,0.19880933823080515,1.0,0.525,0.5499999999999998,0.29473684210526313,0.725,1,1,2,1,4,0.03926510076465046,0.1890067210124005
0.543859649122807,0,0,0.02450988237018825,0.2222222222222222,0.5,0.6666666666666667,0.21052631578947367,0.8333333333333333,1,1,2,0,1,0.015968245328997065,0.02039715690880463
0.4385964912280701,2,5,0.1485701449029683,0.2222222222222222,0.41666666666666663,0.5476190476190474,0.2982456140350877,0.5833333333333334,0,1,4,0,2,0.098698428188845,0.1609927912382093
0.3157894736842105,1,0,0.016843999480774734,0.1111111111111111,0.5625,0.6071428571428572,0.18421052631578946,0.5,0,0,2,0,0,0.01656653739684452,0.017166383336529836
0.5087719298245613,0,1,0.09261255857337129,0.7777777777777777,0.5234375,0.5982142857142856,0.28289473684210525,0.78125,1,1,2,1,3,0.022665796303883094,0.06940225267055855
0.4035087719298246,0,4,0.07317085217945199,0.3333333333333333,0.515625,0.49999999999999994,0.15789473684210525,0.5,0,1,3,0,1,0.03617242748409621,0.07279973201654932
0.29824561403508765,1,7,0.11566552804596844,0.2222222222222222,0.5208333333333334,0.3809523809523809,0.24561403508771928,0.6666666666666666,0,1,2,1,1,0.07675582615063349,0.10260792631082213
0.22807017543859642,0,6,0.1623630044491757,0.7777777777777777,0.5078125,0.3214285714285714,0.256578947368421,0.625,1,1,0,1,0,0.040108328941005245,0.1478379724397207
0.2807017543859649,0,1,0.16638107301417576,0.6666666666666665,0.5357142857142857,0.4387755102040816,0.2706766917293233,0.4285714285714286,1,1,1,1,4,0.04706706686189127,0.13941275496010644
0.0,1,6,0.20170320902155872,0.1111111111111111,0.75,0.6785714285714286,0.3947368421052631,0.75,1,0,2,1,2,0.20147791711355761,0.1976415836316879
0.33333333333333337,0,6,0.0527254683350631,0.1111111111111111,0.40625,0.5357142857142856,0.2631578947368421,1.0,1,1,2,0,3,0.05245813256589628,0.04912246045876663
0.19298245614035092,0,1,0.20642246878177858,0.2222222222222222,0.6458333333333333,0.42857142857142855,0.10526315789473684,0.8333333333333333,0,0,3,0,2,0.13727752866508733,0.16458523969311503
0.631578947368421,1,6,0.03907130594834973,0.0,0.375,0.42857142857142855,0.5789473684210527,0.75,0,1,3,1,5,0.07816466497060548,0.02584435951798515
0.29824561403508765,1,2,0.03531304758952438,0.2222222222222222,0.47916666666666663,0.4761904761904761,0.22807017543859648,0.5833333333333334,1,1,4,0,5,0.023172388023960933,0.0337536949193759
0.03508771929824561,1,6,0.06603031935712485,0.1111111111111111,0.4375,0.46428571428571425,0.15789473684210525,0.875,1,1,2,1,2,0.0657667384261414,0.04880281041198623
0.2807017543859649,1,6,0.18420760949518383,0.8888888888888888,0.4930555555555556,0.5238095238095237,0.28654970760233917,0.7777777777777777,1,1,3,1,2,0.04044485999458361,0.17600724168487453
0.07017543859649122,0,6,0.037289580899464915,0.0,0.625,0.49999999999999994,0.7894736842105263,0.75,1,0,2,1,6,0.07460020921118135,0.03678614610567822
0.38596491228070173,0,6,0.07516457445360332,0.3333333333333333,0.65625,0.42857142857142855,0.15789473684210525,0.5,1,1,0,1,3,0.037169569951060855,0.058441260950627044
0.3508771929824561,1,1,0.016096575899056918,0.0,0.375,0.6428571428571428,0.21052631578947367,1.0,0,1,4,0,5,0.032202237211803486,0.017068746360387924
0.49122807017543857,0,3,0.04185532542759524,0.3333333333333333,0.484375,0.46428571428571425,0.25,0.6875,0,0,3,1,3,0.020510245241117563,0.04119061019713263
0.12280701754385964,1,4,0.15602956264755097,0.4444444444444445,0.375,0.47142857142857136,0.2421052631578947,0.8500000000000001,1,1,0,1,6,0.061977893496765475,0.12624199720833154
0.29824561403508765,1,9,0.04547864053865078,0.1111111111111111,0.625,0.42857142857142855,0.28947368421052627,0.375,0,1,0,0,5,0.04520925960072008,0.03470876919402723
0.0,1,9,0.01472738599123126,0.2222222222222222,0.6666666666666667,0.6666666666666667,0.3157894736842105,0.5833333333333334,1,1,1,0,1,0.009444740560150783,0.015506685389275403
0.4385964912280701,0,6,0.022959319253793478,0.2222222222222222,0.5416666666666666,0.7142857142857142,0.1929824561403509,0.6666666666666666,1,1,2,1,1,0.014934244855870705,0.02228335347912511
0.4035087719298246,1,1,0.029793611909146644,0.4444444444444445,0.4375,0.5142857142857142,0.23157894736842105,0.7,1,1,2,0,4,0.011469262893236881,0.02534402445157372
0.38596491228070173,1,6,0.008601397205943747,0.1111111111111111,0.375,0.6785714285714286,0.2368421052631579,1.0,1,1,3,0,1,0.008321608930032831,0.007130808986364444
0.29824561403508765,1,0,0.06002228242969764,0.3333333333333333,0.578125,0.5178571428571428,0.25,0.6875,0,1,2,1,0,0.029596287242643664,0.04070185917873803
0.36842105263157887,0,6,0.00036096824842676525,0.0,0.75,0.7857142857142856,0.15789473684210525,0.75,1,1,2,1,1,0.0007221402386857283,0.0003331502531158042
0.631578947368421,2,3,0.0020620829823919805,0.0,0.6875,0.42857142857142855,0.05263157894736842,1.0,1,0,3,2,1,0.004125329869273645,0.0019315311341758506
0.22807017543859642,1,6,0.09917854532759499,0.5555555555555556,0.47916666666666663,0.4404761904761904,0.22807017543859648,0.8333333333333333,0,1,4,1,1,0.032598485481799354,0.07166658566542865
0.3157894736842105,1,6,0.057194994178473214,0.1111111111111111,0.75,0.35714285714285715,0.3947368421052631,0.5,0,1,1,1,6,0.056928919779784766,0.06286449468379293
0.05263157894736842,0,4,0.10125603910548629,0.3333333333333333,0.515625,0.5357142857142856,0.22368421052631576,0.75,0,1,4,0,1,0.05021898398781491,0.10123983282041259
0.10526315789473684,0,0,0.05397571851352209,0.4444444444444445,0.5625,0.5142857142857142,0.3789473684210526,0.6,1,1,3,1,3,0.021144835363290492,0.048768842150884235
0.3157894736842105,1,5,0.12115572272975768,0.2222222222222222,0.6041666666666666,0.6428571428571428,0.24561403508771928,0.8333333333333333,0,0,2,1,0,0.08041698888601008,0.10417050987056697
0.5263157894736842,0,3,0.055206211261853724,0.2222222222222222,0.4375,0.6666666666666667,0.4385964912280702,0.5,0,1,2,0,0,0.036438239914592184,0.05791671261091726
0.22807017543859642,0,9,0.0318790086590889,0.6666666666666665,0.6071428571428571,0.5204081632653061,0.2706766917293233,0.6785714285714286,0,1,3,1,4,0.008627060303961242,0.03059233853709674
0.24561403508771928,1,2,0.09491765794632974,0.3333333333333333,0.515625,0.5357142857142856,0.381578947368421,0.5,1,1,3,1,2,0.047048899012818085,0.076269589888119
0.21052631578947367,0,8,0.04587457943840296,0.3333333333333333,0.484375,0.6428571428571428,0.2631578947368421,0.75,1,1,3,2,4,0.02252043939486466,0.03277702031458791
0.17543859649122806,0,1,0.3578959680419616,0.5555555555555556,0.40625,0.5595238095238095,0.3070175438596491,0.7083333333333334,1,1,3,0,0,0.118861964428302,0.30824785960760914
0.3508771929824561,0,3,0.24226837426183773,0.1111111111111111,0.375,0.46428571428571425,0.28947368421052627,0.75,0,1,0,0,2,0.24205453048137346,0.23793334138119826
0.0,1,2,0.020731076284030443,0.1111111111111111,0.625,0.49999999999999994,0.2631578947368421,0.75,1,0,2,0,0,0.020454711194300187,0.01731083554431874
0.5614035087719298,1,1,0.0572451780509967,0.2222222222222222,0.6666666666666667,0.5238095238095237,0.1929824561403509,0.6666666666666666,0,0,2,1,1,0.03779793472634857,0.06313658916503052
0.15789473684210525,1,9,0.061880863881777874,0.4444444444444445,0.375,0.5571428571428572,0.3578947368421052,0.8,1,1,4,0,0,0.024307785893126804,0.05066274690353171
0.4385964912280701,1,4,0.1533386006642053,0.5555555555555556,0.53125,0.49999999999999994,0.24561403508771928,0.9166666666666667,0,1,3,0,2,0.050656932200438765,0.13999722679632437
0.017543859649122806,0,7,0.32809010652613607,0.5555555555555556,0.625,0.4880952380952381,0.2982456140350877,0.75,1,1,3,0,0,0.10892387336208326,0.28486772323636356
0.4385964912280701,0,1,0.07680345328266737,0.2222222222222222,0.6666666666666667,0.5714285714285714,0.3333333333333333,0.6666666666666666,0,1,0,0,6,0.050840464649351234,0.06256701110483424
0.4385964912280701,0,7,0.12229849248832385,0.2222222222222222,0.625,0.5714285714285714,0.17543859649122803,0.6666666666666666,0,1,2,0,2,0.08117905039678516,0.10469105169742884
0.36842105263157887,2,9,0.03821146258920727,0.5555555555555556,0.46875,0.4880952380952381,0.22807017543859648,0.6666666666666666,1,1,2,1,0,0.012270389279175316,0.041058917861783326
0.08771929824561403,1,2,0.21840120109369232,0.4444444444444445,0.5125,0.47142857142857136,0.4105263157894737,0.8999999999999999,0,1,2,1,6,0.08693358977809898,0.17847294549940573
0.33333333333333337,0,6,0.39737763581405655,0.5555555555555556,0.53125,0.49999999999999994,0.3070175438596491,0.75,1,1,2,0,2,0.13202623446817124,0.3360529281250757
0.03508771929824561,0,3,0.26507338798633656,0.7777777777777777,0.6015625,0.48214285714285715,0.22368421052631576,0.90625,0,1,2,0,4,0.06579317144664609,0.2254992158557572
0.22807017543859642,1,6,0.013258816209865004,0.2222222222222222,0.5416666666666666,0.4761904761904761,0.3157894736842105,0.75,0,1,0,1,1,0.008465417736915786,0.012482769817301275
0.5087719298245613,0,0,0.053040204196991854,0.1111111111111111,0.65625,0.2857142857142857,0.2368421052631579,0.75,0,0,2,0,1,0.05277295725123463,0.05413465158057803
0.45614035087719296,1,1,0.03909600273600893,0.2222222222222222,0.6666666666666667,0.5476190476190474,0.2631578947368421,0.8333333333333333,1,1,2,1,0,0.025695069861238005,0.03900871555901393
0.29824561403508765,0,7,0.012963245055159781,0.2222222222222222,0.4375,0.5952380952380953,0.5789473684210527,0.6666666666666666,1,1,2,0,0,0.008268314690560405,0.012477151989503636
0.08771929824561403,0,5,0.014820245912829823,0.4444444444444445,0.5,0.47142857142857136,0.48421052631578937,0.8500000000000001,1,1,4,1,0,0.0054782262069712415,0.015997352565988575
0.42105263157894735,1,6,0.004280842385693881,0.0,0.3125,0.6428571428571428,0.3684210526315789,1.0,1,0,2,1,1,0.00856410101346671,0.004092609325106395
0.29824561403508765,0,6,0.07046033034028025,0.4444444444444445,0.5125,0.49999999999999994,0.2421052631578947,0.5,1,1,0,0,6,0.027740540980668024,0.06459583082273043
0.0,0,1,0.06251369436875702,0.2222222222222222,0.5625,0.5238095238095237,0.3684210526315789,0.6666666666666666,1,0,1,1,0,0.0413112701769586,0.04325309333276198
0.45614035087719296,1,6,0.06630040342696576,0.4444444444444445,0.5125,0.5142857142857142,0.431578947368421,1.0,0,1,4,1,1,0.026076100616625547,0.0476174487466844
0.2807017543859649,1,1,0.028473618002338098,0.8888888888888888,0.6041666666666666,0.44444444444444436,0.22807017543859648,0.6388888888888888,1,1,2,1,1,0.005827539533642685,0.03101202075791726
0.543859649122807,1,4,0.2483469452148196,0.2222222222222222,0.5833333333333334,0.6190476190476191,0.22807017543859648,0.8333333333333333,0,1,2,0,2,0.16523506745146882,0.239330525638808
0.05263157894736842,0,5,0.12431888729314712,0.2222222222222222,0.47916666666666663,0.4047619047619047,0.3859649122807018,0.8333333333333333,0,1,0,0,2,0.0825263603914577,0.13612615150227683
0.0,0,9,0.009241340367768755,0.0,0.625,0.6428571428571428,0.15789473684210525,0.75,0,1,3,1,3,0.0184878968386898,0.01003779535185283
0.3508771929824561,0,8,0.03535829210451602,0.0,0.5,0.7857142857142856,0.42105263157894735,0.5,0,0,2,1,3,0.07073654154114688,0.030117697411775283
0.3508771929824561,0,1,0.07981092929665326,0.3333333333333333,0.546875,0.5357142857142856,0.25,0.5,1,0,0,1,1,0.03949340300978722,0.07374618357876708
0.0,0,1,0.05143135666172139,0.4444444444444445,0.475,0.47142857142857136,0.29473684210526313,0.8,1,1,0,1,0,0.020126803398999873,0.05269518119280159
0.08771929824561403,1,6,0.02207003732376125,0.0,0.9375,0.42857142857142855,0.5263157894736843,0.75,1,1,2,1,3,0.044152531670711155,0.01654572223752246
0.8771929824561403,0,5,0.07518690034964724,0.2222222222222222,0.5416666666666666,0.6428571428571428,0.2982456140350877,0.33333333333333337,1,1,2,1,2,0.04976245854956531,0.07590882953559464
0.22807017543859642,1,2,0.05666509990245758,0.0,0.5,0.42857142857142855,0.7894736842105263,0.75,1,0,4,0,6,0.11336218336946999,0.04438449772177486
0.4385964912280701,1,6,0.22416227014452758,0.6666666666666665,0.625,0.4387755102040816,0.24060150375939848,0.6428571428571429,1,1,4,1,2,0.06358063940269645,0.17059540090648226
0.15789473684210525,0,1,0.02446029122056859,0.1111111111111111,0.5,0.6428571428571428,0.28947368421052627,0.75,1,1,3,1,0,0.024184978573937057,0.020328784896073673
0.0,1,7,0.04017120208353955,0.3333333333333333,0.546875,0.42857142857142855,0.2631578947368421,0.6875,1,1,1,0,1,0.019667945926044064,0.027138071226391846
0.24561403508771928,0,3,0.011751917014051682,0.0,0.75,0.42857142857142855,0.2631578947368421,0.75,1,0,2,1,7,0.023510467179674775,0.01158957874652936
0.22807017543859642,0,9,0.05737893585295888,0.1111111111111111,0.40625,0.42857142857142855,0.2631578947368421,0.875,1,0,0,0,6,0.05711291336550354,0.060490461625184455
0.21052631578947367,1,1,0.09346963589229593,0.3333333333333333,0.5625,0.48214285714285715,0.47368421052631576,0.625,1,0,3,1,0,0.046324683658503944,0.08759756947511023
0.26315789473684215,1,9,0.04799988619720247,0.5555555555555556,0.4375,0.5952380952380953,0.3684210526315789,0.625,1,1,3,1,1,0.015534117964196941,0.05200601743390517
0.3508771929824561,0,7,0.4669109475327613,1.0,0.45625000000000004,0.5285714285714285,0.3052631578947368,0.825,1,1,2,1,0,0.0929005551230751,0.32304317122111376
0.26315789473684215,0,0,0.0956848389581749,0.2222222222222222,0.5625,0.42857142857142855,0.15789473684210525,0.8333333333333333,0,0,0,0,0,0.06343160751566036,0.08067453301915305
0.017543859649122806,1,8,0.0006551563830230725,0.0,0.6875,0.35714285714285715,0.3157894736842105,0.75,0,0,4,2,1,0.0013106825569139985,0.0005400082534164668
0.38596491228070173,1,9,0.10181221076357133,0.7777777777777777,0.5078125,0.5267857142857142,0.22368421052631576,0.78125,0,1,2,1,1,0.024966358423062322,0.09784061151231402
0.0,0,6,0.5132213758797737,1.0,0.5375,0.4785714285714285,0.3263157894736842,0.8,1,1,2,0,6,0.10216525469870408,0.5335068153396486
0.0,0,6,0.08462996407901628,1.0,0.50625,0.46428571428571425,0.2736842105263158,0.7,1,1,2,1,4,0.016422781291310855,0.0709300405372002
0.4385964912280701,1,7,0.45678052280926157,0.5555555555555556,0.5833333333333334,0.5595238095238095,0.24561403508771928,0.5833333333333334,1,0,3,1,2,0.1518327849428556,0.34467433408708037
0.4035087719298246,1,7,0.020040554101079407,0.0,0.625,0.49999999999999994,0.15789473684210525,0.75,1,1,0,2,3,0.040092419721187454,0.01876607068917073
0.2807017543859649,0,2,0.018189678046748845,0.2222222222222222,0.625,0.5476190476190474,0.4385964912280702,0.5833333333333334,0,1,2,1,5,0.011753586672671984,0.01280407472808407
0.0,0,8,0.055277733158914745,0.3333333333333333,0.546875,0.46428571428571425,0.2368421052631579,0.75,0,1,3,0,3,0.027223343114044993,0.059228410078086935
0.14035087719298245,2,6,0.0016762203720047492,0.0,0.5625,0.7142857142857142,0.2631578947368421,0.5,1,1,2,0,3,0.003353386855506141,0.0016573898474616041
0.22807017543859642,0,7,0.04907330737602164,0.2222222222222222,0.6875,0.4523809523809524,0.22807017543859648,0.9166666666666667,0,1,2,1,5,0.03234848345609124,0.03988940805166242
0.0,0,6,0.03933605551205629,0.2222222222222222,0.47916666666666663,0.5476190476190474,0.1929824561403509,0.6666666666666666,0,1,0,1,0,0.025855150209715135,0.036901289801003476
0.14035087719298245,1,9,0.042897529866813194,0.1111111111111111,0.4375,0.5714285714285714,0.34210526315789475,0.875,0,0,0,1,4,0.04262742049886175,0.04374040723241764
0.42105263157894735,0,4,0.00927947220791455,0.0,0.5625,0.6428571428571428,0.15789473684210525,1.0,0,0,4,1,3,0.018564182041791246,0.006737996531056659
0.5964912280701754,1,7,0.006740642436549507,0.1111111111111111,0.53125,0.7857142857142856,0.3157894736842105,0.75,0,1,0,0,0,0.006460329026381438,0.006882013248318615
0.19298245614035092,0,6,0.03331458353214248,0.2222222222222222,0.5208333333333334,0.5238095238095237,0.2631578947368421,0.8333333333333333,1,1,0,0,0,0.021839702653717156,0.024371748301107908
0.45614035087719296,1,5,0.027809768350058984,0.2222222222222222,0.5833333333333334,0.5476190476190474,0.14035087719298245,0.5833333333333334,0,1,2,0,4,0.01816879016872139,0.02173685641685711
0.0,1,2,0.02640244660208753,0.4444444444444445,0.525,0.5571428571428572,0.3368421052631579,0.75,0,1,2,0,1,0.010112413954342316,0.01920465319886083
0.42105263157894735,0,1,0.03530237857725561,0.1111111111111111,0.375,0.49999999999999994,0.2368421052631579,1.0,1,1,0,0,2,0.035030125738172976,0.03228922737535259
0.12280701754385964,0,9,0.019402191533664587,0.0,0.4375,0.35714285714285715,0.3157894736842105,1.0,1,0,2,1,3,0.03881533427444767,0.013673879957558836
0.3508771929824561,1,4,0.010768194568010704,0.2222222222222222,0.5833333333333334,0.42857142857142855,0.22807017543859648,0.5833333333333334,0,1,2,1,0,0.0068045347139505784,0.007420671481101541
0.24561403508771928,0,3,0.03970374128672635,0.1111111111111111,0.65625,0.5357142857142856,0.5526315789473684,0.625,1,0,0,1,5,0.03943273058141379,0.03838583345831911
0.5614035087719298,1,3,0.3226483175461588,0.5555555555555556,0.42708333333333337,0.5595238095238095,0.41228070175438597,0.6666666666666666,1,1,2,0,0,0.10710943178261588,0.2701513660553948
0.10526315789473684,1,1,0.025753810171006485,0.3333333333333333,0.359375,0.5178571428571428,0.2368421052631579,0.6875,0,1,2,0,3,0.012457215562418588,0.02104447002806127
0.42105263157894735,0,3,0.1128105793925657,0.2222222222222222,0.39583333333333337,0.5238095238095237,0.4912280701754386,0.75,0,1,2,1,2,0.07485198990742808,0.12143130755333932
0.22807017543859642,1,7,0.006803668638655768,0.1111111111111111,0.5,0.35714285714285715,0.21052631578947367,0.5,1,0,2,0,1,0.006523373015473049,0.004852235451263123
0.26315789473684215,0,1,0.1659157855346766,0.2222222222222222,0.6666666666666667,0.49999999999999994,0.5263157894736843,0.75,1,1,3,0,1,0.11026545208502019,0.148839295808334
0.24561403508771928,1,6,0.05682177632336749,0.1111111111111111,0.5,0.42857142857142855,0.2368421052631579,0.75,0,1,0,1,1,0.05655559659673131,0.05504704778358838
0.10526315789473684,0,1,0.02196670596419519,0.1111111111111111,0.625,0.5357142857142856,0.28947368421052627,0.875,0,1,2,0,6,0.021690689588591525,0.021751793741931452
0.2807017543859649,0,6,0.09686435753677797,0.6666666666666665,0.4732142857142857,0.489795918367347,0.23308270676691728,0.7857142857142858,0,1,3,1,0,0.02719954280826612,0.06982894628886296
0.2807017543859649,1,3,0.010207281126695113,0.2222222222222222,0.29166666666666663,0.6666666666666667,0.3859649122807018,0.6666666666666666,0,1,3,1,0,0.006430486887344343,0.010401604138065826
0.33333333333333337,1,3,0.031195204002381165,0.1111111111111111,0.6875,0.49999999999999994,0.15789473684210525,1.0,1,1,2,1,3,0.03092179205404629,0.02168668790815261
0.3157894736842105,0,3,0.10250451111523383,0.2222222222222222,0.41666666666666663,0.6428571428571428,0.3508771929824561,0.5,1,1,1,1,6,0.06797933869951647,0.07474951020380434
0.45614035087719296,0,1,0.03849853804895773,0.5555555555555556,0.5208333333333334,0.4880952380952381,0.22807017543859648,0.625,1,1,2,0,4,0.012366108104828516,0.03169939900565319
0.49122807017543857,1,7,0.013006711401439962,0.1111111111111111,0.4375,0.17857142857142855,0.15789473684210525,0.875,1,1,2,0,1,0.012728166374470622,0.010014104667186817
0.07017543859649122,0,5,0.06325163438401371,0.3333333333333333,0.40625,0.42857142857142855,0.3026315789473684,0.75,1,0,3,0,0,0.031211418906753986,0.06804508999237543
0.4736842105263158,1,7,0.010259045593628781,0.1111111111111111,0.71875,0.49999999999999994,0.07894736842105263,0.875,1,0,2,0,0,0.009979725132160161,0.010681668095946579
0.03508771929824561,1,4,0.02964562875749276,0.4444444444444445,0.5125,0.39999999999999997,0.4105263157894737,0.75,1,1,2,1,4,0.011410052927306328,0.03035255745295875
0.42105263157894735,0,7,0.13927644734536204,1.0,0.59375,0.45714285714285713,0.29473684210526313,0.75,1,1,2,1,4,0.027355162363963813,0.13213792925648007
0.42105263157894735,1,2,0.015049234528005861,0.1111111111111111,0.40625,0.5714285714285714,0.3684210526315789,0.375,1,1,2,0,0,0.014771265933182462,0.013219663337951278
0.0,0,6,0.01926626041438839,0.3333333333333333,0.546875,0.49999999999999994,0.6052631578947367,0.9375,0,1,0,1,0,0.009212525239829017,0.017233448877679945
0.3157894736842105,0,2,0.21563140696413852,0.8888888888888888,0.5138888888888888,0.4523809523809524,0.3508771929824561,0.7222222222222222,1,1,2,0,1,0.047429896829862324,0.18592266419865477
0.19298245614035092,0,9,0.025252564168675506,0.4444444444444445,0.5375,0.3714285714285714,0.2210526315789474,0.5,1,1,2,1,1,0.00965233117501545,0.02602822361846292
0.12280701754385964,0,8,0.06978423108132219,0.4444444444444445,0.36250000000000004,0.5285714285714285,0.19999999999999996,0.65,0,1,2,1,1,0.02747002495474766,0.051936164753382585
0.5789473684210525,0,4,0.13257531976906728,0.4444444444444445,0.5,0.4857142857142857,0.2736842105263158,0.65,0,0,4,0,3,0.05259354868290434,0.09679665362111244
0.15789473684210525,0,1,0.09914969947960903,0.2222222222222222,0.5208333333333334,0.4761904761904761,0.3684210526315789,0.5,0,1,1,0,1,0.06574216642203358,0.08715659176752191
0.12280701754385964,0,3,0.061655629178326024,0.1111111111111111,0.4375,0.21428571428571425,0.3157894736842105,1.0,0,0,4,1,1,0.061390813640980084,0.062288732658113986
0.29824561403508765,0,7,0.007967578847458216,0.1111111111111111,0.6875,0.49999999999999994,0.3684210526315789,0.75,0,0,0,0,1,0.00768761169803945,0.005792546597050892
0.4385964912280701,0,3,0.03986950612549486,0.4444444444444445,0.5625,0.47142857142857136,0.3263157894736842,0.8999999999999999,1,1,4,0,0,0.015500758010094547,0.03932205099315357
0.26315789473684215,1,6,0.0074037017916235215,0.0,0.5,0.42857142857142855,0.21052631578947367,0.75,1,0,1,0,6,0.014811582465391517,0.007941039111752618
0.5263157894736842,0,9,0.11349556949508108,0.3333333333333333,0.765625,0.44642857142857145,0.3684210526315789,0.6875,1,1,2,1,0,0.05634047627658642,0.10621287334385131
0.4035087719298246,0,9,0.0313137485831453,0.3333333333333333,0.578125,0.39285714285714285,0.25,0.8125,1,1,0,1,0,0.015237969319514249,0.02249561156195994
0.0,0,7,0.12310202717160336,0.6666666666666665,0.4196428571428571,0.6122448979591837,0.2857142857142857,0.8571428571428572,0,1,3,1,1,0.034698135470493496,0.10259429545732864
0.17543859649122806,0,1,0.013578689003626873,0.1111111111111111,0.46875,0.6428571428571428,0.13157894736842105,0.375,1,1,3,0,1,0.013300305397731483,0.013825517759042396
0.17543859649122806,0,6,0.04758577046173312,0.1111111111111111,0.4375,0.42857142857142855,0.18421052631578946,0.875,1,1,2,1,5,0.04731698418900232,0.04818850747467231
0.38596491228070173,2,2,0.026257822213555295,0.3333333333333333,0.578125,0.48214285714285715,0.14473684210526316,0.8125,0,1,4,1,0,0.012709292703755109,0.01894701700311794
0.0,1,1,0.01060519576946003,0.0,0.5625,0.7142857142857142,0.2631578947368421,1.0,0,0,3,2,0,0.021216377444955577,0.009472354451662557
0.8245614035087719,0,9,0.30393131368931087,0.8888888888888888,0.4027777777777778,0.4682539682539682,0.30409356725146197,0.6944444444444444,1,1,2,1,2,0.06705763601817502,0.22872358771728582
0.4035087719298246,1,2,0.2605692866402036,0.1111111111111111,0.5,0.5357142857142856,0.18421052631578946,1.0,1,1,2,0,2,0.2603606076650028,0.17410593359326892
0.3157894736842105,0,2,0.021804497462849612,0.1111111111111111,0.75,0.49999999999999994,0.13157894736842105,0.875,1,1,2,0,0,0.021528435309456063,0.01721859865071099
0.543859649122807,0,3,0.11282539746516122,0.6666666666666665,0.4196428571428571,0.42857142857142855,0.21804511278195488,0.8214285714285714,1,1,2,1,4,0.031761126918222055,0.09391662411924219
0.7894736842105262,1,6,0.029216892523729172,0.3333333333333333,0.4375,0.46428571428571425,0.34210526315789475,0.625,1,1,2,1,7,0.014189245406929188,0.02007755041107693
0.4736842105263158,1,8,0.0801639945730291,0.1111111111111111,0.53125,0.5357142857142856,0.3684210526315789,0.25,0,1,2,1,2,0.07990440238745017,0.05296805955698768
0.49122807017543857,0,2,0.06611962294130047,0.4444444444444445,0.5,0.45714285714285713,0.23157894736842105,0.7,0,1,2,1,0,0.026003768014721065,0.06751640449265964
0.3157894736842105,1,4,0.11387767819374411,0.2222222222222222,0.6666666666666667,0.4523809523809524,0.2807017543859649,0.75,1,1,0,0,2,0.07556358987625525,0.122747142180515
0.26315789473684215,1,3,0.05138216066070428,0.7777777777777777,0.5234375,0.5535714285714286,0.25,0.8125,1,1,4,1,0,0.012355287859051822,0.04612384688640822
0.19298245614035092,0,0,0.06526906557431787,0.4444444444444445,0.48750000000000004,0.4428571428571428,0.431578947368421,0.8999999999999999,0,1,2,0,0,0.025663449051662277,0.05303569123582283
0.12280701754385964,1,6,0.08885904199777649,0.3333333333333333,0.4375,0.46428571428571425,0.2368421052631579,0.8125,1,1,3,1,3,0.04401873612019385,0.07369810542459194
0.14035087719298245,0,2,0.037024633761457086,0.3333333333333333,0.59375,0.39285714285714285,0.22368421052631576,0.9375,0,0,1,1,0,0.01809421775947196,0.028468059295693366
0.0,0,0,0.24573916201231008,0.1111111111111111,0.53125,0.75,0.42105263157894735,1.0,1,0,2,0,2,0.24552629774272872,0.19697737347998565
0.2807017543859649,1,0,0.11035650899644703,0.0,0.4375,0.21428571428571425,0.21052631578947367,1.0,1,1,3,0,2,0.22077530667738612,0.07636126064404171
0.0,1,0,0.19481893006798334,0.2222222222222222,0.5,0.6190476190476191,0.24561403508771928,0.5,1,1,2,1,0,0.1295396530551598,0.18143066651128364
0.33333333333333337,0,6,0.10986711745219245,0.2222222222222222,0.39583333333333337,0.49999999999999994,0.4035087719298245,0.8333333333333333,0,1,3,1,5,0.07288912815301467,0.09397101688605808
0.2807017543859649,0,4,0.0014164101658300384,0.0,0.6875,0.5714285714285714,0.3157894736842105,0.75,0,1,4,1,3,0.0028336197981050832,0.0016332636722686425
0.3157894736842105,0,4,0.080270091972813,0.2222222222222222,0.4375,0.42857142857142855,0.3859649122807018,0.5833333333333334,1,1,2,1,0,0.053152209336083556,0.0547026618748773
0.17543859649122806,0,6,0.1706131145474551,0.3333333333333333,0.546875,0.48214285714285715,0.19736842105263158,0.875,1,1,4,1,4,0.08490730853748024,0.11723213369628856
0.9298245614035087,0,8,0.1317407659204878,0.4444444444444445,0.44999999999999996,0.3,0.2736842105263158,0.8999999999999999,1,1,2,1,5,0.052259632933784626,0.11246838992010141
0.5789473684210525,1,1,0.10338707551902275,0.2222222222222222,0.5,0.6666666666666667,0.21052631578947367,0.75,1,0,0,1,0,0.06856788101774475,0.08241584189115768
0.03508771929824561,1,2,0.22866538361915423,0.7777777777777777,0.703125,0.46428571428571425,0.2631578947368421,0.65625,1,1,2,1,7,0.05668860162700922,0.17223140816907065
0.33333333333333337,1,1,0.018787735456703866,0.2222222222222222,0.6875,0.4047619047619047,0.24561403508771928,0.41666666666666663,0,1,0,2,0,0.012152404133445876,0.017484291421202433
0.15789473684210525,1,4,0.08423224701055265,0.4444444444444445,0.55,0.6142857142857143,0.431578947368421,0.8,1,1,2,0,6,0.03325086230935863,0.08813518253062849
0.07017543859649122,0,6,0.07051881233345722,0.2222222222222222,0.5208333333333334,0.6666666666666667,0.5438596491228069,0.8333333333333333,1,0,0,1,1,0.04664952160020795,0.06076843522853585
0.0,0,7,0.16527900356167197,0.5555555555555556,0.5729166666666666,0.4047619047619047,0.3947368421052631,0.875,1,1,2,1,0,0.054638189756083,0.126521669224738
0.38596491228070173,1,7,0.08952723828468363,0.0,0.25,0.49999999999999994,0.42105263157894735,1.0,1,0,2,0,6,0.17910500855836975,0.05975757461738238
0.14035087719298245,0,1,0.03374411006311116,0.2222222222222222,0.6458333333333333,0.4523809523809524,0.24561403508771928,0.6666666666666666,1,0,2,1,1,0.02212613448712397,0.024437420272571782
0.49122807017543857,1,2,0.2243138096336044,0.4444444444444445,0.675,0.5428571428571427,0.28421052631578947,0.8,1,1,3,1,0,0.08929930064650721,0.24555834501754417
0.49122807017543857,1,6,0.026365302633448107,0.2222222222222222,0.5833333333333334,0.6428571428571428,0.2631578947368421,0.8333333333333333,1,0,2,1,6,0.017205541257020722,0.025846972461146842
0.5789473684210525,0,0,0.03615293594423821,0.1111111111111111,0.75,0.6071428571428572,0.21052631578947367,0.375,0,0,0,0,3,0.03588092314581995,0.027549609774358427
0.10526315789473684,1,4,0.003930345575234614,0.0,0.5,0.49999999999999994,1.0,1.0,1,0,4,0,4,0.007862909561124903,0.004244943911433072
0.38596491228070173,1,5,0.0438122988817097,0.1111111111111111,0.5625,0.46428571428571425,0.15789473684210525,0.625,0,1,2,0,0,0.04354244767595942,0.0452009989107511
0.42105263157894735,1,9,0.12783491955861112,0.1111111111111111,0.8125,0.39285714285714285,0.13157894736842105,0.875,1,1,2,0,5,0.1275887808577105,0.10884153771356672
0.19298245614035092,1,1,0.0015402892527285506,0.0,0.6875,0.6428571428571428,0.631578947368421,0.5,1,1,1,1,1,0.003081447893154865,0.0012201573584050456
0.12280701754385964,0,1,0.07350791393742466,0.3333333333333333,0.609375,0.44642857142857145,0.21052631578947367,0.75,0,1,2,1,7,0.036341005925146816,0.051210027848748216
0.631578947368421,0,7,0.010813834231604895,0.0,0.4375,0.42857142857142855,0.15789473684210525,0.75,1,1,2,2,5,0.021633772131355214,0.009952656953834347
0.33333333333333337,1,6,0.012098659912786752,0.0,0.625,0.49999999999999994,0.47368421052631576,1.0,0,0,1,1,7,0.024204148689742345,0.009828106663127001
0.42105263157894735,1,8,0.0013460737145766567,0.0,0.4375,0.35714285714285715,0.47368421052631576,0.5,0,0,3,1,1,0.0026929071954930857,0.0012007344809031306
0.12280701754385964,0,6,0.029750343137167738,0.1111111111111111,0.15625,0.42857142857142855,0.42105263157894735,0.875,0,1,2,0,1,0.029476523426375585,0.0320163490111665
0.03508771929824561,0,9,0.025242685453611823,0.1111111111111111,0.53125,0.42857142857142855,0.3947368421052631,0.625,0,1,3,1,3,0.024967593610936367,0.02127175253407583
0.17543859649122806,1,6,0.10493348957509077,0.2222222222222222,0.7291666666666667,0.4047619047619047,0.24561403508771928,0.9166666666666667,1,1,0,1,0,0.06959911467003323,0.07161149611376963
0.26315789473684215,1,5,0.12013426359217344,0.5555555555555556,0.6041666666666666,0.4880952380952381,0.24561403508771928,0.7083333333333334,0,1,2,0,5,0.039585696247736384,0.11092457600206805
0.07017543859649122,0,6,0.06270198267787071,0.2222222222222222,0.6666666666666667,0.49999999999999994,0.2631578947368421,0.75,1,1,3,1,1,0.041436831141648894,0.05593453392845727
0.2807017543859649,0,6,0.05696620313759845,0.1111111111111111,0.59375,0.6428571428571428,0.3157894736842105,0.75,0,1,2,0,1,0.05670006417048042,0.0452639272918952
0.0,1,0,0.34133529010921315,0.6666666666666665,0.5803571428571429,0.510204081632653,0.19548872180451127,0.6428571428571429,1,1,2,1,0,0.0970680931265592,0.3514088031448688
0.05263157894736842,0,1,0.02817903471913924,0.1111111111111111,0.3125,0.49999999999999994,0.2368421052631579,0.875,1,1,0,0,1,0.02790477156040197,0.019833109578300586
0.4385964912280701,1,0,0.04369197613223411,0.0,0.5,0.7142857142857142,0.0,0.75,0,0,2,1,6,0.08740861338995037,0.04146209499163249
0.42105263157894735,0,3,0.14898129702391857,0.4444444444444445,0.6125,0.5428571428571427,0.3684210526315789,0.8999999999999999,0,0,2,1,4,0.05915779159475403,0.11007031778440536
0.21052631578947367,0,6,0.0003842820159770434,0.0,0.625,0.14285714285714285,0.15789473684210525,0.75,0,0,0,1,7,0.0007687809328099297,0.0004446358280146876
0.07017543859649122,0,8,0.351600855654784,0.4444444444444445,0.475,0.47142857142857136,0.2526315789473684,0.44999999999999996,1,1,0,1,2,0.14022848801739302,0.2401678432749724
0.07017543859649122,1,7,0.04192684732465627,0.1111111111111111,0.5,0.46428571428571425,0.2631578947368421,0.875,0,0,2,1,3,0.04165646401482699,0.03169944255470589
0.21052631578947367,1,0,0.04054343206713892,0.2222222222222222,0.47916666666666663,0.49999999999999994,0.22807017543859648,0.5,1,1,2,1,3,0.02666029507353716,0.031661903271282904
0.42105263157894735,1,7,0.167425648345009,0.2222222222222222,0.6666666666666667,0.4047619047619047,0.5087719298245614,0.75,0,1,4,1,2,0.11127231136326071,0.14085104952346014
0.49122807017543857,0,3,0.0013857861491326391,0.0,0.6875,0.42857142857142855,0.2631578947368421,0.75,0,0,2,1,1,0.0027723544795521067,0.0014976954712294926
0.19298245614035092,1,1,0.04813601489077995,0.1111111111111111,0.34375,0.5357142857142856,0.47368421052631576,0.875,1,1,2,1,0,0.047867383905679864,0.05186173942232704
0.05263157894736842,1,6,0.07277372783389217,0.0,0.5625,0.6428571428571428,0.10526315789473684,0.5,1,0,2,1,2,0.14558853144857495,0.06798795363523975
0.3508771929824561,1,3,0.030344844209699833,0.0,0.625,0.7142857142857142,0.3684210526315789,0.5,1,0,0,2,3,0.06070681600384509,0.022896175748647413
0.12280701754385964,0,7,0.011741643150385459,0.0,1.0,0.42857142857142855,0.10526315789473684,1.0,1,1,3,1,7,0.023489913653450552,0.013011194022700902
0.17543859649122806,1,1,0.00923600586163437,0.1111111111111111,0.59375,0.49999999999999994,0.21052631578947367,0.5,0,1,2,1,3,0.008956396682265607,0.007871883216073156
0.5614035087719298,1,2,0.0007602659113005981,0.0,0.875,0.35714285714285715,0.2631578947368421,0.75,1,1,0,1,1,0.0015209609405926017,0.0006520164169476888
0.45614035087719296,1,2,0.004840570381201832,0.0,0.5,0.21428571428571425,0.15789473684210525,0.75,0,1,2,2,0,0.009683872932567238,0.0031747694905091806
0.3157894736842105,0,6,0.04127149336733192,0.3333333333333333,0.359375,0.49999999999999994,0.2631578947368421,0.4375,0,1,2,1,3,0.020218246827691685,0.027461727786020164
0.017543859649122806,0,1,0.09458830158610673,0.1111111111111111,0.625,0.39285714285714285,0.3157894736842105,1.0,1,0,2,1,5,0.09433278016679582,0.08633482114316961
0.33333333333333337,0,7,0.0016819500267416818,0.1111111111111111,0.6875,0.5714285714285714,0.13157894736842105,0.875,0,1,2,0,1,0.0014002089740252836,0.001620503799829044
0.5087719298245613,0,6,0.048536695573762695,0.1111111111111111,0.34375,0.42857142857142855,0.4473684210526316,0.875,1,1,1,0,4,0.04826817766705224,0.04964234904983806
0.21052631578947367,0,6,0.08385547281802398,0.6666666666666665,0.6071428571428571,0.5612244897959184,0.3533834586466165,0.6428571428571429,1,0,2,0,3,0.023481669656668303,0.08134396905717868
0.5789473684210525,1,6,0.0001795950398576517,0.0,0.5,0.5714285714285714,0.42105263157894735,0.75,1,0,4,1,4,0.00035929144880422954,0.0002680879683896588
0.5614035087719298,0,4,0.002319324722650135,0.0,0.4375,0.5714285714285714,0.47368421052631576,0.5,1,0,3,0,4,0.004639958545118646,0.0018927289282247163
0.631578947368421,1,0,0.14936755478290833,0.2222222222222222,0.5416666666666666,0.4047619047619047,0.22807017543859648,0.5833333333333334,0,1,2,0,0,0.09923018480321019,0.12306914387614093
0.3508771929824561,1,6,0.0013514082207110424,0.0,0.8125,0.42857142857142855,0.2631578947368421,0.5,1,0,4,2,1,0.0027035792187248948,0.0012329607798973394
0.42105263157894735,0,6,0.010539798675738489,0.2222222222222222,0.5833333333333334,0.5476190476190474,0.21052631578947367,0.9166666666666667,0,0,1,1,0,0.006652227814494149,0.0097686186571458
0.5789473684210525,1,0,0.011373957375715393,0.1111111111111111,0.96875,0.42857142857142855,0.28947368421052627,0.75,1,1,2,0,4,0.011094951559884181,0.011719050080191225
0.38596491228070173,1,7,0.22867605263142302,1.0,0.54375,0.45714285714285713,0.28421052631578947,0.625,0,1,2,0,5,0.045240129416068385,0.2345127374882265
0.17543859649122806,1,5,0.1335564737491917,0.2222222222222222,0.4375,0.3095238095238095,0.3333333333333333,0.8333333333333333,1,1,2,1,2,0.08868648935692958,0.09819139913177125
0.19298245614035092,0,8,0.01455253273460417,0.0,0.625,0.42857142857142855,0.15789473684210525,0.5,1,0,0,0,3,0.029113279376374392,0.015185728870914164
0.33333333333333337,1,3,0.02474618123451141,0.2222222222222222,0.5,0.5952380952380953,0.22807017543859648,0.6666666666666666,1,1,2,1,0,0.016125822363382784,0.01738587056211201
0.017543859649122806,0,6,0.015560556819701792,0.2222222222222222,0.5625,0.6190476190476191,0.3157894736842105,0.8333333333333333,0,1,0,1,1,0.010000344535071003,0.01709352577137131
0.26315789473684215,0,5,0.08156301820034706,0.3333333333333333,0.609375,0.5178571428571428,0.2631578947368421,0.9375,0,1,4,1,1,0.04036969469515464,0.054748388380206923
0.5263157894736842,0,8,0.014097914267373744,0.2222222222222222,0.625,0.4523809523809524,0.22807017543859648,0.75,1,1,0,0,0,0.009024974313032971,0.010915918450392317
0.0,1,3,0.15323507173033796,0.3333333333333333,0.59375,0.5535714285714286,0.3157894736842105,0.75,0,1,4,1,3,0.07621583495044129,0.12474752436700144
0.6140350877192983,0,2,0.018260804795207322,0.1111111111111111,0.59375,0.49999999999999994,0.2368421052631579,1.0,0,1,1,1,4,0.017983742556016757,0.012349988755634594
0.5263157894736842,1,1,0.005190276894456006,0.0,0.375,0.2857142857142857,0.3684210526315789,1.0,1,0,4,0,7,0.010383483344430261,0.004731561026245621
0.19298245614035092,1,1,0.06527301706034334,0.2222222222222222,0.5625,0.5476190476190474,0.3859649122807018,0.8333333333333333,1,1,2,1,1,0.04315133778751962,0.051738277857937075
0.4035087719298246,1,0,0.06715510985427511,0.2222222222222222,0.33333333333333337,0.6190476190476191,0.3684210526315789,0.9166666666666667,1,1,3,1,1,0.04440642042092962,0.05265616124158698
0.29824561403508765,0,8,0.01407420535122092,0.1111111111111111,0.46875,0.6071428571428572,0.3157894736842105,0.875,0,0,3,0,3,0.013795961587831047,0.013873029775532505
0.543859649122807,1,2,0.440581603422145,1.0,0.59375,0.5214285714285714,0.34210526315789475,0.75,1,1,2,1,4,0.08763320018996201,0.2947861506347797
0.49122807017543857,1,5,0.027557663541633942,0.1111111111111111,0.71875,0.8214285714285714,0.28947368421052627,0.5,1,1,2,0,6,0.02728322502217903,0.021911488118163562
0.0,1,6,0.3919433546575277,0.1111111111111111,0.375,0.2857142857142857,0.15789473684210525,0.875,0,0,2,0,0,0.3917717515102395,0.284555084587067
0.42105263157894735,1,6,0.07320246406765576,0.2222222222222222,0.6458333333333333,0.4523809523809524,0.3157894736842105,0.8333333333333333,1,1,2,1,0,0.048439127668821025,0.06031861706325047
0.24561403508771928,0,3,0.03885219604823738,0.2222222222222222,0.6041666666666666,0.3809523809523809,0.2631578947368421,0.33333333333333337,0,1,2,1,5,0.02553248619866946,0.03615616550939414
0.29824561403508765,0,6,0.23533075024691852,0.7777777777777777,0.5390625,0.5803571428571428,0.3026315789473684,0.6875,1,1,2,0,7,0.05835541355176988,0.1897411757860996
0.14035087719298245,0,2,0.11254187834283369,0.2222222222222222,0.45833333333333337,0.7380952380952381,0.3157894736842105,0.5,0,1,2,1,2,0.0746728053198323,0.07671226600876242
0.6491228070175438,1,1,0.03019251442341793,0.2222222222222222,0.5,0.6428571428571428,0.4035087719298245,0.9166666666666667,0,0,2,0,0,0.01975773584990181,0.029815946025652487
0.5087719298245613,1,5,0.005080030434345368,0.1111111111111111,0.6875,0.42857142857142855,0.15789473684210525,0.625,1,1,1,0,1,0.004799248373356385,0.0038821803024847524
0.14035087719298245,0,5,0.011096760631028608,0.0,0.6875,0.49999999999999994,0.3157894736842105,0.25,1,1,4,0,5,0.022199784622760774,0.010158556874975721
0.0,1,7,0.26369945629528035,0.4444444444444445,0.5375,0.5857142857142856,0.3157894736842105,0.65,1,1,2,0,2,0.10505800541071576,0.2072579548006124
0.21052631578947367,0,6,0.0869105642386168,0.4444444444444445,0.525,0.4857142857142857,0.2736842105263158,0.75,0,1,3,1,0,0.03432249154588011,0.06406601304764457
0.38596491228070173,1,2,0.017084842554027188,0.1111111111111111,0.75,0.42857142857142855,0.2631578947368421,1.0,1,0,3,1,0,0.01680744843979961,0.01247362451623535
0.33333333333333337,0,4,0.08835522752952896,0.1111111111111111,0.625,0.39285714285714285,0.2631578947368421,1.0,0,0,1,0,3,0.08809794703870129,0.07654738929525962
0.5614035087719298,1,2,0.019234253377582076,0.1111111111111111,0.40625,0.5357142857142856,0.4473684210526316,0.75,1,1,2,1,1,0.018957465860889387,0.020747465488682212
0.45614035087719296,1,6,0.014043976483126068,0.2222222222222222,0.4375,0.4047619047619047,0.22807017543859648,0.6666666666666666,1,1,0,1,3,0.008989005642140578,0.014196120197475794
0.49122807017543857,0,6,0.050516192498222326,0.1111111111111111,0.75,0.49999999999999994,0.3947368421052631,0.75,1,1,2,1,2,0.05024823323667246,0.043528584640109766
0.3508771929824561,0,1,0.024087863662667963,0.1111111111111111,0.46875,0.6071428571428572,0.21052631578947367,0.875,1,1,3,0,0,0.023812445911122995,0.02460930838355846
0.0,1,6,0.02805792167245856,0.3333333333333333,0.53125,0.5357142857142856,0.2631578947368421,0.3125,1,0,2,0,7,0.01360959644139409,0.02058197908844168
0.24561403508771928,0,5,0.004048890155998741,0.0,0.25,0.2857142857142857,0.3684210526315789,0.75,0,1,3,1,7,0.008100065632942875,0.0030191687252303875
0.5087719298245613,0,5,0.019481813977077826,0.1111111111111111,0.40625,0.42857142857142855,0.15789473684210525,0.5,1,0,3,0,3,0.019205096325879318,0.017160068723889078
0.2807017543859649,1,1,0.041667629841385376,0.4444444444444445,0.475,0.5857142857142856,0.2526315789473684,0.65,1,1,3,0,1,0.016220210479966336,0.03975863024641971
0.4035087719298246,1,1,0.17670689872163498,0.1111111111111111,0.5625,0.49999999999999994,0.5263157894736843,0.875,1,1,3,0,2,0.17647455246178867,0.1741409905806883
0.22807017543859642,1,6,0.06571933740692028,0.4444444444444445,0.6,0.6428571428571428,0.2421052631578947,0.75,0,1,2,0,4,0.025843608614219995,0.06810501348888358
0.07017543859649122,1,9,0.0770923069111293,0.5555555555555556,0.46875,0.5238095238095237,0.2719298245614035,0.7916666666666667,1,1,2,1,1,0.025234328315044973,0.06621515879813672
0.26315789473684215,0,7,0.03336101349294176,0.3333333333333333,0.546875,0.6071428571428572,0.17105263157894735,0.875,0,1,2,0,1,0.016261890659588347,0.03045563806068752
0.3508771929824561,1,2,0.032433599722763745,0.2222222222222222,0.625,0.42857142857142855,0.2807017543859649,0.8333333333333333,0,0,2,1,3,0.021252214362474736,0.030785130193376958
0.15789473684210525,1,7,0.08102719669529321,0.5555555555555556,0.6458333333333333,0.6904761904761905,0.25438596491228066,0.625,1,1,2,0,6,0.026546328405691294,0.07518007968779858
0.24561403508771928,1,2,0.02955632517331712,0.0,0.375,0.49999999999999994,0.3684210526315789,0.75,0,1,3,1,2,0.059129332866135864,0.027673114887801095
0.08771929824561403,0,1,0.024158397688222616,0.2222222222222222,0.5833333333333334,0.4047619047619047,0.3508771929824561,0.5833333333333334,1,1,3,1,1,0.01573385607801697,0.02111375657089882
0.5263157894736842,1,1,0.010994812291571461,0.1111111111111111,0.625,0.46428571428571425,0.34210526315789475,0.75,1,1,2,1,3,0.01071569947503527,0.012090654146836608
0.22807017543859642,1,2,0.005430527244804635,0.1111111111111111,0.4375,0.42857142857142855,0.18421052631578946,0.625,0,1,3,0,4,0.005149844099527288,0.005864663828313609
0.5964912280701754,1,3,0.008178785775519636,0.0,0.5625,0.2857142857142857,0.3157894736842105,1.0,1,1,3,1,6,0.016362187914961364,0.006862067782184362
0.6140350877192983,0,1,0.48342183674158884,0.5555555555555556,0.5104166666666666,0.6071428571428572,0.3771929824561403,0.7916666666666667,0,1,2,1,0,0.16071572911954424,0.4116301316243989
0.2807017543859649,1,6,0.0020632684281996216,0.0,0.4375,0.42857142857142855,0.5263157894736843,0.75,1,0,2,1,1,0.004127701429991823,0.001993457887107965
0.07017543859649122,0,1,0.1084202808439663,0.3333333333333333,0.625,0.5714285714285714,0.28947368421052627,0.6875,1,0,2,0,3,0.05380211578789472,0.10681075828829925
0.0,1,7,0.4245279011464644,0.4444444444444445,0.3125,0.6285714285714286,0.21052631578947367,0.4,0,1,2,1,2,0.1694075386776849,0.3500395338300365
0.0,1,2,0.5209427771478451,0.2222222222222222,0.6041666666666666,0.5714285714285714,0.1929824561403509,0.6666666666666666,1,0,0,0,0,0.3470169092937973,0.5441174549306499
0.0,0,8,0.14567212505188798,0.3333333333333333,0.625,0.48214285714285715,0.14473684210526316,0.875,1,0,2,1,1,0.07243329441997455,0.12467680070542497
0.5789473684210525,1,6,0.17641093241832725,0.0,0.8125,0.6428571428571428,0.47368421052631576,0.75,1,0,2,1,2,0.35292143671519866,0.1941472947415564
0.3157894736842105,0,6,0.018849773787303757,0.0,0.5625,0.6428571428571428,0.15789473684210525,0.5,1,1,2,1,3,0.03771018697977592,0.016752362492559646
0.36842105263157887,0,6,0.07218910547642375,0.5555555555555556,0.6145833333333334,0.5476190476190474,0.28947368421052627,0.6666666666666666,1,1,2,1,7,0.023599466583293132,0.07115592947352853
0.0,0,7,0.007868989271122718,0.2222222222222222,0.4375,0.49999999999999994,0.24561403508771928,0.75,1,1,1,0,4,0.00487118571514117,0.00827310063855105
0.03508771929824561,0,7,0.04543655721247951,0.1111111111111111,0.5,0.6071428571428572,0.21052631578947367,0.875,0,1,2,1,1,0.04516716439797239,0.03464584081288313
0.4736842105263158,1,0,0.030821195850070347,0.1111111111111111,0.71875,0.3214285714285714,0.2631578947368421,0.75,1,1,1,1,5,0.03054767835075343,0.028894752913997762
0.3508771929824561,1,6,0.07333167766068865,0.2222222222222222,0.6666666666666667,0.42857142857142855,0.42105263157894735,0.5,1,0,0,1,0,0.04852529437491488,0.07962321533804605
0.26315789473684215,0,3,0.027103242648704794,0.2222222222222222,0.6458333333333333,0.5476190476190474,0.14035087719298245,0.9166666666666667,0,1,0,1,0,0.01769764010604302,0.02612943161692581
0.4035087719298246,0,9,0.058973755612838935,0.6666666666666665,0.5267857142857143,0.346938775510204,0.24812030075187969,0.4642857142857143,1,1,3,0,0,0.016370601308937766,0.0529492463662235
0.631578947368421,0,8,0.029443510247289924,0.2222222222222222,0.35416666666666663,0.49999999999999994,0.24561403508771928,0.75,1,1,2,1,0,0.019258258811978513,0.026679630348672878
0.24561403508771928,1,8,0.0315131010531303,0.0,0.5625,0.42857142857142855,0.3157894736842105,0.0,0,1,3,1,2,0.06304398909161121,0.030981928362505105
0.29824561403508765,1,0,0.0007916802252030918,0.0,0.5625,0.42857142857142855,0.47368421052631576,0.75,0,1,3,0,1,0.0015838072996243644,0.0005421421569985157
0.33333333333333337,0,9,0.11062619791768541,0.3333333333333333,0.578125,0.39285714285714285,0.3289473684210526,0.875,0,1,2,0,2,0.05490538559699791,0.07367480668140018
0.7894736842105262,1,6,0.24063265662159408,0.2222222222222222,0.5416666666666666,0.5476190476190474,0.3508771929824561,0.6666666666666666,0,1,0,1,5,0.16009075699361727,0.16469223971558636
0.0,1,6,0.018350701102286784,0.2222222222222222,0.7083333333333333,0.3809523809523809,0.3684210526315789,0.8333333333333333,1,0,3,1,0,0.011860965671856231,0.019661221467313913
0.4385964912280701,1,6,0.16115720848850326,0.1111111111111111,0.375,0.35714285714285715,0.13157894736842105,1.0,1,0,2,1,0,0.1609204738615471,0.1754073099349499
0.26315789473684215,0,0,0.31928599808708563,0.8888888888888888,0.5694444444444444,0.4682539682539682,0.24561403508771928,0.75,1,1,2,1,5,0.07047075106954644,0.2787538281794772
0.4035087719298246,1,8,0.06147326809825055,0.2222222222222222,0.5208333333333334,0.42857142857142855,0.6140350877192982,0.75,0,1,0,1,6,0.040617456913517806,0.05361271618402994
0.15789473684210525,0,6,0.019794969244596394,0.4444444444444445,0.5875,0.45714285714285713,0.19999999999999996,0.35,1,1,2,1,0,0.007468677117739492,0.01319549361370562
0.2807017543859649,1,2,0.059028878842894254,0.3333333333333333,0.546875,0.39285714285714285,0.2763157894736842,0.5,0,0,0,1,6,0.02909944527218501,0.053070138536504476
0.4385964912280701,0,0,0.30478088318478713,0.3333333333333333,0.59375,0.6607142857142856,0.28947368421052627,0.75,1,1,3,1,1,0.15201012498322614,0.3184389911740006
0.9473684210526315,0,8,0.009258726906280828,0.0,0.1875,0.42857142857142855,0.5789473684210527,0.5,0,0,2,0,7,0.0185226797292231,0.009545821703558813
0.45614035087719296,1,2,0.002430559054267141,0.0,0.5,0.5714285714285714,0.2631578947368421,0.0,0,0,4,1,0,0.004862489992507844,0.0025230579169303563
0.10526315789473684,0,4,0.14359957063152848,0.3333333333333333,0.5625,0.5178571428571428,0.3026315789473684,0.6875,1,1,2,0,5,0.07139672475607016,0.12768286116579422
